Country,ISO3,Year,Value
Africa Eastern and Southern,AFE,2025,
Africa Eastern and Southern,AFE,2024,
Africa Eastern and Southern,AFE,2023,88.48558529145
Africa Eastern and Southern,AFE,2022,92.0352883967091
Africa Eastern and Southern,AFE,2021,92.3503331753643
Africa Eastern and Southern,AFE,2020,81.4461401594807
Africa Eastern and Southern,AFE,2019,87.0398773156759
Africa Eastern and Southern,AFE,2018,89.9693693736129
Africa Eastern and Southern,AFE,2017,89.8672604899708
Africa Eastern and Southern,AFE,2016,85.6874598126392
Africa Eastern and Southern,AFE,2015,90.7980923306796
Africa Eastern and Southern,AFE,2014,98.492735401455
Africa Eastern and Southern,AFE,2013,104.979280345368
Africa Eastern and Southern,AFE,2012,109.276549861823
Africa Eastern and Southern,AFE,2011,112.500235569633
Africa Eastern and Southern,AFE,2010,104.353723653982
Africa Eastern and Southern,AFE,2009,90.3051319842631
Africa Eastern and Southern,AFE,2008,86.606132950143
Africa Eastern and Southern,AFE,2007,84.2036395657671
Africa Eastern and Southern,AFE,2006,75.1738953911871
Africa Eastern and Southern,AFE,2005,68.7259030701744
Africa Eastern and Southern,AFE,2004,61.8846071751485
Africa Eastern and Southern,AFE,2003,50.3085149981016
Africa Eastern and Southern,AFE,2002,35.0264668200769
Africa Eastern and Southern,AFE,2001,37.8451836266013
Africa Eastern and Southern,AFE,2000,42.7649736223739
Africa Eastern and Southern,AFE,1999,
Africa Eastern and Southern,AFE,1998,
Africa Eastern and Southern,AFE,1997,
Africa Eastern and Southern,AFE,1996,
Africa Eastern and Southern,AFE,1995,
Africa Eastern and Southern,AFE,1994,
Africa Eastern and Southern,AFE,1993,
Africa Eastern and Southern,AFE,1992,
Africa Eastern and Southern,AFE,1991,
Africa Eastern and Southern,AFE,1990,
Africa Eastern and Southern,AFE,1989,
Africa Eastern and Southern,AFE,1988,
Africa Eastern and Southern,AFE,1987,
Africa Eastern and Southern,AFE,1986,
Africa Eastern and Southern,AFE,1985,
Africa Eastern and Southern,AFE,1984,
Africa Eastern and Southern,AFE,1983,
Africa Eastern and Southern,AFE,1982,
Africa Eastern and Southern,AFE,1981,
Africa Eastern and Southern,AFE,1980,
Africa Eastern and Southern,AFE,1979,
Africa Eastern and Southern,AFE,1978,
Africa Eastern and Southern,AFE,1977,
Africa Eastern and Southern,AFE,1976,
Africa Eastern and Southern,AFE,1975,
Africa Eastern and Southern,AFE,1974,
Africa Eastern and Southern,AFE,1973,
Africa Eastern and Southern,AFE,1972,
Africa Eastern and Southern,AFE,1971,
Africa Eastern and Southern,AFE,1970,
Africa Eastern and Southern,AFE,1969,
Africa Eastern and Southern,AFE,1968,
Africa Eastern and Southern,AFE,1967,
Africa Eastern and Southern,AFE,1966,
Africa Eastern and Southern,AFE,1965,
Africa Eastern and Southern,AFE,1964,
Africa Eastern and Southern,AFE,1963,
Africa Eastern and Southern,AFE,1962,
Africa Eastern and Southern,AFE,1961,
Africa Eastern and Southern,AFE,1960,
Africa Western and Central,AFW,2025,
Africa Western and Central,AFW,2024,
Africa Western and Central,AFW,2023,65.900206902325
Africa Western and Central,AFW,2022,74.4796108722856
Africa Western and Central,AFW,2021,72.6715310804023
Africa Western and Central,AFW,2020,64.6462871223599
Africa Western and Central,AFW,2019,59.2861168406291
Africa Western and Central,AFW,2018,56.2928689276805
Africa Western and Central,AFW,2017,58.5214095205365
Africa Western and Central,AFW,2016,61.7168342971552
Africa Western and Central,AFW,2015,70.738706184874
Africa Western and Central,AFW,2014,78.7849895958275
Africa Western and Central,AFW,2013,75.534904669735
Africa Western and Central,AFW,2012,67.9967996588326
Africa Western and Central,AFW,2011,65.3991364279652
Africa Western and Central,AFW,2010,59.612243679929
Africa Western and Central,AFW,2009,55.5356742235589
Africa Western and Central,AFW,2008,60.5965909459332
Africa Western and Central,AFW,2007,52.8176392390014
Africa Western and Central,AFW,2006,48.6833922674256
Africa Western and Central,AFW,2005,41.8512729386852
Africa Western and Central,AFW,2004,36.1369187537825
Africa Western and Central,AFW,2003,31.6447143435604
Africa Western and Central,AFW,2002,19.7262097336905
Africa Western and Central,AFW,2001,18.7198742639536
Africa Western and Central,AFW,2000,18.1535242334617
Africa Western and Central,AFW,1999,
Africa Western and Central,AFW,1998,
Africa Western and Central,AFW,1997,
Africa Western and Central,AFW,1996,
Africa Western and Central,AFW,1995,
Africa Western and Central,AFW,1994,
Africa Western and Central,AFW,1993,
Africa Western and Central,AFW,1992,
Africa Western and Central,AFW,1991,
Africa Western and Central,AFW,1990,
Africa Western and Central,AFW,1989,
Africa Western and Central,AFW,1988,
Africa Western and Central,AFW,1987,
Africa Western and Central,AFW,1986,
Africa Western and Central,AFW,1985,
Africa Western and Central,AFW,1984,
Africa Western and Central,AFW,1983,
Africa Western and Central,AFW,1982,
Africa Western and Central,AFW,1981,
Africa Western and Central,AFW,1980,
Africa Western and Central,AFW,1979,
Africa Western and Central,AFW,1978,
Africa Western and Central,AFW,1977,
Africa Western and Central,AFW,1976,
Africa Western and Central,AFW,1975,
Africa Western and Central,AFW,1974,
Africa Western and Central,AFW,1973,
Africa Western and Central,AFW,1972,
Africa Western and Central,AFW,1971,
Africa Western and Central,AFW,1970,
Africa Western and Central,AFW,1969,
Africa Western and Central,AFW,1968,
Africa Western and Central,AFW,1967,
Africa Western and Central,AFW,1966,
Africa Western and Central,AFW,1965,
Africa Western and Central,AFW,1964,
Africa Western and Central,AFW,1963,
Africa Western and Central,AFW,1962,
Africa Western and Central,AFW,1961,
Africa Western and Central,AFW,1960,
Arab World,ARB,2025,
Arab World,ARB,2024,
Arab World,ARB,2023,363.465124423147
Arab World,ARB,2022,348.767262238545
Arab World,ARB,2021,336.587194733694
Arab World,ARB,2020,327.069625588704
Arab World,ARB,2019,326.670945661256
Arab World,ARB,2018,325.592164585057
Arab World,ARB,2017,307.126617877282
Arab World,ARB,2016,311.947978507094
Arab World,ARB,2015,312.609883146077
Arab World,ARB,2014,326.499751028553
Arab World,ARB,2013,303.590198616256
Arab World,ARB,2012,295.080643944446
Arab World,ARB,2011,266.866553538312
Arab World,ARB,2010,234.640952020934
Arab World,ARB,2009,227.076111662128
Arab World,ARB,2008,210.954303939832
Arab World,ARB,2007,179.238839261707
Arab World,ARB,2006,153.255519530645
Arab World,ARB,2005,133.719505210474
Arab World,ARB,2004,120.208364769271
Arab World,ARB,2003,109.519307494392
Arab World,ARB,2002,113.335666331259
Arab World,ARB,2001,114.541456078151
Arab World,ARB,2000,111.859374944682
Arab World,ARB,1999,
Arab World,ARB,1998,
Arab World,ARB,1997,
Arab World,ARB,1996,
Arab World,ARB,1995,
Arab World,ARB,1994,
Arab World,ARB,1993,
Arab World,ARB,1992,
Arab World,ARB,1991,
Arab World,ARB,1990,
Arab World,ARB,1989,
Arab World,ARB,1988,
Arab World,ARB,1987,
Arab World,ARB,1986,
Arab World,ARB,1985,
Arab World,ARB,1984,
Arab World,ARB,1983,
Arab World,ARB,1982,
Arab World,ARB,1981,
Arab World,ARB,1980,
Arab World,ARB,1979,
Arab World,ARB,1978,
Arab World,ARB,1977,
Arab World,ARB,1976,
Arab World,ARB,1975,
Arab World,ARB,1974,
Arab World,ARB,1973,
Arab World,ARB,1972,
Arab World,ARB,1971,
Arab World,ARB,1970,
Arab World,ARB,1969,
Arab World,ARB,1968,
Arab World,ARB,1967,
Arab World,ARB,1966,
Arab World,ARB,1965,
Arab World,ARB,1964,
Arab World,ARB,1963,
Arab World,ARB,1962,
Arab World,ARB,1961,
Arab World,ARB,1960,
Caribbean small states,CSS,2025,
Caribbean small states,CSS,2024,
Caribbean small states,CSS,2023,915.847407140298
Caribbean small states,CSS,2022,915.955448715908
Caribbean small states,CSS,2021,851.953010679747
Caribbean small states,CSS,2020,796.157980008992
Caribbean small states,CSS,2019,820.239812214279
Caribbean small states,CSS,2018,790.748049253674
Caribbean small states,CSS,2017,788.582309385435
Caribbean small states,CSS,2016,747.226086126681
Caribbean small states,CSS,2015,752.904794394727
Caribbean small states,CSS,2014,730.353108337739
Caribbean small states,CSS,2013,712.607256838982
Caribbean small states,CSS,2012,680.879428773639
Caribbean small states,CSS,2011,650.723189462505
Caribbean small states,CSS,2010,627.807859298105
Caribbean small states,CSS,2009,604.643592048314
Caribbean small states,CSS,2008,590.420111478154
Caribbean small states,CSS,2007,539.439782531732
Caribbean small states,CSS,2006,485.729852678028
Caribbean small states,CSS,2005,442.34759752957
Caribbean small states,CSS,2004,393.124619070154
Caribbean small states,CSS,2003,351.51308948754
Caribbean small states,CSS,2002,325.198426009048
Caribbean small states,CSS,2001,291.123719989722
Caribbean small states,CSS,2000,290.570618755862
Caribbean small states,CSS,1999,
Caribbean small states,CSS,1998,
Caribbean small states,CSS,1997,
Caribbean small states,CSS,1996,
Caribbean small states,CSS,1995,
Caribbean small states,CSS,1994,
Caribbean small states,CSS,1993,
Caribbean small states,CSS,1992,
Caribbean small states,CSS,1991,
Caribbean small states,CSS,1990,
Caribbean small states,CSS,1989,
Caribbean small states,CSS,1988,
Caribbean small states,CSS,1987,
Caribbean small states,CSS,1986,
Caribbean small states,CSS,1985,
Caribbean small states,CSS,1984,
Caribbean small states,CSS,1983,
Caribbean small states,CSS,1982,
Caribbean small states,CSS,1981,
Caribbean small states,CSS,1980,
Caribbean small states,CSS,1979,
Caribbean small states,CSS,1978,
Caribbean small states,CSS,1977,
Caribbean small states,CSS,1976,
Caribbean small states,CSS,1975,
Caribbean small states,CSS,1974,
Caribbean small states,CSS,1973,
Caribbean small states,CSS,1972,
Caribbean small states,CSS,1971,
Caribbean small states,CSS,1970,
Caribbean small states,CSS,1969,
Caribbean small states,CSS,1968,
Caribbean small states,CSS,1967,
Caribbean small states,CSS,1966,
Caribbean small states,CSS,1965,
Caribbean small states,CSS,1964,
Caribbean small states,CSS,1963,
Caribbean small states,CSS,1962,
Caribbean small states,CSS,1961,
Caribbean small states,CSS,1960,
Central Europe and the Baltics,CEB,2025,
Central Europe and the Baltics,CEB,2024,
Central Europe and the Baltics,CEB,2023,1626.96748530039
Central Europe and the Baltics,CEB,2022,1374.1600690946
Central Europe and the Baltics,CEB,2021,1412.78214453503
Central Europe and the Baltics,CEB,2020,1187.60462614471
Central Europe and the Baltics,CEB,2019,1095.4614214139
Central Europe and the Baltics,CEB,2018,1057.78591814118
Central Europe and the Baltics,CEB,2017,941.309979111415
Central Europe and the Baltics,CEB,2016,854.458742634355
Central Europe and the Baltics,CEB,2015,817.142104856243
Central Europe and the Baltics,CEB,2014,932.81846871344
Central Europe and the Baltics,CEB,2013,911.420338086475
Central Europe and the Baltics,CEB,2012,863.755895369154
Central Europe and the Baltics,CEB,2011,920.709058276828
Central Europe and the Baltics,CEB,2010,869.171916475988
Central Europe and the Baltics,CEB,2009,842.580508218217
Central Europe and the Baltics,CEB,2008,927.677474022657
Central Europe and the Baltics,CEB,2007,729.697767570638
Central Europe and the Baltics,CEB,2006,580.337701888503
Central Europe and the Baltics,CEB,2005,522.801258659789
Central Europe and the Baltics,CEB,2004,446.960080489537
Central Europe and the Baltics,CEB,2003,373.191144319793
Central Europe and the Baltics,CEB,2002,298.231436034936
Central Europe and the Baltics,CEB,2001,252.155496334545
Central Europe and the Baltics,CEB,2000,221.752169441734
Central Europe and the Baltics,CEB,1999,
Central Europe and the Baltics,CEB,1998,
Central Europe and the Baltics,CEB,1997,
Central Europe and the Baltics,CEB,1996,
Central Europe and the Baltics,CEB,1995,
Central Europe and the Baltics,CEB,1994,
Central Europe and the Baltics,CEB,1993,
Central Europe and the Baltics,CEB,1992,
Central Europe and the Baltics,CEB,1991,
Central Europe and the Baltics,CEB,1990,
Central Europe and the Baltics,CEB,1989,
Central Europe and the Baltics,CEB,1988,
Central Europe and the Baltics,CEB,1987,
Central Europe and the Baltics,CEB,1986,
Central Europe and the Baltics,CEB,1985,
Central Europe and the Baltics,CEB,1984,
Central Europe and the Baltics,CEB,1983,
Central Europe and the Baltics,CEB,1982,
Central Europe and the Baltics,CEB,1981,
Central Europe and the Baltics,CEB,1980,
Central Europe and the Baltics,CEB,1979,
Central Europe and the Baltics,CEB,1978,
Central Europe and the Baltics,CEB,1977,
Central Europe and the Baltics,CEB,1976,
Central Europe and the Baltics,CEB,1975,
Central Europe and the Baltics,CEB,1974,
Central Europe and the Baltics,CEB,1973,
Central Europe and the Baltics,CEB,1972,
Central Europe and the Baltics,CEB,1971,
Central Europe and the Baltics,CEB,1970,
Central Europe and the Baltics,CEB,1969,
Central Europe and the Baltics,CEB,1968,
Central Europe and the Baltics,CEB,1967,
Central Europe and the Baltics,CEB,1966,
Central Europe and the Baltics,CEB,1965,
Central Europe and the Baltics,CEB,1964,
Central Europe and the Baltics,CEB,1963,
Central Europe and the Baltics,CEB,1962,
Central Europe and the Baltics,CEB,1961,
Central Europe and the Baltics,CEB,1960,
Early-demographic dividend,EAR,2025,
Early-demographic dividend,EAR,2024,
Early-demographic dividend,EAR,2023,201.321276167908
Early-demographic dividend,EAR,2022,191.392926293627
Early-demographic dividend,EAR,2021,186.693713270936
Early-demographic dividend,EAR,2020,162.139748994011
Early-demographic dividend,EAR,2019,159.821297045575
Early-demographic dividend,EAR,2018,159.6997596475
Early-demographic dividend,EAR,2017,166.136635212773
Early-demographic dividend,EAR,2016,161.00720510291
Early-demographic dividend,EAR,2015,165.201062958564
Early-demographic dividend,EAR,2014,165.927177497586
Early-demographic dividend,EAR,2013,166.635054311832
Early-demographic dividend,EAR,2012,160.554302847423
Early-demographic dividend,EAR,2011,153.440902871512
Early-demographic dividend,EAR,2010,137.399835168198
Early-demographic dividend,EAR,2009,120.100938668571
Early-demographic dividend,EAR,2008,119.562418602745
Early-demographic dividend,EAR,2007,108.245042054146
Early-demographic dividend,EAR,2006,93.7861122362258
Early-demographic dividend,EAR,2005,85.0266018615647
Early-demographic dividend,EAR,2004,74.322163372657
Early-demographic dividend,EAR,2003,65.8555382864186
Early-demographic dividend,EAR,2002,58.7796426299947
Early-demographic dividend,EAR,2001,63.9320367467369
Early-demographic dividend,EAR,2000,63.4025062509756
Early-demographic dividend,EAR,1999,
Early-demographic dividend,EAR,1998,
Early-demographic dividend,EAR,1997,
Early-demographic dividend,EAR,1996,
Early-demographic dividend,EAR,1995,
Early-demographic dividend,EAR,1994,
Early-demographic dividend,EAR,1993,
Early-demographic dividend,EAR,1992,
Early-demographic dividend,EAR,1991,
Early-demographic dividend,EAR,1990,
Early-demographic dividend,EAR,1989,
Early-demographic dividend,EAR,1988,
Early-demographic dividend,EAR,1987,
Early-demographic dividend,EAR,1986,
Early-demographic dividend,EAR,1985,
Early-demographic dividend,EAR,1984,
Early-demographic dividend,EAR,1983,
Early-demographic dividend,EAR,1982,
Early-demographic dividend,EAR,1981,
Early-demographic dividend,EAR,1980,
Early-demographic dividend,EAR,1979,
Early-demographic dividend,EAR,1978,
Early-demographic dividend,EAR,1977,
Early-demographic dividend,EAR,1976,
Early-demographic dividend,EAR,1975,
Early-demographic dividend,EAR,1974,
Early-demographic dividend,EAR,1973,
Early-demographic dividend,EAR,1972,
Early-demographic dividend,EAR,1971,
Early-demographic dividend,EAR,1970,
Early-demographic dividend,EAR,1969,
Early-demographic dividend,EAR,1968,
Early-demographic dividend,EAR,1967,
Early-demographic dividend,EAR,1966,
Early-demographic dividend,EAR,1965,
Early-demographic dividend,EAR,1964,
Early-demographic dividend,EAR,1963,
Early-demographic dividend,EAR,1962,
Early-demographic dividend,EAR,1961,
Early-demographic dividend,EAR,1960,
East Asia & Pacific,EAS,2025,
East Asia & Pacific,EAS,2024,
East Asia & Pacific,EAS,2023,881.290897960564
East Asia & Pacific,EAS,2022,905.114818668488
East Asia & Pacific,EAS,2021,899.287259231387
East Asia & Pacific,EAS,2020,799.468053130348
East Asia & Pacific,EAS,2019,754.673740778479
East Asia & Pacific,EAS,2018,723.925473826868
East Asia & Pacific,EAS,2017,669.232674974526
East Asia & Pacific,EAS,2016,637.056055933574
East Asia & Pacific,EAS,2015,604.254750654018
East Asia & Pacific,EAS,2014,617.395012835319
East Asia & Pacific,EAS,2013,603.347478303646
East Asia & Pacific,EAS,2012,627.13244385485
East Asia & Pacific,EAS,2011,588.755207712256
East Asia & Pacific,EAS,2010,479.387975872585
East Asia & Pacific,EAS,2009,421.18852506788
East Asia & Pacific,EAS,2008,375.872971179041
East Asia & Pacific,EAS,2007,323.51641028565
East Asia & Pacific,EAS,2006,299.85595449761
East Asia & Pacific,EAS,2005,293.864687950824
East Asia & Pacific,EAS,2004,279.713123154029
East Asia & Pacific,EAS,2003,253.020416156328
East Asia & Pacific,EAS,2002,224.536842708809
East Asia & Pacific,EAS,2001,222.890506272818
East Asia & Pacific,EAS,2000,239.832676205173
East Asia & Pacific,EAS,1999,
East Asia & Pacific,EAS,1998,
East Asia & Pacific,EAS,1997,
East Asia & Pacific,EAS,1996,
East Asia & Pacific,EAS,1995,
East Asia & Pacific,EAS,1994,
East Asia & Pacific,EAS,1993,
East Asia & Pacific,EAS,1992,
East Asia & Pacific,EAS,1991,
East Asia & Pacific,EAS,1990,
East Asia & Pacific,EAS,1989,
East Asia & Pacific,EAS,1988,
East Asia & Pacific,EAS,1987,
East Asia & Pacific,EAS,1986,
East Asia & Pacific,EAS,1985,
East Asia & Pacific,EAS,1984,
East Asia & Pacific,EAS,1983,
East Asia & Pacific,EAS,1982,
East Asia & Pacific,EAS,1981,
East Asia & Pacific,EAS,1980,
East Asia & Pacific,EAS,1979,
East Asia & Pacific,EAS,1978,
East Asia & Pacific,EAS,1977,
East Asia & Pacific,EAS,1976,
East Asia & Pacific,EAS,1975,
East Asia & Pacific,EAS,1974,
East Asia & Pacific,EAS,1973,
East Asia & Pacific,EAS,1972,
East Asia & Pacific,EAS,1971,
East Asia & Pacific,EAS,1970,
East Asia & Pacific,EAS,1969,
East Asia & Pacific,EAS,1968,
East Asia & Pacific,EAS,1967,
East Asia & Pacific,EAS,1966,
East Asia & Pacific,EAS,1965,
East Asia & Pacific,EAS,1964,
East Asia & Pacific,EAS,1963,
East Asia & Pacific,EAS,1962,
East Asia & Pacific,EAS,1961,
East Asia & Pacific,EAS,1960,
East Asia & Pacific (excluding high income),EAP,2025,
East Asia & Pacific (excluding high income),EAP,2024,
East Asia & Pacific (excluding high income),EAP,2023,570.046154107498
East Asia & Pacific (excluding high income),EAP,2022,566.030286298373
East Asia & Pacific (excluding high income),EAP,2021,515.527340657811
East Asia & Pacific (excluding high income),EAP,2020,446.453873085913
East Asia & Pacific (excluding high income),EAP,2019,414.609681820139
East Asia & Pacific (excluding high income),EAP,2018,388.610220413854
East Asia & Pacific (excluding high income),EAP,2017,342.752366201755
East Asia & Pacific (excluding high income),EAP,2016,312.578961695984
East Asia & Pacific (excluding high income),EAP,2015,307.270504529694
East Asia & Pacific (excluding high income),EAP,2014,287.327126516732
East Asia & Pacific (excluding high income),EAP,2013,263.817161904896
East Asia & Pacific (excluding high income),EAP,2012,233.503638439295
East Asia & Pacific (excluding high income),EAP,2011,200.301228138972
East Asia & Pacific (excluding high income),EAP,2010,160.364281320042
East Asia & Pacific (excluding high income),EAP,2009,138.512114070546
East Asia & Pacific (excluding high income),EAP,2008,116.588275270623
East Asia & Pacific (excluding high income),EAP,2007,89.2576304285462
East Asia & Pacific (excluding high income),EAP,2006,74.6125422958051
East Asia & Pacific (excluding high income),EAP,2005,65.0217836701955
East Asia & Pacific (excluding high income),EAP,2004,56.6396873563519
East Asia & Pacific (excluding high income),EAP,2003,50.3355953685125
East Asia & Pacific (excluding high income),EAP,2002,44.0812093473831
East Asia & Pacific (excluding high income),EAP,2001,39.5186247465139
East Asia & Pacific (excluding high income),EAP,2000,38.3870416172518
East Asia & Pacific (excluding high income),EAP,1999,
East Asia & Pacific (excluding high income),EAP,1998,
East Asia & Pacific (excluding high income),EAP,1997,
East Asia & Pacific (excluding high income),EAP,1996,
East Asia & Pacific (excluding high income),EAP,1995,
East Asia & Pacific (excluding high income),EAP,1994,
East Asia & Pacific (excluding high income),EAP,1993,
East Asia & Pacific (excluding high income),EAP,1992,
East Asia & Pacific (excluding high income),EAP,1991,
East Asia & Pacific (excluding high income),EAP,1990,
East Asia & Pacific (excluding high income),EAP,1989,
East Asia & Pacific (excluding high income),EAP,1988,
East Asia & Pacific (excluding high income),EAP,1987,
East Asia & Pacific (excluding high income),EAP,1986,
East Asia & Pacific (excluding high income),EAP,1985,
East Asia & Pacific (excluding high income),EAP,1984,
East Asia & Pacific (excluding high income),EAP,1983,
East Asia & Pacific (excluding high income),EAP,1982,
East Asia & Pacific (excluding high income),EAP,1981,
East Asia & Pacific (excluding high income),EAP,1980,
East Asia & Pacific (excluding high income),EAP,1979,
East Asia & Pacific (excluding high income),EAP,1978,
East Asia & Pacific (excluding high income),EAP,1977,
East Asia & Pacific (excluding high income),EAP,1976,
East Asia & Pacific (excluding high income),EAP,1975,
East Asia & Pacific (excluding high income),EAP,1974,
East Asia & Pacific (excluding high income),EAP,1973,
East Asia & Pacific (excluding high income),EAP,1972,
East Asia & Pacific (excluding high income),EAP,1971,
East Asia & Pacific (excluding high income),EAP,1970,
East Asia & Pacific (excluding high income),EAP,1969,
East Asia & Pacific (excluding high income),EAP,1968,
East Asia & Pacific (excluding high income),EAP,1967,
East Asia & Pacific (excluding high income),EAP,1966,
East Asia & Pacific (excluding high income),EAP,1965,
East Asia & Pacific (excluding high income),EAP,1964,
East Asia & Pacific (excluding high income),EAP,1963,
East Asia & Pacific (excluding high income),EAP,1962,
East Asia & Pacific (excluding high income),EAP,1961,
East Asia & Pacific (excluding high income),EAP,1960,
East Asia & Pacific (IDA & IBRD countries),TEA,2025,
East Asia & Pacific (IDA & IBRD countries),TEA,2024,
East Asia & Pacific (IDA & IBRD countries),TEA,2023,570.065194520576
East Asia & Pacific (IDA & IBRD countries),TEA,2022,566.052535523033
East Asia & Pacific (IDA & IBRD countries),TEA,2021,515.545559248001
East Asia & Pacific (IDA & IBRD countries),TEA,2020,446.471116609362
East Asia & Pacific (IDA & IBRD countries),TEA,2019,414.62703931563
East Asia & Pacific (IDA & IBRD countries),TEA,2018,388.627016996157
East Asia & Pacific (IDA & IBRD countries),TEA,2017,342.769055060083
East Asia & Pacific (IDA & IBRD countries),TEA,2016,312.594700652347
East Asia & Pacific (IDA & IBRD countries),TEA,2015,307.285016378459
East Asia & Pacific (IDA & IBRD countries),TEA,2014,287.340016035223
East Asia & Pacific (IDA & IBRD countries),TEA,2013,263.830052894653
East Asia & Pacific (IDA & IBRD countries),TEA,2012,233.515980515811
East Asia & Pacific (IDA & IBRD countries),TEA,2011,200.311683520693
East Asia & Pacific (IDA & IBRD countries),TEA,2010,160.37548959536
East Asia & Pacific (IDA & IBRD countries),TEA,2009,138.522198087683
East Asia & Pacific (IDA & IBRD countries),TEA,2008,116.59945723182
East Asia & Pacific (IDA & IBRD countries),TEA,2007,89.2684378120494
East Asia & Pacific (IDA & IBRD countries),TEA,2006,74.6221373015156
East Asia & Pacific (IDA & IBRD countries),TEA,2005,65.0310762225143
East Asia & Pacific (IDA & IBRD countries),TEA,2004,56.6481018498908
East Asia & Pacific (IDA & IBRD countries),TEA,2003,50.3430802439361
East Asia & Pacific (IDA & IBRD countries),TEA,2002,44.0886428620882
East Asia & Pacific (IDA & IBRD countries),TEA,2001,39.5267758432329
East Asia & Pacific (IDA & IBRD countries),TEA,2000,38.3962606653257
East Asia & Pacific (IDA & IBRD countries),TEA,1999,
East Asia & Pacific (IDA & IBRD countries),TEA,1998,
East Asia & Pacific (IDA & IBRD countries),TEA,1997,
East Asia & Pacific (IDA & IBRD countries),TEA,1996,
East Asia & Pacific (IDA & IBRD countries),TEA,1995,
East Asia & Pacific (IDA & IBRD countries),TEA,1994,
East Asia & Pacific (IDA & IBRD countries),TEA,1993,
East Asia & Pacific (IDA & IBRD countries),TEA,1992,
East Asia & Pacific (IDA & IBRD countries),TEA,1991,
East Asia & Pacific (IDA & IBRD countries),TEA,1990,
East Asia & Pacific (IDA & IBRD countries),TEA,1989,
East Asia & Pacific (IDA & IBRD countries),TEA,1988,
East Asia & Pacific (IDA & IBRD countries),TEA,1987,
East Asia & Pacific (IDA & IBRD countries),TEA,1986,
East Asia & Pacific (IDA & IBRD countries),TEA,1985,
East Asia & Pacific (IDA & IBRD countries),TEA,1984,
East Asia & Pacific (IDA & IBRD countries),TEA,1983,
East Asia & Pacific (IDA & IBRD countries),TEA,1982,
East Asia & Pacific (IDA & IBRD countries),TEA,1981,
East Asia & Pacific (IDA & IBRD countries),TEA,1980,
East Asia & Pacific (IDA & IBRD countries),TEA,1979,
East Asia & Pacific (IDA & IBRD countries),TEA,1978,
East Asia & Pacific (IDA & IBRD countries),TEA,1977,
East Asia & Pacific (IDA & IBRD countries),TEA,1976,
East Asia & Pacific (IDA & IBRD countries),TEA,1975,
East Asia & Pacific (IDA & IBRD countries),TEA,1974,
East Asia & Pacific (IDA & IBRD countries),TEA,1973,
East Asia & Pacific (IDA & IBRD countries),TEA,1972,
East Asia & Pacific (IDA & IBRD countries),TEA,1971,
East Asia & Pacific (IDA & IBRD countries),TEA,1970,
East Asia & Pacific (IDA & IBRD countries),TEA,1969,
East Asia & Pacific (IDA & IBRD countries),TEA,1968,
East Asia & Pacific (IDA & IBRD countries),TEA,1967,
East Asia & Pacific (IDA & IBRD countries),TEA,1966,
East Asia & Pacific (IDA & IBRD countries),TEA,1965,
East Asia & Pacific (IDA & IBRD countries),TEA,1964,
East Asia & Pacific (IDA & IBRD countries),TEA,1963,
East Asia & Pacific (IDA & IBRD countries),TEA,1962,
East Asia & Pacific (IDA & IBRD countries),TEA,1961,
East Asia & Pacific (IDA & IBRD countries),TEA,1960,
Euro area,EMU,2025,
Euro area,EMU,2024,5420.84357436742
Euro area,EMU,2023,4603.63899965368
Euro area,EMU,2022,4379.2743765017
Euro area,EMU,2021,4740.46066145846
Euro area,EMU,2020,4205.68480148807
Euro area,EMU,2019,3929.67795036463
Euro area,EMU,2018,3995.7906805039
Euro area,EMU,2017,3707.80093980814
Euro area,EMU,2016,3513.74727284047
Euro area,EMU,2015,3450.16293853121
Euro area,EMU,2014,4011.66637569218
Euro area,EMU,2013,3909.07891161441
Euro area,EMU,2012,3733.82559658973
Euro area,EMU,2011,3996.67104481579
Euro area,EMU,2010,3741.2298138997
Euro area,EMU,2009,3852.6539008054
Euro area,EMU,2008,3913.20155147938
Euro area,EMU,2007,3461.94941912262
Euro area,EMU,2006,3050.36252274121
Euro area,EMU,2005,2885.88507181355
Euro area,EMU,2004,2769.86457339632
Euro area,EMU,2003,2421.17561708339
Euro area,EMU,2002,1930.96437061601
Euro area,EMU,2001,1732.89285129305
Euro area,EMU,2000,1690.76065300032
Euro area,EMU,1999,
Euro area,EMU,1998,
Euro area,EMU,1997,
Euro area,EMU,1996,
Euro area,EMU,1995,
Euro area,EMU,1994,
Euro area,EMU,1993,
Euro area,EMU,1992,
Euro area,EMU,1991,
Euro area,EMU,1990,
Euro area,EMU,1989,
Euro area,EMU,1988,
Euro area,EMU,1987,
Euro area,EMU,1986,
Euro area,EMU,1985,
Euro area,EMU,1984,
Euro area,EMU,1983,
Euro area,EMU,1982,
Euro area,EMU,1981,
Euro area,EMU,1980,
Euro area,EMU,1979,
Euro area,EMU,1978,
Euro area,EMU,1977,
Euro area,EMU,1976,
Euro area,EMU,1975,
Euro area,EMU,1974,
Euro area,EMU,1973,
Euro area,EMU,1972,
Euro area,EMU,1971,
Euro area,EMU,1970,
Euro area,EMU,1969,
Euro area,EMU,1968,
Euro area,EMU,1967,
Euro area,EMU,1966,
Euro area,EMU,1965,
Euro area,EMU,1964,
Euro area,EMU,1963,
Euro area,EMU,1962,
Euro area,EMU,1961,
Euro area,EMU,1960,
Europe & Central Asia,ECS,2025,
Europe & Central Asia,ECS,2024,
Europe & Central Asia,ECS,2023,2968.53722113162
Europe & Central Asia,ECS,2022,2811.99788990336
Europe & Central Asia,ECS,2021,2865.34293291689
Europe & Central Asia,ECS,2020,2527.44146299898
Europe & Central Asia,ECS,2019,2329.09882257234
Europe & Central Asia,ECS,2018,2346.37056498712
Europe & Central Asia,ECS,2017,2194.38357892709
Europe & Central Asia,ECS,2016,2095.79240619186
Europe & Central Asia,ECS,2015,2105.26090028047
Europe & Central Asia,ECS,2014,2431.97384185177
Europe & Central Asia,ECS,2013,2379.23679870257
Europe & Central Asia,ECS,2012,2273.38230892746
Europe & Central Asia,ECS,2011,2365.26568894297
Europe & Central Asia,ECS,2010,2182.78948070826
Europe & Central Asia,ECS,2009,2194.57126520554
Europe & Central Asia,ECS,2008,2290.63725590395
Europe & Central Asia,ECS,2007,2046.68784039878
Europe & Central Asia,ECS,2006,1775.73548635854
Europe & Central Asia,ECS,2005,1657.54062500021
Europe & Central Asia,ECS,2004,1565.29037109494
Europe & Central Asia,ECS,2003,1348.82361413621
Europe & Central Asia,ECS,2002,1088.03899143488
Europe & Central Asia,ECS,2001,963.897798657633
Europe & Central Asia,ECS,2000,934.427788457795
Europe & Central Asia,ECS,1999,
Europe & Central Asia,ECS,1998,
Europe & Central Asia,ECS,1997,
Europe & Central Asia,ECS,1996,
Europe & Central Asia,ECS,1995,
Europe & Central Asia,ECS,1994,
Europe & Central Asia,ECS,1993,
Europe & Central Asia,ECS,1992,
Europe & Central Asia,ECS,1991,
Europe & Central Asia,ECS,1990,
Europe & Central Asia,ECS,1989,
Europe & Central Asia,ECS,1988,
Europe & Central Asia,ECS,1987,
Europe & Central Asia,ECS,1986,
Europe & Central Asia,ECS,1985,
Europe & Central Asia,ECS,1984,
Europe & Central Asia,ECS,1983,
Europe & Central Asia,ECS,1982,
Europe & Central Asia,ECS,1981,
Europe & Central Asia,ECS,1980,
Europe & Central Asia,ECS,1979,
Europe & Central Asia,ECS,1978,
Europe & Central Asia,ECS,1977,
Europe & Central Asia,ECS,1976,
Europe & Central Asia,ECS,1975,
Europe & Central Asia,ECS,1974,
Europe & Central Asia,ECS,1973,
Europe & Central Asia,ECS,1972,
Europe & Central Asia,ECS,1971,
Europe & Central Asia,ECS,1970,
Europe & Central Asia,ECS,1969,
Europe & Central Asia,ECS,1968,
Europe & Central Asia,ECS,1967,
Europe & Central Asia,ECS,1966,
Europe & Central Asia,ECS,1965,
Europe & Central Asia,ECS,1964,
Europe & Central Asia,ECS,1963,
Europe & Central Asia,ECS,1962,
Europe & Central Asia,ECS,1961,
Europe & Central Asia,ECS,1960,
Europe & Central Asia (excluding high income),ECA,2025,
Europe & Central Asia (excluding high income),ECA,2024,
Europe & Central Asia (excluding high income),ECA,2023,455.307563958052
Europe & Central Asia (excluding high income),ECA,2022,366.115150801706
Europe & Central Asia (excluding high income),ECA,2021,373.799664319144
Europe & Central Asia (excluding high income),ECA,2020,313.492738787445
Europe & Central Asia (excluding high income),ECA,2019,296.599975653494
Europe & Central Asia (excluding high income),ECA,2018,282.063525018229
Europe & Central Asia (excluding high income),ECA,2017,288.640304992191
Europe & Central Asia (excluding high income),ECA,2016,289.020041283304
Europe & Central Asia (excluding high income),ECA,2015,294.269916283956
Europe & Central Asia (excluding high income),ECA,2014,345.933133984597
Europe & Central Asia (excluding high income),ECA,2013,367.587637360575
Europe & Central Asia (excluding high income),ECA,2012,346.093293024212
Europe & Central Asia (excluding high income),ECA,2011,330.417824093321
Europe & Central Asia (excluding high income),ECA,2010,310.360441881054
Europe & Central Asia (excluding high income),ECA,2009,284.384244898929
Europe & Central Asia (excluding high income),ECA,2008,322.581042016962
Europe & Central Asia (excluding high income),ECA,2007,276.621234814896
Europe & Central Asia (excluding high income),ECA,2006,226.209177830607
Europe & Central Asia (excluding high income),ECA,2005,193.191160635613
Europe & Central Asia (excluding high income),ECA,2004,156.938955353583
Europe & Central Asia (excluding high income),ECA,2003,123.735909721197
Europe & Central Asia (excluding high income),ECA,2002,95.8969788503221
Europe & Central Asia (excluding high income),ECA,2001,79.9049065499798
Europe & Central Asia (excluding high income),ECA,2000,87.4739690994496
Europe & Central Asia (excluding high income),ECA,1999,
Europe & Central Asia (excluding high income),ECA,1998,
Europe & Central Asia (excluding high income),ECA,1997,
Europe & Central Asia (excluding high income),ECA,1996,
Europe & Central Asia (excluding high income),ECA,1995,
Europe & Central Asia (excluding high income),ECA,1994,
Europe & Central Asia (excluding high income),ECA,1993,
Europe & Central Asia (excluding high income),ECA,1992,
Europe & Central Asia (excluding high income),ECA,1991,
Europe & Central Asia (excluding high income),ECA,1990,
Europe & Central Asia (excluding high income),ECA,1989,
Europe & Central Asia (excluding high income),ECA,1988,
Europe & Central Asia (excluding high income),ECA,1987,
Europe & Central Asia (excluding high income),ECA,1986,
Europe & Central Asia (excluding high income),ECA,1985,
Europe & Central Asia (excluding high income),ECA,1984,
Europe & Central Asia (excluding high income),ECA,1983,
Europe & Central Asia (excluding high income),ECA,1982,
Europe & Central Asia (excluding high income),ECA,1981,
Europe & Central Asia (excluding high income),ECA,1980,
Europe & Central Asia (excluding high income),ECA,1979,
Europe & Central Asia (excluding high income),ECA,1978,
Europe & Central Asia (excluding high income),ECA,1977,
Europe & Central Asia (excluding high income),ECA,1976,
Europe & Central Asia (excluding high income),ECA,1975,
Europe & Central Asia (excluding high income),ECA,1974,
Europe & Central Asia (excluding high income),ECA,1973,
Europe & Central Asia (excluding high income),ECA,1972,
Europe & Central Asia (excluding high income),ECA,1971,
Europe & Central Asia (excluding high income),ECA,1970,
Europe & Central Asia (excluding high income),ECA,1969,
Europe & Central Asia (excluding high income),ECA,1968,
Europe & Central Asia (excluding high income),ECA,1967,
Europe & Central Asia (excluding high income),ECA,1966,
Europe & Central Asia (excluding high income),ECA,1965,
Europe & Central Asia (excluding high income),ECA,1964,
Europe & Central Asia (excluding high income),ECA,1963,
Europe & Central Asia (excluding high income),ECA,1962,
Europe & Central Asia (excluding high income),ECA,1961,
Europe & Central Asia (excluding high income),ECA,1960,
Europe & Central Asia (IDA & IBRD countries),TEC,2025,
Europe & Central Asia (IDA & IBRD countries),TEC,2024,
Europe & Central Asia (IDA & IBRD countries),TEC,2023,791.091170293933
Europe & Central Asia (IDA & IBRD countries),TEC,2022,732.6197329168
Europe & Central Asia (IDA & IBRD countries),TEC,2021,641.692030073061
Europe & Central Asia (IDA & IBRD countries),TEC,2020,565.47187430609
Europe & Central Asia (IDA & IBRD countries),TEC,2019,499.118925005059
Europe & Central Asia (IDA & IBRD countries),TEC,2018,472.92294572173
Europe & Central Asia (IDA & IBRD countries),TEC,2017,454.56238580521
Europe & Central Asia (IDA & IBRD countries),TEC,2016,406.363821785837
Europe & Central Asia (IDA & IBRD countries),TEC,2015,416.867867300176
Europe & Central Asia (IDA & IBRD countries),TEC,2014,535.508147836818
Europe & Central Asia (IDA & IBRD countries),TEC,2013,565.457650339422
Europe & Central Asia (IDA & IBRD countries),TEC,2012,530.644479316858
Europe & Central Asia (IDA & IBRD countries),TEC,2011,505.50595242259
Europe & Central Asia (IDA & IBRD countries),TEC,2010,454.110808341596
Europe & Central Asia (IDA & IBRD countries),TEC,2009,419.846879774389
Europe & Central Asia (IDA & IBRD countries),TEC,2008,485.869336269842
Europe & Central Asia (IDA & IBRD countries),TEC,2007,385.736828421967
Europe & Central Asia (IDA & IBRD countries),TEC,2006,303.267905456239
Europe & Central Asia (IDA & IBRD countries),TEC,2005,251.971561712724
Europe & Central Asia (IDA & IBRD countries),TEC,2004,202.023457617143
Europe & Central Asia (IDA & IBRD countries),TEC,2003,161.900709185972
Europe & Central Asia (IDA & IBRD countries),TEC,2002,133.79392524598
Europe & Central Asia (IDA & IBRD countries),TEC,2001,114.159734123018
Europe & Central Asia (IDA & IBRD countries),TEC,2000,105.567122744409
Europe & Central Asia (IDA & IBRD countries),TEC,1999,
Europe & Central Asia (IDA & IBRD countries),TEC,1998,
Europe & Central Asia (IDA & IBRD countries),TEC,1997,
Europe & Central Asia (IDA & IBRD countries),TEC,1996,
Europe & Central Asia (IDA & IBRD countries),TEC,1995,
Europe & Central Asia (IDA & IBRD countries),TEC,1994,
Europe & Central Asia (IDA & IBRD countries),TEC,1993,
Europe & Central Asia (IDA & IBRD countries),TEC,1992,
Europe & Central Asia (IDA & IBRD countries),TEC,1991,
Europe & Central Asia (IDA & IBRD countries),TEC,1990,
Europe & Central Asia (IDA & IBRD countries),TEC,1989,
Europe & Central Asia (IDA & IBRD countries),TEC,1988,
Europe & Central Asia (IDA & IBRD countries),TEC,1987,
Europe & Central Asia (IDA & IBRD countries),TEC,1986,
Europe & Central Asia (IDA & IBRD countries),TEC,1985,
Europe & Central Asia (IDA & IBRD countries),TEC,1984,
Europe & Central Asia (IDA & IBRD countries),TEC,1983,
Europe & Central Asia (IDA & IBRD countries),TEC,1982,
Europe & Central Asia (IDA & IBRD countries),TEC,1981,
Europe & Central Asia (IDA & IBRD countries),TEC,1980,
Europe & Central Asia (IDA & IBRD countries),TEC,1979,
Europe & Central Asia (IDA & IBRD countries),TEC,1978,
Europe & Central Asia (IDA & IBRD countries),TEC,1977,
Europe & Central Asia (IDA & IBRD countries),TEC,1976,
Europe & Central Asia (IDA & IBRD countries),TEC,1975,
Europe & Central Asia (IDA & IBRD countries),TEC,1974,
Europe & Central Asia (IDA & IBRD countries),TEC,1973,
Europe & Central Asia (IDA & IBRD countries),TEC,1972,
Europe & Central Asia (IDA & IBRD countries),TEC,1971,
Europe & Central Asia (IDA & IBRD countries),TEC,1970,
Europe & Central Asia (IDA & IBRD countries),TEC,1969,
Europe & Central Asia (IDA & IBRD countries),TEC,1968,
Europe & Central Asia (IDA & IBRD countries),TEC,1967,
Europe & Central Asia (IDA & IBRD countries),TEC,1966,
Europe & Central Asia (IDA & IBRD countries),TEC,1965,
Europe & Central Asia (IDA & IBRD countries),TEC,1964,
Europe & Central Asia (IDA & IBRD countries),TEC,1963,
Europe & Central Asia (IDA & IBRD countries),TEC,1962,
Europe & Central Asia (IDA & IBRD countries),TEC,1961,
Europe & Central Asia (IDA & IBRD countries),TEC,1960,
European Union,EUU,2025,
European Union,EUU,2024,5005.49753794043
European Union,EUU,2023,4153.58435864806
European Union,EUU,2022,3922.6915573189
European Union,EUU,2021,4245.25531256131
European Union,EUU,2020,3749.13990498742
European Union,EUU,2019,3498.76733094227
European Union,EUU,2018,3553.26077514172
European Union,EUU,2017,3295.21181360212
European Union,EUU,2016,3117.18625390947
European Union,EUU,2015,3056.00162327666
European Union,EUU,2014,3550.25487120767
European Union,EUU,2013,3463.64750492935
European Union,EUU,2012,3301.71038108101
European Union,EUU,2011,3523.01951869602
European Union,EUU,2010,3268.03690840667
European Union,EUU,2009,3340.25278572443
European Union,EUU,2008,3413.63651740455
European Union,EUU,2007,3004.23168365245
European Union,EUU,2006,2633.24060077167
European Union,EUU,2005,2484.4519124792
European Union,EUU,2004,2372.48318460176
European Union,EUU,2003,2069.93055868748
European Union,EUU,2002,1649.76352599715
European Union,EUU,2001,1473.75202926334
European Union,EUU,2000,1431.54643719374
European Union,EUU,1999,
European Union,EUU,1998,
European Union,EUU,1997,
European Union,EUU,1996,
European Union,EUU,1995,
European Union,EUU,1994,
European Union,EUU,1993,
European Union,EUU,1992,
European Union,EUU,1991,
European Union,EUU,1990,
European Union,EUU,1989,
European Union,EUU,1988,
European Union,EUU,1987,
European Union,EUU,1986,
European Union,EUU,1985,
European Union,EUU,1984,
European Union,EUU,1983,
European Union,EUU,1982,
European Union,EUU,1981,
European Union,EUU,1980,
European Union,EUU,1979,
European Union,EUU,1978,
European Union,EUU,1977,
European Union,EUU,1976,
European Union,EUU,1975,
European Union,EUU,1974,
European Union,EUU,1973,
European Union,EUU,1972,
European Union,EUU,1971,
European Union,EUU,1970,
European Union,EUU,1969,
European Union,EUU,1968,
European Union,EUU,1967,
European Union,EUU,1966,
European Union,EUU,1965,
European Union,EUU,1964,
European Union,EUU,1963,
European Union,EUU,1962,
European Union,EUU,1961,
European Union,EUU,1960,
Heavily indebted poor countries (HIPC),HPC,2025,
Heavily indebted poor countries (HIPC),HPC,2024,
Heavily indebted poor countries (HIPC),HPC,2023,51.3398975815569
Heavily indebted poor countries (HIPC),HPC,2022,50.1963992943632
Heavily indebted poor countries (HIPC),HPC,2021,51.3384020378492
Heavily indebted poor countries (HIPC),HPC,2020,47.7665220825739
Heavily indebted poor countries (HIPC),HPC,2019,44.6417534405441
Heavily indebted poor countries (HIPC),HPC,2018,43.3482242293526
Heavily indebted poor countries (HIPC),HPC,2017,44.2091460931805
Heavily indebted poor countries (HIPC),HPC,2016,45.419823988255
Heavily indebted poor countries (HIPC),HPC,2015,46.1258914898662
Heavily indebted poor countries (HIPC),HPC,2014,48.5070559316375
Heavily indebted poor countries (HIPC),HPC,2013,47.8110218826926
Heavily indebted poor countries (HIPC),HPC,2012,44.5567791707364
Heavily indebted poor countries (HIPC),HPC,2011,43.820504872476
Heavily indebted poor countries (HIPC),HPC,2010,40.562930964945
Heavily indebted poor countries (HIPC),HPC,2009,38.8444759688306
Heavily indebted poor countries (HIPC),HPC,2008,38.0812159099423
Heavily indebted poor countries (HIPC),HPC,2007,33.8492018157739
Heavily indebted poor countries (HIPC),HPC,2006,29.1379689492275
Heavily indebted poor countries (HIPC),HPC,2005,24.9170614647834
Heavily indebted poor countries (HIPC),HPC,2004,21.6311080917604
Heavily indebted poor countries (HIPC),HPC,2003,18.7813227064062
Heavily indebted poor countries (HIPC),HPC,2002,16.0230602836898
Heavily indebted poor countries (HIPC),HPC,2001,15.120419568702
Heavily indebted poor countries (HIPC),HPC,2000,15.8796374606839
Heavily indebted poor countries (HIPC),HPC,1999,
Heavily indebted poor countries (HIPC),HPC,1998,
Heavily indebted poor countries (HIPC),HPC,1997,
Heavily indebted poor countries (HIPC),HPC,1996,
Heavily indebted poor countries (HIPC),HPC,1995,
Heavily indebted poor countries (HIPC),HPC,1994,
Heavily indebted poor countries (HIPC),HPC,1993,
Heavily indebted poor countries (HIPC),HPC,1992,
Heavily indebted poor countries (HIPC),HPC,1991,
Heavily indebted poor countries (HIPC),HPC,1990,
Heavily indebted poor countries (HIPC),HPC,1989,
Heavily indebted poor countries (HIPC),HPC,1988,
Heavily indebted poor countries (HIPC),HPC,1987,
Heavily indebted poor countries (HIPC),HPC,1986,
Heavily indebted poor countries (HIPC),HPC,1985,
Heavily indebted poor countries (HIPC),HPC,1984,
Heavily indebted poor countries (HIPC),HPC,1983,
Heavily indebted poor countries (HIPC),HPC,1982,
Heavily indebted poor countries (HIPC),HPC,1981,
Heavily indebted poor countries (HIPC),HPC,1980,
Heavily indebted poor countries (HIPC),HPC,1979,
Heavily indebted poor countries (HIPC),HPC,1978,
Heavily indebted poor countries (HIPC),HPC,1977,
Heavily indebted poor countries (HIPC),HPC,1976,
Heavily indebted poor countries (HIPC),HPC,1975,
Heavily indebted poor countries (HIPC),HPC,1974,
Heavily indebted poor countries (HIPC),HPC,1973,
Heavily indebted poor countries (HIPC),HPC,1972,
Heavily indebted poor countries (HIPC),HPC,1971,
Heavily indebted poor countries (HIPC),HPC,1970,
Heavily indebted poor countries (HIPC),HPC,1969,
Heavily indebted poor countries (HIPC),HPC,1968,
Heavily indebted poor countries (HIPC),HPC,1967,
Heavily indebted poor countries (HIPC),HPC,1966,
Heavily indebted poor countries (HIPC),HPC,1965,
Heavily indebted poor countries (HIPC),HPC,1964,
Heavily indebted poor countries (HIPC),HPC,1963,
Heavily indebted poor countries (HIPC),HPC,1962,
Heavily indebted poor countries (HIPC),HPC,1961,
Heavily indebted poor countries (HIPC),HPC,1960,
High income,,2025,
High income,,2024,
High income,,2023,6100.42177813648
High income,,2022,5837.54913570711
High income,,2021,5898.07614125649
High income,,2020,5459.20713972943
High income,,2019,5007.54317238076
High income,,2018,4909.61705751817
High income,,2017,4675.55912577297
High income,,2016,4508.97764224591
High income,,2015,4379.01490108987
High income,,2014,4562.15297613616
High income,,2013,4436.82946029661
High income,,2012,4408.31890095369
High income,,2011,4388.57462442442
High income,,2010,4075.62348747242
High income,,2009,3939.40853319884
High income,,2008,3893.89667269145
High income,,2007,3622.23793937007
High income,,2006,3325.55718043693
High income,,2005,3144.86466310372
High income,,2004,2974.6128224078
High income,,2003,2699.22271994533
High income,,2002,2374.04519538122
High income,,2001,2188.98141212393
High income,,2000,2108.17152251742
High income,,1999,
High income,,1998,
High income,,1997,
High income,,1996,
High income,,1995,
High income,,1994,
High income,,1993,
High income,,1992,
High income,,1991,
High income,,1990,
High income,,1989,
High income,,1988,
High income,,1987,
High income,,1986,
High income,,1985,
High income,,1984,
High income,,1983,
High income,,1982,
High income,,1981,
High income,,1980,
High income,,1979,
High income,,1978,
High income,,1977,
High income,,1976,
High income,,1975,
High income,,1974,
High income,,1973,
High income,,1972,
High income,,1971,
High income,,1970,
High income,,1969,
High income,,1968,
High income,,1967,
High income,,1966,
High income,,1965,
High income,,1964,
High income,,1963,
High income,,1962,
High income,,1961,
High income,,1960,
IBRD only,IBD,2025,
IBRD only,IBD,2024,
IBRD only,IBD,2023,465.617090196061
IBRD only,IBD,2022,447.260654903885
IBRD only,IBD,2021,409.708232311971
IBRD only,IBD,2020,356.808048107177
IBRD only,IBD,2019,348.259188407069
IBRD only,IBD,2018,336.657577777028
IBRD only,IBD,2017,323.348313106482
IBRD only,IBD,2016,295.17943343273
IBRD only,IBD,2015,297.690339285266
IBRD only,IBD,2014,312.124093742608
IBRD only,IBD,2013,305.301586834021
IBRD only,IBD,2012,284.914827647415
IBRD only,IBD,2011,267.529859798835
IBRD only,IBD,2010,230.125570534571
IBRD only,IBD,2009,199.519304236268
IBRD only,IBD,2008,195.420467832049
IBRD only,IBD,2007,161.900229434482
IBRD only,IBD,2006,134.078231895779
IBRD only,IBD,2005,116.236753420594
IBRD only,IBD,2004,98.3778597773573
IBRD only,IBD,2003,84.6631943198898
IBRD only,IBD,2002,75.9585740018375
IBRD only,IBD,2001,76.6680894327063
IBRD only,IBD,2000,76.0538342062542
IBRD only,IBD,1999,
IBRD only,IBD,1998,
IBRD only,IBD,1997,
IBRD only,IBD,1996,
IBRD only,IBD,1995,
IBRD only,IBD,1994,
IBRD only,IBD,1993,
IBRD only,IBD,1992,
IBRD only,IBD,1991,
IBRD only,IBD,1990,
IBRD only,IBD,1989,
IBRD only,IBD,1988,
IBRD only,IBD,1987,
IBRD only,IBD,1986,
IBRD only,IBD,1985,
IBRD only,IBD,1984,
IBRD only,IBD,1983,
IBRD only,IBD,1982,
IBRD only,IBD,1981,
IBRD only,IBD,1980,
IBRD only,IBD,1979,
IBRD only,IBD,1978,
IBRD only,IBD,1977,
IBRD only,IBD,1976,
IBRD only,IBD,1975,
IBRD only,IBD,1974,
IBRD only,IBD,1973,
IBRD only,IBD,1972,
IBRD only,IBD,1971,
IBRD only,IBD,1970,
IBRD only,IBD,1969,
IBRD only,IBD,1968,
IBRD only,IBD,1967,
IBRD only,IBD,1966,
IBRD only,IBD,1965,
IBRD only,IBD,1964,
IBRD only,IBD,1963,
IBRD only,IBD,1962,
IBRD only,IBD,1961,
IBRD only,IBD,1960,
IDA & IBRD total,IBT,2025,
IDA & IBRD total,IBT,2024,
IDA & IBRD total,IBT,2023,351.469684570639
IDA & IBRD total,IBT,2022,340.419197270122
IDA & IBRD total,IBT,2021,315.387354788525
IDA & IBRD total,IBT,2020,275.754500893646
IDA & IBRD total,IBT,2019,269.799873822321
IDA & IBRD total,IBT,2018,262.14387443513
IDA & IBRD total,IBT,2017,252.521826412286
IDA & IBRD total,IBT,2016,232.806411330013
IDA & IBRD total,IBT,2015,235.742542286724
IDA & IBRD total,IBT,2014,247.377460159091
IDA & IBRD total,IBT,2013,242.128990272552
IDA & IBRD total,IBT,2012,226.686869033802
IDA & IBRD total,IBT,2011,213.468699052341
IDA & IBRD total,IBT,2010,184.845752267164
IDA & IBRD total,IBT,2009,161.487634978118
IDA & IBRD total,IBT,2008,158.822462037938
IDA & IBRD total,IBT,2007,132.426976063104
IDA & IBRD total,IBT,2006,110.416587295162
IDA & IBRD total,IBT,2005,95.8013909302806
IDA & IBRD total,IBT,2004,81.3353187152867
IDA & IBRD total,IBT,2003,70.2678533984006
IDA & IBRD total,IBT,2002,62.7164908174632
IDA & IBRD total,IBT,2001,63.4016504418087
IDA & IBRD total,IBT,2000,63.1658957366583
IDA & IBRD total,IBT,1999,
IDA & IBRD total,IBT,1998,
IDA & IBRD total,IBT,1997,
IDA & IBRD total,IBT,1996,
IDA & IBRD total,IBT,1995,
IDA & IBRD total,IBT,1994,
IDA & IBRD total,IBT,1993,
IDA & IBRD total,IBT,1992,
IDA & IBRD total,IBT,1991,
IDA & IBRD total,IBT,1990,
IDA & IBRD total,IBT,1989,
IDA & IBRD total,IBT,1988,
IDA & IBRD total,IBT,1987,
IDA & IBRD total,IBT,1986,
IDA & IBRD total,IBT,1985,
IDA & IBRD total,IBT,1984,
IDA & IBRD total,IBT,1983,
IDA & IBRD total,IBT,1982,
IDA & IBRD total,IBT,1981,
IDA & IBRD total,IBT,1980,
IDA & IBRD total,IBT,1979,
IDA & IBRD total,IBT,1978,
IDA & IBRD total,IBT,1977,
IDA & IBRD total,IBT,1976,
IDA & IBRD total,IBT,1975,
IDA & IBRD total,IBT,1974,
IDA & IBRD total,IBT,1973,
IDA & IBRD total,IBT,1972,
IDA & IBRD total,IBT,1971,
IDA & IBRD total,IBT,1970,
IDA & IBRD total,IBT,1969,
IDA & IBRD total,IBT,1968,
IDA & IBRD total,IBT,1967,
IDA & IBRD total,IBT,1966,
IDA & IBRD total,IBT,1965,
IDA & IBRD total,IBT,1964,
IDA & IBRD total,IBT,1963,
IDA & IBRD total,IBT,1962,
IDA & IBRD total,IBT,1961,
IDA & IBRD total,IBT,1960,
IDA blend,IDB,2025,
IDA blend,IDB,2024,
IDA blend,IDB,2023,64.9669025090336
IDA blend,IDB,2022,74.7290098121786
IDA blend,IDB,2021,73.1611514380078
IDA blend,IDB,2020,62.2351683824119
IDA blend,IDB,2019,59.8472026609195
IDA blend,IDB,2018,59.3786192623958
IDA blend,IDB,2017,61.2120673777082
IDA blend,IDB,2016,63.531177139193
IDA blend,IDB,2015,68.2794383868766
IDA blend,IDB,2014,72.3016792525535
IDA blend,IDB,2013,68.3300188974294
IDA blend,IDB,2012,62.8204238854453
IDA blend,IDB,2011,57.9393574920277
IDA blend,IDB,2010,53.9348799073605
IDA blend,IDB,2009,48.5203308634708
IDA blend,IDB,2008,52.125404825236
IDA blend,IDB,2007,47.2054749701501
IDA blend,IDB,2006,43.2617749225958
IDA blend,IDB,2005,36.0423086939208
IDA blend,IDB,2004,30.4450181117763
IDA blend,IDB,2003,27.3807599846087
IDA blend,IDB,2002,19.4867345036995
IDA blend,IDB,2001,19.0649704976059
IDA blend,IDB,2000,20.0116363787541
IDA blend,IDB,1999,
IDA blend,IDB,1998,
IDA blend,IDB,1997,
IDA blend,IDB,1996,
IDA blend,IDB,1995,
IDA blend,IDB,1994,
IDA blend,IDB,1993,
IDA blend,IDB,1992,
IDA blend,IDB,1991,
IDA blend,IDB,1990,
IDA blend,IDB,1989,
IDA blend,IDB,1988,
IDA blend,IDB,1987,
IDA blend,IDB,1986,
IDA blend,IDB,1985,
IDA blend,IDB,1984,
IDA blend,IDB,1983,
IDA blend,IDB,1982,
IDA blend,IDB,1981,
IDA blend,IDB,1980,
IDA blend,IDB,1979,
IDA blend,IDB,1978,
IDA blend,IDB,1977,
IDA blend,IDB,1976,
IDA blend,IDB,1975,
IDA blend,IDB,1974,
IDA blend,IDB,1973,
IDA blend,IDB,1972,
IDA blend,IDB,1971,
IDA blend,IDB,1970,
IDA blend,IDB,1969,
IDA blend,IDB,1968,
IDA blend,IDB,1967,
IDA blend,IDB,1966,
IDA blend,IDB,1965,
IDA blend,IDB,1964,
IDA blend,IDB,1963,
IDA blend,IDB,1962,
IDA blend,IDB,1961,
IDA blend,IDB,1960,
IDA only,IDX,2025,
IDA only,IDX,2024,
IDA only,IDX,2023,52.3747915542405
IDA only,IDX,2022,52.4713106089102
IDA only,IDX,2021,55.7245648986845
IDA only,IDX,2020,50.0148506151922
IDA only,IDX,2019,47.9646002895583
IDA only,IDX,2018,48.7454738900374
IDA only,IDX,2017,46.8245624920488
IDA only,IDX,2016,46.8596192372033
IDA only,IDX,2015,47.332842565969
IDA only,IDX,2014,47.1492488551438
IDA only,IDX,2013,45.3677963630269
IDA only,IDX,2012,42.3391364725113
IDA only,IDX,2011,41.2666025809263
IDA only,IDX,2010,38.2545491903365
IDA only,IDX,2009,35.9727763868289
IDA only,IDX,2008,34.57454233789
IDA only,IDX,2007,30.0018087787112
IDA only,IDX,2006,25.8461075977378
IDA only,IDX,2005,22.3141536719347
IDA only,IDX,2004,19.4856154616046
IDA only,IDX,2003,17.0206541389255
IDA only,IDX,2002,15.2358865725171
IDA only,IDX,2001,14.0992364259106
IDA only,IDX,2000,14.4051407978313
IDA only,IDX,1999,
IDA only,IDX,1998,
IDA only,IDX,1997,
IDA only,IDX,1996,
IDA only,IDX,1995,
IDA only,IDX,1994,
IDA only,IDX,1993,
IDA only,IDX,1992,
IDA only,IDX,1991,
IDA only,IDX,1990,
IDA only,IDX,1989,
IDA only,IDX,1988,
IDA only,IDX,1987,
IDA only,IDX,1986,
IDA only,IDX,1985,
IDA only,IDX,1984,
IDA only,IDX,1983,
IDA only,IDX,1982,
IDA only,IDX,1981,
IDA only,IDX,1980,
IDA only,IDX,1979,
IDA only,IDX,1978,
IDA only,IDX,1977,
IDA only,IDX,1976,
IDA only,IDX,1975,
IDA only,IDX,1974,
IDA only,IDX,1973,
IDA only,IDX,1972,
IDA only,IDX,1971,
IDA only,IDX,1970,
IDA only,IDX,1969,
IDA only,IDX,1968,
IDA only,IDX,1967,
IDA only,IDX,1966,
IDA only,IDX,1965,
IDA only,IDX,1964,
IDA only,IDX,1963,
IDA only,IDX,1962,
IDA only,IDX,1961,
IDA only,IDX,1960,
IDA total,IDA,2025,
IDA total,IDA,2024,
IDA total,IDA,2023,56.7698238047863
IDA total,IDA,2022,60.2565768256145
IDA total,IDA,2021,61.8326042497348
IDA total,IDA,2020,54.3023285620949
IDA total,IDA,2019,52.1421464716009
IDA total,IDA,2018,52.4918720972449
IDA total,IDA,2017,51.9025668711728
IDA total,IDA,2016,52.7931467764091
IDA total,IDA,2015,54.8022691689404
IDA total,IDA,2014,56.1265766661405
IDA total,IDA,2013,53.5654285388603
IDA total,IDA,2012,49.7079904230576
IDA total,IDA,2011,47.2624033024569
IDA total,IDA,2010,43.8857414498149
IDA total,IDA,2009,40.3914671579165
IDA total,IDA,2008,40.739132815932
IDA total,IDA,2007,36.0275142066591
IDA total,IDA,2006,31.932165554825
IDA total,IDA,2005,27.1052137082905
IDA total,IDA,2004,23.3039699615021
IDA total,IDA,2003,20.6235837941042
IDA total,IDA,2002,16.7107047826559
IDA total,IDA,2001,15.8515676683523
IDA total,IDA,2000,16.3789703801006
IDA total,IDA,1999,
IDA total,IDA,1998,
IDA total,IDA,1997,
IDA total,IDA,1996,
IDA total,IDA,1995,
IDA total,IDA,1994,
IDA total,IDA,1993,
IDA total,IDA,1992,
IDA total,IDA,1991,
IDA total,IDA,1990,
IDA total,IDA,1989,
IDA total,IDA,1988,
IDA total,IDA,1987,
IDA total,IDA,1986,
IDA total,IDA,1985,
IDA total,IDA,1984,
IDA total,IDA,1983,
IDA total,IDA,1982,
IDA total,IDA,1981,
IDA total,IDA,1980,
IDA total,IDA,1979,
IDA total,IDA,1978,
IDA total,IDA,1977,
IDA total,IDA,1976,
IDA total,IDA,1975,
IDA total,IDA,1974,
IDA total,IDA,1973,
IDA total,IDA,1972,
IDA total,IDA,1971,
IDA total,IDA,1970,
IDA total,IDA,1969,
IDA total,IDA,1968,
IDA total,IDA,1967,
IDA total,IDA,1966,
IDA total,IDA,1965,
IDA total,IDA,1964,
IDA total,IDA,1963,
IDA total,IDA,1962,
IDA total,IDA,1961,
IDA total,IDA,1960,
Late-demographic dividend,LTE,2025,
Late-demographic dividend,LTE,2024,
Late-demographic dividend,LTE,2023,785.276694974898
Late-demographic dividend,LTE,2022,757.7803277233
Late-demographic dividend,LTE,2021,685.250208787111
Late-demographic dividend,LTE,2020,599.999591287701
Late-demographic dividend,LTE,2019,578.29718987738
Late-demographic dividend,LTE,2018,552.925978121776
Late-demographic dividend,LTE,2017,508.245446456403
Late-demographic dividend,LTE,2016,453.387708419732
Late-demographic dividend,LTE,2015,449.515822465306
Late-demographic dividend,LTE,2014,477.348940512601
Late-demographic dividend,LTE,2013,454.990353521171
Late-demographic dividend,LTE,2012,415.551293402972
Late-demographic dividend,LTE,2011,387.551093885873
Late-demographic dividend,LTE,2010,327.100889944449
Late-demographic dividend,LTE,2009,286.830138175873
Late-demographic dividend,LTE,2008,275.276270748682
Late-demographic dividend,LTE,2007,217.760278278715
Late-demographic dividend,LTE,2006,176.636192540343
Late-demographic dividend,LTE,2005,149.245755301258
Late-demographic dividend,LTE,2004,124.445885360333
Late-demographic dividend,LTE,2003,105.930580947632
Late-demographic dividend,LTE,2002,94.9356882498863
Late-demographic dividend,LTE,2001,89.2896771260257
Late-demographic dividend,LTE,2000,88.51988529003
Late-demographic dividend,LTE,1999,
Late-demographic dividend,LTE,1998,
Late-demographic dividend,LTE,1997,
Late-demographic dividend,LTE,1996,
Late-demographic dividend,LTE,1995,
Late-demographic dividend,LTE,1994,
Late-demographic dividend,LTE,1993,
Late-demographic dividend,LTE,1992,
Late-demographic dividend,LTE,1991,
Late-demographic dividend,LTE,1990,
Late-demographic dividend,LTE,1989,
Late-demographic dividend,LTE,1988,
Late-demographic dividend,LTE,1987,
Late-demographic dividend,LTE,1986,
Late-demographic dividend,LTE,1985,
Late-demographic dividend,LTE,1984,
Late-demographic dividend,LTE,1983,
Late-demographic dividend,LTE,1982,
Late-demographic dividend,LTE,1981,
Late-demographic dividend,LTE,1980,
Late-demographic dividend,LTE,1979,
Late-demographic dividend,LTE,1978,
Late-demographic dividend,LTE,1977,
Late-demographic dividend,LTE,1976,
Late-demographic dividend,LTE,1975,
Late-demographic dividend,LTE,1974,
Late-demographic dividend,LTE,1973,
Late-demographic dividend,LTE,1972,
Late-demographic dividend,LTE,1971,
Late-demographic dividend,LTE,1970,
Late-demographic dividend,LTE,1969,
Late-demographic dividend,LTE,1968,
Late-demographic dividend,LTE,1967,
Late-demographic dividend,LTE,1966,
Late-demographic dividend,LTE,1965,
Late-demographic dividend,LTE,1964,
Late-demographic dividend,LTE,1963,
Late-demographic dividend,LTE,1962,
Late-demographic dividend,LTE,1961,
Late-demographic dividend,LTE,1960,
Latin America & Caribbean,LCN,2025,
Latin America & Caribbean,LCN,2024,
Latin America & Caribbean,LCN,2023,816.199426229249
Latin America & Caribbean,LCN,2022,732.077211521163
Latin America & Caribbean,LCN,2021,673.508345214622
Latin America & Caribbean,LCN,2020,590.885593157634
Latin America & Caribbean,LCN,2019,661.879991697161
Latin America & Caribbean,LCN,2018,678.196454377282
Latin America & Caribbean,LCN,2017,739.436479369295
Latin America & Caribbean,LCN,2016,655.698700817697
Latin America & Caribbean,LCN,2015,682.328296273033
Latin America & Caribbean,LCN,2014,764.606149531184
Latin America & Caribbean,LCN,2013,759.778531553803
Latin America & Caribbean,LCN,2012,725.93494406431
Latin America & Caribbean,LCN,2011,726.823051423349
Latin America & Caribbean,LCN,2010,638.268486621135
Latin America & Caribbean,LCN,2009,537.954762172632
Latin America & Caribbean,LCN,2008,542.190518399797
Latin America & Caribbean,LCN,2007,471.865542425534
Latin America & Caribbean,LCN,2006,395.877355864769
Latin America & Caribbean,LCN,2005,340.033715210499
Latin America & Caribbean,LCN,2004,280.635231020958
Latin America & Caribbean,LCN,2003,247.559167878752
Latin America & Caribbean,LCN,2002,236.419682552944
Latin America & Caribbean,LCN,2001,273.756343439891
Latin America & Caribbean,LCN,2000,282.193679838271
Latin America & Caribbean,LCN,1999,
Latin America & Caribbean,LCN,1998,
Latin America & Caribbean,LCN,1997,
Latin America & Caribbean,LCN,1996,
Latin America & Caribbean,LCN,1995,
Latin America & Caribbean,LCN,1994,
Latin America & Caribbean,LCN,1993,
Latin America & Caribbean,LCN,1992,
Latin America & Caribbean,LCN,1991,
Latin America & Caribbean,LCN,1990,
Latin America & Caribbean,LCN,1989,
Latin America & Caribbean,LCN,1988,
Latin America & Caribbean,LCN,1987,
Latin America & Caribbean,LCN,1986,
Latin America & Caribbean,LCN,1985,
Latin America & Caribbean,LCN,1984,
Latin America & Caribbean,LCN,1983,
Latin America & Caribbean,LCN,1982,
Latin America & Caribbean,LCN,1981,
Latin America & Caribbean,LCN,1980,
Latin America & Caribbean,LCN,1979,
Latin America & Caribbean,LCN,1978,
Latin America & Caribbean,LCN,1977,
Latin America & Caribbean,LCN,1976,
Latin America & Caribbean,LCN,1975,
Latin America & Caribbean,LCN,1974,
Latin America & Caribbean,LCN,1973,
Latin America & Caribbean,LCN,1972,
Latin America & Caribbean,LCN,1971,
Latin America & Caribbean,LCN,1970,
Latin America & Caribbean,LCN,1969,
Latin America & Caribbean,LCN,1968,
Latin America & Caribbean,LCN,1967,
Latin America & Caribbean,LCN,1966,
Latin America & Caribbean,LCN,1965,
Latin America & Caribbean,LCN,1964,
Latin America & Caribbean,LCN,1963,
Latin America & Caribbean,LCN,1962,
Latin America & Caribbean,LCN,1961,
Latin America & Caribbean,LCN,1960,
Latin America & Caribbean (excluding high income),LAC,2025,
Latin America & Caribbean (excluding high income),LAC,2024,
Latin America & Caribbean (excluding high income),LAC,2023,769.182757433836
Latin America & Caribbean (excluding high income),LAC,2022,689.108261314266
Latin America & Caribbean (excluding high income),LAC,2021,628.903455537878
Latin America & Caribbean (excluding high income),LAC,2020,553.91125089194
Latin America & Caribbean (excluding high income),LAC,2019,625.54860894948
Latin America & Caribbean (excluding high income),LAC,2018,641.218783295966
Latin America & Caribbean (excluding high income),LAC,2017,708.202232748272
Latin America & Caribbean (excluding high income),LAC,2016,627.547817762521
Latin America & Caribbean (excluding high income),LAC,2015,658.199565034184
Latin America & Caribbean (excluding high income),LAC,2014,745.450301691212
Latin America & Caribbean (excluding high income),LAC,2013,740.074327074727
Latin America & Caribbean (excluding high income),LAC,2012,709.664865838534
Latin America & Caribbean (excluding high income),LAC,2011,714.959753619363
Latin America & Caribbean (excluding high income),LAC,2010,627.712492654115
Latin America & Caribbean (excluding high income),LAC,2009,528.666795970581
Latin America & Caribbean (excluding high income),LAC,2008,534.147320268985
Latin America & Caribbean (excluding high income),LAC,2007,464.927590532076
Latin America & Caribbean (excluding high income),LAC,2006,389.006188275715
Latin America & Caribbean (excluding high income),LAC,2005,333.449206730627
Latin America & Caribbean (excluding high income),LAC,2004,273.652512568084
Latin America & Caribbean (excluding high income),LAC,2003,241.630770636812
Latin America & Caribbean (excluding high income),LAC,2002,230.584472924668
Latin America & Caribbean (excluding high income),LAC,2001,268.820547254515
Latin America & Caribbean (excluding high income),LAC,2000,276.718444956662
Latin America & Caribbean (excluding high income),LAC,1999,
Latin America & Caribbean (excluding high income),LAC,1998,
Latin America & Caribbean (excluding high income),LAC,1997,
Latin America & Caribbean (excluding high income),LAC,1996,
Latin America & Caribbean (excluding high income),LAC,1995,
Latin America & Caribbean (excluding high income),LAC,1994,
Latin America & Caribbean (excluding high income),LAC,1993,
Latin America & Caribbean (excluding high income),LAC,1992,
Latin America & Caribbean (excluding high income),LAC,1991,
Latin America & Caribbean (excluding high income),LAC,1990,
Latin America & Caribbean (excluding high income),LAC,1989,
Latin America & Caribbean (excluding high income),LAC,1988,
Latin America & Caribbean (excluding high income),LAC,1987,
Latin America & Caribbean (excluding high income),LAC,1986,
Latin America & Caribbean (excluding high income),LAC,1985,
Latin America & Caribbean (excluding high income),LAC,1984,
Latin America & Caribbean (excluding high income),LAC,1983,
Latin America & Caribbean (excluding high income),LAC,1982,
Latin America & Caribbean (excluding high income),LAC,1981,
Latin America & Caribbean (excluding high income),LAC,1980,
Latin America & Caribbean (excluding high income),LAC,1979,
Latin America & Caribbean (excluding high income),LAC,1978,
Latin America & Caribbean (excluding high income),LAC,1977,
Latin America & Caribbean (excluding high income),LAC,1976,
Latin America & Caribbean (excluding high income),LAC,1975,
Latin America & Caribbean (excluding high income),LAC,1974,
Latin America & Caribbean (excluding high income),LAC,1973,
Latin America & Caribbean (excluding high income),LAC,1972,
Latin America & Caribbean (excluding high income),LAC,1971,
Latin America & Caribbean (excluding high income),LAC,1970,
Latin America & Caribbean (excluding high income),LAC,1969,
Latin America & Caribbean (excluding high income),LAC,1968,
Latin America & Caribbean (excluding high income),LAC,1967,
Latin America & Caribbean (excluding high income),LAC,1966,
Latin America & Caribbean (excluding high income),LAC,1965,
Latin America & Caribbean (excluding high income),LAC,1964,
Latin America & Caribbean (excluding high income),LAC,1963,
Latin America & Caribbean (excluding high income),LAC,1962,
Latin America & Caribbean (excluding high income),LAC,1961,
Latin America & Caribbean (excluding high income),LAC,1960,
Latin America & the Caribbean (IDA & IBRD countries),TLA,2025,
Latin America & the Caribbean (IDA & IBRD countries),TLA,2024,
Latin America & the Caribbean (IDA & IBRD countries),TLA,2023,815.300226297436
Latin America & the Caribbean (IDA & IBRD countries),TLA,2022,731.083036553733
Latin America & the Caribbean (IDA & IBRD countries),TLA,2021,672.712481297088
Latin America & the Caribbean (IDA & IBRD countries),TLA,2020,579.294045090621
Latin America & the Caribbean (IDA & IBRD countries),TLA,2019,654.635269750467
Latin America & the Caribbean (IDA & IBRD countries),TLA,2018,671.941089009649
Latin America & the Caribbean (IDA & IBRD countries),TLA,2017,733.765560892935
Latin America & the Caribbean (IDA & IBRD countries),TLA,2016,648.459181358459
Latin America & the Caribbean (IDA & IBRD countries),TLA,2015,675.637724305284
Latin America & the Caribbean (IDA & IBRD countries),TLA,2014,761.976801878057
Latin America & the Caribbean (IDA & IBRD countries),TLA,2013,760.195365496209
Latin America & the Caribbean (IDA & IBRD countries),TLA,2012,727.927931463268
Latin America & the Caribbean (IDA & IBRD countries),TLA,2011,726.976954542189
Latin America & the Caribbean (IDA & IBRD countries),TLA,2010,638.340784983717
Latin America & the Caribbean (IDA & IBRD countries),TLA,2009,534.467313644727
Latin America & the Caribbean (IDA & IBRD countries),TLA,2008,540.165436739077
Latin America & the Caribbean (IDA & IBRD countries),TLA,2007,469.174815545155
Latin America & the Caribbean (IDA & IBRD countries),TLA,2006,395.495292411491
Latin America & the Caribbean (IDA & IBRD countries),TLA,2005,339.675448509304
Latin America & the Caribbean (IDA & IBRD countries),TLA,2004,281.174540891774
Latin America & the Caribbean (IDA & IBRD countries),TLA,2003,247.462050804773
Latin America & the Caribbean (IDA & IBRD countries),TLA,2002,236.404421460454
Latin America & the Caribbean (IDA & IBRD countries),TLA,2001,274.992905550895
Latin America & the Caribbean (IDA & IBRD countries),TLA,2000,284.08364673607
Latin America & the Caribbean (IDA & IBRD countries),TLA,1999,
Latin America & the Caribbean (IDA & IBRD countries),TLA,1998,
Latin America & the Caribbean (IDA & IBRD countries),TLA,1997,
Latin America & the Caribbean (IDA & IBRD countries),TLA,1996,
Latin America & the Caribbean (IDA & IBRD countries),TLA,1995,
Latin America & the Caribbean (IDA & IBRD countries),TLA,1994,
Latin America & the Caribbean (IDA & IBRD countries),TLA,1993,
Latin America & the Caribbean (IDA & IBRD countries),TLA,1992,
Latin America & the Caribbean (IDA & IBRD countries),TLA,1991,
Latin America & the Caribbean (IDA & IBRD countries),TLA,1990,
Latin America & the Caribbean (IDA & IBRD countries),TLA,1989,
Latin America & the Caribbean (IDA & IBRD countries),TLA,1988,
Latin America & the Caribbean (IDA & IBRD countries),TLA,1987,
Latin America & the Caribbean (IDA & IBRD countries),TLA,1986,
Latin America & the Caribbean (IDA & IBRD countries),TLA,1985,
Latin America & the Caribbean (IDA & IBRD countries),TLA,1984,
Latin America & the Caribbean (IDA & IBRD countries),TLA,1983,
Latin America & the Caribbean (IDA & IBRD countries),TLA,1982,
Latin America & the Caribbean (IDA & IBRD countries),TLA,1981,
Latin America & the Caribbean (IDA & IBRD countries),TLA,1980,
Latin America & the Caribbean (IDA & IBRD countries),TLA,1979,
Latin America & the Caribbean (IDA & IBRD countries),TLA,1978,
Latin America & the Caribbean (IDA & IBRD countries),TLA,1977,
Latin America & the Caribbean (IDA & IBRD countries),TLA,1976,
Latin America & the Caribbean (IDA & IBRD countries),TLA,1975,
Latin America & the Caribbean (IDA & IBRD countries),TLA,1974,
Latin America & the Caribbean (IDA & IBRD countries),TLA,1973,
Latin America & the Caribbean (IDA & IBRD countries),TLA,1972,
Latin America & the Caribbean (IDA & IBRD countries),TLA,1971,
Latin America & the Caribbean (IDA & IBRD countries),TLA,1970,
Latin America & the Caribbean (IDA & IBRD countries),TLA,1969,
Latin America & the Caribbean (IDA & IBRD countries),TLA,1968,
Latin America & the Caribbean (IDA & IBRD countries),TLA,1967,
Latin America & the Caribbean (IDA & IBRD countries),TLA,1966,
Latin America & the Caribbean (IDA & IBRD countries),TLA,1965,
Latin America & the Caribbean (IDA & IBRD countries),TLA,1964,
Latin America & the Caribbean (IDA & IBRD countries),TLA,1963,
Latin America & the Caribbean (IDA & IBRD countries),TLA,1962,
Latin America & the Caribbean (IDA & IBRD countries),TLA,1961,
Latin America & the Caribbean (IDA & IBRD countries),TLA,1960,
Least developed countries: UN classification,LDC,2025,
Least developed countries: UN classification,LDC,2024,
Least developed countries: UN classification,LDC,2023,47.1167386189336
Least developed countries: UN classification,LDC,2022,47.759406094258
Least developed countries: UN classification,LDC,2021,48.1824454570162
Least developed countries: UN classification,LDC,2020,43.5824295346523
Least developed countries: UN classification,LDC,2019,42.6402286239909
Least developed countries: UN classification,LDC,2018,44.606592137406
Least developed countries: UN classification,LDC,2017,43.7602227355742
Least developed countries: UN classification,LDC,2016,42.9537467618986
Least developed countries: UN classification,LDC,2015,43.3198978854134
Least developed countries: UN classification,LDC,2014,43.6680456926318
Least developed countries: UN classification,LDC,2013,41.3174516198532
Least developed countries: UN classification,LDC,2012,38.0589446484464
Least developed countries: UN classification,LDC,2011,36.3832955931103
Least developed countries: UN classification,LDC,2010,32.9625009502665
Least developed countries: UN classification,LDC,2009,32.0393199303347
Least developed countries: UN classification,LDC,2008,31.2165805808575
Least developed countries: UN classification,LDC,2007,26.6540030804229
Least developed countries: UN classification,LDC,2006,22.6033827041661
Least developed countries: UN classification,LDC,2005,19.2157003669988
Least developed countries: UN classification,LDC,2004,16.9925716814447
Least developed countries: UN classification,LDC,2003,14.4611974881022
Least developed countries: UN classification,LDC,2002,12.6051901393184
Least developed countries: UN classification,LDC,2001,11.5684129102104
Least developed countries: UN classification,LDC,2000,11.6057609128975
Least developed countries: UN classification,LDC,1999,
Least developed countries: UN classification,LDC,1998,
Least developed countries: UN classification,LDC,1997,
Least developed countries: UN classification,LDC,1996,
Least developed countries: UN classification,LDC,1995,
Least developed countries: UN classification,LDC,1994,
Least developed countries: UN classification,LDC,1993,
Least developed countries: UN classification,LDC,1992,
Least developed countries: UN classification,LDC,1991,
Least developed countries: UN classification,LDC,1990,
Least developed countries: UN classification,LDC,1989,
Least developed countries: UN classification,LDC,1988,
Least developed countries: UN classification,LDC,1987,
Least developed countries: UN classification,LDC,1986,
Least developed countries: UN classification,LDC,1985,
Least developed countries: UN classification,LDC,1984,
Least developed countries: UN classification,LDC,1983,
Least developed countries: UN classification,LDC,1982,
Least developed countries: UN classification,LDC,1981,
Least developed countries: UN classification,LDC,1980,
Least developed countries: UN classification,LDC,1979,
Least developed countries: UN classification,LDC,1978,
Least developed countries: UN classification,LDC,1977,
Least developed countries: UN classification,LDC,1976,
Least developed countries: UN classification,LDC,1975,
Least developed countries: UN classification,LDC,1974,
Least developed countries: UN classification,LDC,1973,
Least developed countries: UN classification,LDC,1972,
Least developed countries: UN classification,LDC,1971,
Least developed countries: UN classification,LDC,1970,
Least developed countries: UN classification,LDC,1969,
Least developed countries: UN classification,LDC,1968,
Least developed countries: UN classification,LDC,1967,
Least developed countries: UN classification,LDC,1966,
Least developed countries: UN classification,LDC,1965,
Least developed countries: UN classification,LDC,1964,
Least developed countries: UN classification,LDC,1963,
Least developed countries: UN classification,LDC,1962,
Least developed countries: UN classification,LDC,1961,
Least developed countries: UN classification,LDC,1960,
Low & middle income,LMY,2025,
Low & middle income,LMY,2024,
Low & middle income,LMY,2023,319.998423368315
Low & middle income,LMY,2022,310.053897751789
Low & middle income,LMY,2021,288.500970764422
Low & middle income,LMY,2020,252.960696498692
Low & middle income,LMY,2019,250.110629856494
Low & middle income,LMY,2018,243.177825281173
Low & middle income,LMY,2017,234.982527022959
Low & middle income,LMY,2016,218.707618046406
Low & middle income,LMY,2015,221.29285957191
Low & middle income,LMY,2014,226.131529774297
Low & middle income,LMY,2013,218.766817749199
Low & middle income,LMY,2012,204.550015215053
Low & middle income,LMY,2011,192.520289878571
Low & middle income,LMY,2010,166.161294932361
Low & middle income,LMY,2009,144.090619735682
Low & middle income,LMY,2008,137.330277239075
Low & middle income,LMY,2007,116.18225292646
Low & middle income,LMY,2006,97.7385691552569
Low & middle income,LMY,2005,85.428487381047
Low & middle income,LMY,2004,72.93364825848
Low & middle income,LMY,2003,63.5208404762119
Low & middle income,LMY,2002,56.7765564912927
Low & middle income,LMY,2001,58.2655819326632
Low & middle income,LMY,2000,58.9298884823493
Low & middle income,LMY,1999,
Low & middle income,LMY,1998,
Low & middle income,LMY,1997,
Low & middle income,LMY,1996,
Low & middle income,LMY,1995,
Low & middle income,LMY,1994,
Low & middle income,LMY,1993,
Low & middle income,LMY,1992,
Low & middle income,LMY,1991,
Low & middle income,LMY,1990,
Low & middle income,LMY,1989,
Low & middle income,LMY,1988,
Low & middle income,LMY,1987,
Low & middle income,LMY,1986,
Low & middle income,LMY,1985,
Low & middle income,LMY,1984,
Low & middle income,LMY,1983,
Low & middle income,LMY,1982,
Low & middle income,LMY,1981,
Low & middle income,LMY,1980,
Low & middle income,LMY,1979,
Low & middle income,LMY,1978,
Low & middle income,LMY,1977,
Low & middle income,LMY,1976,
Low & middle income,LMY,1975,
Low & middle income,LMY,1974,
Low & middle income,LMY,1973,
Low & middle income,LMY,1972,
Low & middle income,LMY,1971,
Low & middle income,LMY,1970,
Low & middle income,LMY,1969,
Low & middle income,LMY,1968,
Low & middle income,LMY,1967,
Low & middle income,LMY,1966,
Low & middle income,LMY,1965,
Low & middle income,LMY,1964,
Low & middle income,LMY,1963,
Low & middle income,LMY,1962,
Low & middle income,LMY,1961,
Low & middle income,LMY,1960,
Low income,,2025,
Low income,,2024,
Low income,,2023,37.7366370178588
Low income,,2022,37.6292534361888
Low income,,2021,36.8326513517749
Low income,,2020,36.1610991326606
Low income,,2019,35.1047770648325
Low income,,2018,37.8340091123274
Low income,,2017,36.3478931435026
Low income,,2016,37.2649120637488
Low income,,2015,39.2792691205827
Low income,,2014,40.5151075626366
Low income,,2013,38.1405771210779
Low income,,2012,36.3020536195539
Low income,,2011,35.9922155527616
Low income,,2010,35.1090997100979
Low income,,2009,34.4974042044612
Low income,,2008,33.69305847354
Low income,,2007,29.6838926752411
Low income,,2006,24.5964010099313
Low income,,2005,20.8437428946831
Low income,,2004,18.0699402402256
Low income,,2003,15.593686521938
Low income,,2002,13.820855631187
Low income,,2001,12.8958309051265
Low income,,2000,14.2763030217541
Low income,,1999,
Low income,,1998,
Low income,,1997,
Low income,,1996,
Low income,,1995,
Low income,,1994,
Low income,,1993,
Low income,,1992,
Low income,,1991,
Low income,,1990,
Low income,,1989,
Low income,,1988,
Low income,,1987,
Low income,,1986,
Low income,,1985,
Low income,,1984,
Low income,,1983,
Low income,,1982,
Low income,,1981,
Low income,,1980,
Low income,,1979,
Low income,,1978,
Low income,,1977,
Low income,,1976,
Low income,,1975,
Low income,,1974,
Low income,,1973,
Low income,,1972,
Low income,,1971,
Low income,,1970,
Low income,,1969,
Low income,,1968,
Low income,,1967,
Low income,,1966,
Low income,,1965,
Low income,,1964,
Low income,,1963,
Low income,,1962,
Low income,,1961,
Low income,,1960,
Lower middle income,,2025,
Lower middle income,,2024,
Lower middle income,,2023,84.598990751583
Lower middle income,,2022,86.5849135716444
Lower middle income,,2021,83.6223644223039
Lower middle income,,2020,71.5165376983127
Lower middle income,,2019,69.0093270906258
Lower middle income,,2018,66.670528046304
Lower middle income,,2017,64.7796792885906
Lower middle income,,2016,67.7227067256924
Lower middle income,,2015,68.8137584023809
Lower middle income,,2014,68.6151858398804
Lower middle income,,2013,66.3377908253515
Lower middle income,,2012,60.1582324760935
Lower middle income,,2011,57.7723003767385
Lower middle income,,2010,52.7769775029726
Lower middle income,,2009,46.8974209552876
Lower middle income,,2008,46.5772881050658
Lower middle income,,2007,42.0517129647586
Lower middle income,,2006,36.280915751815
Lower middle income,,2005,32.4573885953359
Lower middle income,,2004,28.9569227518271
Lower middle income,,2003,25.7884508456334
Lower middle income,,2002,23.0250205077019
Lower middle income,,2001,22.6030025312979
Lower middle income,,2000,21.8112612057297
Lower middle income,,1999,
Lower middle income,,1998,
Lower middle income,,1997,
Lower middle income,,1996,
Lower middle income,,1995,
Lower middle income,,1994,
Lower middle income,,1993,
Lower middle income,,1992,
Lower middle income,,1991,
Lower middle income,,1990,
Lower middle income,,1989,
Lower middle income,,1988,
Lower middle income,,1987,
Lower middle income,,1986,
Lower middle income,,1985,
Lower middle income,,1984,
Lower middle income,,1983,
Lower middle income,,1982,
Lower middle income,,1981,
Lower middle income,,1980,
Lower middle income,,1979,
Lower middle income,,1978,
Lower middle income,,1977,
Lower middle income,,1976,
Lower middle income,,1975,
Lower middle income,,1974,
Lower middle income,,1973,
Lower middle income,,1972,
Lower middle income,,1971,
Lower middle income,,1970,
Lower middle income,,1969,
Lower middle income,,1968,
Lower middle income,,1967,
Lower middle income,,1966,
Lower middle income,,1965,
Lower middle income,,1964,
Lower middle income,,1963,
Lower middle income,,1962,
Lower middle income,,1961,
Lower middle income,,1960,
"Middle East, North Africa, Afghanistan & Pakistan",MEA,2025,
"Middle East, North Africa, Afghanistan & Pakistan",MEA,2024,
"Middle East, North Africa, Afghanistan & Pakistan",MEA,2023,310.969724717209
"Middle East, North Africa, Afghanistan & Pakistan",MEA,2022,304.783955176052
"Middle East, North Africa, Afghanistan & Pakistan",MEA,2021,294.888636725992
"Middle East, North Africa, Afghanistan & Pakistan",MEA,2020,277.315342121299
"Middle East, North Africa, Afghanistan & Pakistan",MEA,2019,276.604898950364
"Middle East, North Africa, Afghanistan & Pakistan",MEA,2018,277.246934086199
"Middle East, North Africa, Afghanistan & Pakistan",MEA,2017,287.67052775355
"Middle East, North Africa, Afghanistan & Pakistan",MEA,2016,280.363793333504
"Middle East, North Africa, Afghanistan & Pakistan",MEA,2015,275.945184678584
"Middle East, North Africa, Afghanistan & Pakistan",MEA,2014,281.936310466207
"Middle East, North Africa, Afghanistan & Pakistan",MEA,2013,266.514616894441
"Middle East, North Africa, Afghanistan & Pakistan",MEA,2012,263.576317132359
"Middle East, North Africa, Afghanistan & Pakistan",MEA,2011,248.633930530043
"Middle East, North Africa, Afghanistan & Pakistan",MEA,2010,218.14772021924
"Middle East, North Africa, Afghanistan & Pakistan",MEA,2009,202.48528568994
"Middle East, North Africa, Afghanistan & Pakistan",MEA,2008,186.748752329642
"Middle East, North Africa, Afghanistan & Pakistan",MEA,2007,158.676155464358
"Middle East, North Africa, Afghanistan & Pakistan",MEA,2006,136.608882469712
"Middle East, North Africa, Afghanistan & Pakistan",MEA,2005,121.683320292599
"Middle East, North Africa, Afghanistan & Pakistan",MEA,2004,108.427592145805
"Middle East, North Africa, Afghanistan & Pakistan",MEA,2003,98.5574446724188
"Middle East, North Africa, Afghanistan & Pakistan",MEA,2002,98.7719924380713
"Middle East, North Africa, Afghanistan & Pakistan",MEA,2001,103.214306160753
"Middle East, North Africa, Afghanistan & Pakistan",MEA,2000,100.067455641548
"Middle East, North Africa, Afghanistan & Pakistan",MEA,1999,
"Middle East, North Africa, Afghanistan & Pakistan",MEA,1998,
"Middle East, North Africa, Afghanistan & Pakistan",MEA,1997,
"Middle East, North Africa, Afghanistan & Pakistan",MEA,1996,
"Middle East, North Africa, Afghanistan & Pakistan",MEA,1995,
"Middle East, North Africa, Afghanistan & Pakistan",MEA,1994,
"Middle East, North Africa, Afghanistan & Pakistan",MEA,1993,
"Middle East, North Africa, Afghanistan & Pakistan",MEA,1992,
"Middle East, North Africa, Afghanistan & Pakistan",MEA,1991,
"Middle East, North Africa, Afghanistan & Pakistan",MEA,1990,
"Middle East, North Africa, Afghanistan & Pakistan",MEA,1989,
"Middle East, North Africa, Afghanistan & Pakistan",MEA,1988,
"Middle East, North Africa, Afghanistan & Pakistan",MEA,1987,
"Middle East, North Africa, Afghanistan & Pakistan",MEA,1986,
"Middle East, North Africa, Afghanistan & Pakistan",MEA,1985,
"Middle East, North Africa, Afghanistan & Pakistan",MEA,1984,
"Middle East, North Africa, Afghanistan & Pakistan",MEA,1983,
"Middle East, North Africa, Afghanistan & Pakistan",MEA,1982,
"Middle East, North Africa, Afghanistan & Pakistan",MEA,1981,
"Middle East, North Africa, Afghanistan & Pakistan",MEA,1980,
"Middle East, North Africa, Afghanistan & Pakistan",MEA,1979,
"Middle East, North Africa, Afghanistan & Pakistan",MEA,1978,
"Middle East, North Africa, Afghanistan & Pakistan",MEA,1977,
"Middle East, North Africa, Afghanistan & Pakistan",MEA,1976,
"Middle East, North Africa, Afghanistan & Pakistan",MEA,1975,
"Middle East, North Africa, Afghanistan & Pakistan",MEA,1974,
"Middle East, North Africa, Afghanistan & Pakistan",MEA,1973,
"Middle East, North Africa, Afghanistan & Pakistan",MEA,1972,
"Middle East, North Africa, Afghanistan & Pakistan",MEA,1971,
"Middle East, North Africa, Afghanistan & Pakistan",MEA,1970,
"Middle East, North Africa, Afghanistan & Pakistan",MEA,1969,
"Middle East, North Africa, Afghanistan & Pakistan",MEA,1968,
"Middle East, North Africa, Afghanistan & Pakistan",MEA,1967,
"Middle East, North Africa, Afghanistan & Pakistan",MEA,1966,
"Middle East, North Africa, Afghanistan & Pakistan",MEA,1965,
"Middle East, North Africa, Afghanistan & Pakistan",MEA,1964,
"Middle East, North Africa, Afghanistan & Pakistan",MEA,1963,
"Middle East, North Africa, Afghanistan & Pakistan",MEA,1962,
"Middle East, North Africa, Afghanistan & Pakistan",MEA,1961,
"Middle East, North Africa, Afghanistan & Pakistan",MEA,1960,
"Middle East, North Africa, Afghanistan & Pakistan (excluding high income)",MNA,2025,
"Middle East, North Africa, Afghanistan & Pakistan (excluding high income)",MNA,2024,
"Middle East, North Africa, Afghanistan & Pakistan (excluding high income)",MNA,2023,140.204332765848
"Middle East, North Africa, Afghanistan & Pakistan (excluding high income)",MNA,2022,137.178960567695
"Middle East, North Africa, Afghanistan & Pakistan (excluding high income)",MNA,2021,132.824474109095
"Middle East, North Africa, Afghanistan & Pakistan (excluding high income)",MNA,2020,125.750005425982
"Middle East, North Africa, Afghanistan & Pakistan (excluding high income)",MNA,2019,135.944696475486
"Middle East, North Africa, Afghanistan & Pakistan (excluding high income)",MNA,2018,139.902719650037
"Middle East, North Africa, Afghanistan & Pakistan (excluding high income)",MNA,2017,159.087335046839
"Middle East, North Africa, Afghanistan & Pakistan (excluding high income)",MNA,2016,158.319363742984
"Middle East, North Africa, Afghanistan & Pakistan (excluding high income)",MNA,2015,159.772759933662
"Middle East, North Africa, Afghanistan & Pakistan (excluding high income)",MNA,2014,161.57789085985
"Middle East, North Africa, Afghanistan & Pakistan (excluding high income)",MNA,2013,158.090976950287
"Middle East, North Africa, Afghanistan & Pakistan (excluding high income)",MNA,2012,167.647661012941
"Middle East, North Africa, Afghanistan & Pakistan (excluding high income)",MNA,2011,158.778757989943
"Middle East, North Africa, Afghanistan & Pakistan (excluding high income)",MNA,2010,140.539041915876
"Middle East, North Africa, Afghanistan & Pakistan (excluding high income)",MNA,2009,127.401517091482
"Middle East, North Africa, Afghanistan & Pakistan (excluding high income)",MNA,2008,115.762752686957
"Middle East, North Africa, Afghanistan & Pakistan (excluding high income)",MNA,2007,96.7627295637141
"Middle East, North Africa, Afghanistan & Pakistan (excluding high income)",MNA,2006,81.046497753379
"Middle East, North Africa, Afghanistan & Pakistan (excluding high income)",MNA,2005,71.8909347897181
"Middle East, North Africa, Afghanistan & Pakistan (excluding high income)",MNA,2004,63.553445589671
"Middle East, North Africa, Afghanistan & Pakistan (excluding high income)",MNA,2003,55.5453882427863
"Middle East, North Africa, Afghanistan & Pakistan (excluding high income)",MNA,2002,56.1663704367494
"Middle East, North Africa, Afghanistan & Pakistan (excluding high income)",MNA,2001,57.0200978953891
"Middle East, North Africa, Afghanistan & Pakistan (excluding high income)",MNA,2000,55.0209389217475
"Middle East, North Africa, Afghanistan & Pakistan (excluding high income)",MNA,1999,
"Middle East, North Africa, Afghanistan & Pakistan (excluding high income)",MNA,1998,
"Middle East, North Africa, Afghanistan & Pakistan (excluding high income)",MNA,1997,
"Middle East, North Africa, Afghanistan & Pakistan (excluding high income)",MNA,1996,
"Middle East, North Africa, Afghanistan & Pakistan (excluding high income)",MNA,1995,
"Middle East, North Africa, Afghanistan & Pakistan (excluding high income)",MNA,1994,
"Middle East, North Africa, Afghanistan & Pakistan (excluding high income)",MNA,1993,
"Middle East, North Africa, Afghanistan & Pakistan (excluding high income)",MNA,1992,
"Middle East, North Africa, Afghanistan & Pakistan (excluding high income)",MNA,1991,
"Middle East, North Africa, Afghanistan & Pakistan (excluding high income)",MNA,1990,
"Middle East, North Africa, Afghanistan & Pakistan (excluding high income)",MNA,1989,
"Middle East, North Africa, Afghanistan & Pakistan (excluding high income)",MNA,1988,
"Middle East, North Africa, Afghanistan & Pakistan (excluding high income)",MNA,1987,
"Middle East, North Africa, Afghanistan & Pakistan (excluding high income)",MNA,1986,
"Middle East, North Africa, Afghanistan & Pakistan (excluding high income)",MNA,1985,
"Middle East, North Africa, Afghanistan & Pakistan (excluding high income)",MNA,1984,
"Middle East, North Africa, Afghanistan & Pakistan (excluding high income)",MNA,1983,
"Middle East, North Africa, Afghanistan & Pakistan (excluding high income)",MNA,1982,
"Middle East, North Africa, Afghanistan & Pakistan (excluding high income)",MNA,1981,
"Middle East, North Africa, Afghanistan & Pakistan (excluding high income)",MNA,1980,
"Middle East, North Africa, Afghanistan & Pakistan (excluding high income)",MNA,1979,
"Middle East, North Africa, Afghanistan & Pakistan (excluding high income)",MNA,1978,
"Middle East, North Africa, Afghanistan & Pakistan (excluding high income)",MNA,1977,
"Middle East, North Africa, Afghanistan & Pakistan (excluding high income)",MNA,1976,
"Middle East, North Africa, Afghanistan & Pakistan (excluding high income)",MNA,1975,
"Middle East, North Africa, Afghanistan & Pakistan (excluding high income)",MNA,1974,
"Middle East, North Africa, Afghanistan & Pakistan (excluding high income)",MNA,1973,
"Middle East, North Africa, Afghanistan & Pakistan (excluding high income)",MNA,1972,
"Middle East, North Africa, Afghanistan & Pakistan (excluding high income)",MNA,1971,
"Middle East, North Africa, Afghanistan & Pakistan (excluding high income)",MNA,1970,
"Middle East, North Africa, Afghanistan & Pakistan (excluding high income)",MNA,1969,
"Middle East, North Africa, Afghanistan & Pakistan (excluding high income)",MNA,1968,
"Middle East, North Africa, Afghanistan & Pakistan (excluding high income)",MNA,1967,
"Middle East, North Africa, Afghanistan & Pakistan (excluding high income)",MNA,1966,
"Middle East, North Africa, Afghanistan & Pakistan (excluding high income)",MNA,1965,
"Middle East, North Africa, Afghanistan & Pakistan (excluding high income)",MNA,1964,
"Middle East, North Africa, Afghanistan & Pakistan (excluding high income)",MNA,1963,
"Middle East, North Africa, Afghanistan & Pakistan (excluding high income)",MNA,1962,
"Middle East, North Africa, Afghanistan & Pakistan (excluding high income)",MNA,1961,
"Middle East, North Africa, Afghanistan & Pakistan (excluding high income)",MNA,1960,
"Middle East, North Africa, Afghanistan & Pakistan (IDA & IBRD)",TMN,2025,
"Middle East, North Africa, Afghanistan & Pakistan (IDA & IBRD)",TMN,2024,
"Middle East, North Africa, Afghanistan & Pakistan (IDA & IBRD)",TMN,2023,138.738077507188
"Middle East, North Africa, Afghanistan & Pakistan (IDA & IBRD)",TMN,2022,135.665737678531
"Middle East, North Africa, Afghanistan & Pakistan (IDA & IBRD)",TMN,2021,131.194717308625
"Middle East, North Africa, Afghanistan & Pakistan (IDA & IBRD)",TMN,2020,124.429475733351
"Middle East, North Africa, Afghanistan & Pakistan (IDA & IBRD)",TMN,2019,134.686334431318
"Middle East, North Africa, Afghanistan & Pakistan (IDA & IBRD)",TMN,2018,138.635536441969
"Middle East, North Africa, Afghanistan & Pakistan (IDA & IBRD)",TMN,2017,158.055271163238
"Middle East, North Africa, Afghanistan & Pakistan (IDA & IBRD)",TMN,2016,157.358811613511
"Middle East, North Africa, Afghanistan & Pakistan (IDA & IBRD)",TMN,2015,158.912484998384
"Middle East, North Africa, Afghanistan & Pakistan (IDA & IBRD)",TMN,2014,160.550691705319
"Middle East, North Africa, Afghanistan & Pakistan (IDA & IBRD)",TMN,2013,156.958699881176
"Middle East, North Africa, Afghanistan & Pakistan (IDA & IBRD)",TMN,2012,166.77722955891
"Middle East, North Africa, Afghanistan & Pakistan (IDA & IBRD)",TMN,2011,157.78716341065
"Middle East, North Africa, Afghanistan & Pakistan (IDA & IBRD)",TMN,2010,140.018203256574
"Middle East, North Africa, Afghanistan & Pakistan (IDA & IBRD)",TMN,2009,126.780026071251
"Middle East, North Africa, Afghanistan & Pakistan (IDA & IBRD)",TMN,2008,115.205391260363
"Middle East, North Africa, Afghanistan & Pakistan (IDA & IBRD)",TMN,2007,96.4215660809456
"Middle East, North Africa, Afghanistan & Pakistan (IDA & IBRD)",TMN,2006,80.5732025348774
"Middle East, North Africa, Afghanistan & Pakistan (IDA & IBRD)",TMN,2005,71.331811402318
"Middle East, North Africa, Afghanistan & Pakistan (IDA & IBRD)",TMN,2004,62.991830485538
"Middle East, North Africa, Afghanistan & Pakistan (IDA & IBRD)",TMN,2003,55.1851594392889
"Middle East, North Africa, Afghanistan & Pakistan (IDA & IBRD)",TMN,2002,55.7463851142089
"Middle East, North Africa, Afghanistan & Pakistan (IDA & IBRD)",TMN,2001,56.5235121099821
"Middle East, North Africa, Afghanistan & Pakistan (IDA & IBRD)",TMN,2000,54.4968243727188
"Middle East, North Africa, Afghanistan & Pakistan (IDA & IBRD)",TMN,1999,
"Middle East, North Africa, Afghanistan & Pakistan (IDA & IBRD)",TMN,1998,
"Middle East, North Africa, Afghanistan & Pakistan (IDA & IBRD)",TMN,1997,
"Middle East, North Africa, Afghanistan & Pakistan (IDA & IBRD)",TMN,1996,
"Middle East, North Africa, Afghanistan & Pakistan (IDA & IBRD)",TMN,1995,
"Middle East, North Africa, Afghanistan & Pakistan (IDA & IBRD)",TMN,1994,
"Middle East, North Africa, Afghanistan & Pakistan (IDA & IBRD)",TMN,1993,
"Middle East, North Africa, Afghanistan & Pakistan (IDA & IBRD)",TMN,1992,
"Middle East, North Africa, Afghanistan & Pakistan (IDA & IBRD)",TMN,1991,
"Middle East, North Africa, Afghanistan & Pakistan (IDA & IBRD)",TMN,1990,
"Middle East, North Africa, Afghanistan & Pakistan (IDA & IBRD)",TMN,1989,
"Middle East, North Africa, Afghanistan & Pakistan (IDA & IBRD)",TMN,1988,
"Middle East, North Africa, Afghanistan & Pakistan (IDA & IBRD)",TMN,1987,
"Middle East, North Africa, Afghanistan & Pakistan (IDA & IBRD)",TMN,1986,
"Middle East, North Africa, Afghanistan & Pakistan (IDA & IBRD)",TMN,1985,
"Middle East, North Africa, Afghanistan & Pakistan (IDA & IBRD)",TMN,1984,
"Middle East, North Africa, Afghanistan & Pakistan (IDA & IBRD)",TMN,1983,
"Middle East, North Africa, Afghanistan & Pakistan (IDA & IBRD)",TMN,1982,
"Middle East, North Africa, Afghanistan & Pakistan (IDA & IBRD)",TMN,1981,
"Middle East, North Africa, Afghanistan & Pakistan (IDA & IBRD)",TMN,1980,
"Middle East, North Africa, Afghanistan & Pakistan (IDA & IBRD)",TMN,1979,
"Middle East, North Africa, Afghanistan & Pakistan (IDA & IBRD)",TMN,1978,
"Middle East, North Africa, Afghanistan & Pakistan (IDA & IBRD)",TMN,1977,
"Middle East, North Africa, Afghanistan & Pakistan (IDA & IBRD)",TMN,1976,
"Middle East, North Africa, Afghanistan & Pakistan (IDA & IBRD)",TMN,1975,
"Middle East, North Africa, Afghanistan & Pakistan (IDA & IBRD)",TMN,1974,
"Middle East, North Africa, Afghanistan & Pakistan (IDA & IBRD)",TMN,1973,
"Middle East, North Africa, Afghanistan & Pakistan (IDA & IBRD)",TMN,1972,
"Middle East, North Africa, Afghanistan & Pakistan (IDA & IBRD)",TMN,1971,
"Middle East, North Africa, Afghanistan & Pakistan (IDA & IBRD)",TMN,1970,
"Middle East, North Africa, Afghanistan & Pakistan (IDA & IBRD)",TMN,1969,
"Middle East, North Africa, Afghanistan & Pakistan (IDA & IBRD)",TMN,1968,
"Middle East, North Africa, Afghanistan & Pakistan (IDA & IBRD)",TMN,1967,
"Middle East, North Africa, Afghanistan & Pakistan (IDA & IBRD)",TMN,1966,
"Middle East, North Africa, Afghanistan & Pakistan (IDA & IBRD)",TMN,1965,
"Middle East, North Africa, Afghanistan & Pakistan (IDA & IBRD)",TMN,1964,
"Middle East, North Africa, Afghanistan & Pakistan (IDA & IBRD)",TMN,1963,
"Middle East, North Africa, Afghanistan & Pakistan (IDA & IBRD)",TMN,1962,
"Middle East, North Africa, Afghanistan & Pakistan (IDA & IBRD)",TMN,1961,
"Middle East, North Africa, Afghanistan & Pakistan (IDA & IBRD)",TMN,1960,
Middle income,MIC,2025,
Middle income,MIC,2024,
Middle income,MIC,2023,353.652823157167
Middle income,MIC,2022,341.902784730703
Middle income,MIC,2021,317.147776777465
Middle income,MIC,2020,277.112303362011
Middle income,MIC,2019,273.594359283376
Middle income,MIC,2018,265.175174620183
Middle income,MIC,2017,255.992022217377
Middle income,MIC,2016,237.224613493272
Middle income,MIC,2015,239.56122992208
Middle income,MIC,2014,244.488141087329
Middle income,MIC,2013,236.389242842547
Middle income,MIC,2012,220.347721213285
Middle income,MIC,2011,206.992484988271
Middle income,MIC,2010,178.0796210473
Middle income,MIC,2009,153.919620001281
Middle income,MIC,2008,146.469915555814
Middle income,MIC,2007,123.682970678785
Middle income,MIC,2006,103.969709376121
Middle income,MIC,2005,90.8328517614538
Middle income,MIC,2004,77.4493119948345
Middle income,MIC,2003,67.4031774189229
Middle income,MIC,2002,60.2168191730392
Middle income,MIC,2001,61.6356047370937
Middle income,MIC,2000,62.1988075388928
Middle income,MIC,1999,
Middle income,MIC,1998,
Middle income,MIC,1997,
Middle income,MIC,1996,
Middle income,MIC,1995,
Middle income,MIC,1994,
Middle income,MIC,1993,
Middle income,MIC,1992,
Middle income,MIC,1991,
Middle income,MIC,1990,
Middle income,MIC,1989,
Middle income,MIC,1988,
Middle income,MIC,1987,
Middle income,MIC,1986,
Middle income,MIC,1985,
Middle income,MIC,1984,
Middle income,MIC,1983,
Middle income,MIC,1982,
Middle income,MIC,1981,
Middle income,MIC,1980,
Middle income,MIC,1979,
Middle income,MIC,1978,
Middle income,MIC,1977,
Middle income,MIC,1976,
Middle income,MIC,1975,
Middle income,MIC,1974,
Middle income,MIC,1973,
Middle income,MIC,1972,
Middle income,MIC,1971,
Middle income,MIC,1970,
Middle income,MIC,1969,
Middle income,MIC,1968,
Middle income,MIC,1967,
Middle income,MIC,1966,
Middle income,MIC,1965,
Middle income,MIC,1964,
Middle income,MIC,1963,
Middle income,MIC,1962,
Middle income,MIC,1961,
Middle income,MIC,1960,
North America,NAC,2025,
North America,NAC,2024,
North America,NAC,2023,12698.7344525575
North America,NAC,2022,11924.6950605155
North America,NAC,2021,11505.0810084106
North America,NAC,2020,11030.9216326206
North America,NAC,2019,9992.72741968316
North America,NAC,2018,9660.53793736176
North America,NAC,2017,9326.7061287435
North America,NAC,2016,9045.88220949926
North America,NAC,2015,8747.32526885579
North America,NAC,2014,8438.05301814995
North America,NAC,2013,8117.86686961012
North America,NAC,2012,7989.42877217773
North America,NAC,2011,7756.30697689534
North America,NAC,2010,7561.25568309711
North America,NAC,2009,7292.85104928575
North America,NAC,2008,7078.0569544403
North America,NAC,2007,6861.78912618278
North America,NAC,2006,6502.88258605572
North America,NAC,2005,6117.72962294646
North America,NAC,2004,5759.51678118708
North America,NAC,2003,5417.79823368656
North America,NAC,2002,5014.02615656326
North America,NAC,2001,4620.92748521486
North America,NAC,2000,4297.41815364329
North America,NAC,1999,
North America,NAC,1998,
North America,NAC,1997,
North America,NAC,1996,
North America,NAC,1995,
North America,NAC,1994,
North America,NAC,1993,
North America,NAC,1992,
North America,NAC,1991,
North America,NAC,1990,
North America,NAC,1989,
North America,NAC,1988,
North America,NAC,1987,
North America,NAC,1986,
North America,NAC,1985,
North America,NAC,1984,
North America,NAC,1983,
North America,NAC,1982,
North America,NAC,1981,
North America,NAC,1980,
North America,NAC,1979,
North America,NAC,1978,
North America,NAC,1977,
North America,NAC,1976,
North America,NAC,1975,
North America,NAC,1974,
North America,NAC,1973,
North America,NAC,1972,
North America,NAC,1971,
North America,NAC,1970,
North America,NAC,1969,
North America,NAC,1968,
North America,NAC,1967,
North America,NAC,1966,
North America,NAC,1965,
North America,NAC,1964,
North America,NAC,1963,
North America,NAC,1962,
North America,NAC,1961,
North America,NAC,1960,
Not classified,,2025,
Not classified,,2024,
Not classified,,2023,
Not classified,,2022,
Not classified,,2021,
Not classified,,2020,
Not classified,,2019,
Not classified,,2018,
Not classified,,2017,
Not classified,,2016,
Not classified,,2015,
Not classified,,2014,
Not classified,,2013,
Not classified,,2012,
Not classified,,2011,
Not classified,,2010,
Not classified,,2009,
Not classified,,2008,
Not classified,,2007,
Not classified,,2006,
Not classified,,2005,
Not classified,,2004,
Not classified,,2003,
Not classified,,2002,
Not classified,,2001,
Not classified,,2000,
Not classified,,1999,
Not classified,,1998,
Not classified,,1997,
Not classified,,1996,
Not classified,,1995,
Not classified,,1994,
Not classified,,1993,
Not classified,,1992,
Not classified,,1991,
Not classified,,1990,
Not classified,,1989,
Not classified,,1988,
Not classified,,1987,
Not classified,,1986,
Not classified,,1985,
Not classified,,1984,
Not classified,,1983,
Not classified,,1982,
Not classified,,1981,
Not classified,,1980,
Not classified,,1979,
Not classified,,1978,
Not classified,,1977,
Not classified,,1976,
Not classified,,1975,
Not classified,,1974,
Not classified,,1973,
Not classified,,1972,
Not classified,,1971,
Not classified,,1970,
Not classified,,1969,
Not classified,,1968,
Not classified,,1967,
Not classified,,1966,
Not classified,,1965,
Not classified,,1964,
Not classified,,1963,
Not classified,,1962,
Not classified,,1961,
Not classified,,1960,
OECD members,OED,2025,
OECD members,OED,2024,
OECD members,OED,2023,5915.54267586571
OECD members,OED,2022,5630.09565413039
OECD members,OED,2021,5716.25755236816
OECD members,OED,2020,5299.92923102032
OECD members,OED,2019,4885.84558449251
OECD members,OED,2018,4804.8720315435
OECD members,OED,2017,4593.86479128032
OECD members,OED,2016,4448.93897113615
OECD members,OED,2015,4326.51774770484
OECD members,OED,2014,4493.43503373231
OECD members,OED,2013,4372.73206738339
OECD members,OED,2012,4350.45469523628
OECD members,OED,2011,4341.01371046285
OECD members,OED,2010,4047.09086608608
OECD members,OED,2009,3918.85041658081
OECD members,OED,2008,3878.71907113635
OECD members,OED,2007,3626.28485957125
OECD members,OED,2006,3337.2848700885
OECD members,OED,2005,3166.51671804892
OECD members,OED,2004,3002.68490622968
OECD members,OED,2003,2730.40249695169
OECD members,OED,2002,2407.63339586563
OECD members,OED,2001,2225.0142650724
OECD members,OED,2000,2149.39705600623
OECD members,OED,1999,
OECD members,OED,1998,
OECD members,OED,1997,
OECD members,OED,1996,
OECD members,OED,1995,
OECD members,OED,1994,
OECD members,OED,1993,
OECD members,OED,1992,
OECD members,OED,1991,
OECD members,OED,1990,
OECD members,OED,1989,
OECD members,OED,1988,
OECD members,OED,1987,
OECD members,OED,1986,
OECD members,OED,1985,
OECD members,OED,1984,
OECD members,OED,1983,
OECD members,OED,1982,
OECD members,OED,1981,
OECD members,OED,1980,
OECD members,OED,1979,
OECD members,OED,1978,
OECD members,OED,1977,
OECD members,OED,1976,
OECD members,OED,1975,
OECD members,OED,1974,
OECD members,OED,1973,
OECD members,OED,1972,
OECD members,OED,1971,
OECD members,OED,1970,
OECD members,OED,1969,
OECD members,OED,1968,
OECD members,OED,1967,
OECD members,OED,1966,
OECD members,OED,1965,
OECD members,OED,1964,
OECD members,OED,1963,
OECD members,OED,1962,
OECD members,OED,1961,
OECD members,OED,1960,
Other small states,OSS,2025,
Other small states,OSS,2024,
Other small states,OSS,2023,1203.88225536395
Other small states,OSS,2022,1117.93956877042
Other small states,OSS,2021,1150.97538567959
Other small states,OSS,2020,989.041056411903
Other small states,OSS,2019,930.960863900857
Other small states,OSS,2018,915.684368930563
Other small states,OSS,2017,833.968543908001
Other small states,OSS,2016,761.486513338512
Other small states,OSS,2015,717.47568606246
Other small states,OSS,2014,784.248841413371
Other small states,OSS,2013,747.145098275729
Other small states,OSS,2012,703.78445212039
Other small states,OSS,2011,733.855152737728
Other small states,OSS,2010,693.761529237095
Other small states,OSS,2009,691.330782751149
Other small states,OSS,2008,750.965363519624
Other small states,OSS,2007,673.620423278128
Other small states,OSS,2006,573.130311793115
Other small states,OSS,2005,542.800898012148
Other small states,OSS,2004,488.808744539987
Other small states,OSS,2003,419.440350347494
Other small states,OSS,2002,359.742568985926
Other small states,OSS,2001,313.739274872019
Other small states,OSS,2000,319.910678357728
Other small states,OSS,1999,
Other small states,OSS,1998,
Other small states,OSS,1997,
Other small states,OSS,1996,
Other small states,OSS,1995,
Other small states,OSS,1994,
Other small states,OSS,1993,
Other small states,OSS,1992,
Other small states,OSS,1991,
Other small states,OSS,1990,
Other small states,OSS,1989,
Other small states,OSS,1988,
Other small states,OSS,1987,
Other small states,OSS,1986,
Other small states,OSS,1985,
Other small states,OSS,1984,
Other small states,OSS,1983,
Other small states,OSS,1982,
Other small states,OSS,1981,
Other small states,OSS,1980,
Other small states,OSS,1979,
Other small states,OSS,1978,
Other small states,OSS,1977,
Other small states,OSS,1976,
Other small states,OSS,1975,
Other small states,OSS,1974,
Other small states,OSS,1973,
Other small states,OSS,1972,
Other small states,OSS,1971,
Other small states,OSS,1970,
Other small states,OSS,1969,
Other small states,OSS,1968,
Other small states,OSS,1967,
Other small states,OSS,1966,
Other small states,OSS,1965,
Other small states,OSS,1964,
Other small states,OSS,1963,
Other small states,OSS,1962,
Other small states,OSS,1961,
Other small states,OSS,1960,
Pacific island small states,PSS,2025,
Pacific island small states,PSS,2024,
Pacific island small states,PSS,2023,234.298336830729
Pacific island small states,PSS,2022,228.226159867358
Pacific island small states,PSS,2021,265.263233002078
Pacific island small states,PSS,2020,227.820353598018
Pacific island small states,PSS,2019,226.264029255156
Pacific island small states,PSS,2018,217.726443231222
Pacific island small states,PSS,2017,189.672446994708
Pacific island small states,PSS,2016,185.426164810969
Pacific island small states,PSS,2015,177.995108423985
Pacific island small states,PSS,2014,185.365653231477
Pacific island small states,PSS,2013,177.072067466154
Pacific island small states,PSS,2012,176.404466568278
Pacific island small states,PSS,2011,163.359225207776
Pacific island small states,PSS,2010,151.415096684753
Pacific island small states,PSS,2009,146.721591434268
Pacific island small states,PSS,2008,150.050372396979
Pacific island small states,PSS,2007,145.971920203499
Pacific island small states,PSS,2006,139.540128866858
Pacific island small states,PSS,2005,138.541264199658
Pacific island small states,PSS,2004,116.518901463803
Pacific island small states,PSS,2003,94.9725034187979
Pacific island small states,PSS,2002,88.3824422971553
Pacific island small states,PSS,2001,79.4335892004223
Pacific island small states,PSS,2000,82.6006911322602
Pacific island small states,PSS,1999,
Pacific island small states,PSS,1998,
Pacific island small states,PSS,1997,
Pacific island small states,PSS,1996,
Pacific island small states,PSS,1995,
Pacific island small states,PSS,1994,
Pacific island small states,PSS,1993,
Pacific island small states,PSS,1992,
Pacific island small states,PSS,1991,
Pacific island small states,PSS,1990,
Pacific island small states,PSS,1989,
Pacific island small states,PSS,1988,
Pacific island small states,PSS,1987,
Pacific island small states,PSS,1986,
Pacific island small states,PSS,1985,
Pacific island small states,PSS,1984,
Pacific island small states,PSS,1983,
Pacific island small states,PSS,1982,
Pacific island small states,PSS,1981,
Pacific island small states,PSS,1980,
Pacific island small states,PSS,1979,
Pacific island small states,PSS,1978,
Pacific island small states,PSS,1977,
Pacific island small states,PSS,1976,
Pacific island small states,PSS,1975,
Pacific island small states,PSS,1974,
Pacific island small states,PSS,1973,
Pacific island small states,PSS,1972,
Pacific island small states,PSS,1971,
Pacific island small states,PSS,1970,
Pacific island small states,PSS,1969,
Pacific island small states,PSS,1968,
Pacific island small states,PSS,1967,
Pacific island small states,PSS,1966,
Pacific island small states,PSS,1965,
Pacific island small states,PSS,1964,
Pacific island small states,PSS,1963,
Pacific island small states,PSS,1962,
Pacific island small states,PSS,1961,
Pacific island small states,PSS,1960,
Post-demographic dividend,PST,2025,
Post-demographic dividend,PST,2024,
Post-demographic dividend,PST,2023,7413.23852188777
Post-demographic dividend,PST,2022,7086.1736773892
Post-demographic dividend,PST,2021,6913.70050761654
Post-demographic dividend,PST,2020,6358.76046290451
Post-demographic dividend,PST,2019,5831.50920900274
Post-demographic dividend,PST,2018,5719.28052644392
Post-demographic dividend,PST,2017,5452.60851500304
Post-demographic dividend,PST,2016,5275.02298467372
Post-demographic dividend,PST,2015,5112.93998162001
Post-demographic dividend,PST,2014,5284.81764224541
Post-demographic dividend,PST,2013,5127.10763074032
Post-demographic dividend,PST,2012,5103.12543291364
Post-demographic dividend,PST,2011,5082.95126159156
Post-demographic dividend,PST,2010,4725.59187383918
Post-demographic dividend,PST,2009,4573.81851627166
Post-demographic dividend,PST,2008,4500.1603493697
Post-demographic dividend,PST,2007,4209.53153380327
Post-demographic dividend,PST,2006,3878.69184430608
Post-demographic dividend,PST,2005,3677.64494703088
Post-demographic dividend,PST,2004,3488.0996185494
Post-demographic dividend,PST,2003,3170.04298248973
Post-demographic dividend,PST,2002,2787.47909876318
Post-demographic dividend,PST,2001,2569.36477721755
Post-demographic dividend,PST,2000,2477.35256407878
Post-demographic dividend,PST,1999,
Post-demographic dividend,PST,1998,
Post-demographic dividend,PST,1997,
Post-demographic dividend,PST,1996,
Post-demographic dividend,PST,1995,
Post-demographic dividend,PST,1994,
Post-demographic dividend,PST,1993,
Post-demographic dividend,PST,1992,
Post-demographic dividend,PST,1991,
Post-demographic dividend,PST,1990,
Post-demographic dividend,PST,1989,
Post-demographic dividend,PST,1988,
Post-demographic dividend,PST,1987,
Post-demographic dividend,PST,1986,
Post-demographic dividend,PST,1985,
Post-demographic dividend,PST,1984,
Post-demographic dividend,PST,1983,
Post-demographic dividend,PST,1982,
Post-demographic dividend,PST,1981,
Post-demographic dividend,PST,1980,
Post-demographic dividend,PST,1979,
Post-demographic dividend,PST,1978,
Post-demographic dividend,PST,1977,
Post-demographic dividend,PST,1976,
Post-demographic dividend,PST,1975,
Post-demographic dividend,PST,1974,
Post-demographic dividend,PST,1973,
Post-demographic dividend,PST,1972,
Post-demographic dividend,PST,1971,
Post-demographic dividend,PST,1970,
Post-demographic dividend,PST,1969,
Post-demographic dividend,PST,1968,
Post-demographic dividend,PST,1967,
Post-demographic dividend,PST,1966,
Post-demographic dividend,PST,1965,
Post-demographic dividend,PST,1964,
Post-demographic dividend,PST,1963,
Post-demographic dividend,PST,1962,
Post-demographic dividend,PST,1961,
Post-demographic dividend,PST,1960,
Pre-demographic dividend,PRE,2025,
Pre-demographic dividend,PRE,2024,
Pre-demographic dividend,PRE,2023,65.286827901308
Pre-demographic dividend,PRE,2022,68.6305046490946
Pre-demographic dividend,PRE,2021,64.8410367574783
Pre-demographic dividend,PRE,2020,58.8363731657314
Pre-demographic dividend,PRE,2019,57.5741584522018
Pre-demographic dividend,PRE,2018,56.1506000130814
Pre-demographic dividend,PRE,2017,57.5102082656623
Pre-demographic dividend,PRE,2016,59.5406046088633
Pre-demographic dividend,PRE,2015,61.8741806481895
Pre-demographic dividend,PRE,2014,68.7256206455684
Pre-demographic dividend,PRE,2013,67.1908704287985
Pre-demographic dividend,PRE,2012,61.6702470644718
Pre-demographic dividend,PRE,2011,58.8589056369694
Pre-demographic dividend,PRE,2010,53.8941162383128
Pre-demographic dividend,PRE,2009,52.3424228222144
Pre-demographic dividend,PRE,2008,55.279979358177
Pre-demographic dividend,PRE,2007,46.970525164413
Pre-demographic dividend,PRE,2006,40.330435423869
Pre-demographic dividend,PRE,2005,33.8796086868975
Pre-demographic dividend,PRE,2004,29.4908726690144
Pre-demographic dividend,PRE,2003,24.55262943658
Pre-demographic dividend,PRE,2002,17.1707053641135
Pre-demographic dividend,PRE,2001,16.3868806918109
Pre-demographic dividend,PRE,2000,16.36503280441
Pre-demographic dividend,PRE,1999,
Pre-demographic dividend,PRE,1998,
Pre-demographic dividend,PRE,1997,
Pre-demographic dividend,PRE,1996,
Pre-demographic dividend,PRE,1995,
Pre-demographic dividend,PRE,1994,
Pre-demographic dividend,PRE,1993,
Pre-demographic dividend,PRE,1992,
Pre-demographic dividend,PRE,1991,
Pre-demographic dividend,PRE,1990,
Pre-demographic dividend,PRE,1989,
Pre-demographic dividend,PRE,1988,
Pre-demographic dividend,PRE,1987,
Pre-demographic dividend,PRE,1986,
Pre-demographic dividend,PRE,1985,
Pre-demographic dividend,PRE,1984,
Pre-demographic dividend,PRE,1983,
Pre-demographic dividend,PRE,1982,
Pre-demographic dividend,PRE,1981,
Pre-demographic dividend,PRE,1980,
Pre-demographic dividend,PRE,1979,
Pre-demographic dividend,PRE,1978,
Pre-demographic dividend,PRE,1977,
Pre-demographic dividend,PRE,1976,
Pre-demographic dividend,PRE,1975,
Pre-demographic dividend,PRE,1974,
Pre-demographic dividend,PRE,1973,
Pre-demographic dividend,PRE,1972,
Pre-demographic dividend,PRE,1971,
Pre-demographic dividend,PRE,1970,
Pre-demographic dividend,PRE,1969,
Pre-demographic dividend,PRE,1968,
Pre-demographic dividend,PRE,1967,
Pre-demographic dividend,PRE,1966,
Pre-demographic dividend,PRE,1965,
Pre-demographic dividend,PRE,1964,
Pre-demographic dividend,PRE,1963,
Pre-demographic dividend,PRE,1962,
Pre-demographic dividend,PRE,1961,
Pre-demographic dividend,PRE,1960,
Small states,SST,2025,
Small states,SST,2024,
Small states,SST,2023,1008.72140097749
Small states,SST,2022,953.147727709784
Small states,SST,2021,964.438696145427
Small states,SST,2020,843.402903978223
Small states,SST,2019,811.643543754382
Small states,SST,2018,793.866190378651
Small states,SST,2017,737.742913227614
Small states,SST,2016,681.723000451672
Small states,SST,2015,654.350530128462
Small states,SST,2014,692.573503719694
Small states,SST,2013,664.001615191806
Small states,SST,2012,629.190196035618
Small states,SST,2011,639.574729092561
Small states,SST,2010,604.299714141107
Small states,SST,2009,596.481093157385
Small states,SST,2008,630.039959000115
Small states,SST,2007,568.917573478167
Small states,SST,2006,492.69311745954
Small states,SST,2005,462.973035502228
Small states,SST,2004,414.408609155649
Small states,SST,2003,358.587209648316
Small states,SST,2002,311.81972778189
Small states,SST,2001,274.352885350345
Small states,SST,2000,278.299514679322
Small states,SST,1999,
Small states,SST,1998,
Small states,SST,1997,
Small states,SST,1996,
Small states,SST,1995,
Small states,SST,1994,
Small states,SST,1993,
Small states,SST,1992,
Small states,SST,1991,
Small states,SST,1990,
Small states,SST,1989,
Small states,SST,1988,
Small states,SST,1987,
Small states,SST,1986,
Small states,SST,1985,
Small states,SST,1984,
Small states,SST,1983,
Small states,SST,1982,
Small states,SST,1981,
Small states,SST,1980,
Small states,SST,1979,
Small states,SST,1978,
Small states,SST,1977,
Small states,SST,1976,
Small states,SST,1975,
Small states,SST,1974,
Small states,SST,1973,
Small states,SST,1972,
Small states,SST,1971,
Small states,SST,1970,
Small states,SST,1969,
Small states,SST,1968,
Small states,SST,1967,
Small states,SST,1966,
Small states,SST,1965,
Small states,SST,1964,
Small states,SST,1963,
Small states,SST,1962,
Small states,SST,1961,
Small states,SST,1960,
South Asia,SAS,2025,
South Asia,SAS,2024,
South Asia,SAS,2023,82.4869859574525
South Asia,SAS,2022,79.9919658936364
South Asia,SAS,2021,75.4653344021482
South Asia,SAS,2020,63.7995398712069
South Asia,SAS,2019,60.4097547940249
South Asia,SAS,2018,57.6271937496546
South Asia,SAS,2017,56.5030929296534
South Asia,SAS,2016,58.8470714953936
South Asia,SAS,2015,56.7417052203767
South Asia,SAS,2014,54.5770272304796
South Asia,SAS,2013,53.3691511888425
South Asia,SAS,2012,46.6152634556105
South Asia,SAS,2011,46.3723319841827
South Asia,SAS,2010,42.9875789328061
South Asia,SAS,2009,36.6066043494591
South Asia,SAS,2008,35.8991784899837
South Asia,SAS,2007,33.6163714653392
South Asia,SAS,2006,27.8197395950161
South Asia,SAS,2005,25.9963521416384
South Asia,SAS,2004,23.6062832132497
South Asia,SAS,2003,20.7401925548585
South Asia,SAS,2002,19.1463941065192
South Asia,SAS,2001,18.6610216987411
South Asia,SAS,2000,17.5952509504928
South Asia,SAS,1999,
South Asia,SAS,1998,
South Asia,SAS,1997,
South Asia,SAS,1996,
South Asia,SAS,1995,
South Asia,SAS,1994,
South Asia,SAS,1993,
South Asia,SAS,1992,
South Asia,SAS,1991,
South Asia,SAS,1990,
South Asia,SAS,1989,
South Asia,SAS,1988,
South Asia,SAS,1987,
South Asia,SAS,1986,
South Asia,SAS,1985,
South Asia,SAS,1984,
South Asia,SAS,1983,
South Asia,SAS,1982,
South Asia,SAS,1981,
South Asia,SAS,1980,
South Asia,SAS,1979,
South Asia,SAS,1978,
South Asia,SAS,1977,
South Asia,SAS,1976,
South Asia,SAS,1975,
South Asia,SAS,1974,
South Asia,SAS,1973,
South Asia,SAS,1972,
South Asia,SAS,1971,
South Asia,SAS,1970,
South Asia,SAS,1969,
South Asia,SAS,1968,
South Asia,SAS,1967,
South Asia,SAS,1966,
South Asia,SAS,1965,
South Asia,SAS,1964,
South Asia,SAS,1963,
South Asia,SAS,1962,
South Asia,SAS,1961,
South Asia,SAS,1960,
South Asia (IDA & IBRD),TSA,2025,
South Asia (IDA & IBRD),TSA,2024,
South Asia (IDA & IBRD),TSA,2023,82.4869859574525
South Asia (IDA & IBRD),TSA,2022,79.9919658936364
South Asia (IDA & IBRD),TSA,2021,75.4653344021482
South Asia (IDA & IBRD),TSA,2020,63.7995398712069
South Asia (IDA & IBRD),TSA,2019,60.4097547940249
South Asia (IDA & IBRD),TSA,2018,57.6271937496546
South Asia (IDA & IBRD),TSA,2017,56.5030929296534
South Asia (IDA & IBRD),TSA,2016,58.8470714953936
South Asia (IDA & IBRD),TSA,2015,56.7417052203768
South Asia (IDA & IBRD),TSA,2014,54.5770272304796
South Asia (IDA & IBRD),TSA,2013,53.3691511888425
South Asia (IDA & IBRD),TSA,2012,46.6152634556105
South Asia (IDA & IBRD),TSA,2011,46.3723319841827
South Asia (IDA & IBRD),TSA,2010,42.9875789328061
South Asia (IDA & IBRD),TSA,2009,36.6066043494592
South Asia (IDA & IBRD),TSA,2008,35.8991784899837
South Asia (IDA & IBRD),TSA,2007,33.6163714653392
South Asia (IDA & IBRD),TSA,2006,27.8197395950161
South Asia (IDA & IBRD),TSA,2005,25.9963521416384
South Asia (IDA & IBRD),TSA,2004,23.6062832132497
South Asia (IDA & IBRD),TSA,2003,20.7401925548585
South Asia (IDA & IBRD),TSA,2002,19.1463941065192
South Asia (IDA & IBRD),TSA,2001,18.6610216987411
South Asia (IDA & IBRD),TSA,2000,17.5952509504928
South Asia (IDA & IBRD),TSA,1999,
South Asia (IDA & IBRD),TSA,1998,
South Asia (IDA & IBRD),TSA,1997,
South Asia (IDA & IBRD),TSA,1996,
South Asia (IDA & IBRD),TSA,1995,
South Asia (IDA & IBRD),TSA,1994,
South Asia (IDA & IBRD),TSA,1993,
South Asia (IDA & IBRD),TSA,1992,
South Asia (IDA & IBRD),TSA,1991,
South Asia (IDA & IBRD),TSA,1990,
South Asia (IDA & IBRD),TSA,1989,
South Asia (IDA & IBRD),TSA,1988,
South Asia (IDA & IBRD),TSA,1987,
South Asia (IDA & IBRD),TSA,1986,
South Asia (IDA & IBRD),TSA,1985,
South Asia (IDA & IBRD),TSA,1984,
South Asia (IDA & IBRD),TSA,1983,
South Asia (IDA & IBRD),TSA,1982,
South Asia (IDA & IBRD),TSA,1981,
South Asia (IDA & IBRD),TSA,1980,
South Asia (IDA & IBRD),TSA,1979,
South Asia (IDA & IBRD),TSA,1978,
South Asia (IDA & IBRD),TSA,1977,
South Asia (IDA & IBRD),TSA,1976,
South Asia (IDA & IBRD),TSA,1975,
South Asia (IDA & IBRD),TSA,1974,
South Asia (IDA & IBRD),TSA,1973,
South Asia (IDA & IBRD),TSA,1972,
South Asia (IDA & IBRD),TSA,1971,
South Asia (IDA & IBRD),TSA,1970,
South Asia (IDA & IBRD),TSA,1969,
South Asia (IDA & IBRD),TSA,1968,
South Asia (IDA & IBRD),TSA,1967,
South Asia (IDA & IBRD),TSA,1966,
South Asia (IDA & IBRD),TSA,1965,
South Asia (IDA & IBRD),TSA,1964,
South Asia (IDA & IBRD),TSA,1963,
South Asia (IDA & IBRD),TSA,1962,
South Asia (IDA & IBRD),TSA,1961,
South Asia (IDA & IBRD),TSA,1960,
Sub-Saharan Africa,SSF,2025,
Sub-Saharan Africa,SSF,2024,
Sub-Saharan Africa,SSF,2023,79.3654150583237
Sub-Saharan Africa,SSF,2022,84.9402456642482
Sub-Saharan Africa,SSF,2021,84.384351286224
Sub-Saharan Africa,SSF,2020,74.6336640581291
Sub-Saharan Africa,SSF,2019,75.7644771440423
Sub-Saharan Africa,SSF,2018,76.2644789808074
Sub-Saharan Africa,SSF,2017,77.094841045757
Sub-Saharan Africa,SSF,2016,75.8169337540862
Sub-Saharan Africa,SSF,2015,82.5345596656596
Sub-Saharan Africa,SSF,2014,90.3702168395063
Sub-Saharan Africa,SSF,2013,92.8421638066783
Sub-Saharan Africa,SSF,2012,92.0302408004662
Sub-Saharan Africa,SSF,2011,92.8304925094644
Sub-Saharan Africa,SSF,2010,85.6851226173168
Sub-Saharan Africa,SSF,2009,75.5779658469389
Sub-Saharan Africa,SSF,2008,75.5930351020549
Sub-Saharan Africa,SSF,2007,70.9227391878954
Sub-Saharan Africa,SSF,2006,63.974140168855
Sub-Saharan Africa,SSF,2005,57.3746369552643
Sub-Saharan Africa,SSF,2004,51.0211037402445
Sub-Saharan Africa,SSF,2003,42.4429177498249
Sub-Saharan Africa,SSF,2002,28.5862074788386
Sub-Saharan Africa,SSF,2001,29.8046351322342
Sub-Saharan Africa,SSF,2000,32.4308099069193
Sub-Saharan Africa,SSF,1999,
Sub-Saharan Africa,SSF,1998,
Sub-Saharan Africa,SSF,1997,
Sub-Saharan Africa,SSF,1996,
Sub-Saharan Africa,SSF,1995,
Sub-Saharan Africa,SSF,1994,
Sub-Saharan Africa,SSF,1993,
Sub-Saharan Africa,SSF,1992,
Sub-Saharan Africa,SSF,1991,
Sub-Saharan Africa,SSF,1990,
Sub-Saharan Africa,SSF,1989,
Sub-Saharan Africa,SSF,1988,
Sub-Saharan Africa,SSF,1987,
Sub-Saharan Africa,SSF,1986,
Sub-Saharan Africa,SSF,1985,
Sub-Saharan Africa,SSF,1984,
Sub-Saharan Africa,SSF,1983,
Sub-Saharan Africa,SSF,1982,
Sub-Saharan Africa,SSF,1981,
Sub-Saharan Africa,SSF,1980,
Sub-Saharan Africa,SSF,1979,
Sub-Saharan Africa,SSF,1978,
Sub-Saharan Africa,SSF,1977,
Sub-Saharan Africa,SSF,1976,
Sub-Saharan Africa,SSF,1975,
Sub-Saharan Africa,SSF,1974,
Sub-Saharan Africa,SSF,1973,
Sub-Saharan Africa,SSF,1972,
Sub-Saharan Africa,SSF,1971,
Sub-Saharan Africa,SSF,1970,
Sub-Saharan Africa,SSF,1969,
Sub-Saharan Africa,SSF,1968,
Sub-Saharan Africa,SSF,1967,
Sub-Saharan Africa,SSF,1966,
Sub-Saharan Africa,SSF,1965,
Sub-Saharan Africa,SSF,1964,
Sub-Saharan Africa,SSF,1963,
Sub-Saharan Africa,SSF,1962,
Sub-Saharan Africa,SSF,1961,
Sub-Saharan Africa,SSF,1960,
Sub-Saharan Africa (excluding high income),SSA,2025,
Sub-Saharan Africa (excluding high income),SSA,2024,
Sub-Saharan Africa (excluding high income),SSA,2023,79.3000496608214
Sub-Saharan Africa (excluding high income),SSA,2022,84.8794895814932
Sub-Saharan Africa (excluding high income),SSA,2021,84.3391558512111
Sub-Saharan Africa (excluding high income),SSA,2020,74.5834016395752
Sub-Saharan Africa (excluding high income),SSA,2019,75.7130467464987
Sub-Saharan Africa (excluding high income),SSA,2018,76.2113611724364
Sub-Saharan Africa (excluding high income),SSA,2017,77.0424878221974
Sub-Saharan Africa (excluding high income),SSA,2016,75.7626158514115
Sub-Saharan Africa (excluding high income),SSA,2015,82.489905443893
Sub-Saharan Africa (excluding high income),SSA,2014,90.3240961089984
Sub-Saharan Africa (excluding high income),SSA,2013,92.7997521990177
Sub-Saharan Africa (excluding high income),SSA,2012,91.9850962765647
Sub-Saharan Africa (excluding high income),SSA,2011,92.794952404546
Sub-Saharan Africa (excluding high income),SSA,2010,85.6476733622525
Sub-Saharan Africa (excluding high income),SSA,2009,75.5533711609083
Sub-Saharan Africa (excluding high income),SSA,2008,75.561816439401
Sub-Saharan Africa (excluding high income),SSA,2007,70.884263647712
Sub-Saharan Africa (excluding high income),SSA,2006,63.927591475461
Sub-Saharan Africa (excluding high income),SSA,2005,57.3303096239246
Sub-Saharan Africa (excluding high income),SSA,2004,50.9765719971032
Sub-Saharan Africa (excluding high income),SSA,2003,42.401847447924
Sub-Saharan Africa (excluding high income),SSA,2002,28.5483190788951
Sub-Saharan Africa (excluding high income),SSA,2001,29.7678000611969
Sub-Saharan Africa (excluding high income),SSA,2000,32.3926210615205
Sub-Saharan Africa (excluding high income),SSA,1999,
Sub-Saharan Africa (excluding high income),SSA,1998,
Sub-Saharan Africa (excluding high income),SSA,1997,
Sub-Saharan Africa (excluding high income),SSA,1996,
Sub-Saharan Africa (excluding high income),SSA,1995,
Sub-Saharan Africa (excluding high income),SSA,1994,
Sub-Saharan Africa (excluding high income),SSA,1993,
Sub-Saharan Africa (excluding high income),SSA,1992,
Sub-Saharan Africa (excluding high income),SSA,1991,
Sub-Saharan Africa (excluding high income),SSA,1990,
Sub-Saharan Africa (excluding high income),SSA,1989,
Sub-Saharan Africa (excluding high income),SSA,1988,
Sub-Saharan Africa (excluding high income),SSA,1987,
Sub-Saharan Africa (excluding high income),SSA,1986,
Sub-Saharan Africa (excluding high income),SSA,1985,
Sub-Saharan Africa (excluding high income),SSA,1984,
Sub-Saharan Africa (excluding high income),SSA,1983,
Sub-Saharan Africa (excluding high income),SSA,1982,
Sub-Saharan Africa (excluding high income),SSA,1981,
Sub-Saharan Africa (excluding high income),SSA,1980,
Sub-Saharan Africa (excluding high income),SSA,1979,
Sub-Saharan Africa (excluding high income),SSA,1978,
Sub-Saharan Africa (excluding high income),SSA,1977,
Sub-Saharan Africa (excluding high income),SSA,1976,
Sub-Saharan Africa (excluding high income),SSA,1975,
Sub-Saharan Africa (excluding high income),SSA,1974,
Sub-Saharan Africa (excluding high income),SSA,1973,
Sub-Saharan Africa (excluding high income),SSA,1972,
Sub-Saharan Africa (excluding high income),SSA,1971,
Sub-Saharan Africa (excluding high income),SSA,1970,
Sub-Saharan Africa (excluding high income),SSA,1969,
Sub-Saharan Africa (excluding high income),SSA,1968,
Sub-Saharan Africa (excluding high income),SSA,1967,
Sub-Saharan Africa (excluding high income),SSA,1966,
Sub-Saharan Africa (excluding high income),SSA,1965,
Sub-Saharan Africa (excluding high income),SSA,1964,
Sub-Saharan Africa (excluding high income),SSA,1963,
Sub-Saharan Africa (excluding high income),SSA,1962,
Sub-Saharan Africa (excluding high income),SSA,1961,
Sub-Saharan Africa (excluding high income),SSA,1960,
Sub-Saharan Africa (IDA & IBRD countries),TSS,2025,
Sub-Saharan Africa (IDA & IBRD countries),TSS,2024,
Sub-Saharan Africa (IDA & IBRD countries),TSS,2023,79.3654150583237
Sub-Saharan Africa (IDA & IBRD countries),TSS,2022,84.9402456642481
Sub-Saharan Africa (IDA & IBRD countries),TSS,2021,84.384351286224
Sub-Saharan Africa (IDA & IBRD countries),TSS,2020,74.6336640581291
Sub-Saharan Africa (IDA & IBRD countries),TSS,2019,75.7644771440424
Sub-Saharan Africa (IDA & IBRD countries),TSS,2018,76.2644789808074
Sub-Saharan Africa (IDA & IBRD countries),TSS,2017,77.094841045757
Sub-Saharan Africa (IDA & IBRD countries),TSS,2016,75.8169337540862
Sub-Saharan Africa (IDA & IBRD countries),TSS,2015,82.5345596656596
Sub-Saharan Africa (IDA & IBRD countries),TSS,2014,90.3702168395063
Sub-Saharan Africa (IDA & IBRD countries),TSS,2013,92.8421638066783
Sub-Saharan Africa (IDA & IBRD countries),TSS,2012,92.0302408004662
Sub-Saharan Africa (IDA & IBRD countries),TSS,2011,92.8304925094644
Sub-Saharan Africa (IDA & IBRD countries),TSS,2010,85.6851226173169
Sub-Saharan Africa (IDA & IBRD countries),TSS,2009,75.5779658469388
Sub-Saharan Africa (IDA & IBRD countries),TSS,2008,75.5930351020549
Sub-Saharan Africa (IDA & IBRD countries),TSS,2007,70.9227391878954
Sub-Saharan Africa (IDA & IBRD countries),TSS,2006,63.974140168855
Sub-Saharan Africa (IDA & IBRD countries),TSS,2005,57.3746369552643
Sub-Saharan Africa (IDA & IBRD countries),TSS,2004,51.0211037402445
Sub-Saharan Africa (IDA & IBRD countries),TSS,2003,42.4429177498249
Sub-Saharan Africa (IDA & IBRD countries),TSS,2002,28.5862074788386
Sub-Saharan Africa (IDA & IBRD countries),TSS,2001,29.8046351322342
Sub-Saharan Africa (IDA & IBRD countries),TSS,2000,32.4308099069193
Sub-Saharan Africa (IDA & IBRD countries),TSS,1999,
Sub-Saharan Africa (IDA & IBRD countries),TSS,1998,
Sub-Saharan Africa (IDA & IBRD countries),TSS,1997,
Sub-Saharan Africa (IDA & IBRD countries),TSS,1996,
Sub-Saharan Africa (IDA & IBRD countries),TSS,1995,
Sub-Saharan Africa (IDA & IBRD countries),TSS,1994,
Sub-Saharan Africa (IDA & IBRD countries),TSS,1993,
Sub-Saharan Africa (IDA & IBRD countries),TSS,1992,
Sub-Saharan Africa (IDA & IBRD countries),TSS,1991,
Sub-Saharan Africa (IDA & IBRD countries),TSS,1990,
Sub-Saharan Africa (IDA & IBRD countries),TSS,1989,
Sub-Saharan Africa (IDA & IBRD countries),TSS,1988,
Sub-Saharan Africa (IDA & IBRD countries),TSS,1987,
Sub-Saharan Africa (IDA & IBRD countries),TSS,1986,
Sub-Saharan Africa (IDA & IBRD countries),TSS,1985,
Sub-Saharan Africa (IDA & IBRD countries),TSS,1984,
Sub-Saharan Africa (IDA & IBRD countries),TSS,1983,
Sub-Saharan Africa (IDA & IBRD countries),TSS,1982,
Sub-Saharan Africa (IDA & IBRD countries),TSS,1981,
Sub-Saharan Africa (IDA & IBRD countries),TSS,1980,
Sub-Saharan Africa (IDA & IBRD countries),TSS,1979,
Sub-Saharan Africa (IDA & IBRD countries),TSS,1978,
Sub-Saharan Africa (IDA & IBRD countries),TSS,1977,
Sub-Saharan Africa (IDA & IBRD countries),TSS,1976,
Sub-Saharan Africa (IDA & IBRD countries),TSS,1975,
Sub-Saharan Africa (IDA & IBRD countries),TSS,1974,
Sub-Saharan Africa (IDA & IBRD countries),TSS,1973,
Sub-Saharan Africa (IDA & IBRD countries),TSS,1972,
Sub-Saharan Africa (IDA & IBRD countries),TSS,1971,
Sub-Saharan Africa (IDA & IBRD countries),TSS,1970,
Sub-Saharan Africa (IDA & IBRD countries),TSS,1969,
Sub-Saharan Africa (IDA & IBRD countries),TSS,1968,
Sub-Saharan Africa (IDA & IBRD countries),TSS,1967,
Sub-Saharan Africa (IDA & IBRD countries),TSS,1966,
Sub-Saharan Africa (IDA & IBRD countries),TSS,1965,
Sub-Saharan Africa (IDA & IBRD countries),TSS,1964,
Sub-Saharan Africa (IDA & IBRD countries),TSS,1963,
Sub-Saharan Africa (IDA & IBRD countries),TSS,1962,
Sub-Saharan Africa (IDA & IBRD countries),TSS,1961,
Sub-Saharan Africa (IDA & IBRD countries),TSS,1960,
Upper middle income,,2025,
Upper middle income,,2024,
Upper middle income,,2023,610.379204364837
Upper middle income,,2022,583.24846400338
Upper middle income,,2021,532.828434281708
Upper middle income,,2020,464.733731702839
Upper middle income,,2019,458.859585802992
Upper middle income,,2018,443.758429496345
Upper middle income,,2017,424.997040412608
Upper middle income,,2016,386.088448013374
Upper middle income,,2015,388.543990145725
Upper middle income,,2014,396.977769740294
Upper middle income,,2013,382.868625127928
Upper middle income,,2012,357.375412105536
Upper middle income,,2011,333.721637648579
Upper middle income,,2010,283.63425453225
Upper middle income,,2009,242.770805000098
Upper middle income,,2008,228.68406642485
Upper middle income,,2007,190.277731031518
Upper middle income,,2006,158.663651451135
Upper middle income,,2005,137.569695710133
Upper middle income,,2004,115.909017260022
Upper middle income,,2003,100.084536181253
Upper middle income,,2002,89.414432234512
Upper middle income,,2001,91.9597887677849
Upper middle income,,2000,93.2478184001494
Upper middle income,,1999,
Upper middle income,,1998,
Upper middle income,,1997,
Upper middle income,,1996,
Upper middle income,,1995,
Upper middle income,,1994,
Upper middle income,,1993,
Upper middle income,,1992,
Upper middle income,,1991,
Upper middle income,,1990,
Upper middle income,,1989,
Upper middle income,,1988,
Upper middle income,,1987,
Upper middle income,,1986,
Upper middle income,,1985,
Upper middle income,,1984,
Upper middle income,,1983,
Upper middle income,,1982,
Upper middle income,,1981,
Upper middle income,,1980,
Upper middle income,,1979,
Upper middle income,,1978,
Upper middle income,,1977,
Upper middle income,,1976,
Upper middle income,,1975,
Upper middle income,,1974,
Upper middle income,,1973,
Upper middle income,,1972,
Upper middle income,,1971,
Upper middle income,,1970,
Upper middle income,,1969,
Upper middle income,,1968,
Upper middle income,,1967,
Upper middle income,,1966,
Upper middle income,,1965,
Upper middle income,,1964,
Upper middle income,,1963,
Upper middle income,,1962,
Upper middle income,,1961,
Upper middle income,,1960,
World,WLD,2025,
World,WLD,2024,
World,WLD,2023,1317.2564716259
World,WLD,2022,1266.20700430915
World,WLD,2021,1257.61590669893
World,WLD,2020,1159.69675152588
World,WLD,2019,1084.6050485617
World,WLD,2018,1067.41927020965
World,WLD,2017,1028.42157826006
World,WLD,2016,991.779310632074
World,WLD,2015,974.714283707483
World,WLD,2014,1016.28242446794
World,WLD,2013,992.544064432825
World,WLD,2012,982.124707347714
World,WLD,2011,973.884436496644
World,WLD,2010,899.870938625946
World,WLD,2009,863.261218165917
World,WLD,2008,853.654200676634
World,WLD,2007,788.525890688642
World,WLD,2006,720.36392283676
World,WLD,2005,679.51552648078
World,WLD,2004,640.48919365945
World,WLD,2003,582.872849613217
World,WLD,2002,518.875511335795
World,WLD,2001,487.964671408194
World,WLD,2000,475.64703113457
World,WLD,1999,
World,WLD,1998,
World,WLD,1997,
World,WLD,1996,
World,WLD,1995,
World,WLD,1994,
World,WLD,1993,
World,WLD,1992,
World,WLD,1991,
World,WLD,1990,
World,WLD,1989,
World,WLD,1988,
World,WLD,1987,
World,WLD,1986,
World,WLD,1985,
World,WLD,1984,
World,WLD,1983,
World,WLD,1982,
World,WLD,1981,
World,WLD,1980,
World,WLD,1979,
World,WLD,1978,
World,WLD,1977,
World,WLD,1976,
World,WLD,1975,
World,WLD,1974,
World,WLD,1973,
World,WLD,1972,
World,WLD,1971,
World,WLD,1970,
World,WLD,1969,
World,WLD,1968,
World,WLD,1967,
World,WLD,1966,
World,WLD,1965,
World,WLD,1964,
World,WLD,1963,
World,WLD,1962,
World,WLD,1961,
World,WLD,1960,
Afghanistan,AFG,2025,
Afghanistan,AFG,2024,
Afghanistan,AFG,2023,59.06770706
Afghanistan,AFG,2022,80.6516037
Afghanistan,AFG,2021,81.52112579
Afghanistan,AFG,2020,80.0892334
Afghanistan,AFG,2019,74.0642395
Afghanistan,AFG,2018,71.22509003
Afghanistan,AFG,2017,66.82388306
Afghanistan,AFG,2016,61.37234497
Afghanistan,AFG,2015,59.91960526
Afghanistan,AFG,2014,60.04951096
Afghanistan,AFG,2013,56.16043472
Afghanistan,AFG,2012,52.45247269
Afghanistan,AFG,2011,52.18721771
Afghanistan,AFG,2010,46.42438889
Afghanistan,AFG,2009,43.13351822
Afghanistan,AFG,2008,39.88624954
Afghanistan,AFG,2007,32.70893097
Afghanistan,AFG,2006,28.9412632
Afghanistan,AFG,2005,25.11388779
Afghanistan,AFG,2004,21.42300415
Afghanistan,AFG,2003,17.74602509
Afghanistan,AFG,2002,16.70697403
Afghanistan,AFG,2001,
Afghanistan,AFG,2000,
Afghanistan,AFG,1999,
Afghanistan,AFG,1998,
Afghanistan,AFG,1997,
Afghanistan,AFG,1996,
Afghanistan,AFG,1995,
Afghanistan,AFG,1994,
Afghanistan,AFG,1993,
Afghanistan,AFG,1992,
Afghanistan,AFG,1991,
Afghanistan,AFG,1990,
Afghanistan,AFG,1989,
Afghanistan,AFG,1988,
Afghanistan,AFG,1987,
Afghanistan,AFG,1986,
Afghanistan,AFG,1985,
Afghanistan,AFG,1984,
Afghanistan,AFG,1983,
Afghanistan,AFG,1982,
Afghanistan,AFG,1981,
Afghanistan,AFG,1980,
Afghanistan,AFG,1979,
Afghanistan,AFG,1978,
Afghanistan,AFG,1977,
Afghanistan,AFG,1976,
Afghanistan,AFG,1975,
Afghanistan,AFG,1974,
Afghanistan,AFG,1973,
Afghanistan,AFG,1972,
Afghanistan,AFG,1971,
Afghanistan,AFG,1970,
Afghanistan,AFG,1969,
Afghanistan,AFG,1968,
Afghanistan,AFG,1967,
Afghanistan,AFG,1966,
Afghanistan,AFG,1965,
Afghanistan,AFG,1964,
Afghanistan,AFG,1963,
Afghanistan,AFG,1962,
Afghanistan,AFG,1961,
Afghanistan,AFG,1960,
Albania,ALB,2025,
Albania,ALB,2024,
Albania,ALB,2023,590.62799072
Albania,ALB,2022,506.86920166
Albania,ALB,2021,465.57043457
Albania,ALB,2020,396.17477417
Albania,ALB,2019,366.34014893
Albania,ALB,2018,349.21127319
Albania,ALB,2017,295.52346802
Albania,ALB,2016,275.43676758
Albania,ALB,2015,253.93347168
Albania,ALB,2014,293.1267395
Albania,ALB,2013,276.0765686
Albania,ALB,2012,260.68319702
Albania,ALB,2011,273.75292969
Albania,ALB,2010,253.98246765
Albania,ALB,2009,236.94244385
Albania,ALB,2008,237.10340881
Albania,ALB,2007,209.31910706
Albania,ALB,2006,164.22090149
Albania,ALB,2005,149.97515869
Albania,ALB,2004,136.50724792
Albania,ALB,2003,105.43667603
Albania,ALB,2002,78.72909546
Albania,ALB,2001,73.92171478
Albania,ALB,2000,65.47674561
Albania,ALB,1999,
Albania,ALB,1998,
Albania,ALB,1997,
Albania,ALB,1996,
Albania,ALB,1995,
Albania,ALB,1994,
Albania,ALB,1993,
Albania,ALB,1992,
Albania,ALB,1991,
Albania,ALB,1990,
Albania,ALB,1989,
Albania,ALB,1988,
Albania,ALB,1987,
Albania,ALB,1986,
Albania,ALB,1985,
Albania,ALB,1984,
Albania,ALB,1983,
Albania,ALB,1982,
Albania,ALB,1981,
Albania,ALB,1980,
Albania,ALB,1979,
Albania,ALB,1978,
Albania,ALB,1977,
Albania,ALB,1976,
Albania,ALB,1975,
Albania,ALB,1974,
Albania,ALB,1973,
Albania,ALB,1972,
Albania,ALB,1971,
Albania,ALB,1970,
Albania,ALB,1969,
Albania,ALB,1968,
Albania,ALB,1967,
Albania,ALB,1966,
Albania,ALB,1965,
Albania,ALB,1964,
Albania,ALB,1963,
Albania,ALB,1962,
Albania,ALB,1961,
Albania,ALB,1960,
Algeria,DZA,2025,
Algeria,DZA,2024,
Algeria,DZA,2023,233.37947083
Algeria,DZA,2022,180.33454895
Algeria,DZA,2021,208.93911743
Algeria,DZA,2020,211.07240295
Algeria,DZA,2019,242.07049561
Algeria,DZA,2018,271.53808594
Algeria,DZA,2017,270.93231201
Algeria,DZA,2016,265.53491211
Algeria,DZA,2015,296.76834106
Algeria,DZA,2014,366.58615112
Algeria,DZA,2013,337.57348633
Algeria,DZA,2012,340.09176636
Algeria,DZA,2011,285.5020752
Algeria,DZA,2010,227.95396423
Algeria,DZA,2009,207.20181274
Algeria,DZA,2008,206.37207031
Algeria,DZA,2007,150.86651611
Algeria,DZA,2006,116.7750473
Algeria,DZA,2005,100.83694458
Algeria,DZA,2004,92.6876297
Algeria,DZA,2003,75.9513092
Algeria,DZA,2002,66.681633
Algeria,DZA,2001,67.05859375
Algeria,DZA,2000,61.85785294
Algeria,DZA,1999,
Algeria,DZA,1998,
Algeria,DZA,1997,
Algeria,DZA,1996,
Algeria,DZA,1995,
Algeria,DZA,1994,
Algeria,DZA,1993,
Algeria,DZA,1992,
Algeria,DZA,1991,
Algeria,DZA,1990,
Algeria,DZA,1989,
Algeria,DZA,1988,
Algeria,DZA,1987,
Algeria,DZA,1986,
Algeria,DZA,1985,
Algeria,DZA,1984,
Algeria,DZA,1983,
Algeria,DZA,1982,
Algeria,DZA,1981,
Algeria,DZA,1980,
Algeria,DZA,1979,
Algeria,DZA,1978,
Algeria,DZA,1977,
Algeria,DZA,1976,
Algeria,DZA,1975,
Algeria,DZA,1974,
Algeria,DZA,1973,
Algeria,DZA,1972,
Algeria,DZA,1971,
Algeria,DZA,1970,
Algeria,DZA,1969,
Algeria,DZA,1968,
Algeria,DZA,1967,
Algeria,DZA,1966,
Algeria,DZA,1965,
Algeria,DZA,1964,
Algeria,DZA,1963,
Algeria,DZA,1962,
Algeria,DZA,1961,
Algeria,DZA,1960,
American Samoa,ASM,2025,
American Samoa,ASM,2024,
American Samoa,ASM,2023,
American Samoa,ASM,2022,
American Samoa,ASM,2021,
American Samoa,ASM,2020,
American Samoa,ASM,2019,
American Samoa,ASM,2018,
American Samoa,ASM,2017,
American Samoa,ASM,2016,
American Samoa,ASM,2015,
American Samoa,ASM,2014,
American Samoa,ASM,2013,
American Samoa,ASM,2012,
American Samoa,ASM,2011,
American Samoa,ASM,2010,
American Samoa,ASM,2009,
American Samoa,ASM,2008,
American Samoa,ASM,2007,
American Samoa,ASM,2006,
American Samoa,ASM,2005,
American Samoa,ASM,2004,
American Samoa,ASM,2003,
American Samoa,ASM,2002,
American Samoa,ASM,2001,
American Samoa,ASM,2000,
American Samoa,ASM,1999,
American Samoa,ASM,1998,
American Samoa,ASM,1997,
American Samoa,ASM,1996,
American Samoa,ASM,1995,
American Samoa,ASM,1994,
American Samoa,ASM,1993,
American Samoa,ASM,1992,
American Samoa,ASM,1991,
American Samoa,ASM,1990,
American Samoa,ASM,1989,
American Samoa,ASM,1988,
American Samoa,ASM,1987,
American Samoa,ASM,1986,
American Samoa,ASM,1985,
American Samoa,ASM,1984,
American Samoa,ASM,1983,
American Samoa,ASM,1982,
American Samoa,ASM,1981,
American Samoa,ASM,1980,
American Samoa,ASM,1979,
American Samoa,ASM,1978,
American Samoa,ASM,1977,
American Samoa,ASM,1976,
American Samoa,ASM,1975,
American Samoa,ASM,1974,
American Samoa,ASM,1973,
American Samoa,ASM,1972,
American Samoa,ASM,1971,
American Samoa,ASM,1970,
American Samoa,ASM,1969,
American Samoa,ASM,1968,
American Samoa,ASM,1967,
American Samoa,ASM,1966,
American Samoa,ASM,1965,
American Samoa,ASM,1964,
American Samoa,ASM,1963,
American Samoa,ASM,1962,
American Samoa,ASM,1961,
American Samoa,ASM,1960,
Andorra,AND,2025,
Andorra,AND,2024,
Andorra,AND,2023,3605.19799805
Andorra,AND,2022,3190.11328125
Andorra,AND,2021,3668.44750977
Andorra,AND,2020,3282.02587891
Andorra,AND,2019,3021.078125
Andorra,AND,2018,3159.16162109
Andorra,AND,2017,2876.24194336
Andorra,AND,2016,2785.64599609
Andorra,AND,2015,2672.49731445
Andorra,AND,2014,3005.21557617
Andorra,AND,2013,2886.97241211
Andorra,AND,2012,2788.69238281
Andorra,AND,2011,3555.52319336
Andorra,AND,2010,3286.52954102
Andorra,AND,2009,2679.67358398
Andorra,AND,2008,2790.11254883
Andorra,AND,2007,2388.17407227
Andorra,AND,2006,2151.95092773
Andorra,AND,2005,2279.53051758
Andorra,AND,2004,2060.26928711
Andorra,AND,2003,1888.13574219
Andorra,AND,2002,1590.68554688
Andorra,AND,2001,1378.70837402
Andorra,AND,2000,1294.09118652
Andorra,AND,1999,
Andorra,AND,1998,
Andorra,AND,1997,
Andorra,AND,1996,
Andorra,AND,1995,
Andorra,AND,1994,
Andorra,AND,1993,
Andorra,AND,1992,
Andorra,AND,1991,
Andorra,AND,1990,
Andorra,AND,1989,
Andorra,AND,1988,
Andorra,AND,1987,
Andorra,AND,1986,
Andorra,AND,1985,
Andorra,AND,1984,
Andorra,AND,1983,
Andorra,AND,1982,
Andorra,AND,1981,
Andorra,AND,1980,
Andorra,AND,1979,
Andorra,AND,1978,
Andorra,AND,1977,
Andorra,AND,1976,
Andorra,AND,1975,
Andorra,AND,1974,
Andorra,AND,1973,
Andorra,AND,1972,
Andorra,AND,1971,
Andorra,AND,1970,
Andorra,AND,1969,
Andorra,AND,1968,
Andorra,AND,1967,
Andorra,AND,1966,
Andorra,AND,1965,
Andorra,AND,1964,
Andorra,AND,1963,
Andorra,AND,1962,
Andorra,AND,1961,
Andorra,AND,1960,
Angola,AGO,2025,
Angola,AGO,2024,
Angola,AGO,2023,76.07118225
Angola,AGO,2022,103.94506073
Angola,AGO,2021,66.94487
Angola,AGO,2020,56.01641846
Angola,AGO,2019,64.4466095
Angola,AGO,2018,83.87555695
Angola,AGO,2017,112.75364685
Angola,AGO,2016,94.01481628
Angola,AGO,2015,107.52857208
Angola,AGO,2014,130.5861969
Angola,AGO,2013,142.78450012
Angola,AGO,2012,121.84848022
Angola,AGO,2011,122.11888123
Angola,AGO,2010,96.95197296
Angola,AGO,2009,120.5289917
Angola,AGO,2008,136.34094238
Angola,AGO,2007,93.42698669
Angola,AGO,2006,70.28185272
Angola,AGO,2005,54.66142273
Angola,AGO,2004,50.23310852
Angola,AGO,2003,35.2206955
Angola,AGO,2002,29.37077141
Angola,AGO,2001,29.26095772
Angola,AGO,2000,13.15998554
Angola,AGO,1999,
Angola,AGO,1998,
Angola,AGO,1997,
Angola,AGO,1996,
Angola,AGO,1995,
Angola,AGO,1994,
Angola,AGO,1993,
Angola,AGO,1992,
Angola,AGO,1991,
Angola,AGO,1990,
Angola,AGO,1989,
Angola,AGO,1988,
Angola,AGO,1987,
Angola,AGO,1986,
Angola,AGO,1985,
Angola,AGO,1984,
Angola,AGO,1983,
Angola,AGO,1982,
Angola,AGO,1981,
Angola,AGO,1980,
Angola,AGO,1979,
Angola,AGO,1978,
Angola,AGO,1977,
Angola,AGO,1976,
Angola,AGO,1975,
Angola,AGO,1974,
Angola,AGO,1973,
Angola,AGO,1972,
Angola,AGO,1971,
Angola,AGO,1970,
Angola,AGO,1969,
Angola,AGO,1968,
Angola,AGO,1967,
Angola,AGO,1966,
Angola,AGO,1965,
Angola,AGO,1964,
Angola,AGO,1963,
Angola,AGO,1962,
Angola,AGO,1961,
Angola,AGO,1960,
Antigua and Barbuda,ATG,2025,
Antigua and Barbuda,ATG,2024,
Antigua and Barbuda,ATG,2023,841.24884033
Antigua and Barbuda,ATG,2022,891.00323486
Antigua and Barbuda,ATG,2021,835.06512451
Antigua and Barbuda,ATG,2020,873.5246582
Antigua and Barbuda,ATG,2019,808.14996338
Antigua and Barbuda,ATG,2018,856.37127686
Antigua and Barbuda,ATG,2017,791.12322998
Antigua and Barbuda,ATG,2016,817.88891602
Antigua and Barbuda,ATG,2015,789.30975342
Antigua and Barbuda,ATG,2014,826.75598145
Antigua and Barbuda,ATG,2013,739.10491943
Antigua and Barbuda,ATG,2012,753.50183105
Antigua and Barbuda,ATG,2011,717.28186035
Antigua and Barbuda,ATG,2010,724.08880615
Antigua and Barbuda,ATG,2009,609.50390625
Antigua and Barbuda,ATG,2008,694.03344727
Antigua and Barbuda,ATG,2007,714.27496338
Antigua and Barbuda,ATG,2006,665.11560059
Antigua and Barbuda,ATG,2005,641.3157959
Antigua and Barbuda,ATG,2004,597.74902344
Antigua and Barbuda,ATG,2003,613.65112305
Antigua and Barbuda,ATG,2002,559.08331299
Antigua and Barbuda,ATG,2001,572.20776367
Antigua and Barbuda,ATG,2000,520.12213135
Antigua and Barbuda,ATG,1999,
Antigua and Barbuda,ATG,1998,
Antigua and Barbuda,ATG,1997,
Antigua and Barbuda,ATG,1996,
Antigua and Barbuda,ATG,1995,
Antigua and Barbuda,ATG,1994,
Antigua and Barbuda,ATG,1993,
Antigua and Barbuda,ATG,1992,
Antigua and Barbuda,ATG,1991,
Antigua and Barbuda,ATG,1990,
Antigua and Barbuda,ATG,1989,
Antigua and Barbuda,ATG,1988,
Antigua and Barbuda,ATG,1987,
Antigua and Barbuda,ATG,1986,
Antigua and Barbuda,ATG,1985,
Antigua and Barbuda,ATG,1984,
Antigua and Barbuda,ATG,1983,
Antigua and Barbuda,ATG,1982,
Antigua and Barbuda,ATG,1981,
Antigua and Barbuda,ATG,1980,
Antigua and Barbuda,ATG,1979,
Antigua and Barbuda,ATG,1978,
Antigua and Barbuda,ATG,1977,
Antigua and Barbuda,ATG,1976,
Antigua and Barbuda,ATG,1975,
Antigua and Barbuda,ATG,1974,
Antigua and Barbuda,ATG,1973,
Antigua and Barbuda,ATG,1972,
Antigua and Barbuda,ATG,1971,
Antigua and Barbuda,ATG,1970,
Antigua and Barbuda,ATG,1969,
Antigua and Barbuda,ATG,1968,
Antigua and Barbuda,ATG,1967,
Antigua and Barbuda,ATG,1966,
Antigua and Barbuda,ATG,1965,
Antigua and Barbuda,ATG,1964,
Antigua and Barbuda,ATG,1963,
Antigua and Barbuda,ATG,1962,
Antigua and Barbuda,ATG,1961,
Antigua and Barbuda,ATG,1960,
Argentina,ARG,2025,
Argentina,ARG,2024,
Argentina,ARG,2023,1456.98596191
Argentina,ARG,2022,1415.79577637
Argentina,ARG,2021,1182.15930176
Argentina,ARG,2020,910.9586792
Argentina,ARG,2019,1007.45629883
Argentina,ARG,2018,1195.59973145
Argentina,ARG,2017,1491.11877441
Argentina,ARG,2016,1276.79785156
Argentina,ARG,2015,1523.90979004
Argentina,ARG,2014,1291.32458496
Argentina,ARG,2013,1428.91125488
Argentina,ARG,2012,1363.21618652
Argentina,ARG,2011,1208.23120117
Argentina,ARG,2010,979.7689209
Argentina,ARG,2009,787.78051758
Argentina,ARG,2008,745.40356445
Argentina,ARG,2007,569.27264404
Argentina,ARG,2006,456.06246948
Argentina,ARG,2005,395.64596558
Argentina,ARG,2004,303.31906128
Argentina,ARG,2003,261.2038269
Argentina,ARG,2002,219.96408081
Argentina,ARG,2001,660.63378906
Argentina,ARG,2000,702.23309326
Argentina,ARG,1999,
Argentina,ARG,1998,
Argentina,ARG,1997,
Argentina,ARG,1996,
Argentina,ARG,1995,
Argentina,ARG,1994,
Argentina,ARG,1993,
Argentina,ARG,1992,
Argentina,ARG,1991,
Argentina,ARG,1990,
Argentina,ARG,1989,
Argentina,ARG,1988,
Argentina,ARG,1987,
Argentina,ARG,1986,
Argentina,ARG,1985,
Argentina,ARG,1984,
Argentina,ARG,1983,
Argentina,ARG,1982,
Argentina,ARG,1981,
Argentina,ARG,1980,
Argentina,ARG,1979,
Argentina,ARG,1978,
Argentina,ARG,1977,
Argentina,ARG,1976,
Argentina,ARG,1975,
Argentina,ARG,1974,
Argentina,ARG,1973,
Argentina,ARG,1972,
Argentina,ARG,1971,
Argentina,ARG,1970,
Argentina,ARG,1969,
Argentina,ARG,1968,
Argentina,ARG,1967,
Argentina,ARG,1966,
Argentina,ARG,1965,
Argentina,ARG,1964,
Argentina,ARG,1963,
Argentina,ARG,1962,
Argentina,ARG,1961,
Argentina,ARG,1960,
Armenia,ARM,2025,
Armenia,ARM,2024,
Armenia,ARM,2023,766.95874023
Armenia,ARM,2022,674.78619385
Armenia,ARM,2021,595.83544922
Armenia,ARM,2020,535.2723999
Armenia,ARM,2019,533.69952393
Armenia,ARM,2018,428.34579468
Armenia,ARM,2017,409.80145264
Armenia,ARM,2016,359.58227539
Armenia,ARM,2015,365.51950073
Armenia,ARM,2014,404.33874512
Armenia,ARM,2013,392.85253906
Armenia,ARM,2012,331.91378784
Armenia,ARM,2011,325.29086304
Armenia,ARM,2010,291.77758789
Armenia,ARM,2009,247.90641785
Armenia,ARM,2008,261.59963989
Armenia,ARM,2007,170.15332031
Armenia,ARM,2006,124.8989563
Armenia,ARM,2005,95.55093384
Armenia,ARM,2004,71.65074158
Armenia,ARM,2003,66.31577301
Armenia,ARM,2002,59.20983887
Armenia,ARM,2001,31.90725899
Armenia,ARM,2000,25.6606369
Armenia,ARM,1999,
Armenia,ARM,1998,
Armenia,ARM,1997,
Armenia,ARM,1996,
Armenia,ARM,1995,
Armenia,ARM,1994,
Armenia,ARM,1993,
Armenia,ARM,1992,
Armenia,ARM,1991,
Armenia,ARM,1990,
Armenia,ARM,1989,
Armenia,ARM,1988,
Armenia,ARM,1987,
Armenia,ARM,1986,
Armenia,ARM,1985,
Armenia,ARM,1984,
Armenia,ARM,1983,
Armenia,ARM,1982,
Armenia,ARM,1981,
Armenia,ARM,1980,
Armenia,ARM,1979,
Armenia,ARM,1978,
Armenia,ARM,1977,
Armenia,ARM,1976,
Armenia,ARM,1975,
Armenia,ARM,1974,
Armenia,ARM,1973,
Armenia,ARM,1972,
Armenia,ARM,1971,
Armenia,ARM,1970,
Armenia,ARM,1969,
Armenia,ARM,1968,
Armenia,ARM,1967,
Armenia,ARM,1966,
Armenia,ARM,1965,
Armenia,ARM,1964,
Armenia,ARM,1963,
Armenia,ARM,1962,
Armenia,ARM,1961,
Armenia,ARM,1960,
Aruba,ABW,2025,
Aruba,ABW,2024,
Aruba,ABW,2023,
Aruba,ABW,2022,
Aruba,ABW,2021,
Aruba,ABW,2020,
Aruba,ABW,2019,
Aruba,ABW,2018,
Aruba,ABW,2017,
Aruba,ABW,2016,
Aruba,ABW,2015,
Aruba,ABW,2014,
Aruba,ABW,2013,
Aruba,ABW,2012,
Aruba,ABW,2011,
Aruba,ABW,2010,
Aruba,ABW,2009,
Aruba,ABW,2008,
Aruba,ABW,2007,
Aruba,ABW,2006,
Aruba,ABW,2005,
Aruba,ABW,2004,
Aruba,ABW,2003,
Aruba,ABW,2002,
Aruba,ABW,2001,
Aruba,ABW,2000,
Aruba,ABW,1999,
Aruba,ABW,1998,
Aruba,ABW,1997,
Aruba,ABW,1996,
Aruba,ABW,1995,
Aruba,ABW,1994,
Aruba,ABW,1993,
Aruba,ABW,1992,
Aruba,ABW,1991,
Aruba,ABW,1990,
Aruba,ABW,1989,
Aruba,ABW,1988,
Aruba,ABW,1987,
Aruba,ABW,1986,
Aruba,ABW,1985,
Aruba,ABW,1984,
Aruba,ABW,1983,
Aruba,ABW,1982,
Aruba,ABW,1981,
Aruba,ABW,1980,
Aruba,ABW,1979,
Aruba,ABW,1978,
Aruba,ABW,1977,
Aruba,ABW,1976,
Aruba,ABW,1975,
Aruba,ABW,1974,
Aruba,ABW,1973,
Aruba,ABW,1972,
Aruba,ABW,1971,
Aruba,ABW,1970,
Aruba,ABW,1969,
Aruba,ABW,1968,
Aruba,ABW,1967,
Aruba,ABW,1966,
Aruba,ABW,1965,
Aruba,ABW,1964,
Aruba,ABW,1963,
Aruba,ABW,1962,
Aruba,ABW,1961,
Aruba,ABW,1960,
Australia,AUS,2025,
Australia,AUS,2024,
Australia,AUS,2023,6980.38525391
Australia,AUS,2022,6723.98242188
Australia,AUS,2021,7092.13476563
Australia,AUS,2020,5968.00341797
Australia,AUS,2019,5543.37841797
Australia,AUS,2018,5843.64794922
Australia,AUS,2017,5770.69042969
Australia,AUS,2016,5418.43652344
Australia,AUS,2015,5271.93310547
Australia,AUS,2014,6098.25439453
Australia,AUS,2013,5811.86865234
Australia,AUS,2012,6038.87158203
Australia,AUS,2011,5876.88525391
Australia,AUS,2010,4947.96337891
Australia,AUS,2009,3989.44116211
Australia,AUS,2008,4083.42944336
Australia,AUS,2007,3792.80981445
Australia,AUS,2006,3174.86865234
Australia,AUS,2005,2995.87255859
Australia,AUS,2004,2744.08105469
Australia,AUS,2003,2227.12768555
Australia,AUS,2002,1752.93896484
Australia,AUS,2001,1550.37390137
Australia,AUS,2000,1626.73388672
Australia,AUS,1999,
Australia,AUS,1998,
Australia,AUS,1997,
Australia,AUS,1996,
Australia,AUS,1995,
Australia,AUS,1994,
Australia,AUS,1993,
Australia,AUS,1992,
Australia,AUS,1991,
Australia,AUS,1990,
Australia,AUS,1989,
Australia,AUS,1988,
Australia,AUS,1987,
Australia,AUS,1986,
Australia,AUS,1985,
Australia,AUS,1984,
Australia,AUS,1983,
Australia,AUS,1982,
Australia,AUS,1981,
Australia,AUS,1980,
Australia,AUS,1979,
Australia,AUS,1978,
Australia,AUS,1977,
Australia,AUS,1976,
Australia,AUS,1975,
Australia,AUS,1974,
Australia,AUS,1973,
Australia,AUS,1972,
Australia,AUS,1971,
Australia,AUS,1970,
Australia,AUS,1969,
Australia,AUS,1968,
Australia,AUS,1967,
Australia,AUS,1966,
Australia,AUS,1965,
Australia,AUS,1964,
Australia,AUS,1963,
Australia,AUS,1962,
Australia,AUS,1961,
Australia,AUS,1960,
Austria,AUT,2025,
Austria,AUT,2024,6739.30908203
Austria,AUT,2023,6267.93164063
Austria,AUT,2022,5897.97607422
Austria,AUT,2021,6554.14257813
Austria,AUT,2020,5569.84130859
Austria,AUT,2019,5313.19287109
Austria,AUT,2018,5394.55908203
Austria,AUT,2017,4999.86962891
Austria,AUT,2016,4758.89892578
Austria,AUT,2015,4649.59667969
Austria,AUT,2014,5418.47558594
Austria,AUT,2013,5251.96826172
Austria,AUT,2012,4983.67724609
Austria,AUT,2011,5191.92333984
Austria,AUT,2010,4815.26953125
Austria,AUT,2009,4939.75878906
Austria,AUT,2008,5080.83740234
Austria,AUT,2007,4484.81640625
Austria,AUT,2006,3899.90722656
Austria,AUT,2005,3720.02441406
Austria,AUT,2004,3606.77856445
Austria,AUT,2003,3122.31201172
Austria,AUT,2002,2531.61938477
Austria,AUT,2001,2315.42285156
Austria,AUT,2000,2301.89208984
Austria,AUT,1999,
Austria,AUT,1998,
Austria,AUT,1997,
Austria,AUT,1996,
Austria,AUT,1995,
Austria,AUT,1994,
Austria,AUT,1993,
Austria,AUT,1992,
Austria,AUT,1991,
Austria,AUT,1990,
Austria,AUT,1989,
Austria,AUT,1988,
Austria,AUT,1987,
Austria,AUT,1986,
Austria,AUT,1985,
Austria,AUT,1984,
Austria,AUT,1983,
Austria,AUT,1982,
Austria,AUT,1981,
Austria,AUT,1980,
Austria,AUT,1979,
Austria,AUT,1978,
Austria,AUT,1977,
Austria,AUT,1976,
Austria,AUT,1975,
Austria,AUT,1974,
Austria,AUT,1973,
Austria,AUT,1972,
Austria,AUT,1971,
Austria,AUT,1970,
Austria,AUT,1969,
Austria,AUT,1968,
Austria,AUT,1967,
Austria,AUT,1966,
Austria,AUT,1965,
Austria,AUT,1964,
Austria,AUT,1963,
Austria,AUT,1962,
Austria,AUT,1961,
Austria,AUT,1960,
Azerbaijan,AZE,2025,
Azerbaijan,AZE,2024,
Azerbaijan,AZE,2023,299.81060791
Azerbaijan,AZE,2022,261.44659424
Azerbaijan,AZE,2021,250.9887085
Azerbaijan,AZE,2020,245.21949768
Azerbaijan,AZE,2019,199.25746155
Azerbaijan,AZE,2018,180.03610229
Azerbaijan,AZE,2017,167.01565552
Azerbaijan,AZE,2016,169.69596863
Azerbaijan,AZE,2015,236.25979614
Azerbaijan,AZE,2014,280.22314453
Azerbaijan,AZE,2013,251.67863464
Azerbaijan,AZE,2012,234.60324097
Azerbaijan,AZE,2011,184.93493652
Azerbaijan,AZE,2010,153.0665741
Azerbaijan,AZE,2009,135.40127563
Azerbaijan,AZE,2008,111.88427734
Azerbaijan,AZE,2007,74.65649414
Azerbaijan,AZE,2006,49.87102127
Azerbaijan,AZE,2005,34.35204697
Azerbaijan,AZE,2004,27.1906395
Azerbaijan,AZE,2003,23.62244987
Azerbaijan,AZE,2002,20.45606041
Azerbaijan,AZE,2001,19.19010162
Azerbaijan,AZE,2000,19.01968193
Azerbaijan,AZE,1999,
Azerbaijan,AZE,1998,
Azerbaijan,AZE,1997,
Azerbaijan,AZE,1996,
Azerbaijan,AZE,1995,
Azerbaijan,AZE,1994,
Azerbaijan,AZE,1993,
Azerbaijan,AZE,1992,
Azerbaijan,AZE,1991,
Azerbaijan,AZE,1990,
Azerbaijan,AZE,1989,
Azerbaijan,AZE,1988,
Azerbaijan,AZE,1987,
Azerbaijan,AZE,1986,
Azerbaijan,AZE,1985,
Azerbaijan,AZE,1984,
Azerbaijan,AZE,1983,
Azerbaijan,AZE,1982,
Azerbaijan,AZE,1981,
Azerbaijan,AZE,1980,
Azerbaijan,AZE,1979,
Azerbaijan,AZE,1978,
Azerbaijan,AZE,1977,
Azerbaijan,AZE,1976,
Azerbaijan,AZE,1975,
Azerbaijan,AZE,1974,
Azerbaijan,AZE,1973,
Azerbaijan,AZE,1972,
Azerbaijan,AZE,1971,
Azerbaijan,AZE,1970,
Azerbaijan,AZE,1969,
Azerbaijan,AZE,1968,
Azerbaijan,AZE,1967,
Azerbaijan,AZE,1966,
Azerbaijan,AZE,1965,
Azerbaijan,AZE,1964,
Azerbaijan,AZE,1963,
Azerbaijan,AZE,1962,
Azerbaijan,AZE,1961,
Azerbaijan,AZE,1960,
"Bahamas, The",BHS,2025,
"Bahamas, The",BHS,2024,
"Bahamas, The",BHS,2023,2262.33447266
"Bahamas, The",BHS,2022,2327.20117188
"Bahamas, The",BHS,2021,1946.21960449
"Bahamas, The",BHS,2020,1861.0637207
"Bahamas, The",BHS,2019,1881.40393066
"Bahamas, The",BHS,2018,1875.74035645
"Bahamas, The",BHS,2017,2069.44555664
"Bahamas, The",BHS,2016,1711.60510254
"Bahamas, The",BHS,2015,1588.57775879
"Bahamas, The",BHS,2014,1619.36669922
"Bahamas, The",BHS,2013,1559.34985352
"Bahamas, The",BHS,2012,1518.64953613
"Bahamas, The",BHS,2011,1442.24768066
"Bahamas, The",BHS,2010,1444.0065918
"Bahamas, The",BHS,2009,1416.92468262
"Bahamas, The",BHS,2008,1429.23681641
"Bahamas, The",BHS,2007,1351.08203125
"Bahamas, The",BHS,2006,1257.64587402
"Bahamas, The",BHS,2005,1153.21594238
"Bahamas, The",BHS,2004,1078.31152344
"Bahamas, The",BHS,2003,1062.43786621
"Bahamas, The",BHS,2002,1021.03601074
"Bahamas, The",BHS,2001,995.71844482
"Bahamas, The",BHS,2000,948.88244629
"Bahamas, The",BHS,1999,
"Bahamas, The",BHS,1998,
"Bahamas, The",BHS,1997,
"Bahamas, The",BHS,1996,
"Bahamas, The",BHS,1995,
"Bahamas, The",BHS,1994,
"Bahamas, The",BHS,1993,
"Bahamas, The",BHS,1992,
"Bahamas, The",BHS,1991,
"Bahamas, The",BHS,1990,
"Bahamas, The",BHS,1989,
"Bahamas, The",BHS,1988,
"Bahamas, The",BHS,1987,
"Bahamas, The",BHS,1986,
"Bahamas, The",BHS,1985,
"Bahamas, The",BHS,1984,
"Bahamas, The",BHS,1983,
"Bahamas, The",BHS,1982,
"Bahamas, The",BHS,1981,
"Bahamas, The",BHS,1980,
"Bahamas, The",BHS,1979,
"Bahamas, The",BHS,1978,
"Bahamas, The",BHS,1977,
"Bahamas, The",BHS,1976,
"Bahamas, The",BHS,1975,
"Bahamas, The",BHS,1974,
"Bahamas, The",BHS,1973,
"Bahamas, The",BHS,1972,
"Bahamas, The",BHS,1971,
"Bahamas, The",BHS,1970,
"Bahamas, The",BHS,1969,
"Bahamas, The",BHS,1968,
"Bahamas, The",BHS,1967,
"Bahamas, The",BHS,1966,
"Bahamas, The",BHS,1965,
"Bahamas, The",BHS,1964,
"Bahamas, The",BHS,1963,
"Bahamas, The",BHS,1962,
"Bahamas, The",BHS,1961,
"Bahamas, The",BHS,1960,
Bahrain,BHR,2025,
Bahrain,BHR,2024,
Bahrain,BHR,2023,1175.81628418
Bahrain,BHR,2022,1178.80664063
Bahrain,BHR,2021,1176.92102051
Bahrain,BHR,2020,1101.14025879
Bahrain,BHR,2019,1030.26379395
Bahrain,BHR,2018,1041.8560791
Bahrain,BHR,2017,1080.08898926
Bahrain,BHR,2016,1095.92541504
Bahrain,BHR,2015,1128.24291992
Bahrain,BHR,2014,1122.16040039
Bahrain,BHR,2013,1115.16906738
Bahrain,BHR,2012,1038.1661377
Bahrain,BHR,2011,921.72064209
Bahrain,BHR,2010,866.67224121
Bahrain,BHR,2009,838.52880859
Bahrain,BHR,2008,734.99511719
Bahrain,BHR,2007,677.16290283
Bahrain,BHR,2006,578.29705811
Bahrain,BHR,2005,557.9574585
Bahrain,BHR,2004,527.82989502
Bahrain,BHR,2003,530.5446167
Bahrain,BHR,2002,469.15478516
Bahrain,BHR,2001,457.59741211
Bahrain,BHR,2000,451.50253296
Bahrain,BHR,1999,
Bahrain,BHR,1998,
Bahrain,BHR,1997,
Bahrain,BHR,1996,
Bahrain,BHR,1995,
Bahrain,BHR,1994,
Bahrain,BHR,1993,
Bahrain,BHR,1992,
Bahrain,BHR,1991,
Bahrain,BHR,1990,
Bahrain,BHR,1989,
Bahrain,BHR,1988,
Bahrain,BHR,1987,
Bahrain,BHR,1986,
Bahrain,BHR,1985,
Bahrain,BHR,1984,
Bahrain,BHR,1983,
Bahrain,BHR,1982,
Bahrain,BHR,1981,
Bahrain,BHR,1980,
Bahrain,BHR,1979,
Bahrain,BHR,1978,
Bahrain,BHR,1977,
Bahrain,BHR,1976,
Bahrain,BHR,1975,
Bahrain,BHR,1974,
Bahrain,BHR,1973,
Bahrain,BHR,1972,
Bahrain,BHR,1971,
Bahrain,BHR,1970,
Bahrain,BHR,1969,
Bahrain,BHR,1968,
Bahrain,BHR,1967,
Bahrain,BHR,1966,
Bahrain,BHR,1965,
Bahrain,BHR,1964,
Bahrain,BHR,1963,
Bahrain,BHR,1962,
Bahrain,BHR,1961,
Bahrain,BHR,1960,
Bangladesh,BGD,2025,
Bangladesh,BGD,2024,
Bangladesh,BGD,2023,53.46432495
Bangladesh,BGD,2022,56.62142181
Bangladesh,BGD,2021,56.09640121
Bangladesh,BGD,2020,49.0274353
Bangladesh,BGD,2019,45.07677078
Bangladesh,BGD,2018,44.78892899
Bangladesh,BGD,2017,42.17510986
Bangladesh,BGD,2016,39.30647659
Bangladesh,BGD,2015,33.20998764
Bangladesh,BGD,2014,29.91152382
Bangladesh,BGD,2013,26.96918297
Bangladesh,BGD,2012,23.43771553
Bangladesh,BGD,2011,22.77348328
Bangladesh,BGD,2010,20.62105751
Bangladesh,BGD,2009,17.7030201
Bangladesh,BGD,2008,15.5619669
Bangladesh,BGD,2007,14.03898716
Bangladesh,BGD,2006,12.05988026
Bangladesh,BGD,2005,11.31403732
Bangladesh,BGD,2004,10.78997898
Bangladesh,BGD,2003,9.98434258
Bangladesh,BGD,2002,9.05402279
Bangladesh,BGD,2001,8.10025787
Bangladesh,BGD,2000,8.27585602
Bangladesh,BGD,1999,
Bangladesh,BGD,1998,
Bangladesh,BGD,1997,
Bangladesh,BGD,1996,
Bangladesh,BGD,1995,
Bangladesh,BGD,1994,
Bangladesh,BGD,1993,
Bangladesh,BGD,1992,
Bangladesh,BGD,1991,
Bangladesh,BGD,1990,
Bangladesh,BGD,1989,
Bangladesh,BGD,1988,
Bangladesh,BGD,1987,
Bangladesh,BGD,1986,
Bangladesh,BGD,1985,
Bangladesh,BGD,1984,
Bangladesh,BGD,1983,
Bangladesh,BGD,1982,
Bangladesh,BGD,1981,
Bangladesh,BGD,1980,
Bangladesh,BGD,1979,
Bangladesh,BGD,1978,
Bangladesh,BGD,1977,
Bangladesh,BGD,1976,
Bangladesh,BGD,1975,
Bangladesh,BGD,1974,
Bangladesh,BGD,1973,
Bangladesh,BGD,1972,
Bangladesh,BGD,1971,
Bangladesh,BGD,1970,
Bangladesh,BGD,1969,
Bangladesh,BGD,1968,
Bangladesh,BGD,1967,
Bangladesh,BGD,1966,
Bangladesh,BGD,1965,
Bangladesh,BGD,1964,
Bangladesh,BGD,1963,
Bangladesh,BGD,1962,
Bangladesh,BGD,1961,
Bangladesh,BGD,1960,
Barbados,BRB,2025,
Barbados,BRB,2024,
Barbados,BRB,2023,1286.47680664
Barbados,BRB,2022,1302.0592041
Barbados,BRB,2021,1391.49853516
Barbados,BRB,2020,1234.30041504
Barbados,BRB,2019,1168.11938477
Barbados,BRB,2018,1169.35559082
Barbados,BRB,2017,1182.00366211
Barbados,BRB,2016,1181.14257813
Barbados,BRB,2015,1154.62719727
Barbados,BRB,2014,1175.44348145
Barbados,BRB,2013,1246.16491699
Barbados,BRB,2012,1294.78674316
Barbados,BRB,2011,1163.2668457
Barbados,BRB,2010,1114.3729248
Barbados,BRB,2009,1163.96875
Barbados,BRB,2008,1136.53637695
Barbados,BRB,2007,1043.49401855
Barbados,BRB,2006,1028.39282227
Barbados,BRB,2005,963.07849121
Barbados,BRB,2004,942.37701416
Barbados,BRB,2003,808.06054688
Barbados,BRB,2002,689.30773926
Barbados,BRB,2001,643.1159668
Barbados,BRB,2000,622.47875977
Barbados,BRB,1999,
Barbados,BRB,1998,
Barbados,BRB,1997,
Barbados,BRB,1996,
Barbados,BRB,1995,
Barbados,BRB,1994,
Barbados,BRB,1993,
Barbados,BRB,1992,
Barbados,BRB,1991,
Barbados,BRB,1990,
Barbados,BRB,1989,
Barbados,BRB,1988,
Barbados,BRB,1987,
Barbados,BRB,1986,
Barbados,BRB,1985,
Barbados,BRB,1984,
Barbados,BRB,1983,
Barbados,BRB,1982,
Barbados,BRB,1981,
Barbados,BRB,1980,
Barbados,BRB,1979,
Barbados,BRB,1978,
Barbados,BRB,1977,
Barbados,BRB,1976,
Barbados,BRB,1975,
Barbados,BRB,1974,
Barbados,BRB,1973,
Barbados,BRB,1972,
Barbados,BRB,1971,
Barbados,BRB,1970,
Barbados,BRB,1969,
Barbados,BRB,1968,
Barbados,BRB,1967,
Barbados,BRB,1966,
Barbados,BRB,1965,
Barbados,BRB,1964,
Barbados,BRB,1963,
Barbados,BRB,1962,
Barbados,BRB,1961,
Barbados,BRB,1960,
Belarus,BLR,2025,
Belarus,BLR,2024,
Belarus,BLR,2023,558.22644043
Belarus,BLR,2022,529.01873779
Belarus,BLR,2021,484.03930664
Belarus,BLR,2020,420.43655396
Belarus,BLR,2019,400.11621094
Belarus,BLR,2018,349.99176025
Belarus,BLR,2017,331.94082642
Belarus,BLR,2016,296.94720459
Belarus,BLR,2015,360.91937256
Belarus,BLR,2014,448.27426147
Belarus,BLR,2013,454.51959229
Belarus,BLR,2012,364.09957886
Belarus,BLR,2011,317.82492065
Belarus,BLR,2010,341.13800049
Belarus,BLR,2009,288.44775391
Belarus,BLR,2008,348.92633057
Belarus,BLR,2007,278.63424683
Belarus,BLR,2006,221.70170593
Belarus,BLR,2005,196.13806152
Belarus,BLR,2004,140.99655151
Belarus,BLR,2003,108.51013947
Belarus,BLR,2002,85.97066498
Belarus,BLR,2001,73.3659668
Belarus,BLR,2000,57.02944183
Belarus,BLR,1999,
Belarus,BLR,1998,
Belarus,BLR,1997,
Belarus,BLR,1996,
Belarus,BLR,1995,
Belarus,BLR,1994,
Belarus,BLR,1993,
Belarus,BLR,1992,
Belarus,BLR,1991,
Belarus,BLR,1990,
Belarus,BLR,1989,
Belarus,BLR,1988,
Belarus,BLR,1987,
Belarus,BLR,1986,
Belarus,BLR,1985,
Belarus,BLR,1984,
Belarus,BLR,1983,
Belarus,BLR,1982,
Belarus,BLR,1981,
Belarus,BLR,1980,
Belarus,BLR,1979,
Belarus,BLR,1978,
Belarus,BLR,1977,
Belarus,BLR,1976,
Belarus,BLR,1975,
Belarus,BLR,1974,
Belarus,BLR,1973,
Belarus,BLR,1972,
Belarus,BLR,1971,
Belarus,BLR,1970,
Belarus,BLR,1969,
Belarus,BLR,1968,
Belarus,BLR,1967,
Belarus,BLR,1966,
Belarus,BLR,1965,
Belarus,BLR,1964,
Belarus,BLR,1963,
Belarus,BLR,1962,
Belarus,BLR,1961,
Belarus,BLR,1960,
Belgium,BEL,2025,
Belgium,BEL,2024,
Belgium,BEL,2023,5931.01464844
Belgium,BEL,2022,5487.59277344
Belgium,BEL,2021,5847.17333984
Belgium,BEL,2020,5269.40625
Belgium,BEL,2019,5087.45654297
Belgium,BEL,2018,5233.68261719
Belgium,BEL,2017,4827.59326172
Belgium,BEL,2016,4569.640625
Belgium,BEL,2015,4465.45556641
Belgium,BEL,2014,5110.17333984
Belgium,BEL,2013,5005.64990234
Belgium,BEL,2012,4763.93505859
Belgium,BEL,2011,4990.35595703
Belgium,BEL,2010,4626.02685547
Belgium,BEL,2009,4755.80859375
Belgium,BEL,2008,4656.04150391
Belgium,BEL,2007,4066.2121582
Belgium,BEL,2006,3547.06835938
Belgium,BEL,2005,3415.64599609
Belgium,BEL,2004,3322.28857422
Belgium,BEL,2003,2822.50341797
Belgium,BEL,2002,2084.7199707
Belgium,BEL,2001,1879.93457031
Belgium,BEL,2000,1849.91601563
Belgium,BEL,1999,
Belgium,BEL,1998,
Belgium,BEL,1997,
Belgium,BEL,1996,
Belgium,BEL,1995,
Belgium,BEL,1994,
Belgium,BEL,1993,
Belgium,BEL,1992,
Belgium,BEL,1991,
Belgium,BEL,1990,
Belgium,BEL,1989,
Belgium,BEL,1988,
Belgium,BEL,1987,
Belgium,BEL,1986,
Belgium,BEL,1985,
Belgium,BEL,1984,
Belgium,BEL,1983,
Belgium,BEL,1982,
Belgium,BEL,1981,
Belgium,BEL,1980,
Belgium,BEL,1979,
Belgium,BEL,1978,
Belgium,BEL,1977,
Belgium,BEL,1976,
Belgium,BEL,1975,
Belgium,BEL,1974,
Belgium,BEL,1973,
Belgium,BEL,1972,
Belgium,BEL,1971,
Belgium,BEL,1970,
Belgium,BEL,1969,
Belgium,BEL,1968,
Belgium,BEL,1967,
Belgium,BEL,1966,
Belgium,BEL,1965,
Belgium,BEL,1964,
Belgium,BEL,1963,
Belgium,BEL,1962,
Belgium,BEL,1961,
Belgium,BEL,1960,
Belize,BLZ,2025,
Belize,BLZ,2024,
Belize,BLZ,2023,309.40835571
Belize,BLZ,2022,298.01553345
Belize,BLZ,2021,308.93920898
Belize,BLZ,2020,279.10131836
Belize,BLZ,2019,298.14306641
Belize,BLZ,2018,286.83633423
Belize,BLZ,2017,280.71743774
Belize,BLZ,2016,293.09829712
Belize,BLZ,2015,286.78604126
Belize,BLZ,2014,298.51965332
Belize,BLZ,2013,263.10794067
Belize,BLZ,2012,247.97563171
Belize,BLZ,2011,252.81436157
Belize,BLZ,2010,244.02867126
Belize,BLZ,2009,243.3110199
Belize,BLZ,2008,257.84707642
Belize,BLZ,2007,233.67915344
Belize,BLZ,2006,196.13124084
Belize,BLZ,2005,181.24623108
Belize,BLZ,2004,176.26716614
Belize,BLZ,2003,175.13619995
Belize,BLZ,2002,172.81750488
Belize,BLZ,2001,163.11247253
Belize,BLZ,2000,139.00151062
Belize,BLZ,1999,
Belize,BLZ,1998,
Belize,BLZ,1997,
Belize,BLZ,1996,
Belize,BLZ,1995,
Belize,BLZ,1994,
Belize,BLZ,1993,
Belize,BLZ,1992,
Belize,BLZ,1991,
Belize,BLZ,1990,
Belize,BLZ,1989,
Belize,BLZ,1988,
Belize,BLZ,1987,
Belize,BLZ,1986,
Belize,BLZ,1985,
Belize,BLZ,1984,
Belize,BLZ,1983,
Belize,BLZ,1982,
Belize,BLZ,1981,
Belize,BLZ,1980,
Belize,BLZ,1979,
Belize,BLZ,1978,
Belize,BLZ,1977,
Belize,BLZ,1976,
Belize,BLZ,1975,
Belize,BLZ,1974,
Belize,BLZ,1973,
Belize,BLZ,1972,
Belize,BLZ,1971,
Belize,BLZ,1970,
Belize,BLZ,1969,
Belize,BLZ,1968,
Belize,BLZ,1967,
Belize,BLZ,1966,
Belize,BLZ,1965,
Belize,BLZ,1964,
Belize,BLZ,1963,
Belize,BLZ,1962,
Belize,BLZ,1961,
Belize,BLZ,1960,
Benin,BEN,2025,
Benin,BEN,2024,
Benin,BEN,2023,46.52822113
Benin,BEN,2022,37.76291275
Benin,BEN,2021,38.45053101
Benin,BEN,2020,36.62052536
Benin,BEN,2019,33.9457283
Benin,BEN,2018,39.54786301
Benin,BEN,2017,38.75862122
Benin,BEN,2016,36.58565903
Benin,BEN,2015,27.34733391
Benin,BEN,2014,32.41182327
Benin,BEN,2013,33.53426743
Benin,BEN,2012,32.95616913
Benin,BEN,2011,31.76816368
Benin,BEN,2010,29.37720871
Benin,BEN,2009,29.69425583
Benin,BEN,2008,28.12486076
Benin,BEN,2007,26.79680061
Benin,BEN,2006,26.60264206
Benin,BEN,2005,25.12485313
Benin,BEN,2004,24.52665329
Benin,BEN,2003,21.06955719
Benin,BEN,2002,16.9179287
Benin,BEN,2001,16.26979828
Benin,BEN,2000,14.42371464
Benin,BEN,1999,
Benin,BEN,1998,
Benin,BEN,1997,
Benin,BEN,1996,
Benin,BEN,1995,
Benin,BEN,1994,
Benin,BEN,1993,
Benin,BEN,1992,
Benin,BEN,1991,
Benin,BEN,1990,
Benin,BEN,1989,
Benin,BEN,1988,
Benin,BEN,1987,
Benin,BEN,1986,
Benin,BEN,1985,
Benin,BEN,1984,
Benin,BEN,1983,
Benin,BEN,1982,
Benin,BEN,1981,
Benin,BEN,1980,
Benin,BEN,1979,
Benin,BEN,1978,
Benin,BEN,1977,
Benin,BEN,1976,
Benin,BEN,1975,
Benin,BEN,1974,
Benin,BEN,1973,
Benin,BEN,1972,
Benin,BEN,1971,
Benin,BEN,1970,
Benin,BEN,1969,
Benin,BEN,1968,
Benin,BEN,1967,
Benin,BEN,1966,
Benin,BEN,1965,
Benin,BEN,1964,
Benin,BEN,1963,
Benin,BEN,1962,
Benin,BEN,1961,
Benin,BEN,1960,
Bermuda,BMU,2025,
Bermuda,BMU,2024,
Bermuda,BMU,2023,
Bermuda,BMU,2022,
Bermuda,BMU,2021,
Bermuda,BMU,2020,
Bermuda,BMU,2019,
Bermuda,BMU,2018,
Bermuda,BMU,2017,
Bermuda,BMU,2016,
Bermuda,BMU,2015,
Bermuda,BMU,2014,
Bermuda,BMU,2013,
Bermuda,BMU,2012,
Bermuda,BMU,2011,
Bermuda,BMU,2010,
Bermuda,BMU,2009,
Bermuda,BMU,2008,
Bermuda,BMU,2007,
Bermuda,BMU,2006,
Bermuda,BMU,2005,
Bermuda,BMU,2004,
Bermuda,BMU,2003,
Bermuda,BMU,2002,
Bermuda,BMU,2001,
Bermuda,BMU,2000,
Bermuda,BMU,1999,
Bermuda,BMU,1998,
Bermuda,BMU,1997,
Bermuda,BMU,1996,
Bermuda,BMU,1995,
Bermuda,BMU,1994,
Bermuda,BMU,1993,
Bermuda,BMU,1992,
Bermuda,BMU,1991,
Bermuda,BMU,1990,
Bermuda,BMU,1989,
Bermuda,BMU,1988,
Bermuda,BMU,1987,
Bermuda,BMU,1986,
Bermuda,BMU,1985,
Bermuda,BMU,1984,
Bermuda,BMU,1983,
Bermuda,BMU,1982,
Bermuda,BMU,1981,
Bermuda,BMU,1980,
Bermuda,BMU,1979,
Bermuda,BMU,1978,
Bermuda,BMU,1977,
Bermuda,BMU,1976,
Bermuda,BMU,1975,
Bermuda,BMU,1974,
Bermuda,BMU,1973,
Bermuda,BMU,1972,
Bermuda,BMU,1971,
Bermuda,BMU,1970,
Bermuda,BMU,1969,
Bermuda,BMU,1968,
Bermuda,BMU,1967,
Bermuda,BMU,1966,
Bermuda,BMU,1965,
Bermuda,BMU,1964,
Bermuda,BMU,1963,
Bermuda,BMU,1962,
Bermuda,BMU,1961,
Bermuda,BMU,1960,
Bhutan,BTN,2025,
Bhutan,BTN,2024,
Bhutan,BTN,2023,162.19680786
Bhutan,BTN,2022,138.00679016
Bhutan,BTN,2021,161.46617126
Bhutan,BTN,2020,134.13723755
Bhutan,BTN,2019,115.71811676
Bhutan,BTN,2018,102.01222992
Bhutan,BTN,2017,103.63583374
Bhutan,BTN,2016,97.42939758
Bhutan,BTN,2015,96.86671448
Bhutan,BTN,2014,87.19132233
Bhutan,BTN,2013,86.41462708
Bhutan,BTN,2012,84.0940094
Bhutan,BTN,2011,77.75431824
Bhutan,BTN,2010,72.38789368
Bhutan,BTN,2009,59.74616623
Bhutan,BTN,2008,57.59343338
Bhutan,BTN,2007,64.72015381
Bhutan,BTN,2006,54.21236038
Bhutan,BTN,2005,46.79434204
Bhutan,BTN,2004,46.06135941
Bhutan,BTN,2003,37.15467834
Bhutan,BTN,2002,32.9380188
Bhutan,BTN,2001,35.08880234
Bhutan,BTN,2000,30.5911293
Bhutan,BTN,1999,
Bhutan,BTN,1998,
Bhutan,BTN,1997,
Bhutan,BTN,1996,
Bhutan,BTN,1995,
Bhutan,BTN,1994,
Bhutan,BTN,1993,
Bhutan,BTN,1992,
Bhutan,BTN,1991,
Bhutan,BTN,1990,
Bhutan,BTN,1989,
Bhutan,BTN,1988,
Bhutan,BTN,1987,
Bhutan,BTN,1986,
Bhutan,BTN,1985,
Bhutan,BTN,1984,
Bhutan,BTN,1983,
Bhutan,BTN,1982,
Bhutan,BTN,1981,
Bhutan,BTN,1980,
Bhutan,BTN,1979,
Bhutan,BTN,1978,
Bhutan,BTN,1977,
Bhutan,BTN,1976,
Bhutan,BTN,1975,
Bhutan,BTN,1974,
Bhutan,BTN,1973,
Bhutan,BTN,1972,
Bhutan,BTN,1971,
Bhutan,BTN,1970,
Bhutan,BTN,1969,
Bhutan,BTN,1968,
Bhutan,BTN,1967,
Bhutan,BTN,1966,
Bhutan,BTN,1965,
Bhutan,BTN,1964,
Bhutan,BTN,1963,
Bhutan,BTN,1962,
Bhutan,BTN,1961,
Bhutan,BTN,1960,
Bolivia,BOL,2025,
Bolivia,BOL,2024,
Bolivia,BOL,2023,255.04104614
Bolivia,BOL,2022,260.88070679
Bolivia,BOL,2021,276.20880127
Bolivia,BOL,2020,248.69514465
Bolivia,BOL,2019,241.34619141
Bolivia,BOL,2018,231.18806458
Bolivia,BOL,2017,214.58572388
Bolivia,BOL,2016,207.4511261
Bolivia,BOL,2015,196.25799561
Bolivia,BOL,2014,179.3274231
Bolivia,BOL,2013,159.99380493
Bolivia,BOL,2012,135.32060242
Bolivia,BOL,2011,119.78379059
Bolivia,BOL,2010,100.39356232
Bolivia,BOL,2009,89.57923889
Bolivia,BOL,2008,77.9777298
Bolivia,BOL,2007,63.62155914
Bolivia,BOL,2006,56.05701447
Bolivia,BOL,2005,51.76200867
Bolivia,BOL,2004,46.35359192
Bolivia,BOL,2003,46.41044998
Bolivia,BOL,2002,43.49106216
Bolivia,BOL,2001,44.88241577
Bolivia,BOL,2000,42.89028168
Bolivia,BOL,1999,
Bolivia,BOL,1998,
Bolivia,BOL,1997,
Bolivia,BOL,1996,
Bolivia,BOL,1995,
Bolivia,BOL,1994,
Bolivia,BOL,1993,
Bolivia,BOL,1992,
Bolivia,BOL,1991,
Bolivia,BOL,1990,
Bolivia,BOL,1989,
Bolivia,BOL,1988,
Bolivia,BOL,1987,
Bolivia,BOL,1986,
Bolivia,BOL,1985,
Bolivia,BOL,1984,
Bolivia,BOL,1983,
Bolivia,BOL,1982,
Bolivia,BOL,1981,
Bolivia,BOL,1980,
Bolivia,BOL,1979,
Bolivia,BOL,1978,
Bolivia,BOL,1977,
Bolivia,BOL,1976,
Bolivia,BOL,1975,
Bolivia,BOL,1974,
Bolivia,BOL,1973,
Bolivia,BOL,1972,
Bolivia,BOL,1971,
Bolivia,BOL,1970,
Bolivia,BOL,1969,
Bolivia,BOL,1968,
Bolivia,BOL,1967,
Bolivia,BOL,1966,
Bolivia,BOL,1965,
Bolivia,BOL,1964,
Bolivia,BOL,1963,
Bolivia,BOL,1962,
Bolivia,BOL,1961,
Bolivia,BOL,1960,
Bosnia and Herzegovina,BIH,2025,
Bosnia and Herzegovina,BIH,2024,
Bosnia and Herzegovina,BIH,2023,772.88568115
Bosnia and Herzegovina,BIH,2022,667.29681396
Bosnia and Herzegovina,BIH,2021,697.07427979
Bosnia and Herzegovina,BIH,2020,594.8225708
Bosnia and Herzegovina,BIH,2019,546.4508667
Bosnia and Herzegovina,BIH,2018,529.85546875
Bosnia and Herzegovina,BIH,2017,471.32647705
Bosnia and Herzegovina,BIH,2016,450.44155884
Bosnia and Herzegovina,BIH,2015,430.83413696
Bosnia and Herzegovina,BIH,2014,493.07333374
Bosnia and Herzegovina,BIH,2013,475.07409668
Bosnia and Herzegovina,BIH,2012,444.93655396
Bosnia and Herzegovina,BIH,2011,456.96905518
Bosnia and Herzegovina,BIH,2010,406.13046265
Bosnia and Herzegovina,BIH,2009,409.29098511
Bosnia and Herzegovina,BIH,2008,459.29174805
Bosnia and Herzegovina,BIH,2007,363.86224365
Bosnia and Herzegovina,BIH,2006,281.26403809
Bosnia and Herzegovina,BIH,2005,241.64047241
Bosnia and Herzegovina,BIH,2004,222.27758789
Bosnia and Herzegovina,BIH,2003,168.42216492
Bosnia and Herzegovina,BIH,2002,118.87058258
Bosnia and Herzegovina,BIH,2001,105.10999298
Bosnia and Herzegovina,BIH,2000,106.5786972
Bosnia and Herzegovina,BIH,1999,
Bosnia and Herzegovina,BIH,1998,
Bosnia and Herzegovina,BIH,1997,
Bosnia and Herzegovina,BIH,1996,
Bosnia and Herzegovina,BIH,1995,
Bosnia and Herzegovina,BIH,1994,
Bosnia and Herzegovina,BIH,1993,
Bosnia and Herzegovina,BIH,1992,
Bosnia and Herzegovina,BIH,1991,
Bosnia and Herzegovina,BIH,1990,
Bosnia and Herzegovina,BIH,1989,
Bosnia and Herzegovina,BIH,1988,
Bosnia and Herzegovina,BIH,1987,
Bosnia and Herzegovina,BIH,1986,
Bosnia and Herzegovina,BIH,1985,
Bosnia and Herzegovina,BIH,1984,
Bosnia and Herzegovina,BIH,1983,
Bosnia and Herzegovina,BIH,1982,
Bosnia and Herzegovina,BIH,1981,
Bosnia and Herzegovina,BIH,1980,
Bosnia and Herzegovina,BIH,1979,
Bosnia and Herzegovina,BIH,1978,
Bosnia and Herzegovina,BIH,1977,
Bosnia and Herzegovina,BIH,1976,
Bosnia and Herzegovina,BIH,1975,
Bosnia and Herzegovina,BIH,1974,
Bosnia and Herzegovina,BIH,1973,
Bosnia and Herzegovina,BIH,1972,
Bosnia and Herzegovina,BIH,1971,
Bosnia and Herzegovina,BIH,1970,
Bosnia and Herzegovina,BIH,1969,
Bosnia and Herzegovina,BIH,1968,
Bosnia and Herzegovina,BIH,1967,
Bosnia and Herzegovina,BIH,1966,
Bosnia and Herzegovina,BIH,1965,
Bosnia and Herzegovina,BIH,1964,
Bosnia and Herzegovina,BIH,1963,
Bosnia and Herzegovina,BIH,1962,
Bosnia and Herzegovina,BIH,1961,
Bosnia and Herzegovina,BIH,1960,
Botswana,BWA,2025,
Botswana,BWA,2024,
Botswana,BWA,2023,489.59677124
Botswana,BWA,2022,477.77633667
Botswana,BWA,2021,492.14276123
Botswana,BWA,2020,386.28860474
Botswana,BWA,2019,438.28546143
Botswana,BWA,2018,447.4473877
Botswana,BWA,2017,471.05056763
Botswana,BWA,2016,389.3107605
Botswana,BWA,2015,374.79058838
Botswana,BWA,2014,418.82452393
Botswana,BWA,2013,433.29150391
Botswana,BWA,2012,418.82244873
Botswana,BWA,2011,427.70709229
Botswana,BWA,2010,389.55178833
Botswana,BWA,2009,336.53146362
Botswana,BWA,2008,324.54284668
Botswana,BWA,2007,305.22042847
Botswana,BWA,2006,258.01873779
Botswana,BWA,2005,281.38796997
Botswana,BWA,2004,297.2512207
Botswana,BWA,2003,269.58544922
Botswana,BWA,2002,206.11392212
Botswana,BWA,2001,203.01203918
Botswana,BWA,2000,206.93144226
Botswana,BWA,1999,
Botswana,BWA,1998,
Botswana,BWA,1997,
Botswana,BWA,1996,
Botswana,BWA,1995,
Botswana,BWA,1994,
Botswana,BWA,1993,
Botswana,BWA,1992,
Botswana,BWA,1991,
Botswana,BWA,1990,
Botswana,BWA,1989,
Botswana,BWA,1988,
Botswana,BWA,1987,
Botswana,BWA,1986,
Botswana,BWA,1985,
Botswana,BWA,1984,
Botswana,BWA,1983,
Botswana,BWA,1982,
Botswana,BWA,1981,
Botswana,BWA,1980,
Botswana,BWA,1979,
Botswana,BWA,1978,
Botswana,BWA,1977,
Botswana,BWA,1976,
Botswana,BWA,1975,
Botswana,BWA,1974,
Botswana,BWA,1973,
Botswana,BWA,1972,
Botswana,BWA,1971,
Botswana,BWA,1970,
Botswana,BWA,1969,
Botswana,BWA,1968,
Botswana,BWA,1967,
Botswana,BWA,1966,
Botswana,BWA,1965,
Botswana,BWA,1964,
Botswana,BWA,1963,
Botswana,BWA,1962,
Botswana,BWA,1961,
Botswana,BWA,1960,
Brazil,BRA,2025,
Brazil,BRA,2024,
Brazil,BRA,2023,1009.83563232
Brazil,BRA,2022,871.27526855
Brazil,BRA,2021,768.27075195
Brazil,BRA,2020,680.76843262
Brazil,BRA,2019,868.17248535
Brazil,BRA,2018,880.28430176
Brazil,BRA,2017,954.75012207
Brazil,BRA,2016,810.20037842
Brazil,BRA,2015,796.15252686
Brazil,BRA,2014,1030.66271973
Brazil,BRA,2013,993.79608154
Brazil,BRA,2012,968.7277832
Brazil,BRA,2011,1043.3548584
Brazil,BRA,2010,906.0098877
Brazil,BRA,2009,728.55639648
Brazil,BRA,2008,713.67193604
Brazil,BRA,2007,607.73022461
Brazil,BRA,2006,489.53884888
Brazil,BRA,2005,387.93121338
Brazil,BRA,2004,297.68243408
Brazil,BRA,2003,253.08970642
Brazil,BRA,2002,248.37753296
Brazil,BRA,2001,271.56121826
Brazil,BRA,2000,313.92590332
Brazil,BRA,1999,
Brazil,BRA,1998,
Brazil,BRA,1997,
Brazil,BRA,1996,
Brazil,BRA,1995,
Brazil,BRA,1994,
Brazil,BRA,1993,
Brazil,BRA,1992,
Brazil,BRA,1991,
Brazil,BRA,1990,
Brazil,BRA,1989,
Brazil,BRA,1988,
Brazil,BRA,1987,
Brazil,BRA,1986,
Brazil,BRA,1985,
Brazil,BRA,1984,
Brazil,BRA,1983,
Brazil,BRA,1982,
Brazil,BRA,1981,
Brazil,BRA,1980,
Brazil,BRA,1979,
Brazil,BRA,1978,
Brazil,BRA,1977,
Brazil,BRA,1976,
Brazil,BRA,1975,
Brazil,BRA,1974,
Brazil,BRA,1973,
Brazil,BRA,1972,
Brazil,BRA,1971,
Brazil,BRA,1970,
Brazil,BRA,1969,
Brazil,BRA,1968,
Brazil,BRA,1967,
Brazil,BRA,1966,
Brazil,BRA,1965,
Brazil,BRA,1964,
Brazil,BRA,1963,
Brazil,BRA,1962,
Brazil,BRA,1961,
Brazil,BRA,1960,
British Virgin Islands,VGB,2025,
British Virgin Islands,VGB,2024,
British Virgin Islands,VGB,2023,
British Virgin Islands,VGB,2022,
British Virgin Islands,VGB,2021,
British Virgin Islands,VGB,2020,
British Virgin Islands,VGB,2019,
British Virgin Islands,VGB,2018,
British Virgin Islands,VGB,2017,
British Virgin Islands,VGB,2016,
British Virgin Islands,VGB,2015,
British Virgin Islands,VGB,2014,
British Virgin Islands,VGB,2013,
British Virgin Islands,VGB,2012,
British Virgin Islands,VGB,2011,
British Virgin Islands,VGB,2010,
British Virgin Islands,VGB,2009,
British Virgin Islands,VGB,2008,
British Virgin Islands,VGB,2007,
British Virgin Islands,VGB,2006,
British Virgin Islands,VGB,2005,
British Virgin Islands,VGB,2004,
British Virgin Islands,VGB,2003,
British Virgin Islands,VGB,2002,
British Virgin Islands,VGB,2001,
British Virgin Islands,VGB,2000,
British Virgin Islands,VGB,1999,
British Virgin Islands,VGB,1998,
British Virgin Islands,VGB,1997,
British Virgin Islands,VGB,1996,
British Virgin Islands,VGB,1995,
British Virgin Islands,VGB,1994,
British Virgin Islands,VGB,1993,
British Virgin Islands,VGB,1992,
British Virgin Islands,VGB,1991,
British Virgin Islands,VGB,1990,
British Virgin Islands,VGB,1989,
British Virgin Islands,VGB,1988,
British Virgin Islands,VGB,1987,
British Virgin Islands,VGB,1986,
British Virgin Islands,VGB,1985,
British Virgin Islands,VGB,1984,
British Virgin Islands,VGB,1983,
British Virgin Islands,VGB,1982,
British Virgin Islands,VGB,1981,
British Virgin Islands,VGB,1980,
British Virgin Islands,VGB,1979,
British Virgin Islands,VGB,1978,
British Virgin Islands,VGB,1977,
British Virgin Islands,VGB,1976,
British Virgin Islands,VGB,1975,
British Virgin Islands,VGB,1974,
British Virgin Islands,VGB,1973,
British Virgin Islands,VGB,1972,
British Virgin Islands,VGB,1971,
British Virgin Islands,VGB,1970,
British Virgin Islands,VGB,1969,
British Virgin Islands,VGB,1968,
British Virgin Islands,VGB,1967,
British Virgin Islands,VGB,1966,
British Virgin Islands,VGB,1965,
British Virgin Islands,VGB,1964,
British Virgin Islands,VGB,1963,
British Virgin Islands,VGB,1962,
British Virgin Islands,VGB,1961,
British Virgin Islands,VGB,1960,
Brunei Darussalam,BRN,2025,
Brunei Darussalam,BRN,2024,
Brunei Darussalam,BRN,2023,733.00543213
Brunei Darussalam,BRN,2022,648.55499268
Brunei Darussalam,BRN,2021,665.87030029
Brunei Darussalam,BRN,2020,658.38983154
Brunei Darussalam,BRN,2019,678.81982422
Brunei Darussalam,BRN,2018,748.69073486
Brunei Darussalam,BRN,2017,636.22973633
Brunei Darussalam,BRN,2016,679.46929932
Brunei Darussalam,BRN,2015,731.04980469
Brunei Darussalam,BRN,2014,785.41210938
Brunei Darussalam,BRN,2013,835.32452393
Brunei Darussalam,BRN,2012,869.36553955
Brunei Darussalam,BRN,2011,864.63787842
Brunei Darussalam,BRN,2010,795.97766113
Brunei Darussalam,BRN,2009,739.28015137
Brunei Darussalam,BRN,2008,792.01367188
Brunei Darussalam,BRN,2007,710.42297363
Brunei Darussalam,BRN,2006,664.74499512
Brunei Darussalam,BRN,2005,657.31945801
Brunei Darussalam,BRN,2004,630.73266602
Brunei Darussalam,BRN,2003,545.55560303
Brunei Darussalam,BRN,2002,482.52624512
Brunei Darussalam,BRN,2001,474.11706543
Brunei Darussalam,BRN,2000,519.05047607
Brunei Darussalam,BRN,1999,
Brunei Darussalam,BRN,1998,
Brunei Darussalam,BRN,1997,
Brunei Darussalam,BRN,1996,
Brunei Darussalam,BRN,1995,
Brunei Darussalam,BRN,1994,
Brunei Darussalam,BRN,1993,
Brunei Darussalam,BRN,1992,
Brunei Darussalam,BRN,1991,
Brunei Darussalam,BRN,1990,
Brunei Darussalam,BRN,1989,
Brunei Darussalam,BRN,1988,
Brunei Darussalam,BRN,1987,
Brunei Darussalam,BRN,1986,
Brunei Darussalam,BRN,1985,
Brunei Darussalam,BRN,1984,
Brunei Darussalam,BRN,1983,
Brunei Darussalam,BRN,1982,
Brunei Darussalam,BRN,1981,
Brunei Darussalam,BRN,1980,
Brunei Darussalam,BRN,1979,
Brunei Darussalam,BRN,1978,
Brunei Darussalam,BRN,1977,
Brunei Darussalam,BRN,1976,
Brunei Darussalam,BRN,1975,
Brunei Darussalam,BRN,1974,
Brunei Darussalam,BRN,1973,
Brunei Darussalam,BRN,1972,
Brunei Darussalam,BRN,1971,
Brunei Darussalam,BRN,1970,
Brunei Darussalam,BRN,1969,
Brunei Darussalam,BRN,1968,
Brunei Darussalam,BRN,1967,
Brunei Darussalam,BRN,1966,
Brunei Darussalam,BRN,1965,
Brunei Darussalam,BRN,1964,
Brunei Darussalam,BRN,1963,
Brunei Darussalam,BRN,1962,
Brunei Darussalam,BRN,1961,
Brunei Darussalam,BRN,1960,
Bulgaria,BGR,2025,
Bulgaria,BGR,2024,
Bulgaria,BGR,2023,1257.87597656
Bulgaria,BGR,2022,1066.69189453
Bulgaria,BGR,2021,1109.10290527
Bulgaria,BGR,2020,906.54833984
Bulgaria,BGR,2019,733.06878662
Bulgaria,BGR,2018,719.78033447
Bulgaria,BGR,2017,647.56402588
Bulgaria,BGR,2016,579.76715088
Bulgaria,BGR,2015,534.21466064
Bulgaria,BGR,2014,616.16296387
Bulgaria,BGR,2013,553.68725586
Bulgaria,BGR,2012,558.64794922
Bulgaria,BGR,2011,555.86419678
Bulgaria,BGR,2010,484.75228882
Bulgaria,BGR,2009,459.30020142
Bulgaria,BGR,2008,455.54058838
Bulgaria,BGR,2007,361.23498535
Bulgaria,BGR,2006,294.10891724
Bulgaria,BGR,2005,267.74139404
Bulgaria,BGR,2004,233.11332703
Bulgaria,BGR,2003,195.74369812
Bulgaria,BGR,2002,148.1479187
Bulgaria,BGR,2001,119.82997894
Bulgaria,BGR,2000,94.51976013
Bulgaria,BGR,1999,
Bulgaria,BGR,1998,
Bulgaria,BGR,1997,
Bulgaria,BGR,1996,
Bulgaria,BGR,1995,
Bulgaria,BGR,1994,
Bulgaria,BGR,1993,
Bulgaria,BGR,1992,
Bulgaria,BGR,1991,
Bulgaria,BGR,1990,
Bulgaria,BGR,1989,
Bulgaria,BGR,1988,
Bulgaria,BGR,1987,
Bulgaria,BGR,1986,
Bulgaria,BGR,1985,
Bulgaria,BGR,1984,
Bulgaria,BGR,1983,
Bulgaria,BGR,1982,
Bulgaria,BGR,1981,
Bulgaria,BGR,1980,
Bulgaria,BGR,1979,
Bulgaria,BGR,1978,
Bulgaria,BGR,1977,
Bulgaria,BGR,1976,
Bulgaria,BGR,1975,
Bulgaria,BGR,1974,
Bulgaria,BGR,1973,
Bulgaria,BGR,1972,
Bulgaria,BGR,1971,
Bulgaria,BGR,1970,
Bulgaria,BGR,1969,
Bulgaria,BGR,1968,
Bulgaria,BGR,1967,
Bulgaria,BGR,1966,
Bulgaria,BGR,1965,
Bulgaria,BGR,1964,
Bulgaria,BGR,1963,
Bulgaria,BGR,1962,
Bulgaria,BGR,1961,
Bulgaria,BGR,1960,
Burkina Faso,BFA,2025,
Burkina Faso,BFA,2024,
Burkina Faso,BFA,2023,71.73455048
Burkina Faso,BFA,2022,64.38339996
Burkina Faso,BFA,2021,63.59171295
Burkina Faso,BFA,2020,57.17589188
Burkina Faso,BFA,2019,41.06895828
Burkina Faso,BFA,2018,38.48573303
Burkina Faso,BFA,2017,43.37775803
Burkina Faso,BFA,2016,39.50990677
Burkina Faso,BFA,2015,32.3375206
Burkina Faso,BFA,2014,38.24516678
Burkina Faso,BFA,2013,42.26796341
Burkina Faso,BFA,2012,33.66717529
Burkina Faso,BFA,2011,33.70409393
Burkina Faso,BFA,2010,33.05819321
Burkina Faso,BFA,2009,31.26260567
Burkina Faso,BFA,2008,30.76880074
Burkina Faso,BFA,2007,29.72483063
Burkina Faso,BFA,2006,23.55202866
Burkina Faso,BFA,2005,21.34285545
Burkina Faso,BFA,2004,21.12279129
Burkina Faso,BFA,2003,16.02656555
Burkina Faso,BFA,2002,11.93992615
Burkina Faso,BFA,2001,10.27519512
Burkina Faso,BFA,2000,10.00902748
Burkina Faso,BFA,1999,
Burkina Faso,BFA,1998,
Burkina Faso,BFA,1997,
Burkina Faso,BFA,1996,
Burkina Faso,BFA,1995,
Burkina Faso,BFA,1994,
Burkina Faso,BFA,1993,
Burkina Faso,BFA,1992,
Burkina Faso,BFA,1991,
Burkina Faso,BFA,1990,
Burkina Faso,BFA,1989,
Burkina Faso,BFA,1988,
Burkina Faso,BFA,1987,
Burkina Faso,BFA,1986,
Burkina Faso,BFA,1985,
Burkina Faso,BFA,1984,
Burkina Faso,BFA,1983,
Burkina Faso,BFA,1982,
Burkina Faso,BFA,1981,
Burkina Faso,BFA,1980,
Burkina Faso,BFA,1979,
Burkina Faso,BFA,1978,
Burkina Faso,BFA,1977,
Burkina Faso,BFA,1976,
Burkina Faso,BFA,1975,
Burkina Faso,BFA,1974,
Burkina Faso,BFA,1973,
Burkina Faso,BFA,1972,
Burkina Faso,BFA,1971,
Burkina Faso,BFA,1970,
Burkina Faso,BFA,1969,
Burkina Faso,BFA,1968,
Burkina Faso,BFA,1967,
Burkina Faso,BFA,1966,
Burkina Faso,BFA,1965,
Burkina Faso,BFA,1964,
Burkina Faso,BFA,1963,
Burkina Faso,BFA,1962,
Burkina Faso,BFA,1961,
Burkina Faso,BFA,1960,
Burundi,BDI,2025,
Burundi,BDI,2024,
Burundi,BDI,2023,28.14028931
Burundi,BDI,2022,25.52155113
Burundi,BDI,2021,23.11420059
Burundi,BDI,2020,26.21934319
Burundi,BDI,2019,22.2435379
Burundi,BDI,2018,18.67819214
Burundi,BDI,2017,19.16676521
Burundi,BDI,2016,18.59472847
Burundi,BDI,2015,17.67629051
Burundi,BDI,2014,18.06601143
Burundi,BDI,2013,20.26322556
Burundi,BDI,2012,20.01195908
Burundi,BDI,2011,23.16802216
Burundi,BDI,2010,24.45114708
Burundi,BDI,2009,18.31996346
Burundi,BDI,2008,14.67025566
Burundi,BDI,2007,15.26294613
Burundi,BDI,2006,14.10514736
Burundi,BDI,2005,11.13118172
Burundi,BDI,2004,8.88248062
Burundi,BDI,2003,5.87316799
Burundi,BDI,2002,6.46998882
Burundi,BDI,2001,7.50815582
Burundi,BDI,2000,5.67927122
Burundi,BDI,1999,
Burundi,BDI,1998,
Burundi,BDI,1997,
Burundi,BDI,1996,
Burundi,BDI,1995,
Burundi,BDI,1994,
Burundi,BDI,1993,
Burundi,BDI,1992,
Burundi,BDI,1991,
Burundi,BDI,1990,
Burundi,BDI,1989,
Burundi,BDI,1988,
Burundi,BDI,1987,
Burundi,BDI,1986,
Burundi,BDI,1985,
Burundi,BDI,1984,
Burundi,BDI,1983,
Burundi,BDI,1982,
Burundi,BDI,1981,
Burundi,BDI,1980,
Burundi,BDI,1979,
Burundi,BDI,1978,
Burundi,BDI,1977,
Burundi,BDI,1976,
Burundi,BDI,1975,
Burundi,BDI,1974,
Burundi,BDI,1973,
Burundi,BDI,1972,
Burundi,BDI,1971,
Burundi,BDI,1970,
Burundi,BDI,1969,
Burundi,BDI,1968,
Burundi,BDI,1967,
Burundi,BDI,1966,
Burundi,BDI,1965,
Burundi,BDI,1964,
Burundi,BDI,1963,
Burundi,BDI,1962,
Burundi,BDI,1961,
Burundi,BDI,1960,
Cabo Verde,CPV,2025,
Cabo Verde,CPV,2024,
Cabo Verde,CPV,2023,290.12619019
Cabo Verde,CPV,2022,297.08233643
Cabo Verde,CPV,2021,262.42272949
Cabo Verde,CPV,2020,249.71989441
Cabo Verde,CPV,2019,211.24963379
Cabo Verde,CPV,2018,205.5345459
Cabo Verde,CPV,2017,174.43547058
Cabo Verde,CPV,2016,157.39906311
Cabo Verde,CPV,2015,150.28823853
Cabo Verde,CPV,2014,193.39482117
Cabo Verde,CPV,2013,191.1048584
Cabo Verde,CPV,2012,174.66062927
Cabo Verde,CPV,2011,157.08999634
Cabo Verde,CPV,2010,146.07247925
Cabo Verde,CPV,2009,130.23704529
Cabo Verde,CPV,2008,127.79390717
Cabo Verde,CPV,2007,127.73626709
Cabo Verde,CPV,2006,113.13097382
Cabo Verde,CPV,2005,96.08917999
Cabo Verde,CPV,2004,93.43228912
Cabo Verde,CPV,2003,84.6628952
Cabo Verde,CPV,2002,69.12203979
Cabo Verde,CPV,2001,63.55782318
Cabo Verde,CPV,2000,59.54011154
Cabo Verde,CPV,1999,
Cabo Verde,CPV,1998,
Cabo Verde,CPV,1997,
Cabo Verde,CPV,1996,
Cabo Verde,CPV,1995,
Cabo Verde,CPV,1994,
Cabo Verde,CPV,1993,
Cabo Verde,CPV,1992,
Cabo Verde,CPV,1991,
Cabo Verde,CPV,1990,
Cabo Verde,CPV,1989,
Cabo Verde,CPV,1988,
Cabo Verde,CPV,1987,
Cabo Verde,CPV,1986,
Cabo Verde,CPV,1985,
Cabo Verde,CPV,1984,
Cabo Verde,CPV,1983,
Cabo Verde,CPV,1982,
Cabo Verde,CPV,1981,
Cabo Verde,CPV,1980,
Cabo Verde,CPV,1979,
Cabo Verde,CPV,1978,
Cabo Verde,CPV,1977,
Cabo Verde,CPV,1976,
Cabo Verde,CPV,1975,
Cabo Verde,CPV,1974,
Cabo Verde,CPV,1973,
Cabo Verde,CPV,1972,
Cabo Verde,CPV,1971,
Cabo Verde,CPV,1970,
Cabo Verde,CPV,1969,
Cabo Verde,CPV,1968,
Cabo Verde,CPV,1967,
Cabo Verde,CPV,1966,
Cabo Verde,CPV,1965,
Cabo Verde,CPV,1964,
Cabo Verde,CPV,1963,
Cabo Verde,CPV,1962,
Cabo Verde,CPV,1961,
Cabo Verde,CPV,1960,
Cambodia,KHM,2025,
Cambodia,KHM,2024,
Cambodia,KHM,2023,114.56295776
Cambodia,KHM,2022,103.89541626
Cambodia,KHM,2021,137.38909912
Cambodia,KHM,2020,106.79976654
Cambodia,KHM,2019,112.5851059
Cambodia,KHM,2018,91.59080505
Cambodia,KHM,2017,77.97311401
Cambodia,KHM,2016,75.22520447
Cambodia,KHM,2015,70.23264313
Cambodia,KHM,2014,63.1011467
Cambodia,KHM,2013,65.39577484
Cambodia,KHM,2012,68.90019989
Cambodia,KHM,2011,65.3871994
Cambodia,KHM,2010,53.58575439
Cambodia,KHM,2009,55.25073624
Cambodia,KHM,2008,48.62422562
Cambodia,KHM,2007,32.39221573
Cambodia,KHM,2006,32.84370041
Cambodia,KHM,2005,32.33660507
Cambodia,KHM,2004,28.80763817
Cambodia,KHM,2003,25.00667191
Cambodia,KHM,2002,24.25898743
Cambodia,KHM,2001,22.18333626
Cambodia,KHM,2000,19.27847862
Cambodia,KHM,1999,
Cambodia,KHM,1998,
Cambodia,KHM,1997,
Cambodia,KHM,1996,
Cambodia,KHM,1995,
Cambodia,KHM,1994,
Cambodia,KHM,1993,
Cambodia,KHM,1992,
Cambodia,KHM,1991,
Cambodia,KHM,1990,
Cambodia,KHM,1989,
Cambodia,KHM,1988,
Cambodia,KHM,1987,
Cambodia,KHM,1986,
Cambodia,KHM,1985,
Cambodia,KHM,1984,
Cambodia,KHM,1983,
Cambodia,KHM,1982,
Cambodia,KHM,1981,
Cambodia,KHM,1980,
Cambodia,KHM,1979,
Cambodia,KHM,1978,
Cambodia,KHM,1977,
Cambodia,KHM,1976,
Cambodia,KHM,1975,
Cambodia,KHM,1974,
Cambodia,KHM,1973,
Cambodia,KHM,1972,
Cambodia,KHM,1971,
Cambodia,KHM,1970,
Cambodia,KHM,1969,
Cambodia,KHM,1968,
Cambodia,KHM,1967,
Cambodia,KHM,1966,
Cambodia,KHM,1965,
Cambodia,KHM,1964,
Cambodia,KHM,1963,
Cambodia,KHM,1962,
Cambodia,KHM,1961,
Cambodia,KHM,1960,
Cameroon,CMR,2025,
Cameroon,CMR,2024,
Cameroon,CMR,2023,79.09996796
Cameroon,CMR,2022,72.12950897
Cameroon,CMR,2021,72.59731293
Cameroon,CMR,2020,66.17185211
Cameroon,CMR,2019,56.79493713
Cameroon,CMR,2018,58.32909393
Cameroon,CMR,2017,56.7457695
Cameroon,CMR,2016,57.99372482
Cameroon,CMR,2015,58.38298035
Cameroon,CMR,2014,71.61038208
Cameroon,CMR,2013,57.22771454
Cameroon,CMR,2012,56.96441269
Cameroon,CMR,2011,58.33031845
Cameroon,CMR,2010,50.03335571
Cameroon,CMR,2009,51.14823914
Cameroon,CMR,2008,54.58909225
Cameroon,CMR,2007,50.30911255
Cameroon,CMR,2006,44.52022934
Cameroon,CMR,2005,43.10830688
Cameroon,CMR,2004,42.25278473
Cameroon,CMR,2003,38.56394196
Cameroon,CMR,2002,31.79577446
Cameroon,CMR,2001,29.82297325
Cameroon,CMR,2000,30.438097
Cameroon,CMR,1999,
Cameroon,CMR,1998,
Cameroon,CMR,1997,
Cameroon,CMR,1996,
Cameroon,CMR,1995,
Cameroon,CMR,1994,
Cameroon,CMR,1993,
Cameroon,CMR,1992,
Cameroon,CMR,1991,
Cameroon,CMR,1990,
Cameroon,CMR,1989,
Cameroon,CMR,1988,
Cameroon,CMR,1987,
Cameroon,CMR,1986,
Cameroon,CMR,1985,
Cameroon,CMR,1984,
Cameroon,CMR,1983,
Cameroon,CMR,1982,
Cameroon,CMR,1981,
Cameroon,CMR,1980,
Cameroon,CMR,1979,
Cameroon,CMR,1978,
Cameroon,CMR,1977,
Cameroon,CMR,1976,
Cameroon,CMR,1975,
Cameroon,CMR,1974,
Cameroon,CMR,1973,
Cameroon,CMR,1972,
Cameroon,CMR,1971,
Cameroon,CMR,1970,
Cameroon,CMR,1969,
Cameroon,CMR,1968,
Cameroon,CMR,1967,
Cameroon,CMR,1966,
Cameroon,CMR,1965,
Cameroon,CMR,1964,
Cameroon,CMR,1963,
Cameroon,CMR,1962,
Cameroon,CMR,1961,
Cameroon,CMR,1960,
Canada,CAN,2025,
Canada,CAN,2024,6377.96875
Canada,CAN,2023,6186.65234375
Canada,CAN,2022,6252.34033203
Canada,CAN,2021,6511.46972656
Canada,CAN,2020,5646.19433594
Canada,CAN,2019,5098.88720703
Canada,CAN,2018,5052.90185547
Canada,CAN,2017,4894.7734375
Canada,CAN,2016,4647.14892578
Canada,CAN,2015,4658.83789063
Canada,CAN,2014,5209.93164063
Canada,CAN,2013,5460.03173828
Canada,CAN,2012,5518.5703125
Canada,CAN,2011,5399.98779297
Canada,CAN,2010,5060.88818359
Canada,CAN,2009,4355.83056641
Canada,CAN,2008,4454.11621094
Canada,CAN,2007,4187.87255859
Canada,CAN,2006,3758.35961914
Canada,CAN,2005,3268.46850586
Canada,CAN,2004,2896.19335938
Canada,CAN,2003,2534.86474609
Canada,CAN,2002,2134.84960938
Canada,CAN,2001,2041.87512207
Canada,CAN,2000,1988.15942383
Canada,CAN,1999,
Canada,CAN,1998,
Canada,CAN,1997,
Canada,CAN,1996,
Canada,CAN,1995,
Canada,CAN,1994,
Canada,CAN,1993,
Canada,CAN,1992,
Canada,CAN,1991,
Canada,CAN,1990,
Canada,CAN,1989,
Canada,CAN,1988,
Canada,CAN,1987,
Canada,CAN,1986,
Canada,CAN,1985,
Canada,CAN,1984,
Canada,CAN,1983,
Canada,CAN,1982,
Canada,CAN,1981,
Canada,CAN,1980,
Canada,CAN,1979,
Canada,CAN,1978,
Canada,CAN,1977,
Canada,CAN,1976,
Canada,CAN,1975,
Canada,CAN,1974,
Canada,CAN,1973,
Canada,CAN,1972,
Canada,CAN,1971,
Canada,CAN,1970,
Canada,CAN,1969,
Canada,CAN,1968,
Canada,CAN,1967,
Canada,CAN,1966,
Canada,CAN,1965,
Canada,CAN,1964,
Canada,CAN,1963,
Canada,CAN,1962,
Canada,CAN,1961,
Canada,CAN,1960,
Cayman Islands,CYM,2025,
Cayman Islands,CYM,2024,
Cayman Islands,CYM,2023,
Cayman Islands,CYM,2022,
Cayman Islands,CYM,2021,
Cayman Islands,CYM,2020,
Cayman Islands,CYM,2019,
Cayman Islands,CYM,2018,
Cayman Islands,CYM,2017,
Cayman Islands,CYM,2016,
Cayman Islands,CYM,2015,
Cayman Islands,CYM,2014,
Cayman Islands,CYM,2013,
Cayman Islands,CYM,2012,
Cayman Islands,CYM,2011,
Cayman Islands,CYM,2010,
Cayman Islands,CYM,2009,
Cayman Islands,CYM,2008,
Cayman Islands,CYM,2007,
Cayman Islands,CYM,2006,
Cayman Islands,CYM,2005,
Cayman Islands,CYM,2004,
Cayman Islands,CYM,2003,
Cayman Islands,CYM,2002,
Cayman Islands,CYM,2001,
Cayman Islands,CYM,2000,
Cayman Islands,CYM,1999,
Cayman Islands,CYM,1998,
Cayman Islands,CYM,1997,
Cayman Islands,CYM,1996,
Cayman Islands,CYM,1995,
Cayman Islands,CYM,1994,
Cayman Islands,CYM,1993,
Cayman Islands,CYM,1992,
Cayman Islands,CYM,1991,
Cayman Islands,CYM,1990,
Cayman Islands,CYM,1989,
Cayman Islands,CYM,1988,
Cayman Islands,CYM,1987,
Cayman Islands,CYM,1986,
Cayman Islands,CYM,1985,
Cayman Islands,CYM,1984,
Cayman Islands,CYM,1983,
Cayman Islands,CYM,1982,
Cayman Islands,CYM,1981,
Cayman Islands,CYM,1980,
Cayman Islands,CYM,1979,
Cayman Islands,CYM,1978,
Cayman Islands,CYM,1977,
Cayman Islands,CYM,1976,
Cayman Islands,CYM,1975,
Cayman Islands,CYM,1974,
Cayman Islands,CYM,1973,
Cayman Islands,CYM,1972,
Cayman Islands,CYM,1971,
Cayman Islands,CYM,1970,
Cayman Islands,CYM,1969,
Cayman Islands,CYM,1968,
Cayman Islands,CYM,1967,
Cayman Islands,CYM,1966,
Cayman Islands,CYM,1965,
Cayman Islands,CYM,1964,
Cayman Islands,CYM,1963,
Cayman Islands,CYM,1962,
Cayman Islands,CYM,1961,
Cayman Islands,CYM,1960,
Central African Republic,CAF,2025,
Central African Republic,CAF,2024,
Central African Republic,CAF,2023,53.81136703
Central African Republic,CAF,2022,47.91523361
Central African Republic,CAF,2021,46.25038147
Central African Republic,CAF,2020,42.63476563
Central African Republic,CAF,2019,35.76099014
Central African Republic,CAF,2018,51.3541069
Central African Republic,CAF,2017,28.81619644
Central African Republic,CAF,2016,21.07796097
Central African Republic,CAF,2015,18.44194221
Central African Republic,CAF,2014,18.7120266
Central African Republic,CAF,2013,17.36794472
Central African Republic,CAF,2012,21.33021736
Central African Republic,CAF,2011,19.62990761
Central African Republic,CAF,2010,17.01008034
Central African Republic,CAF,2009,21.37773895
Central African Republic,CAF,2008,18.02888489
Central African Republic,CAF,2007,18.24629021
Central African Republic,CAF,2006,15.15495491
Central African Republic,CAF,2005,13.93517494
Central African Republic,CAF,2004,12.96809387
Central African Republic,CAF,2003,12.15000153
Central African Republic,CAF,2002,10.44132614
Central African Republic,CAF,2001,9.20995235
Central African Republic,CAF,2000,9.9123354
Central African Republic,CAF,1999,
Central African Republic,CAF,1998,
Central African Republic,CAF,1997,
Central African Republic,CAF,1996,
Central African Republic,CAF,1995,
Central African Republic,CAF,1994,
Central African Republic,CAF,1993,
Central African Republic,CAF,1992,
Central African Republic,CAF,1991,
Central African Republic,CAF,1990,
Central African Republic,CAF,1989,
Central African Republic,CAF,1988,
Central African Republic,CAF,1987,
Central African Republic,CAF,1986,
Central African Republic,CAF,1985,
Central African Republic,CAF,1984,
Central African Republic,CAF,1983,
Central African Republic,CAF,1982,
Central African Republic,CAF,1981,
Central African Republic,CAF,1980,
Central African Republic,CAF,1979,
Central African Republic,CAF,1978,
Central African Republic,CAF,1977,
Central African Republic,CAF,1976,
Central African Republic,CAF,1975,
Central African Republic,CAF,1974,
Central African Republic,CAF,1973,
Central African Republic,CAF,1972,
Central African Republic,CAF,1971,
Central African Republic,CAF,1970,
Central African Republic,CAF,1969,
Central African Republic,CAF,1968,
Central African Republic,CAF,1967,
Central African Republic,CAF,1966,
Central African Republic,CAF,1965,
Central African Republic,CAF,1964,
Central African Republic,CAF,1963,
Central African Republic,CAF,1962,
Central African Republic,CAF,1961,
Central African Republic,CAF,1960,
Chad,TCD,2025,
Chad,TCD,2024,
Chad,TCD,2023,47.43893051
Chad,TCD,2022,40.17007446
Chad,TCD,2021,37.59156799
Chad,TCD,2020,37.73088074
Chad,TCD,2019,30.23690224
Chad,TCD,2018,31.2043705
Chad,TCD,2017,29.9935894
Chad,TCD,2016,31.96038055
Chad,TCD,2015,33.82092285
Chad,TCD,2014,42.16276169
Chad,TCD,2013,38.59413528
Chad,TCD,2012,36.20247269
Chad,TCD,2011,37.35868073
Chad,TCD,2010,35.26005936
Chad,TCD,2009,34.82435226
Chad,TCD,2008,36.89921951
Chad,TCD,2007,34.0423584
Chad,TCD,2006,33.8651123
Chad,TCD,2005,31.27608871
Chad,TCD,2004,27.74994278
Chad,TCD,2003,18.0202446
Chad,TCD,2002,18.01737785
Chad,TCD,2001,11.64042854
Chad,TCD,2000,10.07452297
Chad,TCD,1999,
Chad,TCD,1998,
Chad,TCD,1997,
Chad,TCD,1996,
Chad,TCD,1995,
Chad,TCD,1994,
Chad,TCD,1993,
Chad,TCD,1992,
Chad,TCD,1991,
Chad,TCD,1990,
Chad,TCD,1989,
Chad,TCD,1988,
Chad,TCD,1987,
Chad,TCD,1986,
Chad,TCD,1985,
Chad,TCD,1984,
Chad,TCD,1983,
Chad,TCD,1982,
Chad,TCD,1981,
Chad,TCD,1980,
Chad,TCD,1979,
Chad,TCD,1978,
Chad,TCD,1977,
Chad,TCD,1976,
Chad,TCD,1975,
Chad,TCD,1974,
Chad,TCD,1973,
Chad,TCD,1972,
Chad,TCD,1971,
Chad,TCD,1970,
Chad,TCD,1969,
Chad,TCD,1968,
Chad,TCD,1967,
Chad,TCD,1966,
Chad,TCD,1965,
Chad,TCD,1964,
Chad,TCD,1963,
Chad,TCD,1962,
Chad,TCD,1961,
Chad,TCD,1960,
Channel Islands,CHI,2025,
Channel Islands,CHI,2024,
Channel Islands,CHI,2023,
Channel Islands,CHI,2022,
Channel Islands,CHI,2021,
Channel Islands,CHI,2020,
Channel Islands,CHI,2019,
Channel Islands,CHI,2018,
Channel Islands,CHI,2017,
Channel Islands,CHI,2016,
Channel Islands,CHI,2015,
Channel Islands,CHI,2014,
Channel Islands,CHI,2013,
Channel Islands,CHI,2012,
Channel Islands,CHI,2011,
Channel Islands,CHI,2010,
Channel Islands,CHI,2009,
Channel Islands,CHI,2008,
Channel Islands,CHI,2007,
Channel Islands,CHI,2006,
Channel Islands,CHI,2005,
Channel Islands,CHI,2004,
Channel Islands,CHI,2003,
Channel Islands,CHI,2002,
Channel Islands,CHI,2001,
Channel Islands,CHI,2000,
Channel Islands,CHI,1999,
Channel Islands,CHI,1998,
Channel Islands,CHI,1997,
Channel Islands,CHI,1996,
Channel Islands,CHI,1995,
Channel Islands,CHI,1994,
Channel Islands,CHI,1993,
Channel Islands,CHI,1992,
Channel Islands,CHI,1991,
Channel Islands,CHI,1990,
Channel Islands,CHI,1989,
Channel Islands,CHI,1988,
Channel Islands,CHI,1987,
Channel Islands,CHI,1986,
Channel Islands,CHI,1985,
Channel Islands,CHI,1984,
Channel Islands,CHI,1983,
Channel Islands,CHI,1982,
Channel Islands,CHI,1981,
Channel Islands,CHI,1980,
Channel Islands,CHI,1979,
Channel Islands,CHI,1978,
Channel Islands,CHI,1977,
Channel Islands,CHI,1976,
Channel Islands,CHI,1975,
Channel Islands,CHI,1974,
Channel Islands,CHI,1973,
Channel Islands,CHI,1972,
Channel Islands,CHI,1971,
Channel Islands,CHI,1970,
Channel Islands,CHI,1969,
Channel Islands,CHI,1968,
Channel Islands,CHI,1967,
Channel Islands,CHI,1966,
Channel Islands,CHI,1965,
Channel Islands,CHI,1964,
Channel Islands,CHI,1963,
Channel Islands,CHI,1962,
Channel Islands,CHI,1961,
Channel Islands,CHI,1960,
Chile,CHL,2025,
Chile,CHL,2024,1759.70605469
Chile,CHL,2023,1736.52038574
Chile,CHL,2022,1541.37927246
Chile,CHL,2021,1576.69287109
Chile,CHL,2020,1270.97814941
Chile,CHL,2019,1348.99401855
Chile,CHL,2018,1430.70263672
Chile,CHL,2017,1353.69274902
Chile,CHL,2016,1167.89306641
Chile,CHL,2015,1122.13378906
Chile,CHL,2014,1138.66113281
Chile,CHL,2013,1171.77038574
Chile,CHL,2012,1070.51293945
Chile,CHL,2011,984.4486084
Chile,CHL,2010,861.72436523
Chile,CHL,2009,730.63336182
Chile,CHL,2008,719.07501221
Chile,CHL,2007,643.05963135
Chile,CHL,2006,565.8493042
Chile,CHL,2005,495.56002808
Chile,CHL,2004,422.96481323
Chile,CHL,2003,346.1635437
Chile,CHL,2002,319.53222656
Chile,CHL,2001,323.63336182
Chile,CHL,2000,353.25033569
Chile,CHL,1999,
Chile,CHL,1998,
Chile,CHL,1997,
Chile,CHL,1996,
Chile,CHL,1995,
Chile,CHL,1994,
Chile,CHL,1993,
Chile,CHL,1992,
Chile,CHL,1991,
Chile,CHL,1990,
Chile,CHL,1989,
Chile,CHL,1988,
Chile,CHL,1987,
Chile,CHL,1986,
Chile,CHL,1985,
Chile,CHL,1984,
Chile,CHL,1983,
Chile,CHL,1982,
Chile,CHL,1981,
Chile,CHL,1980,
Chile,CHL,1979,
Chile,CHL,1978,
Chile,CHL,1977,
Chile,CHL,1976,
Chile,CHL,1975,
Chile,CHL,1974,
Chile,CHL,1973,
Chile,CHL,1972,
Chile,CHL,1971,
Chile,CHL,1970,
Chile,CHL,1969,
Chile,CHL,1968,
Chile,CHL,1967,
Chile,CHL,1966,
Chile,CHL,1965,
Chile,CHL,1964,
Chile,CHL,1963,
Chile,CHL,1962,
Chile,CHL,1961,
Chile,CHL,1960,
China,CHN,2025,
China,CHN,2024,
China,CHN,2023,763.37762451
China,CHN,2022,755.43597412
China,CHN,2021,670.25897217
China,CHN,2020,582.95092773
China,CHN,2019,538.99157715
China,CHN,2018,504.10980225
China,CHN,2017,439.94006348
China,CHN,2016,398.17489624
China,CHN,2015,393.09768677
China,CHN,2014,362.28695679
China,CHN,2013,329.08572388
China,CHN,2012,284.69760132
China,CHN,2011,239.19824219
China,CHN,2010,188.87156677
China,CHN,2009,164.87619019
China,CHN,2008,133.83999634
China,CHN,2007,98.5569458
China,CHN,2006,82.48256683
China,CHN,2005,73.00266266
China,CHN,2004,64.28150177
China,CHN,2003,56.54468155
China,CHN,2002,49.92394638
China,CHN,2001,44.36042023
China,CHN,2000,42.80797577
China,CHN,1999,
China,CHN,1998,
China,CHN,1997,
China,CHN,1996,
China,CHN,1995,
China,CHN,1994,
China,CHN,1993,
China,CHN,1992,
China,CHN,1991,
China,CHN,1990,
China,CHN,1989,
China,CHN,1988,
China,CHN,1987,
China,CHN,1986,
China,CHN,1985,
China,CHN,1984,
China,CHN,1983,
China,CHN,1982,
China,CHN,1981,
China,CHN,1980,
China,CHN,1979,
China,CHN,1978,
China,CHN,1977,
China,CHN,1976,
China,CHN,1975,
China,CHN,1974,
China,CHN,1973,
China,CHN,1972,
China,CHN,1971,
China,CHN,1970,
China,CHN,1969,
China,CHN,1968,
China,CHN,1967,
China,CHN,1966,
China,CHN,1965,
China,CHN,1964,
China,CHN,1963,
China,CHN,1962,
China,CHN,1961,
China,CHN,1960,
Colombia,COL,2025,
Colombia,COL,2024,644.30908203
Colombia,COL,2023,571.15496826
Colombia,COL,2022,507.07064819
Colombia,COL,2021,568.84130859
Colombia,COL,2020,464.41998291
Colombia,COL,2019,507.06231689
Colombia,COL,2018,526.11828613
Colombia,COL,2017,497.54016113
Colombia,COL,2016,448.84588623
Colombia,COL,2015,470.099823
Colombia,COL,2014,588.29449463
Colombia,COL,2013,580.96453857
Colombia,COL,2012,547.00732422
Colombia,COL,2011,501.84420776
Colombia,COL,2010,452.44281006
Colombia,COL,2009,383.91674805
Colombia,COL,2008,379.16812134
Colombia,COL,2007,309.61691284
Colombia,COL,2006,240.10488892
Colombia,COL,2005,209.68319702
Colombia,COL,2004,159.61109924
Colombia,COL,2003,129.71965027
Colombia,COL,2002,132.18363953
Colombia,COL,2001,138.47569275
Colombia,COL,2000,134.71453857
Colombia,COL,1999,
Colombia,COL,1998,
Colombia,COL,1997,
Colombia,COL,1996,
Colombia,COL,1995,
Colombia,COL,1994,
Colombia,COL,1993,
Colombia,COL,1992,
Colombia,COL,1991,
Colombia,COL,1990,
Colombia,COL,1989,
Colombia,COL,1988,
Colombia,COL,1987,
Colombia,COL,1986,
Colombia,COL,1985,
Colombia,COL,1984,
Colombia,COL,1983,
Colombia,COL,1982,
Colombia,COL,1981,
Colombia,COL,1980,
Colombia,COL,1979,
Colombia,COL,1978,
Colombia,COL,1977,
Colombia,COL,1976,
Colombia,COL,1975,
Colombia,COL,1974,
Colombia,COL,1973,
Colombia,COL,1972,
Colombia,COL,1971,
Colombia,COL,1970,
Colombia,COL,1969,
Colombia,COL,1968,
Colombia,COL,1967,
Colombia,COL,1966,
Colombia,COL,1965,
Colombia,COL,1964,
Colombia,COL,1963,
Colombia,COL,1962,
Colombia,COL,1961,
Colombia,COL,1960,
Comoros,COM,2025,
Comoros,COM,2024,
Comoros,COM,2023,102.23101807
Comoros,COM,2022,124.14363861
Comoros,COM,2021,100.50016785
Comoros,COM,2020,89.67817688
Comoros,COM,2019,78.23674774
Comoros,COM,2018,74.89152527
Comoros,COM,2017,75.01337433
Comoros,COM,2016,63.53099442
Comoros,COM,2015,61.16300201
Comoros,COM,2014,84.63935852
Comoros,COM,2013,81.81765747
Comoros,COM,2012,77.10220337
Comoros,COM,2011,81.19863892
Comoros,COM,2010,69.21523285
Comoros,COM,2009,69.4848938
Comoros,COM,2008,73.75498962
Comoros,COM,2007,69.87202454
Comoros,COM,2006,65.72916412
Comoros,COM,2005,67.80059814
Comoros,COM,2004,70.61806488
Comoros,COM,2003,63.91786194
Comoros,COM,2002,51.12159729
Comoros,COM,2001,45.34629059
Comoros,COM,2000,47.59479904
Comoros,COM,1999,
Comoros,COM,1998,
Comoros,COM,1997,
Comoros,COM,1996,
Comoros,COM,1995,
Comoros,COM,1994,
Comoros,COM,1993,
Comoros,COM,1992,
Comoros,COM,1991,
Comoros,COM,1990,
Comoros,COM,1989,
Comoros,COM,1988,
Comoros,COM,1987,
Comoros,COM,1986,
Comoros,COM,1985,
Comoros,COM,1984,
Comoros,COM,1983,
Comoros,COM,1982,
Comoros,COM,1981,
Comoros,COM,1980,
Comoros,COM,1979,
Comoros,COM,1978,
Comoros,COM,1977,
Comoros,COM,1976,
Comoros,COM,1975,
Comoros,COM,1974,
Comoros,COM,1973,
Comoros,COM,1972,
Comoros,COM,1971,
Comoros,COM,1970,
Comoros,COM,1969,
Comoros,COM,1968,
Comoros,COM,1967,
Comoros,COM,1966,
Comoros,COM,1965,
Comoros,COM,1964,
Comoros,COM,1963,
Comoros,COM,1962,
Comoros,COM,1961,
Comoros,COM,1960,
"Congo, Dem. Rep.",COD,2025,
"Congo, Dem. Rep.",COD,2024,
"Congo, Dem. Rep.",COD,2023,23.43148804
"Congo, Dem. Rep.",COD,2022,24.3800106
"Congo, Dem. Rep.",COD,2021,21.58848572
"Congo, Dem. Rep.",COD,2020,20.5593071
"Congo, Dem. Rep.",COD,2019,19.20812035
"Congo, Dem. Rep.",COD,2018,17.29077148
"Congo, Dem. Rep.",COD,2017,18.14648819
"Congo, Dem. Rep.",COD,2016,19.3114109
"Congo, Dem. Rep.",COD,2015,18.57252884
"Congo, Dem. Rep.",COD,2014,18.22281265
"Congo, Dem. Rep.",COD,2013,15.37901688
"Congo, Dem. Rep.",COD,2012,13.20595551
"Congo, Dem. Rep.",COD,2011,11.89942932
"Congo, Dem. Rep.",COD,2010,12.1423111
"Congo, Dem. Rep.",COD,2009,12.75762081
"Congo, Dem. Rep.",COD,2008,15.36659527
"Congo, Dem. Rep.",COD,2007,11.5629034
"Congo, Dem. Rep.",COD,2006,10.37645721
"Congo, Dem. Rep.",COD,2005,8.55065727
"Congo, Dem. Rep.",COD,2004,7.83304834
"Congo, Dem. Rep.",COD,2003,6.03257608
"Congo, Dem. Rep.",COD,2002,4.17578602
"Congo, Dem. Rep.",COD,2001,5.4341011
"Congo, Dem. Rep.",COD,2000,17.52071953
"Congo, Dem. Rep.",COD,1999,
"Congo, Dem. Rep.",COD,1998,
"Congo, Dem. Rep.",COD,1997,
"Congo, Dem. Rep.",COD,1996,
"Congo, Dem. Rep.",COD,1995,
"Congo, Dem. Rep.",COD,1994,
"Congo, Dem. Rep.",COD,1993,
"Congo, Dem. Rep.",COD,1992,
"Congo, Dem. Rep.",COD,1991,
"Congo, Dem. Rep.",COD,1990,
"Congo, Dem. Rep.",COD,1989,
"Congo, Dem. Rep.",COD,1988,
"Congo, Dem. Rep.",COD,1987,
"Congo, Dem. Rep.",COD,1986,
"Congo, Dem. Rep.",COD,1985,
"Congo, Dem. Rep.",COD,1984,
"Congo, Dem. Rep.",COD,1983,
"Congo, Dem. Rep.",COD,1982,
"Congo, Dem. Rep.",COD,1981,
"Congo, Dem. Rep.",COD,1980,
"Congo, Dem. Rep.",COD,1979,
"Congo, Dem. Rep.",COD,1978,
"Congo, Dem. Rep.",COD,1977,
"Congo, Dem. Rep.",COD,1976,
"Congo, Dem. Rep.",COD,1975,
"Congo, Dem. Rep.",COD,1974,
"Congo, Dem. Rep.",COD,1973,
"Congo, Dem. Rep.",COD,1972,
"Congo, Dem. Rep.",COD,1971,
"Congo, Dem. Rep.",COD,1970,
"Congo, Dem. Rep.",COD,1969,
"Congo, Dem. Rep.",COD,1968,
"Congo, Dem. Rep.",COD,1967,
"Congo, Dem. Rep.",COD,1966,
"Congo, Dem. Rep.",COD,1965,
"Congo, Dem. Rep.",COD,1964,
"Congo, Dem. Rep.",COD,1963,
"Congo, Dem. Rep.",COD,1962,
"Congo, Dem. Rep.",COD,1961,
"Congo, Dem. Rep.",COD,1960,
"Congo, Rep.",COG,2025,
"Congo, Rep.",COG,2024,
"Congo, Rep.",COG,2023,75.55332184
"Congo, Rep.",COG,2022,53.11892319
"Congo, Rep.",COG,2021,78.60149384
"Congo, Rep.",COG,2020,80.09735107
"Congo, Rep.",COG,2019,58.42106628
"Congo, Rep.",COG,2018,47.310215
"Congo, Rep.",COG,2017,52.29982376
"Congo, Rep.",COG,2016,54.3000145
"Congo, Rep.",COG,2015,57.30290604
"Congo, Rep.",COG,2014,71.03118896
"Congo, Rep.",COG,2013,71.85824585
"Congo, Rep.",COG,2012,71.2766571
"Congo, Rep.",COG,2011,59.51348114
"Congo, Rep.",COG,2010,54.56225586
"Congo, Rep.",COG,2009,48.65313721
"Congo, Rep.",COG,2008,63.41820908
"Congo, Rep.",COG,2007,41.96711731
"Congo, Rep.",COG,2006,35.94208145
"Congo, Rep.",COG,2005,30.90304375
"Congo, Rep.",COG,2004,27.50056839
"Congo, Rep.",COG,2003,21.51475716
"Congo, Rep.",COG,2002,16.99031258
"Congo, Rep.",COG,2001,20.30390549
"Congo, Rep.",COG,2000,17.35089302
"Congo, Rep.",COG,1999,
"Congo, Rep.",COG,1998,
"Congo, Rep.",COG,1997,
"Congo, Rep.",COG,1996,
"Congo, Rep.",COG,1995,
"Congo, Rep.",COG,1994,
"Congo, Rep.",COG,1993,
"Congo, Rep.",COG,1992,
"Congo, Rep.",COG,1991,
"Congo, Rep.",COG,1990,
"Congo, Rep.",COG,1989,
"Congo, Rep.",COG,1988,
"Congo, Rep.",COG,1987,
"Congo, Rep.",COG,1986,
"Congo, Rep.",COG,1985,
"Congo, Rep.",COG,1984,
"Congo, Rep.",COG,1983,
"Congo, Rep.",COG,1982,
"Congo, Rep.",COG,1981,
"Congo, Rep.",COG,1980,
"Congo, Rep.",COG,1979,
"Congo, Rep.",COG,1978,
"Congo, Rep.",COG,1977,
"Congo, Rep.",COG,1976,
"Congo, Rep.",COG,1975,
"Congo, Rep.",COG,1974,
"Congo, Rep.",COG,1973,
"Congo, Rep.",COG,1972,
"Congo, Rep.",COG,1971,
"Congo, Rep.",COG,1970,
"Congo, Rep.",COG,1969,
"Congo, Rep.",COG,1968,
"Congo, Rep.",COG,1967,
"Congo, Rep.",COG,1966,
"Congo, Rep.",COG,1965,
"Congo, Rep.",COG,1964,
"Congo, Rep.",COG,1963,
"Congo, Rep.",COG,1962,
"Congo, Rep.",COG,1961,
"Congo, Rep.",COG,1960,
Costa Rica,CRI,2025,
Costa Rica,CRI,2024,
Costa Rica,CRI,2023,1163.30224609
Costa Rica,CRI,2022,978.84155273
Costa Rica,CRI,2021,977.14831543
Costa Rica,CRI,2020,969.89099121
Costa Rica,CRI,2019,930.43511963
Costa Rica,CRI,2018,917.31018066
Costa Rica,CRI,2017,867.76733398
Costa Rica,CRI,2016,884.73028564
Costa Rica,CRI,2015,889.3762207
Costa Rica,CRI,2014,836.23120117
Costa Rica,CRI,2013,829.93658447
Costa Rica,CRI,2012,788.53100586
Costa Rica,CRI,2011,753.42633057
Costa Rica,CRI,2010,663.69165039
Costa Rica,CRI,2009,537.06317139
Costa Rica,CRI,2008,518.1114502
Costa Rica,CRI,2007,429.41894531
Costa Rica,CRI,2006,364.52426147
Costa Rica,CRI,2005,313.48355103
Costa Rica,CRI,2004,293.77548218
Costa Rica,CRI,2003,290.83309937
Costa Rica,CRI,2002,279.41705322
Costa Rica,CRI,2001,258.00057983
Costa Rica,CRI,2000,250.30950928
Costa Rica,CRI,1999,
Costa Rica,CRI,1998,
Costa Rica,CRI,1997,
Costa Rica,CRI,1996,
Costa Rica,CRI,1995,
Costa Rica,CRI,1994,
Costa Rica,CRI,1993,
Costa Rica,CRI,1992,
Costa Rica,CRI,1991,
Costa Rica,CRI,1990,
Costa Rica,CRI,1989,
Costa Rica,CRI,1988,
Costa Rica,CRI,1987,
Costa Rica,CRI,1986,
Costa Rica,CRI,1985,
Costa Rica,CRI,1984,
Costa Rica,CRI,1983,
Costa Rica,CRI,1982,
Costa Rica,CRI,1981,
Costa Rica,CRI,1980,
Costa Rica,CRI,1979,
Costa Rica,CRI,1978,
Costa Rica,CRI,1977,
Costa Rica,CRI,1976,
Costa Rica,CRI,1975,
Costa Rica,CRI,1974,
Costa Rica,CRI,1973,
Costa Rica,CRI,1972,
Costa Rica,CRI,1971,
Costa Rica,CRI,1970,
Costa Rica,CRI,1969,
Costa Rica,CRI,1968,
Costa Rica,CRI,1967,
Costa Rica,CRI,1966,
Costa Rica,CRI,1965,
Costa Rica,CRI,1964,
Costa Rica,CRI,1963,
Costa Rica,CRI,1962,
Costa Rica,CRI,1961,
Costa Rica,CRI,1960,
Cote d'Ivoire,CIV,2025,
Cote d'Ivoire,CIV,2024,
Cote d'Ivoire,CIV,2023,87.68105316
Cote d'Ivoire,CIV,2022,84.89915466
Cote d'Ivoire,CIV,2021,92.39588928
Cote d'Ivoire,CIV,2020,78.97766876
Cote d'Ivoire,CIV,2019,68.30471039
Cote d'Ivoire,CIV,2018,65.87952423
Cote d'Ivoire,CIV,2017,63.77943039
Cote d'Ivoire,CIV,2016,61.85705566
Cote d'Ivoire,CIV,2015,58.43181992
Cote d'Ivoire,CIV,2014,74.3581543
Cote d'Ivoire,CIV,2013,67.13149261
Cote d'Ivoire,CIV,2012,69.86203003
Cote d'Ivoire,CIV,2011,67.97618103
Cote d'Ivoire,CIV,2010,70.04605103
Cote d'Ivoire,CIV,2009,71.06480408
Cote d'Ivoire,CIV,2008,64.67678833
Cote d'Ivoire,CIV,2007,56.15083694
Cote d'Ivoire,CIV,2006,47.08904266
Cote d'Ivoire,CIV,2005,46.69436264
Cote d'Ivoire,CIV,2004,47.04700851
Cote d'Ivoire,CIV,2003,43.81231308
Cote d'Ivoire,CIV,2002,32.55319595
Cote d'Ivoire,CIV,2001,30.58369255
Cote d'Ivoire,CIV,2000,30.33073425
Cote d'Ivoire,CIV,1999,
Cote d'Ivoire,CIV,1998,
Cote d'Ivoire,CIV,1997,
Cote d'Ivoire,CIV,1996,
Cote d'Ivoire,CIV,1995,
Cote d'Ivoire,CIV,1994,
Cote d'Ivoire,CIV,1993,
Cote d'Ivoire,CIV,1992,
Cote d'Ivoire,CIV,1991,
Cote d'Ivoire,CIV,1990,
Cote d'Ivoire,CIV,1989,
Cote d'Ivoire,CIV,1988,
Cote d'Ivoire,CIV,1987,
Cote d'Ivoire,CIV,1986,
Cote d'Ivoire,CIV,1985,
Cote d'Ivoire,CIV,1984,
Cote d'Ivoire,CIV,1983,
Cote d'Ivoire,CIV,1982,
Cote d'Ivoire,CIV,1981,
Cote d'Ivoire,CIV,1980,
Cote d'Ivoire,CIV,1979,
Cote d'Ivoire,CIV,1978,
Cote d'Ivoire,CIV,1977,
Cote d'Ivoire,CIV,1976,
Cote d'Ivoire,CIV,1975,
Cote d'Ivoire,CIV,1974,
Cote d'Ivoire,CIV,1973,
Cote d'Ivoire,CIV,1972,
Cote d'Ivoire,CIV,1971,
Cote d'Ivoire,CIV,1970,
Cote d'Ivoire,CIV,1969,
Cote d'Ivoire,CIV,1968,
Cote d'Ivoire,CIV,1967,
Cote d'Ivoire,CIV,1966,
Cote d'Ivoire,CIV,1965,
Cote d'Ivoire,CIV,1964,
Cote d'Ivoire,CIV,1963,
Cote d'Ivoire,CIV,1962,
Cote d'Ivoire,CIV,1961,
Cote d'Ivoire,CIV,1960,
Croatia,HRV,2025,
Croatia,HRV,2024,
Croatia,HRV,2023,1548.33959961
Croatia,HRV,2022,1328.80371094
Croatia,HRV,2021,1423.52905273
Croatia,HRV,2020,1123.37963867
Croatia,HRV,2019,1063.54443359
Croatia,HRV,2018,1045.14904785
Croatia,HRV,2017,919.22418213
Croatia,HRV,2016,851.92492676
Croatia,HRV,2015,803.41619873
Croatia,HRV,2014,915.2689209
Croatia,HRV,2013,894.07080078
Croatia,HRV,2012,1034.02124023
Croatia,HRV,2011,1134.88916016
Croatia,HRV,2010,1126.81970215
Croatia,HRV,2009,1187.34326172
Croatia,HRV,2008,1258.09594727
Croatia,HRV,2007,1040.44995117
Croatia,HRV,2006,815.39093018
Croatia,HRV,2005,726.6114502
Croatia,HRV,2004,633.98242188
Croatia,HRV,2003,511.99743652
Croatia,HRV,2002,386.41821289
Croatia,HRV,2001,387.8130188
Croatia,HRV,2000,385.78341675
Croatia,HRV,1999,
Croatia,HRV,1998,
Croatia,HRV,1997,
Croatia,HRV,1996,
Croatia,HRV,1995,
Croatia,HRV,1994,
Croatia,HRV,1993,
Croatia,HRV,1992,
Croatia,HRV,1991,
Croatia,HRV,1990,
Croatia,HRV,1989,
Croatia,HRV,1988,
Croatia,HRV,1987,
Croatia,HRV,1986,
Croatia,HRV,1985,
Croatia,HRV,1984,
Croatia,HRV,1983,
Croatia,HRV,1982,
Croatia,HRV,1981,
Croatia,HRV,1980,
Croatia,HRV,1979,
Croatia,HRV,1978,
Croatia,HRV,1977,
Croatia,HRV,1976,
Croatia,HRV,1975,
Croatia,HRV,1974,
Croatia,HRV,1973,
Croatia,HRV,1972,
Croatia,HRV,1971,
Croatia,HRV,1970,
Croatia,HRV,1969,
Croatia,HRV,1968,
Croatia,HRV,1967,
Croatia,HRV,1966,
Croatia,HRV,1965,
Croatia,HRV,1964,
Croatia,HRV,1963,
Croatia,HRV,1962,
Croatia,HRV,1961,
Croatia,HRV,1960,
Cuba,CUB,2025,
Cuba,CUB,2024,
Cuba,CUB,2023,
Cuba,CUB,2022,
Cuba,CUB,2021,
Cuba,CUB,2020,1199.35327148
Cuba,CUB,2019,1023.39715576
Cuba,CUB,2018,981.90283203
Cuba,CUB,2017,987.81030273
Cuba,CUB,2016,990.92346191
Cuba,CUB,2015,991.08496094
Cuba,CUB,2014,867.69702148
Cuba,CUB,2013,712.26629639
Cuba,CUB,2012,601.74957275
Cuba,CUB,2011,695.81542969
Cuba,CUB,2010,608.5847168
Cuba,CUB,2009,675.53399658
Cuba,CUB,2008,609.27282715
Cuba,CUB,2007,569.43585205
Cuba,CUB,2006,386.8258667
Cuba,CUB,2005,331.50354004
Cuba,CUB,2004,232.22746277
Cuba,CUB,2003,227.49208069
Cuba,CUB,2002,213.81524658
Cuba,CUB,2001,198.49874878
Cuba,CUB,2000,181.09315491
Cuba,CUB,1999,
Cuba,CUB,1998,
Cuba,CUB,1997,
Cuba,CUB,1996,
Cuba,CUB,1995,
Cuba,CUB,1994,
Cuba,CUB,1993,
Cuba,CUB,1992,
Cuba,CUB,1991,
Cuba,CUB,1990,
Cuba,CUB,1989,
Cuba,CUB,1988,
Cuba,CUB,1987,
Cuba,CUB,1986,
Cuba,CUB,1985,
Cuba,CUB,1984,
Cuba,CUB,1983,
Cuba,CUB,1982,
Cuba,CUB,1981,
Cuba,CUB,1980,
Cuba,CUB,1979,
Cuba,CUB,1978,
Cuba,CUB,1977,
Cuba,CUB,1976,
Cuba,CUB,1975,
Cuba,CUB,1974,
Cuba,CUB,1973,
Cuba,CUB,1972,
Cuba,CUB,1971,
Cuba,CUB,1970,
Cuba,CUB,1969,
Cuba,CUB,1968,
Cuba,CUB,1967,
Cuba,CUB,1966,
Cuba,CUB,1965,
Cuba,CUB,1964,
Cuba,CUB,1963,
Cuba,CUB,1962,
Cuba,CUB,1961,
Cuba,CUB,1960,
Curacao,CUW,2025,
Curacao,CUW,2024,
Curacao,CUW,2023,
Curacao,CUW,2022,
Curacao,CUW,2021,
Curacao,CUW,2020,
Curacao,CUW,2019,
Curacao,CUW,2018,
Curacao,CUW,2017,
Curacao,CUW,2016,
Curacao,CUW,2015,
Curacao,CUW,2014,
Curacao,CUW,2013,
Curacao,CUW,2012,
Curacao,CUW,2011,
Curacao,CUW,2010,
Curacao,CUW,2009,
Curacao,CUW,2008,
Curacao,CUW,2007,
Curacao,CUW,2006,
Curacao,CUW,2005,
Curacao,CUW,2004,
Curacao,CUW,2003,
Curacao,CUW,2002,
Curacao,CUW,2001,
Curacao,CUW,2000,
Curacao,CUW,1999,
Curacao,CUW,1998,
Curacao,CUW,1997,
Curacao,CUW,1996,
Curacao,CUW,1995,
Curacao,CUW,1994,
Curacao,CUW,1993,
Curacao,CUW,1992,
Curacao,CUW,1991,
Curacao,CUW,1990,
Curacao,CUW,1989,
Curacao,CUW,1988,
Curacao,CUW,1987,
Curacao,CUW,1986,
Curacao,CUW,1985,
Curacao,CUW,1984,
Curacao,CUW,1983,
Curacao,CUW,1982,
Curacao,CUW,1981,
Curacao,CUW,1980,
Curacao,CUW,1979,
Curacao,CUW,1978,
Curacao,CUW,1977,
Curacao,CUW,1976,
Curacao,CUW,1975,
Curacao,CUW,1974,
Curacao,CUW,1973,
Curacao,CUW,1972,
Curacao,CUW,1971,
Curacao,CUW,1970,
Curacao,CUW,1969,
Curacao,CUW,1968,
Curacao,CUW,1967,
Curacao,CUW,1966,
Curacao,CUW,1965,
Curacao,CUW,1964,
Curacao,CUW,1963,
Curacao,CUW,1962,
Curacao,CUW,1961,
Curacao,CUW,1960,
Cyprus,CYP,2025,
Cyprus,CYP,2024,
Cyprus,CYP,2023,2899.36499023
Cyprus,CYP,2022,2748.6159668
Cyprus,CYP,2021,2947.81494141
Cyprus,CYP,2020,2443.37207031
Cyprus,CYP,2019,2059.45019531
Cyprus,CYP,2018,1987.69470215
Cyprus,CYP,2017,1742.67626953
Cyprus,CYP,2016,1619.91918945
Cyprus,CYP,2015,1570.54638672
Cyprus,CYP,2014,1869.46398926
Cyprus,CYP,2013,1923.03869629
Cyprus,CYP,2012,1899.37255859
Cyprus,CYP,2011,2114.66894531
Cyprus,CYP,2010,2045.2923584
Cyprus,CYP,2009,2105.4777832
Cyprus,CYP,2008,2155.24658203
Cyprus,CYP,2007,1694.27185059
Cyprus,CYP,2006,1474.02062988
Cyprus,CYP,2005,1366.01708984
Cyprus,CYP,2004,1286.97155762
Cyprus,CYP,2003,1145.05847168
Cyprus,CYP,2002,890.48297119
Cyprus,CYP,2001,782.16162109
Cyprus,CYP,2000,750.51672363
Cyprus,CYP,1999,
Cyprus,CYP,1998,
Cyprus,CYP,1997,
Cyprus,CYP,1996,
Cyprus,CYP,1995,
Cyprus,CYP,1994,
Cyprus,CYP,1993,
Cyprus,CYP,1992,
Cyprus,CYP,1991,
Cyprus,CYP,1990,
Cyprus,CYP,1989,
Cyprus,CYP,1988,
Cyprus,CYP,1987,
Cyprus,CYP,1986,
Cyprus,CYP,1985,
Cyprus,CYP,1984,
Cyprus,CYP,1983,
Cyprus,CYP,1982,
Cyprus,CYP,1981,
Cyprus,CYP,1980,
Cyprus,CYP,1979,
Cyprus,CYP,1978,
Cyprus,CYP,1977,
Cyprus,CYP,1976,
Cyprus,CYP,1975,
Cyprus,CYP,1974,
Cyprus,CYP,1973,
Cyprus,CYP,1972,
Cyprus,CYP,1971,
Cyprus,CYP,1970,
Cyprus,CYP,1969,
Cyprus,CYP,1968,
Cyprus,CYP,1967,
Cyprus,CYP,1966,
Cyprus,CYP,1965,
Cyprus,CYP,1964,
Cyprus,CYP,1963,
Cyprus,CYP,1962,
Cyprus,CYP,1961,
Cyprus,CYP,1960,
Czechia,CZE,2025,
Czechia,CZE,2024,2692.76416016
Czechia,CZE,2023,2671.08398438
Czechia,CZE,2022,2431.08496094
Czechia,CZE,2021,2538.03344727
Czechia,CZE,2020,2106.28027344
Czechia,CZE,2019,1805.44030762
Czechia,CZE,2018,1750.81188965
Czechia,CZE,2017,1516.75012207
Czechia,CZE,2016,1374.9005127
Czechia,CZE,2015,1308.8013916
Czechia,CZE,2014,1512.59326172
Czechia,CZE,2013,1508.79907227
Czechia,CZE,2012,1509.77526855
Czechia,CZE,2011,1649.15905762
Czechia,CZE,2010,1509.44726563
Czechia,CZE,2009,1442.24279785
Czechia,CZE,2008,1449.33679199
Czechia,CZE,2007,1110.17663574
Czechia,CZE,2006,942.11804199
Czechia,CZE,2005,852.65246582
Czechia,CZE,2004,746.32891846
Czechia,CZE,2003,640.66040039
Czechia,CZE,2002,497.74203491
Czechia,CZE,2001,388.54403687
Czechia,CZE,2000,342.92108154
Czechia,CZE,1999,
Czechia,CZE,1998,
Czechia,CZE,1997,
Czechia,CZE,1996,
Czechia,CZE,1995,
Czechia,CZE,1994,
Czechia,CZE,1993,
Czechia,CZE,1992,
Czechia,CZE,1991,
Czechia,CZE,1990,
Czechia,CZE,1989,
Czechia,CZE,1988,
Czechia,CZE,1987,
Czechia,CZE,1986,
Czechia,CZE,1985,
Czechia,CZE,1984,
Czechia,CZE,1983,
Czechia,CZE,1982,
Czechia,CZE,1981,
Czechia,CZE,1980,
Czechia,CZE,1979,
Czechia,CZE,1978,
Czechia,CZE,1977,
Czechia,CZE,1976,
Czechia,CZE,1975,
Czechia,CZE,1974,
Czechia,CZE,1973,
Czechia,CZE,1972,
Czechia,CZE,1971,
Czechia,CZE,1970,
Czechia,CZE,1969,
Czechia,CZE,1968,
Czechia,CZE,1967,
Czechia,CZE,1966,
Czechia,CZE,1965,
Czechia,CZE,1964,
Czechia,CZE,1963,
Czechia,CZE,1962,
Czechia,CZE,1961,
Czechia,CZE,1960,
Denmark,DNK,2025,
Denmark,DNK,2024,6745.06152344
Denmark,DNK,2023,6510.625
Denmark,DNK,2022,6451.19433594
Denmark,DNK,2021,7429.99023438
Denmark,DNK,2020,6520.65771484
Denmark,DNK,2019,6049.93408203
Denmark,DNK,2018,6219.12988281
Denmark,DNK,2017,5817.42529297
Denmark,DNK,2016,5603.75830078
Denmark,DNK,2015,5508.53369141
Denmark,DNK,2014,6447.92382813
Denmark,DNK,2013,6320.08447266
Denmark,DNK,2012,6155.76367188
Denmark,DNK,2011,6426.39990234
Denmark,DNK,2010,6156.68554688
Denmark,DNK,2009,6208.48486328
Denmark,DNK,2008,6117.69677734
Denmark,DNK,2007,5453.83837891
Denmark,DNK,2006,4770.13720703
Denmark,DNK,2005,4436.07421875
Denmark,DNK,2004,4189.47265625
Denmark,DNK,2003,3602.28295898
Denmark,DNK,2002,2891.71069336
Denmark,DNK,2001,2597.97290039
Denmark,DNK,2000,2491.54174805
Denmark,DNK,1999,
Denmark,DNK,1998,
Denmark,DNK,1997,
Denmark,DNK,1996,
Denmark,DNK,1995,
Denmark,DNK,1994,
Denmark,DNK,1993,
Denmark,DNK,1992,
Denmark,DNK,1991,
Denmark,DNK,1990,
Denmark,DNK,1989,
Denmark,DNK,1988,
Denmark,DNK,1987,
Denmark,DNK,1986,
Denmark,DNK,1985,
Denmark,DNK,1984,
Denmark,DNK,1983,
Denmark,DNK,1982,
Denmark,DNK,1981,
Denmark,DNK,1980,
Denmark,DNK,1979,
Denmark,DNK,1978,
Denmark,DNK,1977,
Denmark,DNK,1976,
Denmark,DNK,1975,
Denmark,DNK,1974,
Denmark,DNK,1973,
Denmark,DNK,1972,
Denmark,DNK,1971,
Denmark,DNK,1970,
Denmark,DNK,1969,
Denmark,DNK,1968,
Denmark,DNK,1967,
Denmark,DNK,1966,
Denmark,DNK,1965,
Denmark,DNK,1964,
Denmark,DNK,1963,
Denmark,DNK,1962,
Denmark,DNK,1961,
Denmark,DNK,1960,
Djibouti,DJI,2025,
Djibouti,DJI,2024,
Djibouti,DJI,2023,77.57087708
Djibouti,DJI,2022,79.13184357
Djibouti,DJI,2021,86.88237762
Djibouti,DJI,2020,66.53086853
Djibouti,DJI,2019,68.4744873
Djibouti,DJI,2018,68.79101563
Djibouti,DJI,2017,64.94396973
Djibouti,DJI,2016,68.82745361
Djibouti,DJI,2015,79.54257965
Djibouti,DJI,2014,65.53726196
Djibouti,DJI,2013,60.57233047
Djibouti,DJI,2012,64.8536911
Djibouti,DJI,2011,61.89852524
Djibouti,DJI,2010,55.7044487
Djibouti,DJI,2009,56.92132568
Djibouti,DJI,2008,55.90976715
Djibouti,DJI,2007,55.18254471
Djibouti,DJI,2006,53.26344299
Djibouti,DJI,2005,45.12551498
Djibouti,DJI,2004,40.04951477
Djibouti,DJI,2003,46.27521896
Djibouti,DJI,2002,39.49966431
Djibouti,DJI,2001,33.61427689
Djibouti,DJI,2000,35.48954773
Djibouti,DJI,1999,
Djibouti,DJI,1998,
Djibouti,DJI,1997,
Djibouti,DJI,1996,
Djibouti,DJI,1995,
Djibouti,DJI,1994,
Djibouti,DJI,1993,
Djibouti,DJI,1992,
Djibouti,DJI,1991,
Djibouti,DJI,1990,
Djibouti,DJI,1989,
Djibouti,DJI,1988,
Djibouti,DJI,1987,
Djibouti,DJI,1986,
Djibouti,DJI,1985,
Djibouti,DJI,1984,
Djibouti,DJI,1983,
Djibouti,DJI,1982,
Djibouti,DJI,1981,
Djibouti,DJI,1980,
Djibouti,DJI,1979,
Djibouti,DJI,1978,
Djibouti,DJI,1977,
Djibouti,DJI,1976,
Djibouti,DJI,1975,
Djibouti,DJI,1974,
Djibouti,DJI,1973,
Djibouti,DJI,1972,
Djibouti,DJI,1971,
Djibouti,DJI,1970,
Djibouti,DJI,1969,
Djibouti,DJI,1968,
Djibouti,DJI,1967,
Djibouti,DJI,1966,
Djibouti,DJI,1965,
Djibouti,DJI,1964,
Djibouti,DJI,1963,
Djibouti,DJI,1962,
Djibouti,DJI,1961,
Djibouti,DJI,1960,
Dominica,DMA,2025,
Dominica,DMA,2024,
Dominica,DMA,2023,492.4524231
Dominica,DMA,2022,542.53948975
Dominica,DMA,2021,521.41455078
Dominica,DMA,2020,452.65899658
Dominica,DMA,2019,465.63766479
Dominica,DMA,2018,503.34179688
Dominica,DMA,2017,415.87072754
Dominica,DMA,2016,424.15756226
Dominica,DMA,2015,396.23742676
Dominica,DMA,2014,389.05343628
Dominica,DMA,2013,382.10519409
Dominica,DMA,2012,407.42053223
Dominica,DMA,2011,387.11709595
Dominica,DMA,2010,369.75668335
Dominica,DMA,2009,354.04888916
Dominica,DMA,2008,336.0015564
Dominica,DMA,2007,293.30905151
Dominica,DMA,2006,271.24331665
Dominica,DMA,2005,263.66098022
Dominica,DMA,2004,253.70576477
Dominica,DMA,2003,242.78863525
Dominica,DMA,2002,226.86923218
Dominica,DMA,2001,231.52333069
Dominica,DMA,2000,259.0213623
Dominica,DMA,1999,
Dominica,DMA,1998,
Dominica,DMA,1997,
Dominica,DMA,1996,
Dominica,DMA,1995,
Dominica,DMA,1994,
Dominica,DMA,1993,
Dominica,DMA,1992,
Dominica,DMA,1991,
Dominica,DMA,1990,
Dominica,DMA,1989,
Dominica,DMA,1988,
Dominica,DMA,1987,
Dominica,DMA,1986,
Dominica,DMA,1985,
Dominica,DMA,1984,
Dominica,DMA,1983,
Dominica,DMA,1982,
Dominica,DMA,1981,
Dominica,DMA,1980,
Dominica,DMA,1979,
Dominica,DMA,1978,
Dominica,DMA,1977,
Dominica,DMA,1976,
Dominica,DMA,1975,
Dominica,DMA,1974,
Dominica,DMA,1973,
Dominica,DMA,1972,
Dominica,DMA,1971,
Dominica,DMA,1970,
Dominica,DMA,1969,
Dominica,DMA,1968,
Dominica,DMA,1967,
Dominica,DMA,1966,
Dominica,DMA,1965,
Dominica,DMA,1964,
Dominica,DMA,1963,
Dominica,DMA,1962,
Dominica,DMA,1961,
Dominica,DMA,1960,
Dominican Republic,DOM,2025,
Dominican Republic,DOM,2024,
Dominican Republic,DOM,2023,488.8727417
Dominican Republic,DOM,2022,469.34915161
Dominican Republic,DOM,2021,433.89172363
Dominican Republic,DOM,2020,354.25689697
Dominican Republic,DOM,2019,357.44137573
Dominican Republic,DOM,2018,332.47702026
Dominican Republic,DOM,2017,329.54168701
Dominican Republic,DOM,2016,328.36526489
Dominican Republic,DOM,2015,322.04864502
Dominican Republic,DOM,2014,312.44223022
Dominican Republic,DOM,2013,302.28512573
Dominican Republic,DOM,2012,304.23754883
Dominican Republic,DOM,2011,293.95123291
Dominican Republic,DOM,2010,270.03961182
Dominican Republic,DOM,2009,237.11128235
Dominican Republic,DOM,2008,229.29747009
Dominican Republic,DOM,2007,190.14048767
Dominican Republic,DOM,2006,161.94844055
Dominican Republic,DOM,2005,168.85827637
Dominican Republic,DOM,2004,105.12216187
Dominican Republic,DOM,2003,104.59856415
Dominican Republic,DOM,2002,152.86595154
Dominican Republic,DOM,2001,143.32540894
Dominican Republic,DOM,2000,138.29624939
Dominican Republic,DOM,1999,
Dominican Republic,DOM,1998,
Dominican Republic,DOM,1997,
Dominican Republic,DOM,1996,
Dominican Republic,DOM,1995,
Dominican Republic,DOM,1994,
Dominican Republic,DOM,1993,
Dominican Republic,DOM,1992,
Dominican Republic,DOM,1991,
Dominican Republic,DOM,1990,
Dominican Republic,DOM,1989,
Dominican Republic,DOM,1988,
Dominican Republic,DOM,1987,
Dominican Republic,DOM,1986,
Dominican Republic,DOM,1985,
Dominican Republic,DOM,1984,
Dominican Republic,DOM,1983,
Dominican Republic,DOM,1982,
Dominican Republic,DOM,1981,
Dominican Republic,DOM,1980,
Dominican Republic,DOM,1979,
Dominican Republic,DOM,1978,
Dominican Republic,DOM,1977,
Dominican Republic,DOM,1976,
Dominican Republic,DOM,1975,
Dominican Republic,DOM,1974,
Dominican Republic,DOM,1973,
Dominican Republic,DOM,1972,
Dominican Republic,DOM,1971,
Dominican Republic,DOM,1970,
Dominican Republic,DOM,1969,
Dominican Republic,DOM,1968,
Dominican Republic,DOM,1967,
Dominican Republic,DOM,1966,
Dominican Republic,DOM,1965,
Dominican Republic,DOM,1964,
Dominican Republic,DOM,1963,
Dominican Republic,DOM,1962,
Dominican Republic,DOM,1961,
Dominican Republic,DOM,1960,
Ecuador,ECU,2025,
Ecuador,ECU,2024,
Ecuador,ECU,2023,509.49414063
Ecuador,ECU,2022,495.30380249
Ecuador,ECU,2021,507.65136719
Ecuador,ECU,2020,470.20355225
Ecuador,ECU,2019,484.54037476
Ecuador,ECU,2018,493.82693481
Ecuador,ECU,2017,469.04544067
Ecuador,ECU,2016,449.03869629
Ecuador,ECU,2015,464.22186279
Ecuador,ECU,2014,433.41845703
Ecuador,ECU,2013,414.12683105
Ecuador,ECU,2012,387.54577637
Ecuador,ECU,2011,340.40786743
Ecuador,ECU,2010,287.00466919
Ecuador,ECU,2009,244.5753479
Ecuador,ECU,2008,231.62229919
Ecuador,ECU,2007,193.33273315
Ecuador,ECU,2006,192.55101013
Ecuador,ECU,2005,170.44190979
Ecuador,ECU,2004,152.10868835
Ecuador,ECU,2003,134.12744141
Ecuador,ECU,2002,99.12815857
Ecuador,ECU,2001,72.7922287
Ecuador,ECU,2000,49.37281418
Ecuador,ECU,1999,
Ecuador,ECU,1998,
Ecuador,ECU,1997,
Ecuador,ECU,1996,
Ecuador,ECU,1995,
Ecuador,ECU,1994,
Ecuador,ECU,1993,
Ecuador,ECU,1992,
Ecuador,ECU,1991,
Ecuador,ECU,1990,
Ecuador,ECU,1989,
Ecuador,ECU,1988,
Ecuador,ECU,1987,
Ecuador,ECU,1986,
Ecuador,ECU,1985,
Ecuador,ECU,1984,
Ecuador,ECU,1983,
Ecuador,ECU,1982,
Ecuador,ECU,1981,
Ecuador,ECU,1980,
Ecuador,ECU,1979,
Ecuador,ECU,1978,
Ecuador,ECU,1977,
Ecuador,ECU,1976,
Ecuador,ECU,1975,
Ecuador,ECU,1974,
Ecuador,ECU,1973,
Ecuador,ECU,1972,
Ecuador,ECU,1971,
Ecuador,ECU,1970,
Ecuador,ECU,1969,
Ecuador,ECU,1968,
Ecuador,ECU,1967,
Ecuador,ECU,1966,
Ecuador,ECU,1965,
Ecuador,ECU,1964,
Ecuador,ECU,1963,
Ecuador,ECU,1962,
Ecuador,ECU,1961,
Ecuador,ECU,1960,
"Egypt, Arab Rep.",EGY,2025,
"Egypt, Arab Rep.",EGY,2024,
"Egypt, Arab Rep.",EGY,2023,141.41111755
"Egypt, Arab Rep.",EGY,2022,171.67852783
"Egypt, Arab Rep.",EGY,2021,176.93664551
"Egypt, Arab Rep.",EGY,2020,148.35269165
"Egypt, Arab Rep.",EGY,2019,142.69670105
"Egypt, Arab Rep.",EGY,2018,118.01481628
"Egypt, Arab Rep.",EGY,2017,106.00288391
"Egypt, Arab Rep.",EGY,2016,142.61845398
"Egypt, Arab Rep.",EGY,2015,170.25532532
"Egypt, Arab Rep.",EGY,2014,155.06480408
"Egypt, Arab Rep.",EGY,2013,139.67245483
"Egypt, Arab Rep.",EGY,2012,139.81625366
"Egypt, Arab Rep.",EGY,2011,116.22949219
"Egypt, Arab Rep.",EGY,2010,105.07817841
"Egypt, Arab Rep.",EGY,2009,98.90396881
"Egypt, Arab Rep.",EGY,2008,90.15769958
"Egypt, Arab Rep.",EGY,2007,73.29454041
"Egypt, Arab Rep.",EGY,2006,66.32707214
"Egypt, Arab Rep.",EGY,2005,59.4683876
"Egypt, Arab Rep.",EGY,2004,50.33084488
"Egypt, Arab Rep.",EGY,2003,50.34780884
"Egypt, Arab Rep.",EGY,2002,63.99928665
"Egypt, Arab Rep.",EGY,2001,68.67334747
"Egypt, Arab Rep.",EGY,2000,69.37174988
"Egypt, Arab Rep.",EGY,1999,
"Egypt, Arab Rep.",EGY,1998,
"Egypt, Arab Rep.",EGY,1997,
"Egypt, Arab Rep.",EGY,1996,
"Egypt, Arab Rep.",EGY,1995,
"Egypt, Arab Rep.",EGY,1994,
"Egypt, Arab Rep.",EGY,1993,
"Egypt, Arab Rep.",EGY,1992,
"Egypt, Arab Rep.",EGY,1991,
"Egypt, Arab Rep.",EGY,1990,
"Egypt, Arab Rep.",EGY,1989,
"Egypt, Arab Rep.",EGY,1988,
"Egypt, Arab Rep.",EGY,1987,
"Egypt, Arab Rep.",EGY,1986,
"Egypt, Arab Rep.",EGY,1985,
"Egypt, Arab Rep.",EGY,1984,
"Egypt, Arab Rep.",EGY,1983,
"Egypt, Arab Rep.",EGY,1982,
"Egypt, Arab Rep.",EGY,1981,
"Egypt, Arab Rep.",EGY,1980,
"Egypt, Arab Rep.",EGY,1979,
"Egypt, Arab Rep.",EGY,1978,
"Egypt, Arab Rep.",EGY,1977,
"Egypt, Arab Rep.",EGY,1976,
"Egypt, Arab Rep.",EGY,1975,
"Egypt, Arab Rep.",EGY,1974,
"Egypt, Arab Rep.",EGY,1973,
"Egypt, Arab Rep.",EGY,1972,
"Egypt, Arab Rep.",EGY,1971,
"Egypt, Arab Rep.",EGY,1970,
"Egypt, Arab Rep.",EGY,1969,
"Egypt, Arab Rep.",EGY,1968,
"Egypt, Arab Rep.",EGY,1967,
"Egypt, Arab Rep.",EGY,1966,
"Egypt, Arab Rep.",EGY,1965,
"Egypt, Arab Rep.",EGY,1964,
"Egypt, Arab Rep.",EGY,1963,
"Egypt, Arab Rep.",EGY,1962,
"Egypt, Arab Rep.",EGY,1961,
"Egypt, Arab Rep.",EGY,1960,
El Salvador,SLV,2025,
El Salvador,SLV,2024,
El Salvador,SLV,2023,500.69497681
El Salvador,SLV,2022,500.20321655
El Salvador,SLV,2021,470.14025879
El Salvador,SLV,2020,357.78799438
El Salvador,SLV,2019,380.53384399
El Salvador,SLV,2018,348.18817139
El Salvador,SLV,2017,338.60742188
El Salvador,SLV,2016,339.97875977
El Salvador,SLV,2015,331.96725464
El Salvador,SLV,2014,315.23168945
El Salvador,SLV,2013,324.28027344
El Salvador,SLV,2012,301.03710938
El Salvador,SLV,2011,295.64242554
El Salvador,SLV,2010,270.69418335
El Salvador,SLV,2009,257.19317627
El Salvador,SLV,2008,253.45413208
El Salvador,SLV,2007,239.99687195
El Salvador,SLV,2006,231.73410034
El Salvador,SLV,2005,225.17417908
El Salvador,SLV,2004,185.83404541
El Salvador,SLV,2003,171.59013367
El Salvador,SLV,2002,166.81164551
El Salvador,SLV,2001,162.30456543
El Salvador,SLV,2000,155.52601624
El Salvador,SLV,1999,
El Salvador,SLV,1998,
El Salvador,SLV,1997,
El Salvador,SLV,1996,
El Salvador,SLV,1995,
El Salvador,SLV,1994,
El Salvador,SLV,1993,
El Salvador,SLV,1992,
El Salvador,SLV,1991,
El Salvador,SLV,1990,
El Salvador,SLV,1989,
El Salvador,SLV,1988,
El Salvador,SLV,1987,
El Salvador,SLV,1986,
El Salvador,SLV,1985,
El Salvador,SLV,1984,
El Salvador,SLV,1983,
El Salvador,SLV,1982,
El Salvador,SLV,1981,
El Salvador,SLV,1980,
El Salvador,SLV,1979,
El Salvador,SLV,1978,
El Salvador,SLV,1977,
El Salvador,SLV,1976,
El Salvador,SLV,1975,
El Salvador,SLV,1974,
El Salvador,SLV,1973,
El Salvador,SLV,1972,
El Salvador,SLV,1971,
El Salvador,SLV,1970,
El Salvador,SLV,1969,
El Salvador,SLV,1968,
El Salvador,SLV,1967,
El Salvador,SLV,1966,
El Salvador,SLV,1965,
El Salvador,SLV,1964,
El Salvador,SLV,1963,
El Salvador,SLV,1962,
El Salvador,SLV,1961,
El Salvador,SLV,1960,
Equatorial Guinea,GNQ,2025,
Equatorial Guinea,GNQ,2024,
Equatorial Guinea,GNQ,2023,233.68379211
Equatorial Guinea,GNQ,2022,215.32841492
Equatorial Guinea,GNQ,2021,243.81242371
Equatorial Guinea,GNQ,2020,213.59317017
Equatorial Guinea,GNQ,2019,223.14128113
Equatorial Guinea,GNQ,2018,240.49389648
Equatorial Guinea,GNQ,2017,223.4354248
Equatorial Guinea,GNQ,2016,221.49227905
Equatorial Guinea,GNQ,2015,222.81713867
Equatorial Guinea,GNQ,2014,290.53604126
Equatorial Guinea,GNQ,2013,286.33657837
Equatorial Guinea,GNQ,2012,280.90136719
Equatorial Guinea,GNQ,2011,265.38485718
Equatorial Guinea,GNQ,2010,237.85783386
Equatorial Guinea,GNQ,2009,248.9617157
Equatorial Guinea,GNQ,2008,225.50572205
Equatorial Guinea,GNQ,2007,179.49963379
Equatorial Guinea,GNQ,2006,143.95661926
Equatorial Guinea,GNQ,2005,122.75533295
Equatorial Guinea,GNQ,2004,104.54925537
Equatorial Guinea,GNQ,2003,86.82926178
Equatorial Guinea,GNQ,2002,74.93979645
Equatorial Guinea,GNQ,2001,29.59247589
Equatorial Guinea,GNQ,2000,20.14153671
Equatorial Guinea,GNQ,1999,
Equatorial Guinea,GNQ,1998,
Equatorial Guinea,GNQ,1997,
Equatorial Guinea,GNQ,1996,
Equatorial Guinea,GNQ,1995,
Equatorial Guinea,GNQ,1994,
Equatorial Guinea,GNQ,1993,
Equatorial Guinea,GNQ,1992,
Equatorial Guinea,GNQ,1991,
Equatorial Guinea,GNQ,1990,
Equatorial Guinea,GNQ,1989,
Equatorial Guinea,GNQ,1988,
Equatorial Guinea,GNQ,1987,
Equatorial Guinea,GNQ,1986,
Equatorial Guinea,GNQ,1985,
Equatorial Guinea,GNQ,1984,
Equatorial Guinea,GNQ,1983,
Equatorial Guinea,GNQ,1982,
Equatorial Guinea,GNQ,1981,
Equatorial Guinea,GNQ,1980,
Equatorial Guinea,GNQ,1979,
Equatorial Guinea,GNQ,1978,
Equatorial Guinea,GNQ,1977,
Equatorial Guinea,GNQ,1976,
Equatorial Guinea,GNQ,1975,
Equatorial Guinea,GNQ,1974,
Equatorial Guinea,GNQ,1973,
Equatorial Guinea,GNQ,1972,
Equatorial Guinea,GNQ,1971,
Equatorial Guinea,GNQ,1970,
Equatorial Guinea,GNQ,1969,
Equatorial Guinea,GNQ,1968,
Equatorial Guinea,GNQ,1967,
Equatorial Guinea,GNQ,1966,
Equatorial Guinea,GNQ,1965,
Equatorial Guinea,GNQ,1964,
Equatorial Guinea,GNQ,1963,
Equatorial Guinea,GNQ,1962,
Equatorial Guinea,GNQ,1961,
Equatorial Guinea,GNQ,1960,
Eritrea,ERI,2025,
Eritrea,ERI,2024,
Eritrea,ERI,2023,28.29782677
Eritrea,ERI,2022,27.0898056
Eritrea,ERI,2021,27.58759499
Eritrea,ERI,2020,27.66697884
Eritrea,ERI,2019,28.42930794
Eritrea,ERI,2018,26.68201256
Eritrea,ERI,2017,25.10270691
Eritrea,ERI,2016,26.00592422
Eritrea,ERI,2015,29.22208977
Eritrea,ERI,2014,32.93448257
Eritrea,ERI,2013,31.64078712
Eritrea,ERI,2012,27.78689003
Eritrea,ERI,2011,35.55129623
Eritrea,ERI,2010,26.00652122
Eritrea,ERI,2009,24.35102463
Eritrea,ERI,2008,21.55065727
Eritrea,ERI,2007,19.62666321
Eritrea,ERI,2006,23.77408791
Eritrea,ERI,2005,21.92651939
Eritrea,ERI,2004,23.15624809
Eritrea,ERI,2003,19.81480217
Eritrea,ERI,2002,15.77544498
Eritrea,ERI,2001,14.90675831
Eritrea,ERI,2000,14.03034782
Eritrea,ERI,1999,
Eritrea,ERI,1998,
Eritrea,ERI,1997,
Eritrea,ERI,1996,
Eritrea,ERI,1995,
Eritrea,ERI,1994,
Eritrea,ERI,1993,
Eritrea,ERI,1992,
Eritrea,ERI,1991,
Eritrea,ERI,1990,
Eritrea,ERI,1989,
Eritrea,ERI,1988,
Eritrea,ERI,1987,
Eritrea,ERI,1986,
Eritrea,ERI,1985,
Eritrea,ERI,1984,
Eritrea,ERI,1983,
Eritrea,ERI,1982,
Eritrea,ERI,1981,
Eritrea,ERI,1980,
Eritrea,ERI,1979,
Eritrea,ERI,1978,
Eritrea,ERI,1977,
Eritrea,ERI,1976,
Eritrea,ERI,1975,
Eritrea,ERI,1974,
Eritrea,ERI,1973,
Eritrea,ERI,1972,
Eritrea,ERI,1971,
Eritrea,ERI,1970,
Eritrea,ERI,1969,
Eritrea,ERI,1968,
Eritrea,ERI,1967,
Eritrea,ERI,1966,
Eritrea,ERI,1965,
Eritrea,ERI,1964,
Eritrea,ERI,1963,
Eritrea,ERI,1962,
Eritrea,ERI,1961,
Eritrea,ERI,1960,
Estonia,EST,2025,
Estonia,EST,2024,2437.83764648
Estonia,EST,2023,2258.4597168
Estonia,EST,2022,1998.74523926
Estonia,EST,2021,2091.15649414
Estonia,EST,2020,1789.03417969
Estonia,EST,2019,1599.3503418
Estonia,EST,2018,1553.43347168
Estonia,EST,2017,1350.12646484
Estonia,EST,2016,1226.0859375
Estonia,EST,2015,1156.20275879
Estonia,EST,2014,1287.76123047
Estonia,EST,2013,1194.86206055
Estonia,EST,2012,1058.71960449
Estonia,EST,2011,1061.1628418
Estonia,EST,2010,966.19024658
Estonia,EST,2009,1006.50708008
Estonia,EST,2008,1082.15478516
Estonia,EST,2007,866.49945068
Estonia,EST,2006,627.18377686
Estonia,EST,2005,549.63024902
Estonia,EST,2004,474.50796509
Estonia,EST,2003,368.97955322
Estonia,EST,2002,250.48020935
Estonia,EST,2001,214.70417786
Estonia,EST,2000,209.97769165
Estonia,EST,1999,
Estonia,EST,1998,
Estonia,EST,1997,
Estonia,EST,1996,
Estonia,EST,1995,
Estonia,EST,1994,
Estonia,EST,1993,
Estonia,EST,1992,
Estonia,EST,1991,
Estonia,EST,1990,
Estonia,EST,1989,
Estonia,EST,1988,
Estonia,EST,1987,
Estonia,EST,1986,
Estonia,EST,1985,
Estonia,EST,1984,
Estonia,EST,1983,
Estonia,EST,1982,
Estonia,EST,1981,
Estonia,EST,1980,
Estonia,EST,1979,
Estonia,EST,1978,
Estonia,EST,1977,
Estonia,EST,1976,
Estonia,EST,1975,
Estonia,EST,1974,
Estonia,EST,1973,
Estonia,EST,1972,
Estonia,EST,1971,
Estonia,EST,1970,
Estonia,EST,1969,
Estonia,EST,1968,
Estonia,EST,1967,
Estonia,EST,1966,
Estonia,EST,1965,
Estonia,EST,1964,
Estonia,EST,1963,
Estonia,EST,1962,
Estonia,EST,1961,
Estonia,EST,1960,
Eswatini,SWZ,2025,
Eswatini,SWZ,2024,
Eswatini,SWZ,2023,296.04562378
Eswatini,SWZ,2022,284.75802612
Eswatini,SWZ,2021,297.72213745
Eswatini,SWZ,2020,236.99609375
Eswatini,SWZ,2019,320.05084229
Eswatini,SWZ,2018,292.33929443
Eswatini,SWZ,2017,265.50152588
Eswatini,SWZ,2016,226.41770935
Eswatini,SWZ,2015,250.71520996
Eswatini,SWZ,2014,282.43395996
Eswatini,SWZ,2013,303.40438843
Eswatini,SWZ,2012,340.03012085
Eswatini,SWZ,2011,365.25265503
Eswatini,SWZ,2010,343.04284668
Eswatini,SWZ,2009,279.68212891
Eswatini,SWZ,2008,265.72091675
Eswatini,SWZ,2007,252.24301147
Eswatini,SWZ,2006,237.50752258
Eswatini,SWZ,2005,217.26066589
Eswatini,SWZ,2004,175.89544678
Eswatini,SWZ,2003,131.40959167
Eswatini,SWZ,2002,74.66481781
Eswatini,SWZ,2001,75.41345978
Eswatini,SWZ,2000,76.93126678
Eswatini,SWZ,1999,
Eswatini,SWZ,1998,
Eswatini,SWZ,1997,
Eswatini,SWZ,1996,
Eswatini,SWZ,1995,
Eswatini,SWZ,1994,
Eswatini,SWZ,1993,
Eswatini,SWZ,1992,
Eswatini,SWZ,1991,
Eswatini,SWZ,1990,
Eswatini,SWZ,1989,
Eswatini,SWZ,1988,
Eswatini,SWZ,1987,
Eswatini,SWZ,1986,
Eswatini,SWZ,1985,
Eswatini,SWZ,1984,
Eswatini,SWZ,1983,
Eswatini,SWZ,1982,
Eswatini,SWZ,1981,
Eswatini,SWZ,1980,
Eswatini,SWZ,1979,
Eswatini,SWZ,1978,
Eswatini,SWZ,1977,
Eswatini,SWZ,1976,
Eswatini,SWZ,1975,
Eswatini,SWZ,1974,
Eswatini,SWZ,1973,
Eswatini,SWZ,1972,
Eswatini,SWZ,1971,
Eswatini,SWZ,1970,
Eswatini,SWZ,1969,
Eswatini,SWZ,1968,
Eswatini,SWZ,1967,
Eswatini,SWZ,1966,
Eswatini,SWZ,1965,
Eswatini,SWZ,1964,
Eswatini,SWZ,1963,
Eswatini,SWZ,1962,
Eswatini,SWZ,1961,
Eswatini,SWZ,1960,
Ethiopia,ETH,2025,
Ethiopia,ETH,2024,
Ethiopia,ETH,2023,34.79846954
Ethiopia,ETH,2022,27.06845474
Ethiopia,ETH,2021,26.06931114
Ethiopia,ETH,2020,28.28001595
Ethiopia,ETH,2019,25.93511963
Ethiopia,ETH,2018,23.5205574
Ethiopia,ETH,2017,24.18239403
Ethiopia,ETH,2016,24.34373283
Ethiopia,ETH,2015,23.21817207
Ethiopia,ETH,2014,21.6064415
Ethiopia,ETH,2013,19.26698494
Ethiopia,ETH,2012,20.00217628
Ethiopia,ETH,2011,14.62286568
Ethiopia,ETH,2010,16.17102051
Ethiopia,ETH,2009,15.1445961
Ethiopia,ETH,2008,13.03863621
Ethiopia,ETH,2007,11.63210678
Ethiopia,ETH,2006,8.42413712
Ethiopia,ETH,2005,6.4820013
Ethiopia,ETH,2004,5.7385993
Ethiopia,ETH,2003,5.70984173
Ethiopia,ETH,2002,5.14964151
Ethiopia,ETH,2001,5.50955105
Ethiopia,ETH,2000,5.28970861
Ethiopia,ETH,1999,
Ethiopia,ETH,1998,
Ethiopia,ETH,1997,
Ethiopia,ETH,1996,
Ethiopia,ETH,1995,
Ethiopia,ETH,1994,
Ethiopia,ETH,1993,
Ethiopia,ETH,1992,
Ethiopia,ETH,1991,
Ethiopia,ETH,1990,
Ethiopia,ETH,1989,
Ethiopia,ETH,1988,
Ethiopia,ETH,1987,
Ethiopia,ETH,1986,
Ethiopia,ETH,1985,
Ethiopia,ETH,1984,
Ethiopia,ETH,1983,
Ethiopia,ETH,1982,
Ethiopia,ETH,1981,
Ethiopia,ETH,1980,
Ethiopia,ETH,1979,
Ethiopia,ETH,1978,
Ethiopia,ETH,1977,
Ethiopia,ETH,1976,
Ethiopia,ETH,1975,
Ethiopia,ETH,1974,
Ethiopia,ETH,1973,
Ethiopia,ETH,1972,
Ethiopia,ETH,1971,
Ethiopia,ETH,1970,
Ethiopia,ETH,1969,
Ethiopia,ETH,1968,
Ethiopia,ETH,1967,
Ethiopia,ETH,1966,
Ethiopia,ETH,1965,
Ethiopia,ETH,1964,
Ethiopia,ETH,1963,
Ethiopia,ETH,1962,
Ethiopia,ETH,1961,
Ethiopia,ETH,1960,
Faroe Islands,FRO,2025,
Faroe Islands,FRO,2024,
Faroe Islands,FRO,2023,
Faroe Islands,FRO,2022,
Faroe Islands,FRO,2021,
Faroe Islands,FRO,2020,
Faroe Islands,FRO,2019,
Faroe Islands,FRO,2018,
Faroe Islands,FRO,2017,
Faroe Islands,FRO,2016,
Faroe Islands,FRO,2015,
Faroe Islands,FRO,2014,
Faroe Islands,FRO,2013,
Faroe Islands,FRO,2012,
Faroe Islands,FRO,2011,
Faroe Islands,FRO,2010,
Faroe Islands,FRO,2009,
Faroe Islands,FRO,2008,
Faroe Islands,FRO,2007,
Faroe Islands,FRO,2006,
Faroe Islands,FRO,2005,
Faroe Islands,FRO,2004,
Faroe Islands,FRO,2003,
Faroe Islands,FRO,2002,
Faroe Islands,FRO,2001,
Faroe Islands,FRO,2000,
Faroe Islands,FRO,1999,
Faroe Islands,FRO,1998,
Faroe Islands,FRO,1997,
Faroe Islands,FRO,1996,
Faroe Islands,FRO,1995,
Faroe Islands,FRO,1994,
Faroe Islands,FRO,1993,
Faroe Islands,FRO,1992,
Faroe Islands,FRO,1991,
Faroe Islands,FRO,1990,
Faroe Islands,FRO,1989,
Faroe Islands,FRO,1988,
Faroe Islands,FRO,1987,
Faroe Islands,FRO,1986,
Faroe Islands,FRO,1985,
Faroe Islands,FRO,1984,
Faroe Islands,FRO,1983,
Faroe Islands,FRO,1982,
Faroe Islands,FRO,1981,
Faroe Islands,FRO,1980,
Faroe Islands,FRO,1979,
Faroe Islands,FRO,1978,
Faroe Islands,FRO,1977,
Faroe Islands,FRO,1976,
Faroe Islands,FRO,1975,
Faroe Islands,FRO,1974,
Faroe Islands,FRO,1973,
Faroe Islands,FRO,1972,
Faroe Islands,FRO,1971,
Faroe Islands,FRO,1970,
Faroe Islands,FRO,1969,
Faroe Islands,FRO,1968,
Faroe Islands,FRO,1967,
Faroe Islands,FRO,1966,
Faroe Islands,FRO,1965,
Faroe Islands,FRO,1964,
Faroe Islands,FRO,1963,
Faroe Islands,FRO,1962,
Faroe Islands,FRO,1961,
Faroe Islands,FRO,1960,
Fiji,FJI,2025,
Fiji,FJI,2024,
Fiji,FJI,2023,212.88697815
Fiji,FJI,2022,217.15068054
Fiji,FJI,2021,331.58413696
Fiji,FJI,2020,256.25967407
Fiji,FJI,2019,254.83047485
Fiji,FJI,2018,249.86022949
Fiji,FJI,2017,185.69645691
Fiji,FJI,2016,175.91635132
Fiji,FJI,2015,169.47518921
Fiji,FJI,2014,178.31169128
Fiji,FJI,2013,158.51806641
Fiji,FJI,2012,153.56562805
Fiji,FJI,2011,140.93704224
Fiji,FJI,2010,127.65603638
Fiji,FJI,2009,121.05646515
Fiji,FJI,2008,134.50354004
Fiji,FJI,2007,140.30192566
Fiji,FJI,2006,126.38617706
Fiji,FJI,2005,120.21074677
Fiji,FJI,2004,110.06819153
Fiji,FJI,2003,86.09690094
Fiji,FJI,2002,69.40512085
Fiji,FJI,2001,61.49855804
Fiji,FJI,2000,74.28569794
Fiji,FJI,1999,
Fiji,FJI,1998,
Fiji,FJI,1997,
Fiji,FJI,1996,
Fiji,FJI,1995,
Fiji,FJI,1994,
Fiji,FJI,1993,
Fiji,FJI,1992,
Fiji,FJI,1991,
Fiji,FJI,1990,
Fiji,FJI,1989,
Fiji,FJI,1988,
Fiji,FJI,1987,
Fiji,FJI,1986,
Fiji,FJI,1985,
Fiji,FJI,1984,
Fiji,FJI,1983,
Fiji,FJI,1982,
Fiji,FJI,1981,
Fiji,FJI,1980,
Fiji,FJI,1979,
Fiji,FJI,1978,
Fiji,FJI,1977,
Fiji,FJI,1976,
Fiji,FJI,1975,
Fiji,FJI,1974,
Fiji,FJI,1973,
Fiji,FJI,1972,
Fiji,FJI,1971,
Fiji,FJI,1970,
Fiji,FJI,1969,
Fiji,FJI,1968,
Fiji,FJI,1967,
Fiji,FJI,1966,
Fiji,FJI,1965,
Fiji,FJI,1964,
Fiji,FJI,1963,
Fiji,FJI,1962,
Fiji,FJI,1961,
Fiji,FJI,1960,
Finland,FIN,2025,
Finland,FIN,2024,
Finland,FIN,2023,5515.40478516
Finland,FIN,2022,4902.0390625
Finland,FIN,2021,5261.90966797
Finland,FIN,2020,4736.21435547
Finland,FIN,2019,4459.9296875
Finland,FIN,2018,4521.27636719
Finland,FIN,2017,4235.75488281
Finland,FIN,2016,4108.73974609
Finland,FIN,2015,4128.20751953
Finland,FIN,2014,4922.4296875
Finland,FIN,2013,4892.03369141
Finland,FIN,2012,4573.19726563
Finland,FIN,2011,4717.5078125
Finland,FIN,2010,4251.52880859
Finland,FIN,2009,4349.89501953
Finland,FIN,2008,4486.33789063
Finland,FIN,2007,3918.64453125
Finland,FIN,2006,3414.94140625
Finland,FIN,2005,3236.85839844
Finland,FIN,2004,3044.12109375
Finland,FIN,2003,2613.84570313
Finland,FIN,2002,2059.3269043
Finland,FIN,2001,1810.40380859
Finland,FIN,2000,1726.74438477
Finland,FIN,1999,
Finland,FIN,1998,
Finland,FIN,1997,
Finland,FIN,1996,
Finland,FIN,1995,
Finland,FIN,1994,
Finland,FIN,1993,
Finland,FIN,1992,
Finland,FIN,1991,
Finland,FIN,1990,
Finland,FIN,1989,
Finland,FIN,1988,
Finland,FIN,1987,
Finland,FIN,1986,
Finland,FIN,1985,
Finland,FIN,1984,
Finland,FIN,1983,
Finland,FIN,1982,
Finland,FIN,1981,
Finland,FIN,1980,
Finland,FIN,1979,
Finland,FIN,1978,
Finland,FIN,1977,
Finland,FIN,1976,
Finland,FIN,1975,
Finland,FIN,1974,
Finland,FIN,1973,
Finland,FIN,1972,
Finland,FIN,1971,
Finland,FIN,1970,
Finland,FIN,1969,
Finland,FIN,1968,
Finland,FIN,1967,
Finland,FIN,1966,
Finland,FIN,1965,
Finland,FIN,1964,
Finland,FIN,1963,
Finland,FIN,1962,
Finland,FIN,1961,
Finland,FIN,1960,
France,FRA,2025,
France,FRA,2024,5327.43359375
France,FRA,2023,5149.0546875
France,FRA,2022,4857.73388672
France,FRA,2021,5364.89746094
France,FRA,2020,4760.08251953
France,FRA,2019,4519.98583984
France,FRA,2018,4692.99511719
France,FRA,2017,4436.63720703
France,FRA,2016,4289.34716797
France,FRA,2015,4226.62646484
France,FRA,2014,5007.29736328
France,FRA,2013,4884.71582031
France,FRA,2012,4659.92431641
France,FRA,2011,4936.95605469
France,FRA,2010,4593.66308594
France,FRA,2009,4737.578125
France,FRA,2008,4807.37451172
France,FRA,2007,4312.31054688
France,FRA,2006,3811.55175781
France,FRA,2005,3575.02514648
France,FRA,2004,3458.62744141
France,FRA,2003,3006.3059082
France,FRA,2002,2449.75830078
France,FRA,2001,2192.71557617
France,FRA,2000,2161.85302734
France,FRA,1999,
France,FRA,1998,
France,FRA,1997,
France,FRA,1996,
France,FRA,1995,
France,FRA,1994,
France,FRA,1993,
France,FRA,1992,
France,FRA,1991,
France,FRA,1990,
France,FRA,1989,
France,FRA,1988,
France,FRA,1987,
France,FRA,1986,
France,FRA,1985,
France,FRA,1984,
France,FRA,1983,
France,FRA,1982,
France,FRA,1981,
France,FRA,1980,
France,FRA,1979,
France,FRA,1978,
France,FRA,1977,
France,FRA,1976,
France,FRA,1975,
France,FRA,1974,
France,FRA,1973,
France,FRA,1972,
France,FRA,1971,
France,FRA,1970,
France,FRA,1969,
France,FRA,1968,
France,FRA,1967,
France,FRA,1966,
France,FRA,1965,
France,FRA,1964,
France,FRA,1963,
France,FRA,1962,
France,FRA,1961,
France,FRA,1960,
French Polynesia,PYF,2025,
French Polynesia,PYF,2024,
French Polynesia,PYF,2023,
French Polynesia,PYF,2022,
French Polynesia,PYF,2021,
French Polynesia,PYF,2020,
French Polynesia,PYF,2019,
French Polynesia,PYF,2018,
French Polynesia,PYF,2017,
French Polynesia,PYF,2016,
French Polynesia,PYF,2015,
French Polynesia,PYF,2014,
French Polynesia,PYF,2013,
French Polynesia,PYF,2012,
French Polynesia,PYF,2011,
French Polynesia,PYF,2010,
French Polynesia,PYF,2009,
French Polynesia,PYF,2008,
French Polynesia,PYF,2007,
French Polynesia,PYF,2006,
French Polynesia,PYF,2005,
French Polynesia,PYF,2004,
French Polynesia,PYF,2003,
French Polynesia,PYF,2002,
French Polynesia,PYF,2001,
French Polynesia,PYF,2000,
French Polynesia,PYF,1999,
French Polynesia,PYF,1998,
French Polynesia,PYF,1997,
French Polynesia,PYF,1996,
French Polynesia,PYF,1995,
French Polynesia,PYF,1994,
French Polynesia,PYF,1993,
French Polynesia,PYF,1992,
French Polynesia,PYF,1991,
French Polynesia,PYF,1990,
French Polynesia,PYF,1989,
French Polynesia,PYF,1988,
French Polynesia,PYF,1987,
French Polynesia,PYF,1986,
French Polynesia,PYF,1985,
French Polynesia,PYF,1984,
French Polynesia,PYF,1983,
French Polynesia,PYF,1982,
French Polynesia,PYF,1981,
French Polynesia,PYF,1980,
French Polynesia,PYF,1979,
French Polynesia,PYF,1978,
French Polynesia,PYF,1977,
French Polynesia,PYF,1976,
French Polynesia,PYF,1975,
French Polynesia,PYF,1974,
French Polynesia,PYF,1973,
French Polynesia,PYF,1972,
French Polynesia,PYF,1971,
French Polynesia,PYF,1970,
French Polynesia,PYF,1969,
French Polynesia,PYF,1968,
French Polynesia,PYF,1967,
French Polynesia,PYF,1966,
French Polynesia,PYF,1965,
French Polynesia,PYF,1964,
French Polynesia,PYF,1963,
French Polynesia,PYF,1962,
French Polynesia,PYF,1961,
French Polynesia,PYF,1960,
Gabon,GAB,2025,
Gabon,GAB,2024,
Gabon,GAB,2023,252.98246765
Gabon,GAB,2022,243.09941101
Gabon,GAB,2021,228.46922302
Gabon,GAB,2020,227.2480011
Gabon,GAB,2019,205.99945068
Gabon,GAB,2018,209.28697205
Gabon,GAB,2017,192.47543335
Gabon,GAB,2016,207.50273132
Gabon,GAB,2015,187.27270508
Gabon,GAB,2014,233.05368042
Gabon,GAB,2013,261.29452515
Gabon,GAB,2012,225.07722473
Gabon,GAB,2011,261.37597656
Gabon,GAB,2010,206.87702942
Gabon,GAB,2009,277.62945557
Gabon,GAB,2008,275.89450073
Gabon,GAB,2007,246.78276062
Gabon,GAB,2006,211.9914093
Gabon,GAB,2005,188.91426086
Gabon,GAB,2004,183.92318726
Gabon,GAB,2003,166.59495544
Gabon,GAB,2002,132.07215881
Gabon,GAB,2001,120.90242767
Gabon,GAB,2000,123.197258
Gabon,GAB,1999,
Gabon,GAB,1998,
Gabon,GAB,1997,
Gabon,GAB,1996,
Gabon,GAB,1995,
Gabon,GAB,1994,
Gabon,GAB,1993,
Gabon,GAB,1992,
Gabon,GAB,1991,
Gabon,GAB,1990,
Gabon,GAB,1989,
Gabon,GAB,1988,
Gabon,GAB,1987,
Gabon,GAB,1986,
Gabon,GAB,1985,
Gabon,GAB,1984,
Gabon,GAB,1983,
Gabon,GAB,1982,
Gabon,GAB,1981,
Gabon,GAB,1980,
Gabon,GAB,1979,
Gabon,GAB,1978,
Gabon,GAB,1977,
Gabon,GAB,1976,
Gabon,GAB,1975,
Gabon,GAB,1974,
Gabon,GAB,1973,
Gabon,GAB,1972,
Gabon,GAB,1971,
Gabon,GAB,1970,
Gabon,GAB,1969,
Gabon,GAB,1968,
Gabon,GAB,1967,
Gabon,GAB,1966,
Gabon,GAB,1965,
Gabon,GAB,1964,
Gabon,GAB,1963,
Gabon,GAB,1962,
Gabon,GAB,1961,
Gabon,GAB,1960,
"Gambia, The",GMB,2025,
"Gambia, The",GMB,2024,
"Gambia, The",GMB,2023,25.74407768
"Gambia, The",GMB,2022,29.57811737
"Gambia, The",GMB,2021,29.77283478
"Gambia, The",GMB,2020,28.9169693
"Gambia, The",GMB,2019,23.21861267
"Gambia, The",GMB,2018,22.17474365
"Gambia, The",GMB,2017,21.55331612
"Gambia, The",GMB,2016,20.77086067
"Gambia, The",GMB,2015,19.67725563
"Gambia, The",GMB,2014,17.33743477
"Gambia, The",GMB,2013,25.59075928
"Gambia, The",GMB,2012,29.56409264
"Gambia, The",GMB,2011,31.05148888
"Gambia, The",GMB,2010,32.99832535
"Gambia, The",GMB,2009,34.59326172
"Gambia, The",GMB,2008,40.0297699
"Gambia, The",GMB,2007,35.91078568
"Gambia, The",GMB,2006,33.41355896
"Gambia, The",GMB,2005,33.2039566
"Gambia, The",GMB,2004,32.15613174
"Gambia, The",GMB,2003,28.3001461
"Gambia, The",GMB,2002,35.99459839
"Gambia, The",GMB,2001,55.65046692
"Gambia, The",GMB,2000,74.83678436
"Gambia, The",GMB,1999,
"Gambia, The",GMB,1998,
"Gambia, The",GMB,1997,
"Gambia, The",GMB,1996,
"Gambia, The",GMB,1995,
"Gambia, The",GMB,1994,
"Gambia, The",GMB,1993,
"Gambia, The",GMB,1992,
"Gambia, The",GMB,1991,
"Gambia, The",GMB,1990,
"Gambia, The",GMB,1989,
"Gambia, The",GMB,1988,
"Gambia, The",GMB,1987,
"Gambia, The",GMB,1986,
"Gambia, The",GMB,1985,
"Gambia, The",GMB,1984,
"Gambia, The",GMB,1983,
"Gambia, The",GMB,1982,
"Gambia, The",GMB,1981,
"Gambia, The",GMB,1980,
"Gambia, The",GMB,1979,
"Gambia, The",GMB,1978,
"Gambia, The",GMB,1977,
"Gambia, The",GMB,1976,
"Gambia, The",GMB,1975,
"Gambia, The",GMB,1974,
"Gambia, The",GMB,1973,
"Gambia, The",GMB,1972,
"Gambia, The",GMB,1971,
"Gambia, The",GMB,1970,
"Gambia, The",GMB,1969,
"Gambia, The",GMB,1968,
"Gambia, The",GMB,1967,
"Gambia, The",GMB,1966,
"Gambia, The",GMB,1965,
"Gambia, The",GMB,1964,
"Gambia, The",GMB,1963,
"Gambia, The",GMB,1962,
"Gambia, The",GMB,1961,
"Gambia, The",GMB,1960,
Georgia,GEO,2025,
Georgia,GEO,2024,
Georgia,GEO,2023,554.3248291
Georgia,GEO,2022,546.22503662
Georgia,GEO,2021,524.32415771
Georgia,GEO,2020,389.42260742
Georgia,GEO,2019,339.86679077
Georgia,GEO,2018,365.91583252
Georgia,GEO,2017,377.92520142
Georgia,GEO,2016,369.51849365
Georgia,GEO,2015,347.71783447
Georgia,GEO,2014,392.86099243
Georgia,GEO,2013,368.16253662
Georgia,GEO,2012,349.90432739
Georgia,GEO,2011,315.29684448
Georgia,GEO,2010,287.75900269
Georgia,GEO,2009,270.2170105
Georgia,GEO,2008,281.84671021
Georgia,GEO,2007,195.9908905
Georgia,GEO,2006,152.0617218
Georgia,GEO,2005,132.22496033
Georgia,GEO,2004,105.09565735
Georgia,GEO,2003,80.6542511
Georgia,GEO,2002,66.08916473
Georgia,GEO,2001,56.36803818
Georgia,GEO,2000,52.25807953
Georgia,GEO,1999,
Georgia,GEO,1998,
Georgia,GEO,1997,
Georgia,GEO,1996,
Georgia,GEO,1995,
Georgia,GEO,1994,
Georgia,GEO,1993,
Georgia,GEO,1992,
Georgia,GEO,1991,
Georgia,GEO,1990,
Georgia,GEO,1989,
Georgia,GEO,1988,
Georgia,GEO,1987,
Georgia,GEO,1986,
Georgia,GEO,1985,
Georgia,GEO,1984,
Georgia,GEO,1983,
Georgia,GEO,1982,
Georgia,GEO,1981,
Georgia,GEO,1980,
Georgia,GEO,1979,
Georgia,GEO,1978,
Georgia,GEO,1977,
Georgia,GEO,1976,
Georgia,GEO,1975,
Georgia,GEO,1974,
Georgia,GEO,1973,
Georgia,GEO,1972,
Georgia,GEO,1971,
Georgia,GEO,1970,
Georgia,GEO,1969,
Georgia,GEO,1968,
Georgia,GEO,1967,
Georgia,GEO,1966,
Georgia,GEO,1965,
Georgia,GEO,1964,
Georgia,GEO,1963,
Georgia,GEO,1962,
Georgia,GEO,1961,
Georgia,GEO,1960,
Germany,DEU,2025,
Germany,DEU,2024,6849.26367188
Germany,DEU,2023,6394.62255859
Germany,DEU,2022,6226.14208984
Germany,DEU,2021,6653.58349609
Germany,DEU,2020,5906.80615234
Germany,DEU,2019,5447.31787109
Germany,DEU,2018,5473.55712891
Germany,DEU,2017,5039.35302734
Germany,DEU,2016,4723.32421875
Germany,DEU,2015,4605.59033203
Germany,DEU,2014,5287.34423828
Germany,DEU,2013,5080.62402344
Germany,DEU,2012,4744.87011719
Germany,DEU,2011,5016.23583984
Germany,DEU,2010,4592.07128906
Germany,DEU,2009,4655.171875
Germany,DEU,2008,4647.31005859
Germany,DEU,2007,4162.6875
Germany,DEU,2006,3681.3659668
Germany,DEU,2005,3544.56616211
Germany,DEU,2004,3447.26977539
Germany,DEU,2003,3139.36328125
Germany,DEU,2002,2557.53564453
Germany,DEU,2001,2338.12231445
Germany,DEU,2000,2336.36230469
Germany,DEU,1999,
Germany,DEU,1998,
Germany,DEU,1997,
Germany,DEU,1996,
Germany,DEU,1995,
Germany,DEU,1994,
Germany,DEU,1993,
Germany,DEU,1992,
Germany,DEU,1991,
Germany,DEU,1990,
Germany,DEU,1989,
Germany,DEU,1988,
Germany,DEU,1987,
Germany,DEU,1986,
Germany,DEU,1985,
Germany,DEU,1984,
Germany,DEU,1983,
Germany,DEU,1982,
Germany,DEU,1981,
Germany,DEU,1980,
Germany,DEU,1979,
Germany,DEU,1978,
Germany,DEU,1977,
Germany,DEU,1976,
Germany,DEU,1975,
Germany,DEU,1974,
Germany,DEU,1973,
Germany,DEU,1972,
Germany,DEU,1971,
Germany,DEU,1970,
Germany,DEU,1969,
Germany,DEU,1968,
Germany,DEU,1967,
Germany,DEU,1966,
Germany,DEU,1965,
Germany,DEU,1964,
Germany,DEU,1963,
Germany,DEU,1962,
Germany,DEU,1961,
Germany,DEU,1960,
Ghana,GHA,2025,
Ghana,GHA,2024,
Ghana,GHA,2023,70.25730896
Ghana,GHA,2022,82.32108307
Ghana,GHA,2021,94.40388489
Ghana,GHA,2020,97.37677765
Ghana,GHA,2019,71.14958191
Ghana,GHA,2018,53.37788773
Ghana,GHA,2017,54.10602188
Ghana,GHA,2016,64.86400604
Ghana,GHA,2015,78.21643066
Ghana,GHA,2014,78.46701813
Ghana,GHA,2013,105.34784698
Ghana,GHA,2012,81.96895599
Ghana,GHA,2011,91.70959473
Ghana,GHA,2010,80.6833725
Ghana,GHA,2009,62.44382095
Ghana,GHA,2008,63.45487595
Ghana,GHA,2007,57.34096527
Ghana,GHA,2006,49.34616852
Ghana,GHA,2005,38.51657486
Ghana,GHA,2004,23.57214928
Ghana,GHA,2003,18.96423721
Ghana,GHA,2002,14.30371571
Ghana,GHA,2001,12.15051079
Ghana,GHA,2000,10.46035767
Ghana,GHA,1999,
Ghana,GHA,1998,
Ghana,GHA,1997,
Ghana,GHA,1996,
Ghana,GHA,1995,
Ghana,GHA,1994,
Ghana,GHA,1993,
Ghana,GHA,1992,
Ghana,GHA,1991,
Ghana,GHA,1990,
Ghana,GHA,1989,
Ghana,GHA,1988,
Ghana,GHA,1987,
Ghana,GHA,1986,
Ghana,GHA,1985,
Ghana,GHA,1984,
Ghana,GHA,1983,
Ghana,GHA,1982,
Ghana,GHA,1981,
Ghana,GHA,1980,
Ghana,GHA,1979,
Ghana,GHA,1978,
Ghana,GHA,1977,
Ghana,GHA,1976,
Ghana,GHA,1975,
Ghana,GHA,1974,
Ghana,GHA,1973,
Ghana,GHA,1972,
Ghana,GHA,1971,
Ghana,GHA,1970,
Ghana,GHA,1969,
Ghana,GHA,1968,
Ghana,GHA,1967,
Ghana,GHA,1966,
Ghana,GHA,1965,
Ghana,GHA,1964,
Ghana,GHA,1963,
Ghana,GHA,1962,
Ghana,GHA,1961,
Ghana,GHA,1960,
Gibraltar,GIB,2025,
Gibraltar,GIB,2024,
Gibraltar,GIB,2023,
Gibraltar,GIB,2022,
Gibraltar,GIB,2021,
Gibraltar,GIB,2020,
Gibraltar,GIB,2019,
Gibraltar,GIB,2018,
Gibraltar,GIB,2017,
Gibraltar,GIB,2016,
Gibraltar,GIB,2015,
Gibraltar,GIB,2014,
Gibraltar,GIB,2013,
Gibraltar,GIB,2012,
Gibraltar,GIB,2011,
Gibraltar,GIB,2010,
Gibraltar,GIB,2009,
Gibraltar,GIB,2008,
Gibraltar,GIB,2007,
Gibraltar,GIB,2006,
Gibraltar,GIB,2005,
Gibraltar,GIB,2004,
Gibraltar,GIB,2003,
Gibraltar,GIB,2002,
Gibraltar,GIB,2001,
Gibraltar,GIB,2000,
Gibraltar,GIB,1999,
Gibraltar,GIB,1998,
Gibraltar,GIB,1997,
Gibraltar,GIB,1996,
Gibraltar,GIB,1995,
Gibraltar,GIB,1994,
Gibraltar,GIB,1993,
Gibraltar,GIB,1992,
Gibraltar,GIB,1991,
Gibraltar,GIB,1990,
Gibraltar,GIB,1989,
Gibraltar,GIB,1988,
Gibraltar,GIB,1987,
Gibraltar,GIB,1986,
Gibraltar,GIB,1985,
Gibraltar,GIB,1984,
Gibraltar,GIB,1983,
Gibraltar,GIB,1982,
Gibraltar,GIB,1981,
Gibraltar,GIB,1980,
Gibraltar,GIB,1979,
Gibraltar,GIB,1978,
Gibraltar,GIB,1977,
Gibraltar,GIB,1976,
Gibraltar,GIB,1975,
Gibraltar,GIB,1974,
Gibraltar,GIB,1973,
Gibraltar,GIB,1972,
Gibraltar,GIB,1971,
Gibraltar,GIB,1970,
Gibraltar,GIB,1969,
Gibraltar,GIB,1968,
Gibraltar,GIB,1967,
Gibraltar,GIB,1966,
Gibraltar,GIB,1965,
Gibraltar,GIB,1964,
Gibraltar,GIB,1963,
Gibraltar,GIB,1962,
Gibraltar,GIB,1961,
Gibraltar,GIB,1960,
Greece,GRC,2025,
Greece,GRC,2024,
Greece,GRC,2023,1962.59594727
Greece,GRC,2022,1768.11071777
Greece,GRC,2021,1846.37304688
Greece,GRC,2020,1674.78417969
Greece,GRC,2019,1569.02844238
Greece,GRC,2018,1603.07788086
Greece,GRC,2017,1509.78442383
Greece,GRC,2016,1513.25939941
Greece,GRC,2015,1481.41967773
Greece,GRC,2014,1700.4942627
Greece,GRC,2013,1832.02954102
Greece,GRC,2012,1948.24816895
Greece,GRC,2011,2338.91577148
Greece,GRC,2010,2564.36987305
Greece,GRC,2009,2809.05957031
Greece,GRC,2008,2840.50854492
Greece,GRC,2007,2426.75952148
Greece,GRC,2006,2052.87548828
Greece,GRC,2005,1935.26757813
Greece,GRC,2004,1782.69592285
Greece,GRC,2003,1566.40979004
Greece,GRC,2002,1168.82409668
Greece,GRC,2001,1004.81542969
Greece,GRC,2000,885.41052246
Greece,GRC,1999,
Greece,GRC,1998,
Greece,GRC,1997,
Greece,GRC,1996,
Greece,GRC,1995,
Greece,GRC,1994,
Greece,GRC,1993,
Greece,GRC,1992,
Greece,GRC,1991,
Greece,GRC,1990,
Greece,GRC,1989,
Greece,GRC,1988,
Greece,GRC,1987,
Greece,GRC,1986,
Greece,GRC,1985,
Greece,GRC,1984,
Greece,GRC,1983,
Greece,GRC,1982,
Greece,GRC,1981,
Greece,GRC,1980,
Greece,GRC,1979,
Greece,GRC,1978,
Greece,GRC,1977,
Greece,GRC,1976,
Greece,GRC,1975,
Greece,GRC,1974,
Greece,GRC,1973,
Greece,GRC,1972,
Greece,GRC,1971,
Greece,GRC,1970,
Greece,GRC,1969,
Greece,GRC,1968,
Greece,GRC,1967,
Greece,GRC,1966,
Greece,GRC,1965,
Greece,GRC,1964,
Greece,GRC,1963,
Greece,GRC,1962,
Greece,GRC,1961,
Greece,GRC,1960,
Greenland,GRL,2025,
Greenland,GRL,2024,
Greenland,GRL,2023,
Greenland,GRL,2022,
Greenland,GRL,2021,
Greenland,GRL,2020,
Greenland,GRL,2019,
Greenland,GRL,2018,
Greenland,GRL,2017,
Greenland,GRL,2016,
Greenland,GRL,2015,
Greenland,GRL,2014,
Greenland,GRL,2013,
Greenland,GRL,2012,
Greenland,GRL,2011,
Greenland,GRL,2010,
Greenland,GRL,2009,
Greenland,GRL,2008,
Greenland,GRL,2007,
Greenland,GRL,2006,
Greenland,GRL,2005,
Greenland,GRL,2004,
Greenland,GRL,2003,
Greenland,GRL,2002,
Greenland,GRL,2001,
Greenland,GRL,2000,
Greenland,GRL,1999,
Greenland,GRL,1998,
Greenland,GRL,1997,
Greenland,GRL,1996,
Greenland,GRL,1995,
Greenland,GRL,1994,
Greenland,GRL,1993,
Greenland,GRL,1992,
Greenland,GRL,1991,
Greenland,GRL,1990,
Greenland,GRL,1989,
Greenland,GRL,1988,
Greenland,GRL,1987,
Greenland,GRL,1986,
Greenland,GRL,1985,
Greenland,GRL,1984,
Greenland,GRL,1983,
Greenland,GRL,1982,
Greenland,GRL,1981,
Greenland,GRL,1980,
Greenland,GRL,1979,
Greenland,GRL,1978,
Greenland,GRL,1977,
Greenland,GRL,1976,
Greenland,GRL,1975,
Greenland,GRL,1974,
Greenland,GRL,1973,
Greenland,GRL,1972,
Greenland,GRL,1971,
Greenland,GRL,1970,
Greenland,GRL,1969,
Greenland,GRL,1968,
Greenland,GRL,1967,
Greenland,GRL,1966,
Greenland,GRL,1965,
Greenland,GRL,1964,
Greenland,GRL,1963,
Greenland,GRL,1962,
Greenland,GRL,1961,
Greenland,GRL,1960,
Grenada,GRD,2025,
Grenada,GRD,2024,
Grenada,GRD,2023,526.3918457
Grenada,GRD,2022,526.35113525
Grenada,GRD,2021,508.09500122
Grenada,GRD,2020,475.83853149
Grenada,GRD,2019,515.94726563
Grenada,GRD,2018,462.2394104
Grenada,GRD,2017,454.07266235
Grenada,GRD,2016,409.27841187
Grenada,GRD,2015,404.00680542
Grenada,GRD,2014,381.22598267
Grenada,GRD,2013,417.74581909
Grenada,GRD,2012,413.02658081
Grenada,GRD,2011,403.17129517
Grenada,GRD,2010,374.46508789
Grenada,GRD,2009,376.68447876
Grenada,GRD,2008,401.15072632
Grenada,GRD,2007,359.53503418
Grenada,GRD,2006,324.32067871
Grenada,GRD,2005,326.09225464
Grenada,GRD,2004,294.12390137
Grenada,GRD,2003,286.90512085
Grenada,GRD,2002,307.84365845
Grenada,GRD,2001,271.03814697
Grenada,GRD,2000,259.33764648
Grenada,GRD,1999,
Grenada,GRD,1998,
Grenada,GRD,1997,
Grenada,GRD,1996,
Grenada,GRD,1995,
Grenada,GRD,1994,
Grenada,GRD,1993,
Grenada,GRD,1992,
Grenada,GRD,1991,
Grenada,GRD,1990,
Grenada,GRD,1989,
Grenada,GRD,1988,
Grenada,GRD,1987,
Grenada,GRD,1986,
Grenada,GRD,1985,
Grenada,GRD,1984,
Grenada,GRD,1983,
Grenada,GRD,1982,
Grenada,GRD,1981,
Grenada,GRD,1980,
Grenada,GRD,1979,
Grenada,GRD,1978,
Grenada,GRD,1977,
Grenada,GRD,1976,
Grenada,GRD,1975,
Grenada,GRD,1974,
Grenada,GRD,1973,
Grenada,GRD,1972,
Grenada,GRD,1971,
Grenada,GRD,1970,
Grenada,GRD,1969,
Grenada,GRD,1968,
Grenada,GRD,1967,
Grenada,GRD,1966,
Grenada,GRD,1965,
Grenada,GRD,1964,
Grenada,GRD,1963,
Grenada,GRD,1962,
Grenada,GRD,1961,
Grenada,GRD,1960,
Guam,GUM,2025,
Guam,GUM,2024,
Guam,GUM,2023,
Guam,GUM,2022,
Guam,GUM,2021,
Guam,GUM,2020,
Guam,GUM,2019,
Guam,GUM,2018,
Guam,GUM,2017,
Guam,GUM,2016,
Guam,GUM,2015,
Guam,GUM,2014,
Guam,GUM,2013,
Guam,GUM,2012,
Guam,GUM,2011,
Guam,GUM,2010,
Guam,GUM,2009,
Guam,GUM,2008,
Guam,GUM,2007,
Guam,GUM,2006,
Guam,GUM,2005,
Guam,GUM,2004,
Guam,GUM,2003,
Guam,GUM,2002,
Guam,GUM,2001,
Guam,GUM,2000,
Guam,GUM,1999,
Guam,GUM,1998,
Guam,GUM,1997,
Guam,GUM,1996,
Guam,GUM,1995,
Guam,GUM,1994,
Guam,GUM,1993,
Guam,GUM,1992,
Guam,GUM,1991,
Guam,GUM,1990,
Guam,GUM,1989,
Guam,GUM,1988,
Guam,GUM,1987,
Guam,GUM,1986,
Guam,GUM,1985,
Guam,GUM,1984,
Guam,GUM,1983,
Guam,GUM,1982,
Guam,GUM,1981,
Guam,GUM,1980,
Guam,GUM,1979,
Guam,GUM,1978,
Guam,GUM,1977,
Guam,GUM,1976,
Guam,GUM,1975,
Guam,GUM,1974,
Guam,GUM,1973,
Guam,GUM,1972,
Guam,GUM,1971,
Guam,GUM,1970,
Guam,GUM,1969,
Guam,GUM,1968,
Guam,GUM,1967,
Guam,GUM,1966,
Guam,GUM,1965,
Guam,GUM,1964,
Guam,GUM,1963,
Guam,GUM,1962,
Guam,GUM,1961,
Guam,GUM,1960,
Guatemala,GTM,2025,
Guatemala,GTM,2024,
Guatemala,GTM,2023,392.01223755
Guatemala,GTM,2022,384.06158447
Guatemala,GTM,2021,361.51858521
Guatemala,GTM,2020,289.21640015
Guatemala,GTM,2019,278.59024048
Guatemala,GTM,2018,265.81820679
Guatemala,GTM,2017,265.36593628
Guatemala,GTM,2016,246.4538269
Guatemala,GTM,2015,233.8447876
Guatemala,GTM,2014,217.23764038
Guatemala,GTM,2013,198.79296875
Guatemala,GTM,2012,200.84880066
Guatemala,GTM,2011,191.24732971
Guatemala,GTM,2010,175.31318665
Guatemala,GTM,2009,169.37559509
Guatemala,GTM,2008,175.67254639
Guatemala,GTM,2007,158.89395142
Guatemala,GTM,2006,149.04266357
Guatemala,GTM,2005,132.41906738
Guatemala,GTM,2004,122.16271973
Guatemala,GTM,2003,113.38285065
Guatemala,GTM,2002,107.62042236
Guatemala,GTM,2001,100.02039337
Guatemala,GTM,2000,83.61930084
Guatemala,GTM,1999,
Guatemala,GTM,1998,
Guatemala,GTM,1997,
Guatemala,GTM,1996,
Guatemala,GTM,1995,
Guatemala,GTM,1994,
Guatemala,GTM,1993,
Guatemala,GTM,1992,
Guatemala,GTM,1991,
Guatemala,GTM,1990,
Guatemala,GTM,1989,
Guatemala,GTM,1988,
Guatemala,GTM,1987,
Guatemala,GTM,1986,
Guatemala,GTM,1985,
Guatemala,GTM,1984,
Guatemala,GTM,1983,
Guatemala,GTM,1982,
Guatemala,GTM,1981,
Guatemala,GTM,1980,
Guatemala,GTM,1979,
Guatemala,GTM,1978,
Guatemala,GTM,1977,
Guatemala,GTM,1976,
Guatemala,GTM,1975,
Guatemala,GTM,1974,
Guatemala,GTM,1973,
Guatemala,GTM,1972,
Guatemala,GTM,1971,
Guatemala,GTM,1970,
Guatemala,GTM,1969,
Guatemala,GTM,1968,
Guatemala,GTM,1967,
Guatemala,GTM,1966,
Guatemala,GTM,1965,
Guatemala,GTM,1964,
Guatemala,GTM,1963,
Guatemala,GTM,1962,
Guatemala,GTM,1961,
Guatemala,GTM,1960,
Guinea,GIN,2025,
Guinea,GIN,2024,
Guinea,GIN,2023,59.33010101
Guinea,GIN,2022,53.2922287
Guinea,GIN,2021,44.10476303
Guinea,GIN,2020,41.1027565
Guinea,GIN,2019,42.16910172
Guinea,GIN,2018,34.88978195
Guinea,GIN,2017,32.63646317
Guinea,GIN,2016,38.42609406
Guinea,GIN,2015,43.41540527
Guinea,GIN,2014,36.63517761
Guinea,GIN,2013,25.90467834
Guinea,GIN,2012,23.70012856
Guinea,GIN,2011,24.12806129
Guinea,GIN,2010,22.59741783
Guinea,GIN,2009,23.71565628
Guinea,GIN,2008,22.97397041
Guinea,GIN,2007,22.64143372
Guinea,GIN,2006,16.15967941
Guinea,GIN,2005,19.66388702
Guinea,GIN,2004,26.41420937
Guinea,GIN,2003,25.60194969
Guinea,GIN,2002,24.83917809
Guinea,GIN,2001,21.76875114
Guinea,GIN,2000,22.71741867
Guinea,GIN,1999,
Guinea,GIN,1998,
Guinea,GIN,1997,
Guinea,GIN,1996,
Guinea,GIN,1995,
Guinea,GIN,1994,
Guinea,GIN,1993,
Guinea,GIN,1992,
Guinea,GIN,1991,
Guinea,GIN,1990,
Guinea,GIN,1989,
Guinea,GIN,1988,
Guinea,GIN,1987,
Guinea,GIN,1986,
Guinea,GIN,1985,
Guinea,GIN,1984,
Guinea,GIN,1983,
Guinea,GIN,1982,
Guinea,GIN,1981,
Guinea,GIN,1980,
Guinea,GIN,1979,
Guinea,GIN,1978,
Guinea,GIN,1977,
Guinea,GIN,1976,
Guinea,GIN,1975,
Guinea,GIN,1974,
Guinea,GIN,1973,
Guinea,GIN,1972,
Guinea,GIN,1971,
Guinea,GIN,1970,
Guinea,GIN,1969,
Guinea,GIN,1968,
Guinea,GIN,1967,
Guinea,GIN,1966,
Guinea,GIN,1965,
Guinea,GIN,1964,
Guinea,GIN,1963,
Guinea,GIN,1962,
Guinea,GIN,1961,
Guinea,GIN,1960,
Guinea-Bissau,GNB,2025,
Guinea-Bissau,GNB,2024,
Guinea-Bissau,GNB,2023,82.13543701
Guinea-Bissau,GNB,2022,68.01049042
Guinea-Bissau,GNB,2021,70.21189117
Guinea-Bissau,GNB,2020,67.88795471
Guinea-Bissau,GNB,2019,53.98390961
Guinea-Bissau,GNB,2018,58.87445068
Guinea-Bissau,GNB,2017,54.8225174
Guinea-Bissau,GNB,2016,56.60805511
Guinea-Bissau,GNB,2015,52.45866776
Guinea-Bissau,GNB,2014,64.99989319
Guinea-Bissau,GNB,2013,46.05934143
Guinea-Bissau,GNB,2012,37.75499725
Guinea-Bissau,GNB,2011,44.72909927
Guinea-Bissau,GNB,2010,29.23748016
Guinea-Bissau,GNB,2009,26.88874054
Guinea-Bissau,GNB,2008,34.26661301
Guinea-Bissau,GNB,2007,25.56799126
Guinea-Bissau,GNB,2006,22.77665329
Guinea-Bissau,GNB,2005,20.99864388
Guinea-Bissau,GNB,2004,18.42279816
Guinea-Bissau,GNB,2003,14.70093441
Guinea-Bissau,GNB,2002,14.02086544
Guinea-Bissau,GNB,2001,13.50725842
Guinea-Bissau,GNB,2000,13.2785511
Guinea-Bissau,GNB,1999,
Guinea-Bissau,GNB,1998,
Guinea-Bissau,GNB,1997,
Guinea-Bissau,GNB,1996,
Guinea-Bissau,GNB,1995,
Guinea-Bissau,GNB,1994,
Guinea-Bissau,GNB,1993,
Guinea-Bissau,GNB,1992,
Guinea-Bissau,GNB,1991,
Guinea-Bissau,GNB,1990,
Guinea-Bissau,GNB,1989,
Guinea-Bissau,GNB,1988,
Guinea-Bissau,GNB,1987,
Guinea-Bissau,GNB,1986,
Guinea-Bissau,GNB,1985,
Guinea-Bissau,GNB,1984,
Guinea-Bissau,GNB,1983,
Guinea-Bissau,GNB,1982,
Guinea-Bissau,GNB,1981,
Guinea-Bissau,GNB,1980,
Guinea-Bissau,GNB,1979,
Guinea-Bissau,GNB,1978,
Guinea-Bissau,GNB,1977,
Guinea-Bissau,GNB,1976,
Guinea-Bissau,GNB,1975,
Guinea-Bissau,GNB,1974,
Guinea-Bissau,GNB,1973,
Guinea-Bissau,GNB,1972,
Guinea-Bissau,GNB,1971,
Guinea-Bissau,GNB,1970,
Guinea-Bissau,GNB,1969,
Guinea-Bissau,GNB,1968,
Guinea-Bissau,GNB,1967,
Guinea-Bissau,GNB,1966,
Guinea-Bissau,GNB,1965,
Guinea-Bissau,GNB,1964,
Guinea-Bissau,GNB,1963,
Guinea-Bissau,GNB,1962,
Guinea-Bissau,GNB,1961,
Guinea-Bissau,GNB,1960,
Guyana,GUY,2025,
Guyana,GUY,2024,
Guyana,GUY,2023,505.03240967
Guyana,GUY,2022,452.23754883
Guyana,GUY,2021,457.86633301
Guyana,GUY,2020,364.20135498
Guyana,GUY,2019,314.0977478
Guyana,GUY,2018,296.66903687
Guyana,GUY,2017,266.86364746
Guyana,GUY,2016,235.91662598
Guyana,GUY,2015,226.89404297
Guyana,GUY,2014,216.03759766
Guyana,GUY,2013,211.2910614
Guyana,GUY,2012,201.88832092
Guyana,GUY,2011,186.11392212
Guyana,GUY,2010,162.70393372
Guyana,GUY,2009,150.21723938
Guyana,GUY,2008,138.70043945
Guyana,GUY,2007,125.79258728
Guyana,GUY,2006,98.34314728
Guyana,GUY,2005,85.35713959
Guyana,GUY,2004,74.69225311
Guyana,GUY,2003,68.19880676
Guyana,GUY,2002,65.04125214
Guyana,GUY,2001,60.09927368
Guyana,GUY,2000,62.37635422
Guyana,GUY,1999,
Guyana,GUY,1998,
Guyana,GUY,1997,
Guyana,GUY,1996,
Guyana,GUY,1995,
Guyana,GUY,1994,
Guyana,GUY,1993,
Guyana,GUY,1992,
Guyana,GUY,1991,
Guyana,GUY,1990,
Guyana,GUY,1989,
Guyana,GUY,1988,
Guyana,GUY,1987,
Guyana,GUY,1986,
Guyana,GUY,1985,
Guyana,GUY,1984,
Guyana,GUY,1983,
Guyana,GUY,1982,
Guyana,GUY,1981,
Guyana,GUY,1980,
Guyana,GUY,1979,
Guyana,GUY,1978,
Guyana,GUY,1977,
Guyana,GUY,1976,
Guyana,GUY,1975,
Guyana,GUY,1974,
Guyana,GUY,1973,
Guyana,GUY,1972,
Guyana,GUY,1971,
Guyana,GUY,1970,
Guyana,GUY,1969,
Guyana,GUY,1968,
Guyana,GUY,1967,
Guyana,GUY,1966,
Guyana,GUY,1965,
Guyana,GUY,1964,
Guyana,GUY,1963,
Guyana,GUY,1962,
Guyana,GUY,1961,
Guyana,GUY,1960,
Haiti,HTI,2025,
Haiti,HTI,2024,
Haiti,HTI,2023,54.4146843
Haiti,HTI,2022,52.28417587
Haiti,HTI,2021,59.89406204
Haiti,HTI,2020,52.2158699
Haiti,HTI,2019,49.32995987
Haiti,HTI,2018,62.30102539
Haiti,HTI,2017,53.80579758
Haiti,HTI,2016,60.06819153
Haiti,HTI,2015,68.50547791
Haiti,HTI,2014,65.10858917
Haiti,HTI,2013,59.38277435
Haiti,HTI,2012,75.08546448
Haiti,HTI,2011,77.12206268
Haiti,HTI,2010,55.73518753
Haiti,HTI,2009,41.39894867
Haiti,HTI,2008,40.445961
Haiti,HTI,2007,37.59618378
Haiti,HTI,2006,29.11877251
Haiti,HTI,2005,25.25854683
Haiti,HTI,2004,24.0406456
Haiti,HTI,2003,18.60943604
Haiti,HTI,2002,22.36586189
Haiti,HTI,2001,27.39323044
Haiti,HTI,2000,30.35855865
Haiti,HTI,1999,
Haiti,HTI,1998,
Haiti,HTI,1997,
Haiti,HTI,1996,
Haiti,HTI,1995,
Haiti,HTI,1994,
Haiti,HTI,1993,
Haiti,HTI,1992,
Haiti,HTI,1991,
Haiti,HTI,1990,
Haiti,HTI,1989,
Haiti,HTI,1988,
Haiti,HTI,1987,
Haiti,HTI,1986,
Haiti,HTI,1985,
Haiti,HTI,1984,
Haiti,HTI,1983,
Haiti,HTI,1982,
Haiti,HTI,1981,
Haiti,HTI,1980,
Haiti,HTI,1979,
Haiti,HTI,1978,
Haiti,HTI,1977,
Haiti,HTI,1976,
Haiti,HTI,1975,
Haiti,HTI,1974,
Haiti,HTI,1973,
Haiti,HTI,1972,
Haiti,HTI,1971,
Haiti,HTI,1970,
Haiti,HTI,1969,
Haiti,HTI,1968,
Haiti,HTI,1967,
Haiti,HTI,1966,
Haiti,HTI,1965,
Haiti,HTI,1964,
Haiti,HTI,1963,
Haiti,HTI,1962,
Haiti,HTI,1961,
Haiti,HTI,1960,
Honduras,HND,2025,
Honduras,HND,2024,
Honduras,HND,2023,249.15301514
Honduras,HND,2022,244.90408325
Honduras,HND,2021,253.63349915
Honduras,HND,2020,212.7419281
Honduras,HND,2019,183.75006104
Honduras,HND,2018,178.1494751
Honduras,HND,2017,169.07194519
Honduras,HND,2016,177.8835144
Honduras,HND,2015,169.97198486
Honduras,HND,2014,172.52818298
Honduras,HND,2013,176.421875
Honduras,HND,2012,184.04154968
Honduras,HND,2011,182.3137207
Honduras,HND,2010,165.19970703
Honduras,HND,2009,160.23144531
Honduras,HND,2008,149.05706787
Honduras,HND,2007,127.55919647
Honduras,HND,2006,112.11707306
Honduras,HND,2005,97.86359406
Honduras,HND,2004,83.29620361
Honduras,HND,2003,79.65468597
Honduras,HND,2002,70.72001648
Honduras,HND,2001,67.13735199
Honduras,HND,2000,68.48374939
Honduras,HND,1999,
Honduras,HND,1998,
Honduras,HND,1997,
Honduras,HND,1996,
Honduras,HND,1995,
Honduras,HND,1994,
Honduras,HND,1993,
Honduras,HND,1992,
Honduras,HND,1991,
Honduras,HND,1990,
Honduras,HND,1989,
Honduras,HND,1988,
Honduras,HND,1987,
Honduras,HND,1986,
Honduras,HND,1985,
Honduras,HND,1984,
Honduras,HND,1983,
Honduras,HND,1982,
Honduras,HND,1981,
Honduras,HND,1980,
Honduras,HND,1979,
Honduras,HND,1978,
Honduras,HND,1977,
Honduras,HND,1976,
Honduras,HND,1975,
Honduras,HND,1974,
Honduras,HND,1973,
Honduras,HND,1972,
Honduras,HND,1971,
Honduras,HND,1970,
Honduras,HND,1969,
Honduras,HND,1968,
Honduras,HND,1967,
Honduras,HND,1966,
Honduras,HND,1965,
Honduras,HND,1964,
Honduras,HND,1963,
Honduras,HND,1962,
Honduras,HND,1961,
Honduras,HND,1960,
"Hong Kong SAR, China",HKG,2025,
"Hong Kong SAR, China",HKG,2024,
"Hong Kong SAR, China",HKG,2023,
"Hong Kong SAR, China",HKG,2022,
"Hong Kong SAR, China",HKG,2021,
"Hong Kong SAR, China",HKG,2020,
"Hong Kong SAR, China",HKG,2019,
"Hong Kong SAR, China",HKG,2018,
"Hong Kong SAR, China",HKG,2017,
"Hong Kong SAR, China",HKG,2016,
"Hong Kong SAR, China",HKG,2015,
"Hong Kong SAR, China",HKG,2014,
"Hong Kong SAR, China",HKG,2013,
"Hong Kong SAR, China",HKG,2012,
"Hong Kong SAR, China",HKG,2011,
"Hong Kong SAR, China",HKG,2010,
"Hong Kong SAR, China",HKG,2009,
"Hong Kong SAR, China",HKG,2008,
"Hong Kong SAR, China",HKG,2007,
"Hong Kong SAR, China",HKG,2006,
"Hong Kong SAR, China",HKG,2005,
"Hong Kong SAR, China",HKG,2004,
"Hong Kong SAR, China",HKG,2003,
"Hong Kong SAR, China",HKG,2002,
"Hong Kong SAR, China",HKG,2001,
"Hong Kong SAR, China",HKG,2000,
"Hong Kong SAR, China",HKG,1999,
"Hong Kong SAR, China",HKG,1998,
"Hong Kong SAR, China",HKG,1997,
"Hong Kong SAR, China",HKG,1996,
"Hong Kong SAR, China",HKG,1995,
"Hong Kong SAR, China",HKG,1994,
"Hong Kong SAR, China",HKG,1993,
"Hong Kong SAR, China",HKG,1992,
"Hong Kong SAR, China",HKG,1991,
"Hong Kong SAR, China",HKG,1990,
"Hong Kong SAR, China",HKG,1989,
"Hong Kong SAR, China",HKG,1988,
"Hong Kong SAR, China",HKG,1987,
"Hong Kong SAR, China",HKG,1986,
"Hong Kong SAR, China",HKG,1985,
"Hong Kong SAR, China",HKG,1984,
"Hong Kong SAR, China",HKG,1983,
"Hong Kong SAR, China",HKG,1982,
"Hong Kong SAR, China",HKG,1981,
"Hong Kong SAR, China",HKG,1980,
"Hong Kong SAR, China",HKG,1979,
"Hong Kong SAR, China",HKG,1978,
"Hong Kong SAR, China",HKG,1977,
"Hong Kong SAR, China",HKG,1976,
"Hong Kong SAR, China",HKG,1975,
"Hong Kong SAR, China",HKG,1974,
"Hong Kong SAR, China",HKG,1973,
"Hong Kong SAR, China",HKG,1972,
"Hong Kong SAR, China",HKG,1971,
"Hong Kong SAR, China",HKG,1970,
"Hong Kong SAR, China",HKG,1969,
"Hong Kong SAR, China",HKG,1968,
"Hong Kong SAR, China",HKG,1967,
"Hong Kong SAR, China",HKG,1966,
"Hong Kong SAR, China",HKG,1965,
"Hong Kong SAR, China",HKG,1964,
"Hong Kong SAR, China",HKG,1963,
"Hong Kong SAR, China",HKG,1962,
"Hong Kong SAR, China",HKG,1961,
"Hong Kong SAR, China",HKG,1960,
Hungary,HUN,2025,
Hungary,HUN,2024,
Hungary,HUN,2023,1419.87475586
Hungary,HUN,2022,1228.00231934
Hungary,HUN,2021,1392.97460938
Hungary,HUN,2020,1182.54138184
Hungary,HUN,2019,1062.15869141
Hungary,HUN,2018,1087.64611816
Hungary,HUN,2017,990.90808105
Hungary,HUN,2016,918.94506836
Hungary,HUN,2015,874.04138184
Hungary,HUN,2014,1008.92950439
Hungary,HUN,2013,991.98742676
Hungary,HUN,2012,961.1383667
Hungary,HUN,2011,1063.43237305
Hungary,HUN,2010,983.11083984
Hungary,HUN,2009,943.68774414
Hungary,HUN,2008,1117.20227051
Hungary,HUN,2007,1003.25805664
Hungary,HUN,2006,893.20300293
Hungary,HUN,2005,895.20330811
Hungary,HUN,2004,798.45361328
Hungary,HUN,2003,682.86566162
Hungary,HUN,2002,473.12783813
Hungary,HUN,2001,359.69750977
Hungary,HUN,2000,313.10858154
Hungary,HUN,1999,
Hungary,HUN,1998,
Hungary,HUN,1997,
Hungary,HUN,1996,
Hungary,HUN,1995,
Hungary,HUN,1994,
Hungary,HUN,1993,
Hungary,HUN,1992,
Hungary,HUN,1991,
Hungary,HUN,1990,
Hungary,HUN,1989,
Hungary,HUN,1988,
Hungary,HUN,1987,
Hungary,HUN,1986,
Hungary,HUN,1985,
Hungary,HUN,1984,
Hungary,HUN,1983,
Hungary,HUN,1982,
Hungary,HUN,1981,
Hungary,HUN,1980,
Hungary,HUN,1979,
Hungary,HUN,1978,
Hungary,HUN,1977,
Hungary,HUN,1976,
Hungary,HUN,1975,
Hungary,HUN,1974,
Hungary,HUN,1973,
Hungary,HUN,1972,
Hungary,HUN,1971,
Hungary,HUN,1970,
Hungary,HUN,1969,
Hungary,HUN,1968,
Hungary,HUN,1967,
Hungary,HUN,1966,
Hungary,HUN,1965,
Hungary,HUN,1964,
Hungary,HUN,1963,
Hungary,HUN,1962,
Hungary,HUN,1961,
Hungary,HUN,1960,
Iceland,ISL,2025,
Iceland,ISL,2024,7641.57373047
Iceland,ISL,2023,7064.62402344
Iceland,ISL,2022,6851.62939453
Iceland,ISL,2021,6722.421875
Iceland,ISL,2020,5692.89111328
Iceland,ISL,2019,5912.00976563
Iceland,ISL,2018,6280.03857422
Iceland,ISL,2017,5992.05322266
Iceland,ISL,2016,5053.51757813
Iceland,ISL,2015,4303.84179688
Iceland,ISL,2014,4522.90576172
Iceland,ISL,2013,4095.67626953
Iceland,ISL,2012,3784.38378906
Iceland,ISL,2011,3937.31591797
Iceland,ISL,2010,3614.03833008
Iceland,ISL,2009,3622.97827148
Iceland,ISL,2008,4749.68408203
Iceland,ISL,2007,5803.81152344
Iceland,ISL,2006,4918.23339844
Iceland,ISL,2005,5079.68945313
Iceland,ISL,2004,4414.23339844
Iceland,ISL,2003,3839.6940918
Iceland,ISL,2002,3046.81665039
Iceland,ISL,2001,2528.5456543
Iceland,ISL,2000,2855.57470703
Iceland,ISL,1999,
Iceland,ISL,1998,
Iceland,ISL,1997,
Iceland,ISL,1996,
Iceland,ISL,1995,
Iceland,ISL,1994,
Iceland,ISL,1993,
Iceland,ISL,1992,
Iceland,ISL,1991,
Iceland,ISL,1990,
Iceland,ISL,1989,
Iceland,ISL,1988,
Iceland,ISL,1987,
Iceland,ISL,1986,
Iceland,ISL,1985,
Iceland,ISL,1984,
Iceland,ISL,1983,
Iceland,ISL,1982,
Iceland,ISL,1981,
Iceland,ISL,1980,
Iceland,ISL,1979,
Iceland,ISL,1978,
Iceland,ISL,1977,
Iceland,ISL,1976,
Iceland,ISL,1975,
Iceland,ISL,1974,
Iceland,ISL,1973,
Iceland,ISL,1972,
Iceland,ISL,1971,
Iceland,ISL,1970,
Iceland,ISL,1969,
Iceland,ISL,1968,
Iceland,ISL,1967,
Iceland,ISL,1966,
Iceland,ISL,1965,
Iceland,ISL,1964,
Iceland,ISL,1963,
Iceland,ISL,1962,
Iceland,ISL,1961,
Iceland,ISL,1960,
India,IND,2025,
India,IND,2024,
India,IND,2023,84.68669891
India,IND,2022,81.50888824
India,IND,2021,75.54971313
India,IND,2020,63.83099747
India,IND,2019,60.6913681
India,IND,2018,57.46551132
India,IND,2017,56.66844559
India,IND,2016,59.72652817
India,IND,2015,58.12401581
India,IND,2014,56.3490181
India,IND,2013,55.46933746
India,IND,2012,48.45263672
India,IND,2011,48.18242264
India,IND,2010,44.79586029
India,IND,2009,38.05965042
India,IND,2008,37.65440369
India,IND,2007,35.63138962
India,IND,2006,29.37600899
India,IND,2005,27.49770737
India,IND,2004,24.9240799
India,IND,2003,21.89380074
India,IND,2002,20.15651703
India,IND,2001,19.74444199
India,IND,2000,18.47883415
India,IND,1999,
India,IND,1998,
India,IND,1997,
India,IND,1996,
India,IND,1995,
India,IND,1994,
India,IND,1993,
India,IND,1992,
India,IND,1991,
India,IND,1990,
India,IND,1989,
India,IND,1988,
India,IND,1987,
India,IND,1986,
India,IND,1985,
India,IND,1984,
India,IND,1983,
India,IND,1982,
India,IND,1981,
India,IND,1980,
India,IND,1979,
India,IND,1978,
India,IND,1977,
India,IND,1976,
India,IND,1975,
India,IND,1974,
India,IND,1973,
India,IND,1972,
India,IND,1971,
India,IND,1970,
India,IND,1969,
India,IND,1968,
India,IND,1967,
India,IND,1966,
India,IND,1965,
India,IND,1964,
India,IND,1963,
India,IND,1962,
India,IND,1961,
India,IND,1960,
Indonesia,IDN,2025,
Indonesia,IDN,2024,
Indonesia,IDN,2023,131.77729797
Indonesia,IDN,2022,127.44384766
Indonesia,IDN,2021,158.89761353
Indonesia,IDN,2020,131.8225708
Indonesia,IDN,2019,118.22380829
Indonesia,IDN,2018,110.71585846
Indonesia,IDN,2017,110.32610321
Indonesia,IDN,2016,106.40021515
Indonesia,IDN,2015,96.15701294
Indonesia,IDN,2014,102.00482178
Indonesia,IDN,2013,102.33824921
Indonesia,IDN,2012,105.85425568
Indonesia,IDN,2011,107.00540161
Indonesia,IDN,2010,85.55950165
Indonesia,IDN,2009,62.4021759
Indonesia,IDN,2008,59.24273682
Indonesia,IDN,2007,55.99677658
Indonesia,IDN,2006,44.3965683
Indonesia,IDN,2005,34.09753036
Indonesia,IDN,2004,25.98270035
Indonesia,IDN,2003,25.51065636
Indonesia,IDN,2002,18.97848511
Indonesia,IDN,2001,16.8734417
Indonesia,IDN,2000,15.39148712
Indonesia,IDN,1999,
Indonesia,IDN,1998,
Indonesia,IDN,1997,
Indonesia,IDN,1996,
Indonesia,IDN,1995,
Indonesia,IDN,1994,
Indonesia,IDN,1993,
Indonesia,IDN,1992,
Indonesia,IDN,1991,
Indonesia,IDN,1990,
Indonesia,IDN,1989,
Indonesia,IDN,1988,
Indonesia,IDN,1987,
Indonesia,IDN,1986,
Indonesia,IDN,1985,
Indonesia,IDN,1984,
Indonesia,IDN,1983,
Indonesia,IDN,1982,
Indonesia,IDN,1981,
Indonesia,IDN,1980,
Indonesia,IDN,1979,
Indonesia,IDN,1978,
Indonesia,IDN,1977,
Indonesia,IDN,1976,
Indonesia,IDN,1975,
Indonesia,IDN,1974,
Indonesia,IDN,1973,
Indonesia,IDN,1972,
Indonesia,IDN,1971,
Indonesia,IDN,1970,
Indonesia,IDN,1969,
Indonesia,IDN,1968,
Indonesia,IDN,1967,
Indonesia,IDN,1966,
Indonesia,IDN,1965,
Indonesia,IDN,1964,
Indonesia,IDN,1963,
Indonesia,IDN,1962,
Indonesia,IDN,1961,
Indonesia,IDN,1960,
"Iran, Islamic Rep.",IRN,2025,
"Iran, Islamic Rep.",IRN,2024,
"Iran, Islamic Rep.",IRN,2023,267.059021
"Iran, Islamic Rep.",IRN,2022,250.23272705
"Iran, Islamic Rep.",IRN,2021,196.66934204
"Iran, Islamic Rep.",IRN,2020,184.90914917
"Iran, Islamic Rep.",IRN,2019,223.64257813
"Iran, Islamic Rep.",IRN,2018,244.21661377
"Iran, Islamic Rep.",IRN,2017,457.22549438
"Iran, Islamic Rep.",IRN,2016,433.9196167
"Iran, Islamic Rep.",IRN,2015,423.28967285
"Iran, Islamic Rep.",IRN,2014,395.027771
"Iran, Islamic Rep.",IRN,2013,412.02786255
"Iran, Islamic Rep.",IRN,2012,500.21826172
"Iran, Islamic Rep.",IRN,2011,505.33276367
"Iran, Islamic Rep.",IRN,2010,424.60494995
"Iran, Islamic Rep.",IRN,2009,354.25738525
"Iran, Islamic Rep.",IRN,2008,288.85775757
"Iran, Islamic Rep.",IRN,2007,237.51042175
"Iran, Islamic Rep.",IRN,2006,192.07597351
"Iran, Islamic Rep.",IRN,2005,169.8145752
"Iran, Islamic Rep.",IRN,2004,139.75932312
"Iran, Islamic Rep.",IRN,2003,115.51907349
"Iran, Islamic Rep.",IRN,2002,104.64128113
"Iran, Islamic Rep.",IRN,2001,93.23036957
"Iran, Islamic Rep.",IRN,2000,79.89089203
"Iran, Islamic Rep.",IRN,1999,
"Iran, Islamic Rep.",IRN,1998,
"Iran, Islamic Rep.",IRN,1997,
"Iran, Islamic Rep.",IRN,1996,
"Iran, Islamic Rep.",IRN,1995,
"Iran, Islamic Rep.",IRN,1994,
"Iran, Islamic Rep.",IRN,1993,
"Iran, Islamic Rep.",IRN,1992,
"Iran, Islamic Rep.",IRN,1991,
"Iran, Islamic Rep.",IRN,1990,
"Iran, Islamic Rep.",IRN,1989,
"Iran, Islamic Rep.",IRN,1988,
"Iran, Islamic Rep.",IRN,1987,
"Iran, Islamic Rep.",IRN,1986,
"Iran, Islamic Rep.",IRN,1985,
"Iran, Islamic Rep.",IRN,1984,
"Iran, Islamic Rep.",IRN,1983,
"Iran, Islamic Rep.",IRN,1982,
"Iran, Islamic Rep.",IRN,1981,
"Iran, Islamic Rep.",IRN,1980,
"Iran, Islamic Rep.",IRN,1979,
"Iran, Islamic Rep.",IRN,1978,
"Iran, Islamic Rep.",IRN,1977,
"Iran, Islamic Rep.",IRN,1976,
"Iran, Islamic Rep.",IRN,1975,
"Iran, Islamic Rep.",IRN,1974,
"Iran, Islamic Rep.",IRN,1973,
"Iran, Islamic Rep.",IRN,1972,
"Iran, Islamic Rep.",IRN,1971,
"Iran, Islamic Rep.",IRN,1970,
"Iran, Islamic Rep.",IRN,1969,
"Iran, Islamic Rep.",IRN,1968,
"Iran, Islamic Rep.",IRN,1967,
"Iran, Islamic Rep.",IRN,1966,
"Iran, Islamic Rep.",IRN,1965,
"Iran, Islamic Rep.",IRN,1964,
"Iran, Islamic Rep.",IRN,1963,
"Iran, Islamic Rep.",IRN,1962,
"Iran, Islamic Rep.",IRN,1961,
"Iran, Islamic Rep.",IRN,1960,
Iraq,IRQ,2025,
Iraq,IRQ,2024,
Iraq,IRQ,2023,333.29360962
Iraq,IRQ,2022,283.17074585
Iraq,IRQ,2021,251.59538269
Iraq,IRQ,2020,248.04725647
Iraq,IRQ,2019,241.73873901
Iraq,IRQ,2018,232.86825562
Iraq,IRQ,2017,197.23654175
Iraq,IRQ,2016,199.88560486
Iraq,IRQ,2015,149.07951355
Iraq,IRQ,2014,178.98071289
Iraq,IRQ,2013,186.78742981
Iraq,IRQ,2012,174.48312378
Iraq,IRQ,2011,161.89790344
Iraq,IRQ,2010,144.54083252
Iraq,IRQ,2009,140.1234436
Iraq,IRQ,2008,139.28845215
Iraq,IRQ,2007,100.59433746
Iraq,IRQ,2006,56.76464462
Iraq,IRQ,2005,53.0551796
Iraq,IRQ,2004,51.81518173
Iraq,IRQ,2003,26.98275757
Iraq,IRQ,2002,
Iraq,IRQ,2001,
Iraq,IRQ,2000,
Iraq,IRQ,1999,
Iraq,IRQ,1998,
Iraq,IRQ,1997,
Iraq,IRQ,1996,
Iraq,IRQ,1995,
Iraq,IRQ,1994,
Iraq,IRQ,1993,
Iraq,IRQ,1992,
Iraq,IRQ,1991,
Iraq,IRQ,1990,
Iraq,IRQ,1989,
Iraq,IRQ,1988,
Iraq,IRQ,1987,
Iraq,IRQ,1986,
Iraq,IRQ,1985,
Iraq,IRQ,1984,
Iraq,IRQ,1983,
Iraq,IRQ,1982,
Iraq,IRQ,1981,
Iraq,IRQ,1980,
Iraq,IRQ,1979,
Iraq,IRQ,1978,
Iraq,IRQ,1977,
Iraq,IRQ,1976,
Iraq,IRQ,1975,
Iraq,IRQ,1974,
Iraq,IRQ,1973,
Iraq,IRQ,1972,
Iraq,IRQ,1971,
Iraq,IRQ,1970,
Iraq,IRQ,1969,
Iraq,IRQ,1968,
Iraq,IRQ,1967,
Iraq,IRQ,1966,
Iraq,IRQ,1965,
Iraq,IRQ,1964,
Iraq,IRQ,1963,
Iraq,IRQ,1962,
Iraq,IRQ,1961,
Iraq,IRQ,1960,
Ireland,IRL,2025,
Ireland,IRL,2024,7394.85009766
Ireland,IRL,2023,6877.9375
Ireland,IRL,2022,6407.92333984
Ireland,IRL,2021,6754.07519531
Ireland,IRL,2020,6073.10546875
Ireland,IRL,2019,5454.31152344
Ireland,IRL,2018,5494.98632813
Ireland,IRL,2017,5023.51123047
Ireland,IRL,2016,4746.93701172
Ireland,IRL,2015,4575.84912109
Ireland,IRL,2014,5309.90380859
Ireland,IRL,2013,5295.52050781
Ireland,IRL,2012,5187.27197266
Ireland,IRL,2011,5538.00195313
Ireland,IRL,2010,5133.45507813
Ireland,IRL,2009,5502.88769531
Ireland,IRL,2008,5638.77929688
Ireland,IRL,2007,4858.64501953
Ireland,IRL,2006,4147.1328125
Ireland,IRL,2005,3938.19116211
Ireland,IRL,2004,3483.16064453
Ireland,IRL,2003,2910.93212891
Ireland,IRL,2002,2200.35742188
Ireland,IRL,2001,1823.73474121
Ireland,IRL,2000,1564.83764648
Ireland,IRL,1999,
Ireland,IRL,1998,
Ireland,IRL,1997,
Ireland,IRL,1996,
Ireland,IRL,1995,
Ireland,IRL,1994,
Ireland,IRL,1993,
Ireland,IRL,1992,
Ireland,IRL,1991,
Ireland,IRL,1990,
Ireland,IRL,1989,
Ireland,IRL,1988,
Ireland,IRL,1987,
Ireland,IRL,1986,
Ireland,IRL,1985,
Ireland,IRL,1984,
Ireland,IRL,1983,
Ireland,IRL,1982,
Ireland,IRL,1981,
Ireland,IRL,1980,
Ireland,IRL,1979,
Ireland,IRL,1978,
Ireland,IRL,1977,
Ireland,IRL,1976,
Ireland,IRL,1975,
Ireland,IRL,1974,
Ireland,IRL,1973,
Ireland,IRL,1972,
Ireland,IRL,1971,
Ireland,IRL,1970,
Ireland,IRL,1969,
Ireland,IRL,1968,
Ireland,IRL,1967,
Ireland,IRL,1966,
Ireland,IRL,1965,
Ireland,IRL,1964,
Ireland,IRL,1963,
Ireland,IRL,1962,
Ireland,IRL,1961,
Ireland,IRL,1960,
Isle of Man,IMN,2025,
Isle of Man,IMN,2024,
Isle of Man,IMN,2023,
Isle of Man,IMN,2022,
Isle of Man,IMN,2021,
Isle of Man,IMN,2020,
Isle of Man,IMN,2019,
Isle of Man,IMN,2018,
Isle of Man,IMN,2017,
Isle of Man,IMN,2016,
Isle of Man,IMN,2015,
Isle of Man,IMN,2014,
Isle of Man,IMN,2013,
Isle of Man,IMN,2012,
Isle of Man,IMN,2011,
Isle of Man,IMN,2010,
Isle of Man,IMN,2009,
Isle of Man,IMN,2008,
Isle of Man,IMN,2007,
Isle of Man,IMN,2006,
Isle of Man,IMN,2005,
Isle of Man,IMN,2004,
Isle of Man,IMN,2003,
Isle of Man,IMN,2002,
Isle of Man,IMN,2001,
Isle of Man,IMN,2000,
Isle of Man,IMN,1999,
Isle of Man,IMN,1998,
Isle of Man,IMN,1997,
Isle of Man,IMN,1996,
Isle of Man,IMN,1995,
Isle of Man,IMN,1994,
Isle of Man,IMN,1993,
Isle of Man,IMN,1992,
Isle of Man,IMN,1991,
Isle of Man,IMN,1990,
Isle of Man,IMN,1989,
Isle of Man,IMN,1988,
Isle of Man,IMN,1987,
Isle of Man,IMN,1986,
Isle of Man,IMN,1985,
Isle of Man,IMN,1984,
Isle of Man,IMN,1983,
Isle of Man,IMN,1982,
Isle of Man,IMN,1981,
Isle of Man,IMN,1980,
Isle of Man,IMN,1979,
Isle of Man,IMN,1978,
Isle of Man,IMN,1977,
Isle of Man,IMN,1976,
Isle of Man,IMN,1975,
Isle of Man,IMN,1974,
Isle of Man,IMN,1973,
Isle of Man,IMN,1972,
Isle of Man,IMN,1971,
Isle of Man,IMN,1970,
Isle of Man,IMN,1969,
Isle of Man,IMN,1968,
Isle of Man,IMN,1967,
Isle of Man,IMN,1966,
Isle of Man,IMN,1965,
Isle of Man,IMN,1964,
Isle of Man,IMN,1963,
Isle of Man,IMN,1962,
Isle of Man,IMN,1961,
Isle of Man,IMN,1960,
Israel,ISR,2025,
Israel,ISR,2024,
Israel,ISR,2023,3927.69873047
Israel,ISR,2022,4107.72998047
Israel,ISR,2021,4294.18847656
Israel,ISR,2020,3616.50219727
Israel,ISR,2019,3335.24511719
Israel,ISR,2018,3199.41625977
Israel,ISR,2017,3074.44604492
Israel,ISR,2016,2783.82495117
Israel,ISR,2015,2645.78857422
Israel,ISR,2014,2804.23144531
Israel,ISR,2013,2673.3371582
Israel,ISR,2012,2405.1809082
Israel,ISR,2011,2442.29052734
Israel,ISR,2010,2237.90795898
Israel,ISR,2009,2034.45812988
Israel,ISR,2008,2126.11132813
Israel,ISR,2007,1769.92504883
Israel,ISR,2006,1555.56396484
Israel,ISR,2005,1509.10583496
Israel,ISR,2004,1438.98999023
Israel,ISR,2003,1384.18737793
Israel,ISR,2002,1355.33447266
Israel,ISR,2001,1509.44506836
Israel,ISR,2000,1473.00915527
Israel,ISR,1999,
Israel,ISR,1998,
Israel,ISR,1997,
Israel,ISR,1996,
Israel,ISR,1995,
Israel,ISR,1994,
Israel,ISR,1993,
Israel,ISR,1992,
Israel,ISR,1991,
Israel,ISR,1990,
Israel,ISR,1989,
Israel,ISR,1988,
Israel,ISR,1987,
Israel,ISR,1986,
Israel,ISR,1985,
Israel,ISR,1984,
Israel,ISR,1983,
Israel,ISR,1982,
Israel,ISR,1981,
Israel,ISR,1980,
Israel,ISR,1979,
Israel,ISR,1978,
Israel,ISR,1977,
Israel,ISR,1976,
Israel,ISR,1975,
Israel,ISR,1974,
Israel,ISR,1973,
Israel,ISR,1972,
Israel,ISR,1971,
Israel,ISR,1970,
Israel,ISR,1969,
Israel,ISR,1968,
Israel,ISR,1967,
Israel,ISR,1966,
Israel,ISR,1965,
Israel,ISR,1964,
Israel,ISR,1963,
Israel,ISR,1962,
Israel,ISR,1961,
Israel,ISR,1960,
Italy,ITA,2025,
Italy,ITA,2024,3397.68798828
Italy,ITA,2023,3283.47216797
Italy,ITA,2022,3154.57104492
Italy,ITA,2021,3414.57299805
Italy,ITA,2020,3058.90014648
Italy,ITA,2019,2908.83154297
Italy,ITA,2018,3031.46459961
Italy,ITA,2017,2851.28686523
Italy,ITA,2016,2735.27783203
Italy,ITA,2015,2707.43310547
Italy,ITA,2014,3190.46777344
Italy,ITA,2013,3139.87939453
Italy,ITA,2012,3071.00048828
Italy,ITA,2011,3358.95654297
Italy,ITA,2010,3190.72045898
Italy,ITA,2009,3314.15844727
Italy,ITA,2008,3483.39086914
Italy,ITA,2007,3077.41381836
Italy,ITA,2006,2821.77392578
Italy,ITA,2005,2669.72802734
Italy,ITA,2004,2560.45776367
Italy,ITA,2003,2160.91210938
Italy,ITA,2002,1762.359375
Italy,ITA,2001,1586.67272949
Italy,ITA,2000,1524.23962402
Italy,ITA,1999,
Italy,ITA,1998,
Italy,ITA,1997,
Italy,ITA,1996,
Italy,ITA,1995,
Italy,ITA,1994,
Italy,ITA,1993,
Italy,ITA,1992,
Italy,ITA,1991,
Italy,ITA,1990,
Italy,ITA,1989,
Italy,ITA,1988,
Italy,ITA,1987,
Italy,ITA,1986,
Italy,ITA,1985,
Italy,ITA,1984,
Italy,ITA,1983,
Italy,ITA,1982,
Italy,ITA,1981,
Italy,ITA,1980,
Italy,ITA,1979,
Italy,ITA,1978,
Italy,ITA,1977,
Italy,ITA,1976,
Italy,ITA,1975,
Italy,ITA,1974,
Italy,ITA,1973,
Italy,ITA,1972,
Italy,ITA,1971,
Italy,ITA,1970,
Italy,ITA,1969,
Italy,ITA,1968,
Italy,ITA,1967,
Italy,ITA,1966,
Italy,ITA,1965,
Italy,ITA,1964,
Italy,ITA,1963,
Italy,ITA,1962,
Italy,ITA,1961,
Italy,ITA,1960,
Jamaica,JAM,2025,
Jamaica,JAM,2024,
Jamaica,JAM,2023,520.15704346
Jamaica,JAM,2022,521.12023926
Jamaica,JAM,2021,413.36227417
Jamaica,JAM,2020,364.76513672
Jamaica,JAM,2019,390.79431152
Jamaica,JAM,2018,381.47775269
Jamaica,JAM,2017,367.35095215
Jamaica,JAM,2016,330.15463257
Jamaica,JAM,2015,334.89901733
Jamaica,JAM,2014,312.77233887
Jamaica,JAM,2013,322.03283691
Jamaica,JAM,2012,330.38525391
Jamaica,JAM,2011,341.33453369
Jamaica,JAM,2010,309.86782837
Jamaica,JAM,2009,282.09719849
Jamaica,JAM,2008,334.75042725
Jamaica,JAM,2007,292.00213623
Jamaica,JAM,2006,243.38668823
Jamaica,JAM,2005,243.57797241
Jamaica,JAM,2004,222.27250671
Jamaica,JAM,2003,177.21534729
Jamaica,JAM,2002,205.3553772
Jamaica,JAM,2001,180.66116333
Jamaica,JAM,2000,206.44976807
Jamaica,JAM,1999,
Jamaica,JAM,1998,
Jamaica,JAM,1997,
Jamaica,JAM,1996,
Jamaica,JAM,1995,
Jamaica,JAM,1994,
Jamaica,JAM,1993,
Jamaica,JAM,1992,
Jamaica,JAM,1991,
Jamaica,JAM,1990,
Jamaica,JAM,1989,
Jamaica,JAM,1988,
Jamaica,JAM,1987,
Jamaica,JAM,1986,
Jamaica,JAM,1985,
Jamaica,JAM,1984,
Jamaica,JAM,1983,
Jamaica,JAM,1982,
Jamaica,JAM,1981,
Jamaica,JAM,1980,
Jamaica,JAM,1979,
Jamaica,JAM,1978,
Jamaica,JAM,1977,
Jamaica,JAM,1976,
Jamaica,JAM,1975,
Jamaica,JAM,1974,
Jamaica,JAM,1973,
Jamaica,JAM,1972,
Jamaica,JAM,1971,
Jamaica,JAM,1970,
Jamaica,JAM,1969,
Jamaica,JAM,1968,
Jamaica,JAM,1967,
Jamaica,JAM,1966,
Jamaica,JAM,1965,
Jamaica,JAM,1964,
Jamaica,JAM,1963,
Jamaica,JAM,1962,
Jamaica,JAM,1961,
Jamaica,JAM,1960,
Japan,JPN,2025,
Japan,JPN,2024,
Japan,JPN,2023,3638.19287109
Japan,JPN,2022,4201.79248047
Japan,JPN,2021,4843.94433594
Japan,JPN,2020,4581.60986328
Japan,JPN,2019,4431.29980469
Japan,JPN,2018,4265.77929688
Japan,JPN,2017,4135.24316406
Japan,JPN,2016,4194.22802734
Japan,JPN,2015,3754.18115234
Japan,JPN,2014,4121.21142578
Japan,JPN,2013,4356.15527344
Japan,JPN,2012,5232.36279297
Japan,JPN,2011,5103.34326172
Japan,JPN,2010,4071.80200195
Japan,JPN,2009,3696.58422852
Japan,JPN,2008,3223.29101563
Japan,JPN,2007,2781.49365234
Japan,JPN,2006,2763.53344727
Japan,JPN,2005,2892.60473633
Japan,JPN,2004,2884.67358398
Japan,JPN,2003,2650.23852539
Japan,JPN,2002,2412.35131836
Japan,JPN,2001,2488.65185547
Japan,JPN,2000,2751.38452148
Japan,JPN,1999,
Japan,JPN,1998,
Japan,JPN,1997,
Japan,JPN,1996,
Japan,JPN,1995,
Japan,JPN,1994,
Japan,JPN,1993,
Japan,JPN,1992,
Japan,JPN,1991,
Japan,JPN,1990,
Japan,JPN,1989,
Japan,JPN,1988,
Japan,JPN,1987,
Japan,JPN,1986,
Japan,JPN,1985,
Japan,JPN,1984,
Japan,JPN,1983,
Japan,JPN,1982,
Japan,JPN,1981,
Japan,JPN,1980,
Japan,JPN,1979,
Japan,JPN,1978,
Japan,JPN,1977,
Japan,JPN,1976,
Japan,JPN,1975,
Japan,JPN,1974,
Japan,JPN,1973,
Japan,JPN,1972,
Japan,JPN,1971,
Japan,JPN,1970,
Japan,JPN,1969,
Japan,JPN,1968,
Japan,JPN,1967,
Japan,JPN,1966,
Japan,JPN,1965,
Japan,JPN,1964,
Japan,JPN,1963,
Japan,JPN,1962,
Japan,JPN,1961,
Japan,JPN,1960,
Jordan,JOR,2025,
Jordan,JOR,2024,
Jordan,JOR,2023,342.10394287
Jordan,JOR,2022,334.387146
Jordan,JOR,2021,322.01589966
Jordan,JOR,2020,303.4822998
Jordan,JOR,2019,294.92785645
Jordan,JOR,2018,289.47106934
Jordan,JOR,2017,289.04656982
Jordan,JOR,2016,278.13378906
Jordan,JOR,2015,301.63067627
Jordan,JOR,2014,302.14120483
Jordan,JOR,2013,308.94308472
Jordan,JOR,2012,325.97836304
Jordan,JOR,2011,321.59057617
Jordan,JOR,2010,303.8081665
Jordan,JOR,2009,316.92221069
Jordan,JOR,2008,275.17532349
Jordan,JOR,2007,208.03627014
Jordan,JOR,2006,188.72041321
Jordan,JOR,2005,185.0302124
Jordan,JOR,2004,175.04393005
Jordan,JOR,2003,161.87841797
Jordan,JOR,2002,164.75001526
Jordan,JOR,2001,161.33900452
Jordan,JOR,2000,151.33486938
Jordan,JOR,1999,
Jordan,JOR,1998,
Jordan,JOR,1997,
Jordan,JOR,1996,
Jordan,JOR,1995,
Jordan,JOR,1994,
Jordan,JOR,1993,
Jordan,JOR,1992,
Jordan,JOR,1991,
Jordan,JOR,1990,
Jordan,JOR,1989,
Jordan,JOR,1988,
Jordan,JOR,1987,
Jordan,JOR,1986,
Jordan,JOR,1985,
Jordan,JOR,1984,
Jordan,JOR,1983,
Jordan,JOR,1982,
Jordan,JOR,1981,
Jordan,JOR,1980,
Jordan,JOR,1979,
Jordan,JOR,1978,
Jordan,JOR,1977,
Jordan,JOR,1976,
Jordan,JOR,1975,
Jordan,JOR,1974,
Jordan,JOR,1973,
Jordan,JOR,1972,
Jordan,JOR,1971,
Jordan,JOR,1970,
Jordan,JOR,1969,
Jordan,JOR,1968,
Jordan,JOR,1967,
Jordan,JOR,1966,
Jordan,JOR,1965,
Jordan,JOR,1964,
Jordan,JOR,1963,
Jordan,JOR,1962,
Jordan,JOR,1961,
Jordan,JOR,1960,
Kazakhstan,KAZ,2025,
Kazakhstan,KAZ,2024,
Kazakhstan,KAZ,2023,489.71456909
Kazakhstan,KAZ,2022,421.60028076
Kazakhstan,KAZ,2021,391.81536865
Kazakhstan,KAZ,2020,329.57086182
Kazakhstan,KAZ,2019,263.61331177
Kazakhstan,KAZ,2018,266.92147827
Kazakhstan,KAZ,2017,272.98272705
Kazakhstan,KAZ,2016,255.84049988
Kazakhstan,KAZ,2015,310.01428223
Kazakhstan,KAZ,2014,369.68508911
Kazakhstan,KAZ,2013,358.91342163
Kazakhstan,KAZ,2012,365.04208374
Kazakhstan,KAZ,2011,293.73300171
Kazakhstan,KAZ,2010,240.6149292
Kazakhstan,KAZ,2009,240.99569702
Kazakhstan,KAZ,2008,245.79397583
Kazakhstan,KAZ,2007,174.33786011
Kazakhstan,KAZ,2006,170.9365387
Kazakhstan,KAZ,2005,139.57885742
Kazakhstan,KAZ,2004,108.43822479
Kazakhstan,KAZ,2003,72.90396881
Kazakhstan,KAZ,2002,56.88095856
Kazakhstan,KAZ,2001,49.36683273
Kazakhstan,KAZ,2000,49.093647
Kazakhstan,KAZ,1999,
Kazakhstan,KAZ,1998,
Kazakhstan,KAZ,1997,
Kazakhstan,KAZ,1996,
Kazakhstan,KAZ,1995,
Kazakhstan,KAZ,1994,
Kazakhstan,KAZ,1993,
Kazakhstan,KAZ,1992,
Kazakhstan,KAZ,1991,
Kazakhstan,KAZ,1990,
Kazakhstan,KAZ,1989,
Kazakhstan,KAZ,1988,
Kazakhstan,KAZ,1987,
Kazakhstan,KAZ,1986,
Kazakhstan,KAZ,1985,
Kazakhstan,KAZ,1984,
Kazakhstan,KAZ,1983,
Kazakhstan,KAZ,1982,
Kazakhstan,KAZ,1981,
Kazakhstan,KAZ,1980,
Kazakhstan,KAZ,1979,
Kazakhstan,KAZ,1978,
Kazakhstan,KAZ,1977,
Kazakhstan,KAZ,1976,
Kazakhstan,KAZ,1975,
Kazakhstan,KAZ,1974,
Kazakhstan,KAZ,1973,
Kazakhstan,KAZ,1972,
Kazakhstan,KAZ,1971,
Kazakhstan,KAZ,1970,
Kazakhstan,KAZ,1969,
Kazakhstan,KAZ,1968,
Kazakhstan,KAZ,1967,
Kazakhstan,KAZ,1966,
Kazakhstan,KAZ,1965,
Kazakhstan,KAZ,1964,
Kazakhstan,KAZ,1963,
Kazakhstan,KAZ,1962,
Kazakhstan,KAZ,1961,
Kazakhstan,KAZ,1960,
Kenya,KEN,2025,
Kenya,KEN,2024,
Kenya,KEN,2023,84.958992
Kenya,KEN,2022,91.18416595
Kenya,KEN,2021,94.20249176
Kenya,KEN,2020,86.5921936
Kenya,KEN,2019,85.64528656
Kenya,KEN,2018,75.27681732
Kenya,KEN,2017,66.46552277
Kenya,KEN,2016,73.88768005
Kenya,KEN,2015,70.94755554
Kenya,KEN,2014,72.84589386
Kenya,KEN,2013,67.59809875
Kenya,KEN,2012,64.48231506
Kenya,KEN,2011,57.02286911
Kenya,KEN,2010,58.8164711
Kenya,KEN,2009,55.455616
Kenya,KEN,2008,54.35681915
Kenya,KEN,2007,49.44605255
Kenya,KEN,2006,40.3040123
Kenya,KEN,2005,30.9943428
Kenya,KEN,2004,27.65002823
Kenya,KEN,2003,25.64012337
Kenya,KEN,2002,22.28772163
Kenya,KEN,2001,22.11487579
Kenya,KEN,2000,21.53400993
Kenya,KEN,1999,
Kenya,KEN,1998,
Kenya,KEN,1997,
Kenya,KEN,1996,
Kenya,KEN,1995,
Kenya,KEN,1994,
Kenya,KEN,1993,
Kenya,KEN,1992,
Kenya,KEN,1991,
Kenya,KEN,1990,
Kenya,KEN,1989,
Kenya,KEN,1988,
Kenya,KEN,1987,
Kenya,KEN,1986,
Kenya,KEN,1985,
Kenya,KEN,1984,
Kenya,KEN,1983,
Kenya,KEN,1982,
Kenya,KEN,1981,
Kenya,KEN,1980,
Kenya,KEN,1979,
Kenya,KEN,1978,
Kenya,KEN,1977,
Kenya,KEN,1976,
Kenya,KEN,1975,
Kenya,KEN,1974,
Kenya,KEN,1973,
Kenya,KEN,1972,
Kenya,KEN,1971,
Kenya,KEN,1970,
Kenya,KEN,1969,
Kenya,KEN,1968,
Kenya,KEN,1967,
Kenya,KEN,1966,
Kenya,KEN,1965,
Kenya,KEN,1964,
Kenya,KEN,1963,
Kenya,KEN,1962,
Kenya,KEN,1961,
Kenya,KEN,1960,
Kiribati,KIR,2025,
Kiribati,KIR,2024,
Kiribati,KIR,2023,238.12675476
Kiribati,KIR,2022,217.68276978
Kiribati,KIR,2021,263.09573364
Kiribati,KIR,2020,239.24353027
Kiribati,KIR,2019,177.93025208
Kiribati,KIR,2018,208.73831177
Kiribati,KIR,2017,179.57881165
Kiribati,KIR,2016,157.72897339
Kiribati,KIR,2015,118.3345871
Kiribati,KIR,2014,155.38656616
Kiribati,KIR,2013,154.34346008
Kiribati,KIR,2012,146.6194458
Kiribati,KIR,2011,141.5138092
Kiribati,KIR,2010,133.15927124
Kiribati,KIR,2009,167.97206116
Kiribati,KIR,2008,190.33927917
Kiribati,KIR,2007,148.0586853
Kiribati,KIR,2006,126.86061859
Kiribati,KIR,2005,131.88641357
Kiribati,KIR,2004,132.29045105
Kiribati,KIR,2003,102.43731689
Kiribati,KIR,2002,92.96794891
Kiribati,KIR,2001,85.88798523
Kiribati,KIR,2000,65.61151886
Kiribati,KIR,1999,
Kiribati,KIR,1998,
Kiribati,KIR,1997,
Kiribati,KIR,1996,
Kiribati,KIR,1995,
Kiribati,KIR,1994,
Kiribati,KIR,1993,
Kiribati,KIR,1992,
Kiribati,KIR,1991,
Kiribati,KIR,1990,
Kiribati,KIR,1989,
Kiribati,KIR,1988,
Kiribati,KIR,1987,
Kiribati,KIR,1986,
Kiribati,KIR,1985,
Kiribati,KIR,1984,
Kiribati,KIR,1983,
Kiribati,KIR,1982,
Kiribati,KIR,1981,
Kiribati,KIR,1980,
Kiribati,KIR,1979,
Kiribati,KIR,1978,
Kiribati,KIR,1977,
Kiribati,KIR,1976,
Kiribati,KIR,1975,
Kiribati,KIR,1974,
Kiribati,KIR,1973,
Kiribati,KIR,1972,
Kiribati,KIR,1971,
Kiribati,KIR,1970,
Kiribati,KIR,1969,
Kiribati,KIR,1968,
Kiribati,KIR,1967,
Kiribati,KIR,1966,
Kiribati,KIR,1965,
Kiribati,KIR,1964,
Kiribati,KIR,1963,
Kiribati,KIR,1962,
Kiribati,KIR,1961,
Kiribati,KIR,1960,
"Korea, Dem. People's Rep.",PRK,2025,
"Korea, Dem. People's Rep.",PRK,2024,
"Korea, Dem. People's Rep.",PRK,2023,
"Korea, Dem. People's Rep.",PRK,2022,
"Korea, Dem. People's Rep.",PRK,2021,
"Korea, Dem. People's Rep.",PRK,2020,
"Korea, Dem. People's Rep.",PRK,2019,
"Korea, Dem. People's Rep.",PRK,2018,
"Korea, Dem. People's Rep.",PRK,2017,
"Korea, Dem. People's Rep.",PRK,2016,
"Korea, Dem. People's Rep.",PRK,2015,
"Korea, Dem. People's Rep.",PRK,2014,
"Korea, Dem. People's Rep.",PRK,2013,
"Korea, Dem. People's Rep.",PRK,2012,
"Korea, Dem. People's Rep.",PRK,2011,
"Korea, Dem. People's Rep.",PRK,2010,
"Korea, Dem. People's Rep.",PRK,2009,
"Korea, Dem. People's Rep.",PRK,2008,
"Korea, Dem. People's Rep.",PRK,2007,
"Korea, Dem. People's Rep.",PRK,2006,
"Korea, Dem. People's Rep.",PRK,2005,
"Korea, Dem. People's Rep.",PRK,2004,
"Korea, Dem. People's Rep.",PRK,2003,
"Korea, Dem. People's Rep.",PRK,2002,
"Korea, Dem. People's Rep.",PRK,2001,
"Korea, Dem. People's Rep.",PRK,2000,
"Korea, Dem. People's Rep.",PRK,1999,
"Korea, Dem. People's Rep.",PRK,1998,
"Korea, Dem. People's Rep.",PRK,1997,
"Korea, Dem. People's Rep.",PRK,1996,
"Korea, Dem. People's Rep.",PRK,1995,
"Korea, Dem. People's Rep.",PRK,1994,
"Korea, Dem. People's Rep.",PRK,1993,
"Korea, Dem. People's Rep.",PRK,1992,
"Korea, Dem. People's Rep.",PRK,1991,
"Korea, Dem. People's Rep.",PRK,1990,
"Korea, Dem. People's Rep.",PRK,1989,
"Korea, Dem. People's Rep.",PRK,1988,
"Korea, Dem. People's Rep.",PRK,1987,
"Korea, Dem. People's Rep.",PRK,1986,
"Korea, Dem. People's Rep.",PRK,1985,
"Korea, Dem. People's Rep.",PRK,1984,
"Korea, Dem. People's Rep.",PRK,1983,
"Korea, Dem. People's Rep.",PRK,1982,
"Korea, Dem. People's Rep.",PRK,1981,
"Korea, Dem. People's Rep.",PRK,1980,
"Korea, Dem. People's Rep.",PRK,1979,
"Korea, Dem. People's Rep.",PRK,1978,
"Korea, Dem. People's Rep.",PRK,1977,
"Korea, Dem. People's Rep.",PRK,1976,
"Korea, Dem. People's Rep.",PRK,1975,
"Korea, Dem. People's Rep.",PRK,1974,
"Korea, Dem. People's Rep.",PRK,1973,
"Korea, Dem. People's Rep.",PRK,1972,
"Korea, Dem. People's Rep.",PRK,1971,
"Korea, Dem. People's Rep.",PRK,1970,
"Korea, Dem. People's Rep.",PRK,1969,
"Korea, Dem. People's Rep.",PRK,1968,
"Korea, Dem. People's Rep.",PRK,1967,
"Korea, Dem. People's Rep.",PRK,1966,
"Korea, Dem. People's Rep.",PRK,1965,
"Korea, Dem. People's Rep.",PRK,1964,
"Korea, Dem. People's Rep.",PRK,1963,
"Korea, Dem. People's Rep.",PRK,1962,
"Korea, Dem. People's Rep.",PRK,1961,
"Korea, Dem. People's Rep.",PRK,1960,
"Korea, Rep.",KOR,2025,
"Korea, Rep.",KOR,2024,3136.78564453
"Korea, Rep.",KOR,2023,3043.87329102
"Korea, Rep.",KOR,2022,3078.55151367
"Korea, Rep.",KOR,2021,3125.82714844
"Korea, Rep.",KOR,2020,2699.6640625
"Korea, Rep.",KOR,2019,2602.4831543
"Korea, Rep.",KOR,2018,2523.04003906
"Korea, Rep.",KOR,2017,2258.15307617
"Korea, Rep.",KOR,2016,2042.72949219
"Korea, Rep.",KOR,2015,1950.89575195
"Korea, Rep.",KOR,2014,1922.98803711
"Korea, Rep.",KOR,2013,1738.80847168
"Korea, Rep.",KOR,2012,1603.93432617
"Korea, Rep.",KOR,2011,1570.54943848
"Korea, Rep.",KOR,2010,1417.10913086
"Korea, Rep.",KOR,2009,1150.97253418
"Korea, Rep.",KOR,2008,1186.375
"Korea, Rep.",KOR,2007,1256.36437988
"Korea, Rep.",KOR,2006,1130.53796387
"Korea, Rep.",KOR,2005,944.55078125
"Korea, Rep.",KOR,2004,764.49401855
"Korea, Rep.",KOR,2003,684.79833984
"Korea, Rep.",KOR,2002,536.91662598
"Korea, Rep.",KOR,2001,503.15795898
"Korea, Rep.",KOR,2000,475.2520752
"Korea, Rep.",KOR,1999,
"Korea, Rep.",KOR,1998,
"Korea, Rep.",KOR,1997,
"Korea, Rep.",KOR,1996,
"Korea, Rep.",KOR,1995,
"Korea, Rep.",KOR,1994,
"Korea, Rep.",KOR,1993,
"Korea, Rep.",KOR,1992,
"Korea, Rep.",KOR,1991,
"Korea, Rep.",KOR,1990,
"Korea, Rep.",KOR,1989,
"Korea, Rep.",KOR,1988,
"Korea, Rep.",KOR,1987,
"Korea, Rep.",KOR,1986,
"Korea, Rep.",KOR,1985,
"Korea, Rep.",KOR,1984,
"Korea, Rep.",KOR,1983,
"Korea, Rep.",KOR,1982,
"Korea, Rep.",KOR,1981,
"Korea, Rep.",KOR,1980,
"Korea, Rep.",KOR,1979,
"Korea, Rep.",KOR,1978,
"Korea, Rep.",KOR,1977,
"Korea, Rep.",KOR,1976,
"Korea, Rep.",KOR,1975,
"Korea, Rep.",KOR,1974,
"Korea, Rep.",KOR,1973,
"Korea, Rep.",KOR,1972,
"Korea, Rep.",KOR,1971,
"Korea, Rep.",KOR,1970,
"Korea, Rep.",KOR,1969,
"Korea, Rep.",KOR,1968,
"Korea, Rep.",KOR,1967,
"Korea, Rep.",KOR,1966,
"Korea, Rep.",KOR,1965,
"Korea, Rep.",KOR,1964,
"Korea, Rep.",KOR,1963,
"Korea, Rep.",KOR,1962,
"Korea, Rep.",KOR,1961,
"Korea, Rep.",KOR,1960,
Kosovo,XKX,2025,
Kosovo,XKX,2024,
Kosovo,XKX,2023,
Kosovo,XKX,2022,
Kosovo,XKX,2021,
Kosovo,XKX,2020,
Kosovo,XKX,2019,
Kosovo,XKX,2018,
Kosovo,XKX,2017,
Kosovo,XKX,2016,
Kosovo,XKX,2015,
Kosovo,XKX,2014,
Kosovo,XKX,2013,
Kosovo,XKX,2012,
Kosovo,XKX,2011,
Kosovo,XKX,2010,
Kosovo,XKX,2009,
Kosovo,XKX,2008,
Kosovo,XKX,2007,
Kosovo,XKX,2006,
Kosovo,XKX,2005,
Kosovo,XKX,2004,
Kosovo,XKX,2003,
Kosovo,XKX,2002,
Kosovo,XKX,2001,
Kosovo,XKX,2000,
Kosovo,XKX,1999,
Kosovo,XKX,1998,
Kosovo,XKX,1997,
Kosovo,XKX,1996,
Kosovo,XKX,1995,
Kosovo,XKX,1994,
Kosovo,XKX,1993,
Kosovo,XKX,1992,
Kosovo,XKX,1991,
Kosovo,XKX,1990,
Kosovo,XKX,1989,
Kosovo,XKX,1988,
Kosovo,XKX,1987,
Kosovo,XKX,1986,
Kosovo,XKX,1985,
Kosovo,XKX,1984,
Kosovo,XKX,1983,
Kosovo,XKX,1982,
Kosovo,XKX,1981,
Kosovo,XKX,1980,
Kosovo,XKX,1979,
Kosovo,XKX,1978,
Kosovo,XKX,1977,
Kosovo,XKX,1976,
Kosovo,XKX,1975,
Kosovo,XKX,1974,
Kosovo,XKX,1973,
Kosovo,XKX,1972,
Kosovo,XKX,1971,
Kosovo,XKX,1970,
Kosovo,XKX,1969,
Kosovo,XKX,1968,
Kosovo,XKX,1967,
Kosovo,XKX,1966,
Kosovo,XKX,1965,
Kosovo,XKX,1964,
Kosovo,XKX,1963,
Kosovo,XKX,1962,
Kosovo,XKX,1961,
Kosovo,XKX,1960,
Kuwait,KWT,2025,
Kuwait,KWT,2024,
Kuwait,KWT,2023,1679.12353516
Kuwait,KWT,2022,1683.39929199
Kuwait,KWT,2021,1829.13134766
Kuwait,KWT,2020,1542.72143555
Kuwait,KWT,2019,1643.16491699
Kuwait,KWT,2018,1658.60375977
Kuwait,KWT,2017,1351.72387695
Kuwait,KWT,2016,1292.71984863
Kuwait,KWT,2015,1259.55786133
Kuwait,KWT,2014,1293.8326416
Kuwait,KWT,2013,1235.29321289
Kuwait,KWT,2012,1216.8684082
Kuwait,KWT,2011,1147.15539551
Kuwait,KWT,2010,1050.41589355
Kuwait,KWT,2009,1025.90490723
Kuwait,KWT,2008,1069.46472168
Kuwait,KWT,2007,880.71105957
Kuwait,KWT,2006,782.20379639
Kuwait,KWT,2005,727.25366211
Kuwait,KWT,2004,649.42504883
Kuwait,KWT,2003,626.35095215
Kuwait,KWT,2002,578.41534424
Kuwait,KWT,2001,553.75134277
Kuwait,KWT,2000,425.20968628
Kuwait,KWT,1999,
Kuwait,KWT,1998,
Kuwait,KWT,1997,
Kuwait,KWT,1996,
Kuwait,KWT,1995,
Kuwait,KWT,1994,
Kuwait,KWT,1993,
Kuwait,KWT,1992,
Kuwait,KWT,1991,
Kuwait,KWT,1990,
Kuwait,KWT,1989,
Kuwait,KWT,1988,
Kuwait,KWT,1987,
Kuwait,KWT,1986,
Kuwait,KWT,1985,
Kuwait,KWT,1984,
Kuwait,KWT,1983,
Kuwait,KWT,1982,
Kuwait,KWT,1981,
Kuwait,KWT,1980,
Kuwait,KWT,1979,
Kuwait,KWT,1978,
Kuwait,KWT,1977,
Kuwait,KWT,1976,
Kuwait,KWT,1975,
Kuwait,KWT,1974,
Kuwait,KWT,1973,
Kuwait,KWT,1972,
Kuwait,KWT,1971,
Kuwait,KWT,1970,
Kuwait,KWT,1969,
Kuwait,KWT,1968,
Kuwait,KWT,1967,
Kuwait,KWT,1966,
Kuwait,KWT,1965,
Kuwait,KWT,1964,
Kuwait,KWT,1963,
Kuwait,KWT,1962,
Kuwait,KWT,1961,
Kuwait,KWT,1960,
Kyrgyz Republic,KGZ,2025,
Kyrgyz Republic,KGZ,2024,
Kyrgyz Republic,KGZ,2023,96.65081787
Kyrgyz Republic,KGZ,2022,88.07954407
Kyrgyz Republic,KGZ,2021,72.58779144
Kyrgyz Republic,KGZ,2020,61.25272751
Kyrgyz Republic,KGZ,2019,61.39657974
Kyrgyz Republic,KGZ,2018,65.34625244
Kyrgyz Republic,KGZ,2017,76.60479736
Kyrgyz Republic,KGZ,2016,71.52179718
Kyrgyz Republic,KGZ,2015,79.54891205
Kyrgyz Republic,KGZ,2014,93.15830994
Kyrgyz Republic,KGZ,2013,103.59209442
Kyrgyz Republic,KGZ,2012,98.66984558
Kyrgyz Republic,KGZ,2011,78.73632813
Kyrgyz Republic,KGZ,2010,60.67642975
Kyrgyz Republic,KGZ,2009,59.93972397
Kyrgyz Republic,KGZ,2008,62.77722549
Kyrgyz Republic,KGZ,2007,49.61043167
Kyrgyz Republic,KGZ,2006,44.5950737
Kyrgyz Republic,KGZ,2005,34.93693161
Kyrgyz Republic,KGZ,2004,26.37302399
Kyrgyz Republic,KGZ,2003,21.68980598
Kyrgyz Republic,KGZ,2002,14.4122982
Kyrgyz Republic,KGZ,2001,12.87845421
Kyrgyz Republic,KGZ,2000,12.0349474
Kyrgyz Republic,KGZ,1999,
Kyrgyz Republic,KGZ,1998,
Kyrgyz Republic,KGZ,1997,
Kyrgyz Republic,KGZ,1996,
Kyrgyz Republic,KGZ,1995,
Kyrgyz Republic,KGZ,1994,
Kyrgyz Republic,KGZ,1993,
Kyrgyz Republic,KGZ,1992,
Kyrgyz Republic,KGZ,1991,
Kyrgyz Republic,KGZ,1990,
Kyrgyz Republic,KGZ,1989,
Kyrgyz Republic,KGZ,1988,
Kyrgyz Republic,KGZ,1987,
Kyrgyz Republic,KGZ,1986,
Kyrgyz Republic,KGZ,1985,
Kyrgyz Republic,KGZ,1984,
Kyrgyz Republic,KGZ,1983,
Kyrgyz Republic,KGZ,1982,
Kyrgyz Republic,KGZ,1981,
Kyrgyz Republic,KGZ,1980,
Kyrgyz Republic,KGZ,1979,
Kyrgyz Republic,KGZ,1978,
Kyrgyz Republic,KGZ,1977,
Kyrgyz Republic,KGZ,1976,
Kyrgyz Republic,KGZ,1975,
Kyrgyz Republic,KGZ,1974,
Kyrgyz Republic,KGZ,1973,
Kyrgyz Republic,KGZ,1972,
Kyrgyz Republic,KGZ,1971,
Kyrgyz Republic,KGZ,1970,
Kyrgyz Republic,KGZ,1969,
Kyrgyz Republic,KGZ,1968,
Kyrgyz Republic,KGZ,1967,
Kyrgyz Republic,KGZ,1966,
Kyrgyz Republic,KGZ,1965,
Kyrgyz Republic,KGZ,1964,
Kyrgyz Republic,KGZ,1963,
Kyrgyz Republic,KGZ,1962,
Kyrgyz Republic,KGZ,1961,
Kyrgyz Republic,KGZ,1960,
Lao PDR,LAO,2025,
Lao PDR,LAO,2024,
Lao PDR,LAO,2023,27.41773605
Lao PDR,LAO,2022,41.34779739
Lao PDR,LAO,2021,68.61697388
Lao PDR,LAO,2020,51.96581268
Lao PDR,LAO,2019,67.57865143
Lao PDR,LAO,2018,57.1708374
Lao PDR,LAO,2017,61.42248535
Lao PDR,LAO,2016,54.3762207
Lao PDR,LAO,2015,52.04236603
Lao PDR,LAO,2014,45.53330612
Lao PDR,LAO,2013,43.49770355
Lao PDR,LAO,2012,32.46548843
Lao PDR,LAO,2011,27.11878395
Lao PDR,LAO,2010,34.52460861
Lao PDR,LAO,2009,35.71521378
Lao PDR,LAO,2008,26.74945259
Lao PDR,LAO,2007,24.56666374
Lao PDR,LAO,2006,19.22654533
Lao PDR,LAO,2005,17.33082581
Lao PDR,LAO,2004,16.23278809
Lao PDR,LAO,2003,17.59125519
Lao PDR,LAO,2002,12.90540886
Lao PDR,LAO,2001,14.46665001
Lao PDR,LAO,2000,14.10313892
Lao PDR,LAO,1999,
Lao PDR,LAO,1998,
Lao PDR,LAO,1997,
Lao PDR,LAO,1996,
Lao PDR,LAO,1995,
Lao PDR,LAO,1994,
Lao PDR,LAO,1993,
Lao PDR,LAO,1992,
Lao PDR,LAO,1991,
Lao PDR,LAO,1990,
Lao PDR,LAO,1989,
Lao PDR,LAO,1988,
Lao PDR,LAO,1987,
Lao PDR,LAO,1986,
Lao PDR,LAO,1985,
Lao PDR,LAO,1984,
Lao PDR,LAO,1983,
Lao PDR,LAO,1982,
Lao PDR,LAO,1981,
Lao PDR,LAO,1980,
Lao PDR,LAO,1979,
Lao PDR,LAO,1978,
Lao PDR,LAO,1977,
Lao PDR,LAO,1976,
Lao PDR,LAO,1975,
Lao PDR,LAO,1974,
Lao PDR,LAO,1973,
Lao PDR,LAO,1972,
Lao PDR,LAO,1971,
Lao PDR,LAO,1970,
Lao PDR,LAO,1969,
Lao PDR,LAO,1968,
Lao PDR,LAO,1967,
Lao PDR,LAO,1966,
Lao PDR,LAO,1965,
Lao PDR,LAO,1964,
Lao PDR,LAO,1963,
Lao PDR,LAO,1962,
Lao PDR,LAO,1961,
Lao PDR,LAO,1960,
Latvia,LVA,2025,
Latvia,LVA,2024,
Latvia,LVA,2023,1645.4152832
Latvia,LVA,2022,1642.47131348
Latvia,LVA,2021,1897.95275879
Latvia,LVA,2020,1313.35412598
Latvia,LVA,2019,1183.1151123
Latvia,LVA,2018,1101.49243164
Latvia,LVA,2017,932.50158691
Latvia,LVA,2016,874.79772949
Latvia,LVA,2015,775.86431885
Latvia,LVA,2014,856.76654053
Latvia,LVA,2013,807.13000488
Latvia,LVA,2012,745.51745605
Latvia,LVA,2011,764.59179688
Latvia,LVA,2010,689.07720947
Latvia,LVA,2009,744.66162109
Latvia,LVA,2008,913.52148438
Latvia,LVA,2007,775.19146729
Latvia,LVA,2006,552.30163574
Latvia,LVA,2005,440.8097229
Latvia,LVA,2004,393.29806519
Latvia,LVA,2003,280.50878906
Latvia,LVA,2002,237.29516602
Latvia,LVA,2001,205.02047729
Latvia,LVA,2000,181.57072449
Latvia,LVA,1999,
Latvia,LVA,1998,
Latvia,LVA,1997,
Latvia,LVA,1996,
Latvia,LVA,1995,
Latvia,LVA,1994,
Latvia,LVA,1993,
Latvia,LVA,1992,
Latvia,LVA,1991,
Latvia,LVA,1990,
Latvia,LVA,1989,
Latvia,LVA,1988,
Latvia,LVA,1987,
Latvia,LVA,1986,
Latvia,LVA,1985,
Latvia,LVA,1984,
Latvia,LVA,1983,
Latvia,LVA,1982,
Latvia,LVA,1981,
Latvia,LVA,1980,
Latvia,LVA,1979,
Latvia,LVA,1978,
Latvia,LVA,1977,
Latvia,LVA,1976,
Latvia,LVA,1975,
Latvia,LVA,1974,
Latvia,LVA,1973,
Latvia,LVA,1972,
Latvia,LVA,1971,
Latvia,LVA,1970,
Latvia,LVA,1969,
Latvia,LVA,1968,
Latvia,LVA,1967,
Latvia,LVA,1966,
Latvia,LVA,1965,
Latvia,LVA,1964,
Latvia,LVA,1963,
Latvia,LVA,1962,
Latvia,LVA,1961,
Latvia,LVA,1960,
Lebanon,LBN,2025,
Lebanon,LBN,2024,
Lebanon,LBN,2023,260.8119812
Lebanon,LBN,2022,230.39093018
Lebanon,LBN,2021,189.8581543
Lebanon,LBN,2020,303.48632813
Lebanon,LBN,2019,798.13421631
Lebanon,LBN,2018,740.38696289
Lebanon,LBN,2017,671.77996826
Lebanon,LBN,2016,640.96563721
Lebanon,LBN,2015,572.07220459
Lebanon,LBN,2014,569.97937012
Lebanon,LBN,2013,576.87176514
Lebanon,LBN,2012,588.83917236
Lebanon,LBN,2011,640.69805908
Lebanon,LBN,2010,567.25506592
Lebanon,LBN,2009,496.88284302
Lebanon,LBN,2008,462.17767334
Lebanon,LBN,2007,438.71112061
Lebanon,LBN,2006,401.43670654
Lebanon,LBN,2005,347.40252686
Lebanon,LBN,2004,368.01425171
Lebanon,LBN,2003,373.35971069
Lebanon,LBN,2002,391.74139404
Lebanon,LBN,2001,416.57485962
Lebanon,LBN,2000,425.70095825
Lebanon,LBN,1999,
Lebanon,LBN,1998,
Lebanon,LBN,1997,
Lebanon,LBN,1996,
Lebanon,LBN,1995,
Lebanon,LBN,1994,
Lebanon,LBN,1993,
Lebanon,LBN,1992,
Lebanon,LBN,1991,
Lebanon,LBN,1990,
Lebanon,LBN,1989,
Lebanon,LBN,1988,
Lebanon,LBN,1987,
Lebanon,LBN,1986,
Lebanon,LBN,1985,
Lebanon,LBN,1984,
Lebanon,LBN,1983,
Lebanon,LBN,1982,
Lebanon,LBN,1981,
Lebanon,LBN,1980,
Lebanon,LBN,1979,
Lebanon,LBN,1978,
Lebanon,LBN,1977,
Lebanon,LBN,1976,
Lebanon,LBN,1975,
Lebanon,LBN,1974,
Lebanon,LBN,1973,
Lebanon,LBN,1972,
Lebanon,LBN,1971,
Lebanon,LBN,1970,
Lebanon,LBN,1969,
Lebanon,LBN,1968,
Lebanon,LBN,1967,
Lebanon,LBN,1966,
Lebanon,LBN,1965,
Lebanon,LBN,1964,
Lebanon,LBN,1963,
Lebanon,LBN,1962,
Lebanon,LBN,1961,
Lebanon,LBN,1960,
Lesotho,LSO,2025,
Lesotho,LSO,2024,
Lesotho,LSO,2023,122.63982391
Lesotho,LSO,2022,133.32562256
Lesotho,LSO,2021,115.81448364
Lesotho,LSO,2020,96.84536743
Lesotho,LSO,2019,235.94372559
Lesotho,LSO,2018,130.93614197
Lesotho,LSO,2017,115.43321228
Lesotho,LSO,2016,91.0127182
Lesotho,LSO,2015,104.59999847
Lesotho,LSO,2014,121.21549988
Lesotho,LSO,2013,131.35578918
Lesotho,LSO,2012,125.37831116
Lesotho,LSO,2011,117.67031097
Lesotho,LSO,2010,85.87903595
Lesotho,LSO,2009,80.82315063
Lesotho,LSO,2008,69.06710052
Lesotho,LSO,2007,65.80387878
Lesotho,LSO,2006,49.67809296
Lesotho,LSO,2005,41.66717911
Lesotho,LSO,2004,41.18851089
Lesotho,LSO,2003,32.02215576
Lesotho,LSO,2002,23.20003891
Lesotho,LSO,2001,28.22144127
Lesotho,LSO,2000,23.71122551
Lesotho,LSO,1999,
Lesotho,LSO,1998,
Lesotho,LSO,1997,
Lesotho,LSO,1996,
Lesotho,LSO,1995,
Lesotho,LSO,1994,
Lesotho,LSO,1993,
Lesotho,LSO,1992,
Lesotho,LSO,1991,
Lesotho,LSO,1990,
Lesotho,LSO,1989,
Lesotho,LSO,1988,
Lesotho,LSO,1987,
Lesotho,LSO,1986,
Lesotho,LSO,1985,
Lesotho,LSO,1984,
Lesotho,LSO,1983,
Lesotho,LSO,1982,
Lesotho,LSO,1981,
Lesotho,LSO,1980,
Lesotho,LSO,1979,
Lesotho,LSO,1978,
Lesotho,LSO,1977,
Lesotho,LSO,1976,
Lesotho,LSO,1975,
Lesotho,LSO,1974,
Lesotho,LSO,1973,
Lesotho,LSO,1972,
Lesotho,LSO,1971,
Lesotho,LSO,1970,
Lesotho,LSO,1969,
Lesotho,LSO,1968,
Lesotho,LSO,1967,
Lesotho,LSO,1966,
Lesotho,LSO,1965,
Lesotho,LSO,1964,
Lesotho,LSO,1963,
Lesotho,LSO,1962,
Lesotho,LSO,1961,
Lesotho,LSO,1960,
Liberia,LBR,2025,
Liberia,LBR,2024,
Liberia,LBR,2023,103.94123077
Liberia,LBR,2022,100.49607086
Liberia,LBR,2021,88.54867554
Liberia,LBR,2020,76.11009979
Liberia,LBR,2019,51.1932373
Liberia,LBR,2018,68.88298798
Liberia,LBR,2017,67.8789978
Liberia,LBR,2016,67.68016052
Liberia,LBR,2015,68.89793396
Liberia,LBR,2014,54.82420349
Liberia,LBR,2013,48.72935104
Liberia,LBR,2012,46.67208862
Liberia,LBR,2011,47.58517075
Liberia,LBR,2010,40.8739624
Liberia,LBR,2009,40.21982574
Liberia,LBR,2008,26.30083656
Liberia,LBR,2007,15.8568964
Liberia,LBR,2006,18.34446335
Liberia,LBR,2005,19.14579582
Liberia,LBR,2004,16.7787571
Liberia,LBR,2003,5.76429653
Liberia,LBR,2002,6.59576607
Liberia,LBR,2001,6.46313238
Liberia,LBR,2000,7.93455124
Liberia,LBR,1999,
Liberia,LBR,1998,
Liberia,LBR,1997,
Liberia,LBR,1996,
Liberia,LBR,1995,
Liberia,LBR,1994,
Liberia,LBR,1993,
Liberia,LBR,1992,
Liberia,LBR,1991,
Liberia,LBR,1990,
Liberia,LBR,1989,
Liberia,LBR,1988,
Liberia,LBR,1987,
Liberia,LBR,1986,
Liberia,LBR,1985,
Liberia,LBR,1984,
Liberia,LBR,1983,
Liberia,LBR,1982,
Liberia,LBR,1981,
Liberia,LBR,1980,
Liberia,LBR,1979,
Liberia,LBR,1978,
Liberia,LBR,1977,
Liberia,LBR,1976,
Liberia,LBR,1975,
Liberia,LBR,1974,
Liberia,LBR,1973,
Liberia,LBR,1972,
Liberia,LBR,1971,
Liberia,LBR,1970,
Liberia,LBR,1969,
Liberia,LBR,1968,
Liberia,LBR,1967,
Liberia,LBR,1966,
Liberia,LBR,1965,
Liberia,LBR,1964,
Liberia,LBR,1963,
Liberia,LBR,1962,
Liberia,LBR,1961,
Liberia,LBR,1960,
Libya,LBY,2025,
Libya,LBY,2024,
Libya,LBY,2023,470.4034729
Libya,LBY,2022,284.0262146
Libya,LBY,2021,298.84338379
Libya,LBY,2020,472.62240601
Libya,LBY,2019,552.73168945
Libya,LBY,2018,544.88079834
Libya,LBY,2017,466.08538818
Libya,LBY,2016,464.47531128
Libya,LBY,2015,433.06808472
Libya,LBY,2014,462.19216919
Libya,LBY,2013,594.65338135
Libya,LBY,2012,592.46356201
Libya,LBY,2011,305.20037842
Libya,LBY,2010,380.58596802
Libya,LBY,2009,342.20449829
Libya,LBY,2008,312.11196899
Libya,LBY,2007,269.63085938
Libya,LBY,2006,231.11968994
Libya,LBY,2005,209.878479
Libya,LBY,2004,200.83604431
Libya,LBY,2003,189.72729492
Libya,LBY,2002,181.7310791
Libya,LBY,2001,255.77108765
Libya,LBY,2000,247.1134491
Libya,LBY,1999,
Libya,LBY,1998,
Libya,LBY,1997,
Libya,LBY,1996,
Libya,LBY,1995,
Libya,LBY,1994,
Libya,LBY,1993,
Libya,LBY,1992,
Libya,LBY,1991,
Libya,LBY,1990,
Libya,LBY,1989,
Libya,LBY,1988,
Libya,LBY,1987,
Libya,LBY,1986,
Libya,LBY,1985,
Libya,LBY,1984,
Libya,LBY,1983,
Libya,LBY,1982,
Libya,LBY,1981,
Libya,LBY,1980,
Libya,LBY,1979,
Libya,LBY,1978,
Libya,LBY,1977,
Libya,LBY,1976,
Libya,LBY,1975,
Libya,LBY,1974,
Libya,LBY,1973,
Libya,LBY,1972,
Libya,LBY,1971,
Libya,LBY,1970,
Libya,LBY,1969,
Libya,LBY,1968,
Libya,LBY,1967,
Libya,LBY,1966,
Libya,LBY,1965,
Libya,LBY,1964,
Libya,LBY,1963,
Libya,LBY,1962,
Libya,LBY,1961,
Libya,LBY,1960,
Liechtenstein,LIE,2025,
Liechtenstein,LIE,2024,
Liechtenstein,LIE,2023,11494.95898438
Liechtenstein,LIE,2022,10591.59277344
Liechtenstein,LIE,2021,10912.36132813
Liechtenstein,LIE,2020,10004.52832031
Liechtenstein,LIE,2019,9686.88378906
Liechtenstein,LIE,2018,9736.24316406
Liechtenstein,LIE,2017,9715.07519531
Liechtenstein,LIE,2016,9703.75878906
Liechtenstein,LIE,2015,9639.75195313
Liechtenstein,LIE,2014,10096.85351563
Liechtenstein,LIE,2013,9956.29785156
Liechtenstein,LIE,2012,
Liechtenstein,LIE,2011,
Liechtenstein,LIE,2010,
Liechtenstein,LIE,2009,
Liechtenstein,LIE,2008,
Liechtenstein,LIE,2007,
Liechtenstein,LIE,2006,
Liechtenstein,LIE,2005,
Liechtenstein,LIE,2004,
Liechtenstein,LIE,2003,
Liechtenstein,LIE,2002,
Liechtenstein,LIE,2001,
Liechtenstein,LIE,2000,
Liechtenstein,LIE,1999,
Liechtenstein,LIE,1998,
Liechtenstein,LIE,1997,
Liechtenstein,LIE,1996,
Liechtenstein,LIE,1995,
Liechtenstein,LIE,1994,
Liechtenstein,LIE,1993,
Liechtenstein,LIE,1992,
Liechtenstein,LIE,1991,
Liechtenstein,LIE,1990,
Liechtenstein,LIE,1989,
Liechtenstein,LIE,1988,
Liechtenstein,LIE,1987,
Liechtenstein,LIE,1986,
Liechtenstein,LIE,1985,
Liechtenstein,LIE,1984,
Liechtenstein,LIE,1983,
Liechtenstein,LIE,1982,
Liechtenstein,LIE,1981,
Liechtenstein,LIE,1980,
Liechtenstein,LIE,1979,
Liechtenstein,LIE,1978,
Liechtenstein,LIE,1977,
Liechtenstein,LIE,1976,
Liechtenstein,LIE,1975,
Liechtenstein,LIE,1974,
Liechtenstein,LIE,1973,
Liechtenstein,LIE,1972,
Liechtenstein,LIE,1971,
Liechtenstein,LIE,1970,
Liechtenstein,LIE,1969,
Liechtenstein,LIE,1968,
Liechtenstein,LIE,1967,
Liechtenstein,LIE,1966,
Liechtenstein,LIE,1965,
Liechtenstein,LIE,1964,
Liechtenstein,LIE,1963,
Liechtenstein,LIE,1962,
Liechtenstein,LIE,1961,
Liechtenstein,LIE,1960,
Lithuania,LTU,2025,
Lithuania,LTU,2024,2232.47631836
Lithuania,LTU,2023,2044.18371582
Lithuania,LTU,2022,1831.27734375
Lithuania,LTU,2021,1844.33154297
Lithuania,LTU,2020,1511.79626465
Lithuania,LTU,2019,1361.20288086
Lithuania,LTU,2018,1241.38574219
Lithuania,LTU,2017,1073.95800781
Lithuania,LTU,2016,986.13311768
Lithuania,LTU,2015,918.50750732
Lithuania,LTU,2014,1019.7121582
Lithuania,LTU,2013,958.04650879
Lithuania,LTU,2012,896.93707275
Lithuania,LTU,2011,925.47161865
Lithuania,LTU,2010,805.2244873
Lithuania,LTU,2009,864.73638916
Lithuania,LTU,2008,936.50933838
Lithuania,LTU,2007,704.29315186
Lithuania,LTU,2006,536.05737305
Lithuania,LTU,2005,438.93267822
Lithuania,LTU,2004,366.95968628
Lithuania,LTU,2003,338.86306763
Lithuania,LTU,2002,254.36688232
Lithuania,LTU,2001,218.81802368
Lithuania,LTU,2000,217.1761322
Lithuania,LTU,1999,
Lithuania,LTU,1998,
Lithuania,LTU,1997,
Lithuania,LTU,1996,
Lithuania,LTU,1995,
Lithuania,LTU,1994,
Lithuania,LTU,1993,
Lithuania,LTU,1992,
Lithuania,LTU,1991,
Lithuania,LTU,1990,
Lithuania,LTU,1989,
Lithuania,LTU,1988,
Lithuania,LTU,1987,
Lithuania,LTU,1986,
Lithuania,LTU,1985,
Lithuania,LTU,1984,
Lithuania,LTU,1983,
Lithuania,LTU,1982,
Lithuania,LTU,1981,
Lithuania,LTU,1980,
Lithuania,LTU,1979,
Lithuania,LTU,1978,
Lithuania,LTU,1977,
Lithuania,LTU,1976,
Lithuania,LTU,1975,
Lithuania,LTU,1974,
Lithuania,LTU,1973,
Lithuania,LTU,1972,
Lithuania,LTU,1971,
Lithuania,LTU,1970,
Lithuania,LTU,1969,
Lithuania,LTU,1968,
Lithuania,LTU,1967,
Lithuania,LTU,1966,
Lithuania,LTU,1965,
Lithuania,LTU,1964,
Lithuania,LTU,1963,
Lithuania,LTU,1962,
Lithuania,LTU,1961,
Lithuania,LTU,1960,
Luxembourg,LUX,2025,
Luxembourg,LUX,2024,8169.91259766
Luxembourg,LUX,2023,7510.99414063
Luxembourg,LUX,2022,7022.62695313
Luxembourg,LUX,2021,7632.57275391
Luxembourg,LUX,2020,6785.86230469
Luxembourg,LUX,2019,6221.73876953
Luxembourg,LUX,2018,6227.08398438
Luxembourg,LUX,2017,5713.11865234
Luxembourg,LUX,2016,5475.13964844
Luxembourg,LUX,2015,5421.93212891
Luxembourg,LUX,2014,6547.03466797
Luxembourg,LUX,2013,6356.64453125
Luxembourg,LUX,2012,6029.47460938
Luxembourg,LUX,2011,7174.73925781
Luxembourg,LUX,2010,7459.83544922
Luxembourg,LUX,2009,7670.59375
Luxembourg,LUX,2008,7578.74951172
Luxembourg,LUX,2007,6671.26513672
Luxembourg,LUX,2006,6070.73583984
Luxembourg,LUX,2005,5818.14599609
Luxembourg,LUX,2004,5610.35351563
Luxembourg,LUX,2003,4607.40283203
Luxembourg,LUX,2002,3600.86743164
Luxembourg,LUX,2001,3109.20141602
Luxembourg,LUX,2000,2901.19995117
Luxembourg,LUX,1999,
Luxembourg,LUX,1998,
Luxembourg,LUX,1997,
Luxembourg,LUX,1996,
Luxembourg,LUX,1995,
Luxembourg,LUX,1994,
Luxembourg,LUX,1993,
Luxembourg,LUX,1992,
Luxembourg,LUX,1991,
Luxembourg,LUX,1990,
Luxembourg,LUX,1989,
Luxembourg,LUX,1988,
Luxembourg,LUX,1987,
Luxembourg,LUX,1986,
Luxembourg,LUX,1985,
Luxembourg,LUX,1984,
Luxembourg,LUX,1983,
Luxembourg,LUX,1982,
Luxembourg,LUX,1981,
Luxembourg,LUX,1980,
Luxembourg,LUX,1979,
Luxembourg,LUX,1978,
Luxembourg,LUX,1977,
Luxembourg,LUX,1976,
Luxembourg,LUX,1975,
Luxembourg,LUX,1974,
Luxembourg,LUX,1973,
Luxembourg,LUX,1972,
Luxembourg,LUX,1971,
Luxembourg,LUX,1970,
Luxembourg,LUX,1969,
Luxembourg,LUX,1968,
Luxembourg,LUX,1967,
Luxembourg,LUX,1966,
Luxembourg,LUX,1965,
Luxembourg,LUX,1964,
Luxembourg,LUX,1963,
Luxembourg,LUX,1962,
Luxembourg,LUX,1961,
Luxembourg,LUX,1960,
"Macao SAR, China",MAC,2025,
"Macao SAR, China",MAC,2024,
"Macao SAR, China",MAC,2023,
"Macao SAR, China",MAC,2022,
"Macao SAR, China",MAC,2021,
"Macao SAR, China",MAC,2020,
"Macao SAR, China",MAC,2019,
"Macao SAR, China",MAC,2018,
"Macao SAR, China",MAC,2017,
"Macao SAR, China",MAC,2016,
"Macao SAR, China",MAC,2015,
"Macao SAR, China",MAC,2014,
"Macao SAR, China",MAC,2013,
"Macao SAR, China",MAC,2012,
"Macao SAR, China",MAC,2011,
"Macao SAR, China",MAC,2010,
"Macao SAR, China",MAC,2009,
"Macao SAR, China",MAC,2008,
"Macao SAR, China",MAC,2007,
"Macao SAR, China",MAC,2006,
"Macao SAR, China",MAC,2005,
"Macao SAR, China",MAC,2004,
"Macao SAR, China",MAC,2003,
"Macao SAR, China",MAC,2002,
"Macao SAR, China",MAC,2001,
"Macao SAR, China",MAC,2000,
"Macao SAR, China",MAC,1999,
"Macao SAR, China",MAC,1998,
"Macao SAR, China",MAC,1997,
"Macao SAR, China",MAC,1996,
"Macao SAR, China",MAC,1995,
"Macao SAR, China",MAC,1994,
"Macao SAR, China",MAC,1993,
"Macao SAR, China",MAC,1992,
"Macao SAR, China",MAC,1991,
"Macao SAR, China",MAC,1990,
"Macao SAR, China",MAC,1989,
"Macao SAR, China",MAC,1988,
"Macao SAR, China",MAC,1987,
"Macao SAR, China",MAC,1986,
"Macao SAR, China",MAC,1985,
"Macao SAR, China",MAC,1984,
"Macao SAR, China",MAC,1983,
"Macao SAR, China",MAC,1982,
"Macao SAR, China",MAC,1981,
"Macao SAR, China",MAC,1980,
"Macao SAR, China",MAC,1979,
"Macao SAR, China",MAC,1978,
"Macao SAR, China",MAC,1977,
"Macao SAR, China",MAC,1976,
"Macao SAR, China",MAC,1975,
"Macao SAR, China",MAC,1974,
"Macao SAR, China",MAC,1973,
"Macao SAR, China",MAC,1972,
"Macao SAR, China",MAC,1971,
"Macao SAR, China",MAC,1970,
"Macao SAR, China",MAC,1969,
"Macao SAR, China",MAC,1968,
"Macao SAR, China",MAC,1967,
"Macao SAR, China",MAC,1966,
"Macao SAR, China",MAC,1965,
"Macao SAR, China",MAC,1964,
"Macao SAR, China",MAC,1963,
"Macao SAR, China",MAC,1962,
"Macao SAR, China",MAC,1961,
"Macao SAR, China",MAC,1960,
Madagascar,MDG,2025,
Madagascar,MDG,2024,
Madagascar,MDG,2023,17.44003487
Madagascar,MDG,2022,15.85809231
Madagascar,MDG,2021,17.17938805
Madagascar,MDG,2020,16.78295326
Madagascar,MDG,2019,15.50084877
Madagascar,MDG,2018,21.12731934
Madagascar,MDG,2017,23.62072182
Madagascar,MDG,2016,24.20793915
Madagascar,MDG,2015,22.29386139
Madagascar,MDG,2014,22.56570244
Madagascar,MDG,2013,19.33186913
Madagascar,MDG,2012,19.30151749
Madagascar,MDG,2011,22.88667488
Madagascar,MDG,2010,21.13975906
Madagascar,MDG,2009,19.56957817
Madagascar,MDG,2008,20.91898537
Madagascar,MDG,2007,19.33553123
Madagascar,MDG,2006,16.44085503
Madagascar,MDG,2005,15.9498682
Madagascar,MDG,2004,14.29298973
Madagascar,MDG,2003,17.64075851
Madagascar,MDG,2002,15.02957344
Madagascar,MDG,2001,13.13894939
Madagascar,MDG,2000,11.1882658
Madagascar,MDG,1999,
Madagascar,MDG,1998,
Madagascar,MDG,1997,
Madagascar,MDG,1996,
Madagascar,MDG,1995,
Madagascar,MDG,1994,
Madagascar,MDG,1993,
Madagascar,MDG,1992,
Madagascar,MDG,1991,
Madagascar,MDG,1990,
Madagascar,MDG,1989,
Madagascar,MDG,1988,
Madagascar,MDG,1987,
Madagascar,MDG,1986,
Madagascar,MDG,1985,
Madagascar,MDG,1984,
Madagascar,MDG,1983,
Madagascar,MDG,1982,
Madagascar,MDG,1981,
Madagascar,MDG,1980,
Madagascar,MDG,1979,
Madagascar,MDG,1978,
Madagascar,MDG,1977,
Madagascar,MDG,1976,
Madagascar,MDG,1975,
Madagascar,MDG,1974,
Madagascar,MDG,1973,
Madagascar,MDG,1972,
Madagascar,MDG,1971,
Madagascar,MDG,1970,
Madagascar,MDG,1969,
Madagascar,MDG,1968,
Madagascar,MDG,1967,
Madagascar,MDG,1966,
Madagascar,MDG,1965,
Madagascar,MDG,1964,
Madagascar,MDG,1963,
Madagascar,MDG,1962,
Madagascar,MDG,1961,
Madagascar,MDG,1960,
Malawi,MWI,2025,
Malawi,MWI,2024,
Malawi,MWI,2023,41.26664734
Malawi,MWI,2022,40.03453827
Malawi,MWI,2021,46.41017532
Malawi,MWI,2020,42.37881851
Malawi,MWI,2019,36.91519165
Malawi,MWI,2018,36.70302963
Malawi,MWI,2017,37.60110092
Malawi,MWI,2016,34.0307579
Malawi,MWI,2015,34.97310638
Malawi,MWI,2014,35.33760452
Malawi,MWI,2013,39.54008484
Malawi,MWI,2012,32.53762817
Malawi,MWI,2011,39.29234314
Malawi,MWI,2010,33.99194336
Malawi,MWI,2009,35.56456757
Malawi,MWI,2008,32.73482132
Malawi,MWI,2007,25.0216465
Malawi,MWI,2006,20.95070648
Malawi,MWI,2005,17.24028015
Malawi,MWI,2004,15.94395351
Malawi,MWI,2003,12.3155899
Malawi,MWI,2002,11.17413807
Malawi,MWI,2001,7.42542601
Malawi,MWI,2000,8.84964848
Malawi,MWI,1999,
Malawi,MWI,1998,
Malawi,MWI,1997,
Malawi,MWI,1996,
Malawi,MWI,1995,
Malawi,MWI,1994,
Malawi,MWI,1993,
Malawi,MWI,1992,
Malawi,MWI,1991,
Malawi,MWI,1990,
Malawi,MWI,1989,
Malawi,MWI,1988,
Malawi,MWI,1987,
Malawi,MWI,1986,
Malawi,MWI,1985,
Malawi,MWI,1984,
Malawi,MWI,1983,
Malawi,MWI,1982,
Malawi,MWI,1981,
Malawi,MWI,1980,
Malawi,MWI,1979,
Malawi,MWI,1978,
Malawi,MWI,1977,
Malawi,MWI,1976,
Malawi,MWI,1975,
Malawi,MWI,1974,
Malawi,MWI,1973,
Malawi,MWI,1972,
Malawi,MWI,1971,
Malawi,MWI,1970,
Malawi,MWI,1969,
Malawi,MWI,1968,
Malawi,MWI,1967,
Malawi,MWI,1966,
Malawi,MWI,1965,
Malawi,MWI,1964,
Malawi,MWI,1963,
Malawi,MWI,1962,
Malawi,MWI,1961,
Malawi,MWI,1960,
Malaysia,MYS,2025,
Malaysia,MYS,2024,
Malaysia,MYS,2023,450.33853149
Malaysia,MYS,2022,458.21963501
Malaysia,MYS,2021,476.94366455
Malaysia,MYS,2020,406.52005005
Malaysia,MYS,2019,419.32568359
Malaysia,MYS,2018,409.84710693
Malaysia,MYS,2017,366.36639404
Malaysia,MYS,2016,350.71160889
Malaysia,MYS,2015,368.77331543
Malaysia,MYS,2014,414.4392395
Malaysia,MYS,2013,381.69210815
Malaysia,MYS,2012,371.76046753
Malaysia,MYS,2011,343.45877075
Malaysia,MYS,2010,285.64263916
Malaysia,MYS,2009,245.64353943
Malaysia,MYS,2008,263.67819214
Malaysia,MYS,2007,230.5599823
Malaysia,MYS,2006,200.54800415
Malaysia,MYS,2005,162.17677307
Malaysia,MYS,2004,153.86297607
Malaysia,MYS,2003,142.21202087
Malaysia,MYS,2002,121.61391449
Malaysia,MYS,2001,114.91710663
Malaysia,MYS,2000,111.8384552
Malaysia,MYS,1999,
Malaysia,MYS,1998,
Malaysia,MYS,1997,
Malaysia,MYS,1996,
Malaysia,MYS,1995,
Malaysia,MYS,1994,
Malaysia,MYS,1993,
Malaysia,MYS,1992,
Malaysia,MYS,1991,
Malaysia,MYS,1990,
Malaysia,MYS,1989,
Malaysia,MYS,1988,
Malaysia,MYS,1987,
Malaysia,MYS,1986,
Malaysia,MYS,1985,
Malaysia,MYS,1984,
Malaysia,MYS,1983,
Malaysia,MYS,1982,
Malaysia,MYS,1981,
Malaysia,MYS,1980,
Malaysia,MYS,1979,
Malaysia,MYS,1978,
Malaysia,MYS,1977,
Malaysia,MYS,1976,
Malaysia,MYS,1975,
Malaysia,MYS,1974,
Malaysia,MYS,1973,
Malaysia,MYS,1972,
Malaysia,MYS,1971,
Malaysia,MYS,1970,
Malaysia,MYS,1969,
Malaysia,MYS,1968,
Malaysia,MYS,1967,
Malaysia,MYS,1966,
Malaysia,MYS,1965,
Malaysia,MYS,1964,
Malaysia,MYS,1963,
Malaysia,MYS,1962,
Malaysia,MYS,1961,
Malaysia,MYS,1960,
Maldives,MDV,2025,
Maldives,MDV,2024,
Maldives,MDV,2023,1159.02819824
Maldives,MDV,2022,883.91467285
Maldives,MDV,2021,901.09185791
Maldives,MDV,2020,845.82440186
Maldives,MDV,2019,880.79962158
Maldives,MDV,2018,833.21575928
Maldives,MDV,2017,961.57415771
Maldives,MDV,2016,1017.99908447
Maldives,MDV,2015,837.47290039
Maldives,MDV,2014,707.39245605
Maldives,MDV,2013,671.65325928
Maldives,MDV,2012,647.11553955
Maldives,MDV,2011,588.20758057
Maldives,MDV,2010,608.87176514
Maldives,MDV,2009,679.66296387
Maldives,MDV,2008,775.14593506
Maldives,MDV,2007,478.24349976
Maldives,MDV,2006,403.94284058
Maldives,MDV,2005,335.13778687
Maldives,MDV,2004,304.5932312
Maldives,MDV,2003,240.54026794
Maldives,MDV,2002,249.48114014
Maldives,MDV,2001,229.80044556
Maldives,MDV,2000,219.8586731
Maldives,MDV,1999,
Maldives,MDV,1998,
Maldives,MDV,1997,
Maldives,MDV,1996,
Maldives,MDV,1995,
Maldives,MDV,1994,
Maldives,MDV,1993,
Maldives,MDV,1992,
Maldives,MDV,1991,
Maldives,MDV,1990,
Maldives,MDV,1989,
Maldives,MDV,1988,
Maldives,MDV,1987,
Maldives,MDV,1986,
Maldives,MDV,1985,
Maldives,MDV,1984,
Maldives,MDV,1983,
Maldives,MDV,1982,
Maldives,MDV,1981,
Maldives,MDV,1980,
Maldives,MDV,1979,
Maldives,MDV,1978,
Maldives,MDV,1977,
Maldives,MDV,1976,
Maldives,MDV,1975,
Maldives,MDV,1974,
Maldives,MDV,1973,
Maldives,MDV,1972,
Maldives,MDV,1971,
Maldives,MDV,1970,
Maldives,MDV,1969,
Maldives,MDV,1968,
Maldives,MDV,1967,
Maldives,MDV,1966,
Maldives,MDV,1965,
Maldives,MDV,1964,
Maldives,MDV,1963,
Maldives,MDV,1962,
Maldives,MDV,1961,
Maldives,MDV,1960,
Mali,MLI,2025,
Mali,MLI,2024,
Mali,MLI,2023,33.9802475
Mali,MLI,2022,31.0949192
Mali,MLI,2021,30.55883217
Mali,MLI,2020,28.20211601
Mali,MLI,2019,31.4089489
Mali,MLI,2018,31.16962242
Mali,MLI,2017,28.49467659
Mali,MLI,2016,27.58086205
Mali,MLI,2015,28.97842216
Mali,MLI,2014,35.7261734
Mali,MLI,2013,30.06661987
Mali,MLI,2012,27.53120613
Mali,MLI,2011,31.67968369
Mali,MLI,2010,31.36436844
Mali,MLI,2009,34.64731598
Mali,MLI,2008,33.21391678
Mali,MLI,2007,29.63545799
Mali,MLI,2006,26.93190002
Mali,MLI,2005,23.97353554
Mali,MLI,2004,21.72010231
Mali,MLI,2003,18.76944542
Mali,MLI,2002,15.89499378
Mali,MLI,2001,13.15901566
Mali,MLI,2000,14.00473022
Mali,MLI,1999,
Mali,MLI,1998,
Mali,MLI,1997,
Mali,MLI,1996,
Mali,MLI,1995,
Mali,MLI,1994,
Mali,MLI,1993,
Mali,MLI,1992,
Mali,MLI,1991,
Mali,MLI,1990,
Mali,MLI,1989,
Mali,MLI,1988,
Mali,MLI,1987,
Mali,MLI,1986,
Mali,MLI,1985,
Mali,MLI,1984,
Mali,MLI,1983,
Mali,MLI,1982,
Mali,MLI,1981,
Mali,MLI,1980,
Mali,MLI,1979,
Mali,MLI,1978,
Mali,MLI,1977,
Mali,MLI,1976,
Mali,MLI,1975,
Mali,MLI,1974,
Mali,MLI,1973,
Mali,MLI,1972,
Mali,MLI,1971,
Mali,MLI,1970,
Mali,MLI,1969,
Mali,MLI,1968,
Mali,MLI,1967,
Mali,MLI,1966,
Mali,MLI,1965,
Mali,MLI,1964,
Mali,MLI,1963,
Mali,MLI,1962,
Mali,MLI,1961,
Mali,MLI,1960,
Malta,MLT,2025,
Malta,MLT,2024,
Malta,MLT,2023,3623.4609375
Malta,MLT,2022,3362.42382813
Malta,MLT,2021,3641.03833008
Malta,MLT,2020,3140.77026367
Malta,MLT,2019,2947.24023438
Malta,MLT,2018,2759.91186523
Malta,MLT,2017,2562.88574219
Malta,MLT,2016,2326.67016602
Malta,MLT,2015,2249.00463867
Malta,MLT,2014,2466.89111328
Malta,MLT,2013,2127.0612793
Malta,MLT,2012,1898.50866699
Malta,MLT,2011,1962.20556641
Malta,MLT,2010,1735.48693848
Malta,MLT,2009,1683.5435791
Malta,MLT,2008,1759.8626709
Malta,MLT,2007,1606.22094727
Malta,MLT,2006,1480.1126709
Malta,MLT,2005,1378.2388916
Malta,MLT,2004,1227.28881836
Malta,MLT,2003,1082.75085449
Malta,MLT,2002,830.64630127
Malta,MLT,2001,685.98400879
Malta,MLT,2000,647.10150146
Malta,MLT,1999,
Malta,MLT,1998,
Malta,MLT,1997,
Malta,MLT,1996,
Malta,MLT,1995,
Malta,MLT,1994,
Malta,MLT,1993,
Malta,MLT,1992,
Malta,MLT,1991,
Malta,MLT,1990,
Malta,MLT,1989,
Malta,MLT,1988,
Malta,MLT,1987,
Malta,MLT,1986,
Malta,MLT,1985,
Malta,MLT,1984,
Malta,MLT,1983,
Malta,MLT,1982,
Malta,MLT,1981,
Malta,MLT,1980,
Malta,MLT,1979,
Malta,MLT,1978,
Malta,MLT,1977,
Malta,MLT,1976,
Malta,MLT,1975,
Malta,MLT,1974,
Malta,MLT,1973,
Malta,MLT,1972,
Malta,MLT,1971,
Malta,MLT,1970,
Malta,MLT,1969,
Malta,MLT,1968,
Malta,MLT,1967,
Malta,MLT,1966,
Malta,MLT,1965,
Malta,MLT,1964,
Malta,MLT,1963,
Malta,MLT,1962,
Malta,MLT,1961,
Malta,MLT,1960,
Marshall Islands,MHL,2025,
Marshall Islands,MHL,2024,
Marshall Islands,MHL,2023,894.21533203
Marshall Islands,MHL,2022,859.050354
Marshall Islands,MHL,2021,782.16351318
Marshall Islands,MHL,2020,687.02435303
Marshall Islands,MHL,2019,793.66851807
Marshall Islands,MHL,2018,702.8359375
Marshall Islands,MHL,2017,553.06298828
Marshall Islands,MHL,2016,619.35668945
Marshall Islands,MHL,2015,557.35211182
Marshall Islands,MHL,2014,449.90563965
Marshall Islands,MHL,2013,445.42425537
Marshall Islands,MHL,2012,410.4979248
Marshall Islands,MHL,2011,376.39205933
Marshall Islands,MHL,2010,548.59899902
Marshall Islands,MHL,2009,543.67626953
Marshall Islands,MHL,2008,536.23034668
Marshall Islands,MHL,2007,485.01657104
Marshall Islands,MHL,2006,613.29852295
Marshall Islands,MHL,2005,490.59927368
Marshall Islands,MHL,2004,363.40332031
Marshall Islands,MHL,2003,338.22610474
Marshall Islands,MHL,2002,309.72741699
Marshall Islands,MHL,2001,269.22146606
Marshall Islands,MHL,2000,306.73342896
Marshall Islands,MHL,1999,
Marshall Islands,MHL,1998,
Marshall Islands,MHL,1997,
Marshall Islands,MHL,1996,
Marshall Islands,MHL,1995,
Marshall Islands,MHL,1994,
Marshall Islands,MHL,1993,
Marshall Islands,MHL,1992,
Marshall Islands,MHL,1991,
Marshall Islands,MHL,1990,
Marshall Islands,MHL,1989,
Marshall Islands,MHL,1988,
Marshall Islands,MHL,1987,
Marshall Islands,MHL,1986,
Marshall Islands,MHL,1985,
Marshall Islands,MHL,1984,
Marshall Islands,MHL,1983,
Marshall Islands,MHL,1982,
Marshall Islands,MHL,1981,
Marshall Islands,MHL,1980,
Marshall Islands,MHL,1979,
Marshall Islands,MHL,1978,
Marshall Islands,MHL,1977,
Marshall Islands,MHL,1976,
Marshall Islands,MHL,1975,
Marshall Islands,MHL,1974,
Marshall Islands,MHL,1973,
Marshall Islands,MHL,1972,
Marshall Islands,MHL,1971,
Marshall Islands,MHL,1970,
Marshall Islands,MHL,1969,
Marshall Islands,MHL,1968,
Marshall Islands,MHL,1967,
Marshall Islands,MHL,1966,
Marshall Islands,MHL,1965,
Marshall Islands,MHL,1964,
Marshall Islands,MHL,1963,
Marshall Islands,MHL,1962,
Marshall Islands,MHL,1961,
Marshall Islands,MHL,1960,
Mauritania,MRT,2025,
Mauritania,MRT,2024,
Mauritania,MRT,2023,92.11444092
Mauritania,MRT,2022,91.54125977
Mauritania,MRT,2021,73.6309433
Mauritania,MRT,2020,53.89974594
Mauritania,MRT,2019,54.63365555
Mauritania,MRT,2018,49.68307495
Mauritania,MRT,2017,55.22446442
Mauritania,MRT,2016,49.90084076
Mauritania,MRT,2015,57.1233139
Mauritania,MRT,2014,59.39431381
Mauritania,MRT,2013,55.47412872
Mauritania,MRT,2012,49.2515831
Mauritania,MRT,2011,47.77469254
Mauritania,MRT,2010,43.759655
Mauritania,MRT,2009,44.64679718
Mauritania,MRT,2008,49.2858696
Mauritania,MRT,2007,40.41820145
Mauritania,MRT,2006,35.14922333
Mauritania,MRT,2005,34.00539017
Mauritania,MRT,2004,31.47280884
Mauritania,MRT,2003,29.51877594
Mauritania,MRT,2002,25.96999741
Mauritania,MRT,2001,23.28163338
Mauritania,MRT,2000,23.00290108
Mauritania,MRT,1999,
Mauritania,MRT,1998,
Mauritania,MRT,1997,
Mauritania,MRT,1996,
Mauritania,MRT,1995,
Mauritania,MRT,1994,
Mauritania,MRT,1993,
Mauritania,MRT,1992,
Mauritania,MRT,1991,
Mauritania,MRT,1990,
Mauritania,MRT,1989,
Mauritania,MRT,1988,
Mauritania,MRT,1987,
Mauritania,MRT,1986,
Mauritania,MRT,1985,
Mauritania,MRT,1984,
Mauritania,MRT,1983,
Mauritania,MRT,1982,
Mauritania,MRT,1981,
Mauritania,MRT,1980,
Mauritania,MRT,1979,
Mauritania,MRT,1978,
Mauritania,MRT,1977,
Mauritania,MRT,1976,
Mauritania,MRT,1975,
Mauritania,MRT,1974,
Mauritania,MRT,1973,
Mauritania,MRT,1972,
Mauritania,MRT,1971,
Mauritania,MRT,1970,
Mauritania,MRT,1969,
Mauritania,MRT,1968,
Mauritania,MRT,1967,
Mauritania,MRT,1966,
Mauritania,MRT,1965,
Mauritania,MRT,1964,
Mauritania,MRT,1963,
Mauritania,MRT,1962,
Mauritania,MRT,1961,
Mauritania,MRT,1960,
Mauritius,MUS,2025,
Mauritius,MUS,2024,
Mauritius,MUS,2023,616.20739746
Mauritius,MUS,2022,590.91522217
Mauritius,MUS,2021,593.77947998
Mauritius,MUS,2020,541.95184326
Mauritius,MUS,2019,639.18286133
Mauritius,MUS,2018,640.62182617
Mauritius,MUS,2017,594.86120605
Mauritius,MUS,2016,540.39239502
Mauritius,MUS,2015,515.72247314
Mauritius,MUS,2014,544.44122314
Mauritius,MUS,2013,440.00280762
Mauritius,MUS,2012,387.1026001
Mauritius,MUS,2011,385.76248169
Mauritius,MUS,2010,357.17382813
Mauritius,MUS,2009,301.67260742
Mauritius,MUS,2008,312.88540649
Mauritius,MUS,2007,229.2313385
Mauritius,MUS,2006,203.24180603
Mauritius,MUS,2005,192.13858032
Mauritius,MUS,2004,184.74328613
Mauritius,MUS,2003,157.68417358
Mauritius,MUS,2002,132.38633728
Mauritius,MUS,2001,116.36106873
Mauritius,MUS,2000,115.89820862
Mauritius,MUS,1999,
Mauritius,MUS,1998,
Mauritius,MUS,1997,
Mauritius,MUS,1996,
Mauritius,MUS,1995,
Mauritius,MUS,1994,
Mauritius,MUS,1993,
Mauritius,MUS,1992,
Mauritius,MUS,1991,
Mauritius,MUS,1990,
Mauritius,MUS,1989,
Mauritius,MUS,1988,
Mauritius,MUS,1987,
Mauritius,MUS,1986,
Mauritius,MUS,1985,
Mauritius,MUS,1984,
Mauritius,MUS,1983,
Mauritius,MUS,1982,
Mauritius,MUS,1981,
Mauritius,MUS,1980,
Mauritius,MUS,1979,
Mauritius,MUS,1978,
Mauritius,MUS,1977,
Mauritius,MUS,1976,
Mauritius,MUS,1975,
Mauritius,MUS,1974,
Mauritius,MUS,1973,
Mauritius,MUS,1972,
Mauritius,MUS,1971,
Mauritius,MUS,1970,
Mauritius,MUS,1969,
Mauritius,MUS,1968,
Mauritius,MUS,1967,
Mauritius,MUS,1966,
Mauritius,MUS,1965,
Mauritius,MUS,1964,
Mauritius,MUS,1963,
Mauritius,MUS,1962,
Mauritius,MUS,1961,
Mauritius,MUS,1960,
Mexico,MEX,2025,
Mexico,MEX,2024,
Mexico,MEX,2023,760.98840332
Mexico,MEX,2022,650.97070313
Mexico,MEX,2021,606.13415527
Mexico,MEX,2020,535.11669922
Mexico,MEX,2019,549.72601318
Mexico,MEX,2018,528.26306152
Mexico,MEX,2017,512.54974365
Mexico,MEX,2016,489.92230225
Mexico,MEX,2015,553.91259766
Mexico,MEX,2014,609.82232666
Mexico,MEX,2013,625.59765625
Mexico,MEX,2012,582.48297119
Mexico,MEX,2011,565.31738281
Mexico,MEX,2010,534.08520508
Mexico,MEX,2009,492.59887695
Mexico,MEX,2008,573.11114502
Mexico,MEX,2007,558.06530762
Mexico,MEX,2006,514.29864502
Mexico,MEX,2005,483.97970581
Mexico,MEX,2004,446.13604736
Mexico,MEX,2003,411.83197021
Mexico,MEX,2002,385.61471558
Mexico,MEX,2001,364.39672852
Mexico,MEX,2000,319.34719849
Mexico,MEX,1999,
Mexico,MEX,1998,
Mexico,MEX,1997,
Mexico,MEX,1996,
Mexico,MEX,1995,
Mexico,MEX,1994,
Mexico,MEX,1993,
Mexico,MEX,1992,
Mexico,MEX,1991,
Mexico,MEX,1990,
Mexico,MEX,1989,
Mexico,MEX,1988,
Mexico,MEX,1987,
Mexico,MEX,1986,
Mexico,MEX,1985,
Mexico,MEX,1984,
Mexico,MEX,1983,
Mexico,MEX,1982,
Mexico,MEX,1981,
Mexico,MEX,1980,
Mexico,MEX,1979,
Mexico,MEX,1978,
Mexico,MEX,1977,
Mexico,MEX,1976,
Mexico,MEX,1975,
Mexico,MEX,1974,
Mexico,MEX,1973,
Mexico,MEX,1972,
Mexico,MEX,1971,
Mexico,MEX,1970,
Mexico,MEX,1969,
Mexico,MEX,1968,
Mexico,MEX,1967,
Mexico,MEX,1966,
Mexico,MEX,1965,
Mexico,MEX,1964,
Mexico,MEX,1963,
Mexico,MEX,1962,
Mexico,MEX,1961,
Mexico,MEX,1960,
"Micronesia, Fed. Sts.",FSM,2025,
"Micronesia, Fed. Sts.",FSM,2024,
"Micronesia, Fed. Sts.",FSM,2023,507.7762146
"Micronesia, Fed. Sts.",FSM,2022,468.53509521
"Micronesia, Fed. Sts.",FSM,2021,399.43988037
"Micronesia, Fed. Sts.",FSM,2020,403.03540039
"Micronesia, Fed. Sts.",FSM,2019,425.28103638
"Micronesia, Fed. Sts.",FSM,2018,428.00738525
"Micronesia, Fed. Sts.",FSM,2017,409.11758423
"Micronesia, Fed. Sts.",FSM,2016,399.77108765
"Micronesia, Fed. Sts.",FSM,2015,362.27624512
"Micronesia, Fed. Sts.",FSM,2014,345.01589966
"Micronesia, Fed. Sts.",FSM,2013,354.82269287
"Micronesia, Fed. Sts.",FSM,2012,372.10220337
"Micronesia, Fed. Sts.",FSM,2011,378.15283203
"Micronesia, Fed. Sts.",FSM,2010,361.96511841
"Micronesia, Fed. Sts.",FSM,2009,325.56570435
"Micronesia, Fed. Sts.",FSM,2008,289.50195313
"Micronesia, Fed. Sts.",FSM,2007,258.64785767
"Micronesia, Fed. Sts.",FSM,2006,245.42320251
"Micronesia, Fed. Sts.",FSM,2005,397.91644287
"Micronesia, Fed. Sts.",FSM,2004,257.98867798
"Micronesia, Fed. Sts.",FSM,2003,208.84524536
"Micronesia, Fed. Sts.",FSM,2002,169.95617676
"Micronesia, Fed. Sts.",FSM,2001,181.29023743
"Micronesia, Fed. Sts.",FSM,2000,161.47862244
"Micronesia, Fed. Sts.",FSM,1999,
"Micronesia, Fed. Sts.",FSM,1998,
"Micronesia, Fed. Sts.",FSM,1997,
"Micronesia, Fed. Sts.",FSM,1996,
"Micronesia, Fed. Sts.",FSM,1995,
"Micronesia, Fed. Sts.",FSM,1994,
"Micronesia, Fed. Sts.",FSM,1993,
"Micronesia, Fed. Sts.",FSM,1992,
"Micronesia, Fed. Sts.",FSM,1991,
"Micronesia, Fed. Sts.",FSM,1990,
"Micronesia, Fed. Sts.",FSM,1989,
"Micronesia, Fed. Sts.",FSM,1988,
"Micronesia, Fed. Sts.",FSM,1987,
"Micronesia, Fed. Sts.",FSM,1986,
"Micronesia, Fed. Sts.",FSM,1985,
"Micronesia, Fed. Sts.",FSM,1984,
"Micronesia, Fed. Sts.",FSM,1983,
"Micronesia, Fed. Sts.",FSM,1982,
"Micronesia, Fed. Sts.",FSM,1981,
"Micronesia, Fed. Sts.",FSM,1980,
"Micronesia, Fed. Sts.",FSM,1979,
"Micronesia, Fed. Sts.",FSM,1978,
"Micronesia, Fed. Sts.",FSM,1977,
"Micronesia, Fed. Sts.",FSM,1976,
"Micronesia, Fed. Sts.",FSM,1975,
"Micronesia, Fed. Sts.",FSM,1974,
"Micronesia, Fed. Sts.",FSM,1973,
"Micronesia, Fed. Sts.",FSM,1972,
"Micronesia, Fed. Sts.",FSM,1971,
"Micronesia, Fed. Sts.",FSM,1970,
"Micronesia, Fed. Sts.",FSM,1969,
"Micronesia, Fed. Sts.",FSM,1968,
"Micronesia, Fed. Sts.",FSM,1967,
"Micronesia, Fed. Sts.",FSM,1966,
"Micronesia, Fed. Sts.",FSM,1965,
"Micronesia, Fed. Sts.",FSM,1964,
"Micronesia, Fed. Sts.",FSM,1963,
"Micronesia, Fed. Sts.",FSM,1962,
"Micronesia, Fed. Sts.",FSM,1961,
"Micronesia, Fed. Sts.",FSM,1960,
Moldova,MDA,2025,
Moldova,MDA,2024,
Moldova,MDA,2023,451.73007202
Moldova,MDA,2022,394.42373657
Moldova,MDA,2021,403.87823486
Moldova,MDA,2020,305.48913574
Moldova,MDA,2019,283.98425293
Moldova,MDA,2018,276.4697876
Moldova,MDA,2017,243.94540405
Moldova,MDA,2016,171.18476868
Moldova,MDA,2015,186.43643188
Moldova,MDA,2014,230.76982117
Moldova,MDA,2013,231.66229248
Moldova,MDA,2012,223.61895752
Moldova,MDA,2011,214.98246765
Moldova,MDA,2010,198.28894043
Moldova,MDA,2009,208.53004456
Moldova,MDA,2008,185.56115723
Moldova,MDA,2007,135.44366455
Moldova,MDA,2006,100.10816193
Moldova,MDA,2005,79.33213043
Moldova,MDA,2004,64.60713959
Moldova,MDA,2003,38.43836975
Moldova,MDA,2002,33.9242363
Moldova,MDA,2001,25.3985939
Moldova,MDA,2000,21.37988663
Moldova,MDA,1999,
Moldova,MDA,1998,
Moldova,MDA,1997,
Moldova,MDA,1996,
Moldova,MDA,1995,
Moldova,MDA,1994,
Moldova,MDA,1993,
Moldova,MDA,1992,
Moldova,MDA,1991,
Moldova,MDA,1990,
Moldova,MDA,1989,
Moldova,MDA,1988,
Moldova,MDA,1987,
Moldova,MDA,1986,
Moldova,MDA,1985,
Moldova,MDA,1984,
Moldova,MDA,1983,
Moldova,MDA,1982,
Moldova,MDA,1981,
Moldova,MDA,1980,
Moldova,MDA,1979,
Moldova,MDA,1978,
Moldova,MDA,1977,
Moldova,MDA,1976,
Moldova,MDA,1975,
Moldova,MDA,1974,
Moldova,MDA,1973,
Moldova,MDA,1972,
Moldova,MDA,1971,
Moldova,MDA,1970,
Moldova,MDA,1969,
Moldova,MDA,1968,
Moldova,MDA,1967,
Moldova,MDA,1966,
Moldova,MDA,1965,
Moldova,MDA,1964,
Moldova,MDA,1963,
Moldova,MDA,1962,
Moldova,MDA,1961,
Moldova,MDA,1960,
Monaco,MCO,2025,
Monaco,MCO,2024,
Monaco,MCO,2023,8004.16845703
Monaco,MCO,2022,7674.09814453
Monaco,MCO,2021,8225.38769531
Monaco,MCO,2020,7582.41552734
Monaco,MCO,2019,7517.25341797
Monaco,MCO,2018,7621.97021484
Monaco,MCO,2017,7101.640625
Monaco,MCO,2016,7157.92578125
Monaco,MCO,2015,7354.13183594
Monaco,MCO,2014,8691.6953125
Monaco,MCO,2013,8459.11328125
Monaco,MCO,2012,7869.89453125
Monaco,MCO,2011,8314.45996094
Monaco,MCO,2010,8025.15917969
Monaco,MCO,2009,8190.71191406
Monaco,MCO,2008,8342.875
Monaco,MCO,2007,7035.9453125
Monaco,MCO,2006,6146.87744141
Monaco,MCO,2005,5878.00683594
Monaco,MCO,2004,5681.51171875
Monaco,MCO,2003,4833.08740234
Monaco,MCO,2002,3375.89013672
Monaco,MCO,2001,3050.57739258
Monaco,MCO,2000,2975.82250977
Monaco,MCO,1999,
Monaco,MCO,1998,
Monaco,MCO,1997,
Monaco,MCO,1996,
Monaco,MCO,1995,
Monaco,MCO,1994,
Monaco,MCO,1993,
Monaco,MCO,1992,
Monaco,MCO,1991,
Monaco,MCO,1990,
Monaco,MCO,1989,
Monaco,MCO,1988,
Monaco,MCO,1987,
Monaco,MCO,1986,
Monaco,MCO,1985,
Monaco,MCO,1984,
Monaco,MCO,1983,
Monaco,MCO,1982,
Monaco,MCO,1981,
Monaco,MCO,1980,
Monaco,MCO,1979,
Monaco,MCO,1978,
Monaco,MCO,1977,
Monaco,MCO,1976,
Monaco,MCO,1975,
Monaco,MCO,1974,
Monaco,MCO,1973,
Monaco,MCO,1972,
Monaco,MCO,1971,
Monaco,MCO,1970,
Monaco,MCO,1969,
Monaco,MCO,1968,
Monaco,MCO,1967,
Monaco,MCO,1966,
Monaco,MCO,1965,
Monaco,MCO,1964,
Monaco,MCO,1963,
Monaco,MCO,1962,
Monaco,MCO,1961,
Monaco,MCO,1960,
Mongolia,MNG,2025,
Mongolia,MNG,2024,
Mongolia,MNG,2023,359.60980225
Mongolia,MNG,2022,448.24212646
Mongolia,MNG,2021,330.03753662
Mongolia,MNG,2020,188.77464294
Mongolia,MNG,2019,197.57131958
Mongolia,MNG,2018,188.64115906
Mongolia,MNG,2017,160.4889679
Mongolia,MNG,2016,168.41404724
Mongolia,MNG,2015,165.19296265
Mongolia,MNG,2014,176.69651794
Mongolia,MNG,2013,180.41543579
Mongolia,MNG,2012,169.6519928
Mongolia,MNG,2011,135.98664856
Mongolia,MNG,2010,99.50933838
Mongolia,MNG,2009,76.7000351
Mongolia,MNG,2008,97.26833344
Mongolia,MNG,2007,66.17643738
Mongolia,MNG,2006,49.52784348
Mongolia,MNG,2005,38.04277039
Mongolia,MNG,2004,33.7024498
Mongolia,MNG,2003,27.18718147
Mongolia,MNG,2002,30.67812347
Mongolia,MNG,2001,27.85225105
Mongolia,MNG,2000,28.13583946
Mongolia,MNG,1999,
Mongolia,MNG,1998,
Mongolia,MNG,1997,
Mongolia,MNG,1996,
Mongolia,MNG,1995,
Mongolia,MNG,1994,
Mongolia,MNG,1993,
Mongolia,MNG,1992,
Mongolia,MNG,1991,
Mongolia,MNG,1990,
Mongolia,MNG,1989,
Mongolia,MNG,1988,
Mongolia,MNG,1987,
Mongolia,MNG,1986,
Mongolia,MNG,1985,
Mongolia,MNG,1984,
Mongolia,MNG,1983,
Mongolia,MNG,1982,
Mongolia,MNG,1981,
Mongolia,MNG,1980,
Mongolia,MNG,1979,
Mongolia,MNG,1978,
Mongolia,MNG,1977,
Mongolia,MNG,1976,
Mongolia,MNG,1975,
Mongolia,MNG,1974,
Mongolia,MNG,1973,
Mongolia,MNG,1972,
Mongolia,MNG,1971,
Mongolia,MNG,1970,
Mongolia,MNG,1969,
Mongolia,MNG,1968,
Mongolia,MNG,1967,
Mongolia,MNG,1966,
Mongolia,MNG,1965,
Mongolia,MNG,1964,
Mongolia,MNG,1963,
Mongolia,MNG,1962,
Mongolia,MNG,1961,
Mongolia,MNG,1960,
Montenegro,MNE,2025,
Montenegro,MNE,2024,
Montenegro,MNE,2023,1147.69787598
Montenegro,MNE,2022,1032.91149902
Montenegro,MNE,2021,1024.2565918
Montenegro,MNE,2020,896.24884033
Montenegro,MNE,2019,754.77441406
Montenegro,MNE,2018,745.7520752
Montenegro,MNE,2017,623.68841553
Montenegro,MNE,2016,604.88665771
Montenegro,MNE,2015,582.18743896
Montenegro,MNE,2014,581.40106201
Montenegro,MNE,2013,597.17596436
Montenegro,MNE,2012,535.16223145
Montenegro,MNE,2011,571.65600586
Montenegro,MNE,2010,
Montenegro,MNE,2009,
Montenegro,MNE,2008,
Montenegro,MNE,2007,
Montenegro,MNE,2006,
Montenegro,MNE,2005,
Montenegro,MNE,2004,
Montenegro,MNE,2003,
Montenegro,MNE,2002,
Montenegro,MNE,2001,
Montenegro,MNE,2000,
Montenegro,MNE,1999,
Montenegro,MNE,1998,
Montenegro,MNE,1997,
Montenegro,MNE,1996,
Montenegro,MNE,1995,
Montenegro,MNE,1994,
Montenegro,MNE,1993,
Montenegro,MNE,1992,
Montenegro,MNE,1991,
Montenegro,MNE,1990,
Montenegro,MNE,1989,
Montenegro,MNE,1988,
Montenegro,MNE,1987,
Montenegro,MNE,1986,
Montenegro,MNE,1985,
Montenegro,MNE,1984,
Montenegro,MNE,1983,
Montenegro,MNE,1982,
Montenegro,MNE,1981,
Montenegro,MNE,1980,
Montenegro,MNE,1979,
Montenegro,MNE,1978,
Montenegro,MNE,1977,
Montenegro,MNE,1976,
Montenegro,MNE,1975,
Montenegro,MNE,1974,
Montenegro,MNE,1973,
Montenegro,MNE,1972,
Montenegro,MNE,1971,
Montenegro,MNE,1970,
Montenegro,MNE,1969,
Montenegro,MNE,1968,
Montenegro,MNE,1967,
Montenegro,MNE,1966,
Montenegro,MNE,1965,
Montenegro,MNE,1964,
Montenegro,MNE,1963,
Montenegro,MNE,1962,
Montenegro,MNE,1961,
Montenegro,MNE,1960,
Morocco,MAR,2025,
Morocco,MAR,2024,
Morocco,MAR,2023,232.24751282
Morocco,MAR,2022,201.81098938
Morocco,MAR,2021,209.57344055
Morocco,MAR,2020,192.04043579
Morocco,MAR,2019,178.73939514
Morocco,MAR,2018,175.70518494
Morocco,MAR,2017,166.8500061
Morocco,MAR,2016,162.21507263
Morocco,MAR,2015,162.85198975
Morocco,MAR,2014,188.6415863
Morocco,MAR,2013,179.81974792
Morocco,MAR,2012,172.04353333
Morocco,MAR,2011,179.00019836
Morocco,MAR,2010,168.36595154
Morocco,MAR,2009,165.50694275
Morocco,MAR,2008,153.23677063
Morocco,MAR,2007,131.86448669
Morocco,MAR,2006,110.22368622
Morocco,MAR,2005,97.19748688
Morocco,MAR,2004,91.17259979
Morocco,MAR,2003,77.74629211
Morocco,MAR,2002,63.57953644
Morocco,MAR,2001,56.55395889
Morocco,MAR,2000,54.63968277
Morocco,MAR,1999,
Morocco,MAR,1998,
Morocco,MAR,1997,
Morocco,MAR,1996,
Morocco,MAR,1995,
Morocco,MAR,1994,
Morocco,MAR,1993,
Morocco,MAR,1992,
Morocco,MAR,1991,
Morocco,MAR,1990,
Morocco,MAR,1989,
Morocco,MAR,1988,
Morocco,MAR,1987,
Morocco,MAR,1986,
Morocco,MAR,1985,
Morocco,MAR,1984,
Morocco,MAR,1983,
Morocco,MAR,1982,
Morocco,MAR,1981,
Morocco,MAR,1980,
Morocco,MAR,1979,
Morocco,MAR,1978,
Morocco,MAR,1977,
Morocco,MAR,1976,
Morocco,MAR,1975,
Morocco,MAR,1974,
Morocco,MAR,1973,
Morocco,MAR,1972,
Morocco,MAR,1971,
Morocco,MAR,1970,
Morocco,MAR,1969,
Morocco,MAR,1968,
Morocco,MAR,1967,
Morocco,MAR,1966,
Morocco,MAR,1965,
Morocco,MAR,1964,
Morocco,MAR,1963,
Morocco,MAR,1962,
Morocco,MAR,1961,
Morocco,MAR,1960,
Mozambique,MOZ,2025,
Mozambique,MOZ,2024,
Mozambique,MOZ,2023,52.96166611
Mozambique,MOZ,2022,47.69813538
Mozambique,MOZ,2021,44.09894943
Mozambique,MOZ,2020,34.92252731
Mozambique,MOZ,2019,41.01906586
Mozambique,MOZ,2018,41.29206467
Mozambique,MOZ,2017,36.75825882
Mozambique,MOZ,2016,31.85357285
Mozambique,MOZ,2015,40.35658646
Mozambique,MOZ,2014,43.50259018
Mozambique,MOZ,2013,41.5031395
Mozambique,MOZ,2012,35.24672699
Mozambique,MOZ,2011,30.42516136
Mozambique,MOZ,2010,26.26061249
Mozambique,MOZ,2009,27.68954468
Mozambique,MOZ,2008,24.48562622
Mozambique,MOZ,2007,19.29700851
Mozambique,MOZ,2006,18.05057144
Mozambique,MOZ,2005,18.40718079
Mozambique,MOZ,2004,14.12452602
Mozambique,MOZ,2003,11.03660774
Mozambique,MOZ,2002,10.00207806
Mozambique,MOZ,2001,8.53719139
Mozambique,MOZ,2000,7.00877714
Mozambique,MOZ,1999,
Mozambique,MOZ,1998,
Mozambique,MOZ,1997,
Mozambique,MOZ,1996,
Mozambique,MOZ,1995,
Mozambique,MOZ,1994,
Mozambique,MOZ,1993,
Mozambique,MOZ,1992,
Mozambique,MOZ,1991,
Mozambique,MOZ,1990,
Mozambique,MOZ,1989,
Mozambique,MOZ,1988,
Mozambique,MOZ,1987,
Mozambique,MOZ,1986,
Mozambique,MOZ,1985,
Mozambique,MOZ,1984,
Mozambique,MOZ,1983,
Mozambique,MOZ,1982,
Mozambique,MOZ,1981,
Mozambique,MOZ,1980,
Mozambique,MOZ,1979,
Mozambique,MOZ,1978,
Mozambique,MOZ,1977,
Mozambique,MOZ,1976,
Mozambique,MOZ,1975,
Mozambique,MOZ,1974,
Mozambique,MOZ,1973,
Mozambique,MOZ,1972,
Mozambique,MOZ,1971,
Mozambique,MOZ,1970,
Mozambique,MOZ,1969,
Mozambique,MOZ,1968,
Mozambique,MOZ,1967,
Mozambique,MOZ,1966,
Mozambique,MOZ,1965,
Mozambique,MOZ,1964,
Mozambique,MOZ,1963,
Mozambique,MOZ,1962,
Mozambique,MOZ,1961,
Mozambique,MOZ,1960,
Myanmar,MMR,2025,
Myanmar,MMR,2024,
Myanmar,MMR,2023,56.18909836
Myanmar,MMR,2022,57.96875763
Myanmar,MMR,2021,96.86240387
Myanmar,MMR,2020,66.02284241
Myanmar,MMR,2019,53.72147369
Myanmar,MMR,2018,60.83261871
Myanmar,MMR,2017,59.51782608
Myanmar,MMR,2016,59.67910385
Myanmar,MMR,2015,63.62335968
Myanmar,MMR,2014,54.28113556
Myanmar,MMR,2013,37.68575287
Myanmar,MMR,2012,37.25568008
Myanmar,MMR,2011,27.40522575
Myanmar,MMR,2010,20.23270416
Myanmar,MMR,2009,18.70313454
Myanmar,MMR,2008,14.70817947
Myanmar,MMR,2007,9.91384029
Myanmar,MMR,2006,8.47415161
Myanmar,MMR,2005,7.65254498
Myanmar,MMR,2004,7.01517916
Myanmar,MMR,2003,6.57480383
Myanmar,MMR,2002,7.0817728
Myanmar,MMR,2001,4.62700701
Myanmar,MMR,2000,4.47214985
Myanmar,MMR,1999,
Myanmar,MMR,1998,
Myanmar,MMR,1997,
Myanmar,MMR,1996,
Myanmar,MMR,1995,
Myanmar,MMR,1994,
Myanmar,MMR,1993,
Myanmar,MMR,1992,
Myanmar,MMR,1991,
Myanmar,MMR,1990,
Myanmar,MMR,1989,
Myanmar,MMR,1988,
Myanmar,MMR,1987,
Myanmar,MMR,1986,
Myanmar,MMR,1985,
Myanmar,MMR,1984,
Myanmar,MMR,1983,
Myanmar,MMR,1982,
Myanmar,MMR,1981,
Myanmar,MMR,1980,
Myanmar,MMR,1979,
Myanmar,MMR,1978,
Myanmar,MMR,1977,
Myanmar,MMR,1976,
Myanmar,MMR,1975,
Myanmar,MMR,1974,
Myanmar,MMR,1973,
Myanmar,MMR,1972,
Myanmar,MMR,1971,
Myanmar,MMR,1970,
Myanmar,MMR,1969,
Myanmar,MMR,1968,
Myanmar,MMR,1967,
Myanmar,MMR,1966,
Myanmar,MMR,1965,
Myanmar,MMR,1964,
Myanmar,MMR,1963,
Myanmar,MMR,1962,
Myanmar,MMR,1961,
Myanmar,MMR,1960,
Namibia,NAM,2025,
Namibia,NAM,2024,
Namibia,NAM,2023,397.09063721
Namibia,NAM,2022,418.53683472
Namibia,NAM,2021,449.95172119
Namibia,NAM,2020,370.81643677
Namibia,NAM,2019,419.14828491
Namibia,NAM,2018,457.6807251
Namibia,NAM,2017,447.95223999
Namibia,NAM,2016,409.78051758
Namibia,NAM,2015,476.50784302
Namibia,NAM,2014,452.2585144
Namibia,NAM,2013,539.41345215
Namibia,NAM,2012,606.36633301
Namibia,NAM,2011,624.59814453
Namibia,NAM,2010,567.35003662
Namibia,NAM,2009,420.74865723
Namibia,NAM,2008,443.17068481
Namibia,NAM,2007,493.60388184
Namibia,NAM,2006,437.56240845
Namibia,NAM,2005,402.20068359
Namibia,NAM,2004,373.46408081
Namibia,NAM,2003,278.70162964
Namibia,NAM,2002,187.86433411
Namibia,NAM,2001,201.46917725
Namibia,NAM,2000,217.55029297
Namibia,NAM,1999,
Namibia,NAM,1998,
Namibia,NAM,1997,
Namibia,NAM,1996,
Namibia,NAM,1995,
Namibia,NAM,1994,
Namibia,NAM,1993,
Namibia,NAM,1992,
Namibia,NAM,1991,
Namibia,NAM,1990,
Namibia,NAM,1989,
Namibia,NAM,1988,
Namibia,NAM,1987,
Namibia,NAM,1986,
Namibia,NAM,1985,
Namibia,NAM,1984,
Namibia,NAM,1983,
Namibia,NAM,1982,
Namibia,NAM,1981,
Namibia,NAM,1980,
Namibia,NAM,1979,
Namibia,NAM,1978,
Namibia,NAM,1977,
Namibia,NAM,1976,
Namibia,NAM,1975,
Namibia,NAM,1974,
Namibia,NAM,1973,
Namibia,NAM,1972,
Namibia,NAM,1971,
Namibia,NAM,1970,
Namibia,NAM,1969,
Namibia,NAM,1968,
Namibia,NAM,1967,
Namibia,NAM,1966,
Namibia,NAM,1965,
Namibia,NAM,1964,
Namibia,NAM,1963,
Namibia,NAM,1962,
Namibia,NAM,1961,
Namibia,NAM,1960,
Naoero,NRU,2025,
Naoero,NRU,2024,
Naoero,NRU,2023,2292.37329102
Naoero,NRU,2022,2264.07055664
Naoero,NRU,2021,1636.45788574
Naoero,NRU,2020,1270.52563477
Naoero,NRU,2019,1213.86804199
Naoero,NRU,2018,1220.0769043
Naoero,NRU,2017,1127.47509766
Naoero,NRU,2016,978.48120117
Naoero,NRU,2015,973.30883789
Naoero,NRU,2014,736.00012207
Naoero,NRU,2013,808.10583496
Naoero,NRU,2012,873.81658936
Naoero,NRU,2011,672.27624512
Naoero,NRU,2010,626.21124268
Naoero,NRU,2009,575.39526367
Naoero,NRU,2008,809.65649414
Naoero,NRU,2007,586.8157959
Naoero,NRU,2006,363.46365356
Naoero,NRU,2005,328.92779541
Naoero,NRU,2004,216.23666382
Naoero,NRU,2003,273.59832764
Naoero,NRU,2002,298.91278076
Naoero,NRU,2001,349.01687622
Naoero,NRU,2000,463.77734375
Naoero,NRU,1999,
Naoero,NRU,1998,
Naoero,NRU,1997,
Naoero,NRU,1996,
Naoero,NRU,1995,
Naoero,NRU,1994,
Naoero,NRU,1993,
Naoero,NRU,1992,
Naoero,NRU,1991,
Naoero,NRU,1990,
Naoero,NRU,1989,
Naoero,NRU,1988,
Naoero,NRU,1987,
Naoero,NRU,1986,
Naoero,NRU,1985,
Naoero,NRU,1984,
Naoero,NRU,1983,
Naoero,NRU,1982,
Naoero,NRU,1981,
Naoero,NRU,1980,
Naoero,NRU,1979,
Naoero,NRU,1978,
Naoero,NRU,1977,
Naoero,NRU,1976,
Naoero,NRU,1975,
Naoero,NRU,1974,
Naoero,NRU,1973,
Naoero,NRU,1972,
Naoero,NRU,1971,
Naoero,NRU,1970,
Naoero,NRU,1969,
Naoero,NRU,1968,
Naoero,NRU,1967,
Naoero,NRU,1966,
Naoero,NRU,1965,
Naoero,NRU,1964,
Naoero,NRU,1963,
Naoero,NRU,1962,
Naoero,NRU,1961,
Naoero,NRU,1960,
Nepal,NPL,2025,
Nepal,NPL,2024,
Nepal,NPL,2023,83.96018982
Nepal,NPL,2022,87.34230042
Nepal,NPL,2021,69.1880188
Nepal,NPL,2020,59.07941437
Nepal,NPL,2019,53.61107254
Nepal,NPL,2018,51.16546249
Nepal,NPL,2017,49.63085556
Nepal,NPL,2016,47.1232872
Nepal,NPL,2015,46.49585342
Nepal,NPL,2014,41.9739151
Nepal,NPL,2013,35.14327621
Nepal,NPL,2012,33.64963913
Nepal,NPL,2011,34.14775085
Nepal,NPL,2010,29.62231827
Nepal,NPL,2009,20.86620903
Nepal,NPL,2008,18.86374855
Nepal,NPL,2007,17.13900185
Nepal,NPL,2006,13.68047714
Nepal,NPL,2005,14.14693356
Nepal,NPL,2004,12.92468262
Nepal,NPL,2003,11.06888008
Nepal,NPL,2002,10.46419716
Nepal,NPL,2001,10.26854038
Nepal,NPL,2000,8.34249592
Nepal,NPL,1999,
Nepal,NPL,1998,
Nepal,NPL,1997,
Nepal,NPL,1996,
Nepal,NPL,1995,
Nepal,NPL,1994,
Nepal,NPL,1993,
Nepal,NPL,1992,
Nepal,NPL,1991,
Nepal,NPL,1990,
Nepal,NPL,1989,
Nepal,NPL,1988,
Nepal,NPL,1987,
Nepal,NPL,1986,
Nepal,NPL,1985,
Nepal,NPL,1984,
Nepal,NPL,1983,
Nepal,NPL,1982,
Nepal,NPL,1981,
Nepal,NPL,1980,
Nepal,NPL,1979,
Nepal,NPL,1978,
Nepal,NPL,1977,
Nepal,NPL,1976,
Nepal,NPL,1975,
Nepal,NPL,1974,
Nepal,NPL,1973,
Nepal,NPL,1972,
Nepal,NPL,1971,
Nepal,NPL,1970,
Nepal,NPL,1969,
Nepal,NPL,1968,
Nepal,NPL,1967,
Nepal,NPL,1966,
Nepal,NPL,1965,
Nepal,NPL,1964,
Nepal,NPL,1963,
Nepal,NPL,1962,
Nepal,NPL,1961,
Nepal,NPL,1960,
Netherlands,NLD,2025,
Netherlands,NLD,2024,6845.14208984
Netherlands,NLD,2023,6371.85595703
Netherlands,NLD,2022,5967.90429688
Netherlands,NLD,2021,6718.88964844
Netherlands,NLD,2020,5865.90527344
Netherlands,NLD,2019,5340.61279297
Netherlands,NLD,2018,5330.66015625
Netherlands,NLD,2017,4934.57519531
Netherlands,NLD,2016,4644.02099609
Netherlands,NLD,2015,4676.56201172
Netherlands,NLD,2014,5601.88574219
Netherlands,NLD,2013,5532.72607422
Netherlands,NLD,2012,5284.64990234
Netherlands,NLD,2011,5562.12109375
Netherlands,NLD,2010,5191.69384766
Netherlands,NLD,2009,5282.74316406
Netherlands,NLD,2008,5382.44580078
Netherlands,NLD,2007,4696.14160156
Netherlands,NLD,2006,4080.21972656
Netherlands,NLD,2005,3823.48095703
Netherlands,NLD,2004,3689.46435547
Netherlands,NLD,2003,3244.35644531
Netherlands,NLD,2002,2544.81347656
Netherlands,NLD,2001,2175.73046875
Netherlands,NLD,2000,2028.18139648
Netherlands,NLD,1999,
Netherlands,NLD,1998,
Netherlands,NLD,1997,
Netherlands,NLD,1996,
Netherlands,NLD,1995,
Netherlands,NLD,1994,
Netherlands,NLD,1993,
Netherlands,NLD,1992,
Netherlands,NLD,1991,
Netherlands,NLD,1990,
Netherlands,NLD,1989,
Netherlands,NLD,1988,
Netherlands,NLD,1987,
Netherlands,NLD,1986,
Netherlands,NLD,1985,
Netherlands,NLD,1984,
Netherlands,NLD,1983,
Netherlands,NLD,1982,
Netherlands,NLD,1981,
Netherlands,NLD,1980,
Netherlands,NLD,1979,
Netherlands,NLD,1978,
Netherlands,NLD,1977,
Netherlands,NLD,1976,
Netherlands,NLD,1975,
Netherlands,NLD,1974,
Netherlands,NLD,1973,
Netherlands,NLD,1972,
Netherlands,NLD,1971,
Netherlands,NLD,1970,
Netherlands,NLD,1969,
Netherlands,NLD,1968,
Netherlands,NLD,1967,
Netherlands,NLD,1966,
Netherlands,NLD,1965,
Netherlands,NLD,1964,
Netherlands,NLD,1963,
Netherlands,NLD,1962,
Netherlands,NLD,1961,
Netherlands,NLD,1960,
New Caledonia,NCL,2025,
New Caledonia,NCL,2024,
New Caledonia,NCL,2023,
New Caledonia,NCL,2022,
New Caledonia,NCL,2021,
New Caledonia,NCL,2020,
New Caledonia,NCL,2019,
New Caledonia,NCL,2018,
New Caledonia,NCL,2017,
New Caledonia,NCL,2016,
New Caledonia,NCL,2015,
New Caledonia,NCL,2014,
New Caledonia,NCL,2013,
New Caledonia,NCL,2012,
New Caledonia,NCL,2011,
New Caledonia,NCL,2010,
New Caledonia,NCL,2009,
New Caledonia,NCL,2008,
New Caledonia,NCL,2007,
New Caledonia,NCL,2006,
New Caledonia,NCL,2005,
New Caledonia,NCL,2004,
New Caledonia,NCL,2003,
New Caledonia,NCL,2002,
New Caledonia,NCL,2001,
New Caledonia,NCL,2000,
New Caledonia,NCL,1999,
New Caledonia,NCL,1998,
New Caledonia,NCL,1997,
New Caledonia,NCL,1996,
New Caledonia,NCL,1995,
New Caledonia,NCL,1994,
New Caledonia,NCL,1993,
New Caledonia,NCL,1992,
New Caledonia,NCL,1991,
New Caledonia,NCL,1990,
New Caledonia,NCL,1989,
New Caledonia,NCL,1988,
New Caledonia,NCL,1987,
New Caledonia,NCL,1986,
New Caledonia,NCL,1985,
New Caledonia,NCL,1984,
New Caledonia,NCL,1983,
New Caledonia,NCL,1982,
New Caledonia,NCL,1981,
New Caledonia,NCL,1980,
New Caledonia,NCL,1979,
New Caledonia,NCL,1978,
New Caledonia,NCL,1977,
New Caledonia,NCL,1976,
New Caledonia,NCL,1975,
New Caledonia,NCL,1974,
New Caledonia,NCL,1973,
New Caledonia,NCL,1972,
New Caledonia,NCL,1971,
New Caledonia,NCL,1970,
New Caledonia,NCL,1969,
New Caledonia,NCL,1968,
New Caledonia,NCL,1967,
New Caledonia,NCL,1966,
New Caledonia,NCL,1965,
New Caledonia,NCL,1964,
New Caledonia,NCL,1963,
New Caledonia,NCL,1962,
New Caledonia,NCL,1961,
New Caledonia,NCL,1960,
New Zealand,NZL,2025,
New Zealand,NZL,2024,5022.03271484
New Zealand,NZL,2023,4997.24316406
New Zealand,NZL,2022,5138.33789063
New Zealand,NZL,2021,4749.04199219
New Zealand,NZL,2020,3887.71264648
New Zealand,NZL,2019,3679.59692383
New Zealand,NZL,2018,3706.80273438
New Zealand,NZL,2017,3702.09985352
New Zealand,NZL,2016,3516.93481445
New Zealand,NZL,2015,3433.59643555
New Zealand,NZL,2014,3997.43237305
New Zealand,NZL,2013,3833.82226563
New Zealand,NZL,2012,3682.94213867
New Zealand,NZL,2011,3501.22045898
New Zealand,NZL,2010,3072.73608398
New Zealand,NZL,2009,2582.28100586
New Zealand,NZL,2008,2708.65625
New Zealand,NZL,2007,2705.66430664
New Zealand,NZL,2006,2304.06518555
New Zealand,NZL,2005,2295.37182617
New Zealand,NZL,2004,1981.9720459
New Zealand,NZL,2003,1610.73034668
New Zealand,NZL,2002,1250.12634277
New Zealand,NZL,2001,1053.73632813
New Zealand,NZL,2000,1054.28100586
New Zealand,NZL,1999,
New Zealand,NZL,1998,
New Zealand,NZL,1997,
New Zealand,NZL,1996,
New Zealand,NZL,1995,
New Zealand,NZL,1994,
New Zealand,NZL,1993,
New Zealand,NZL,1992,
New Zealand,NZL,1991,
New Zealand,NZL,1990,
New Zealand,NZL,1989,
New Zealand,NZL,1988,
New Zealand,NZL,1987,
New Zealand,NZL,1986,
New Zealand,NZL,1985,
New Zealand,NZL,1984,
New Zealand,NZL,1983,
New Zealand,NZL,1982,
New Zealand,NZL,1981,
New Zealand,NZL,1980,
New Zealand,NZL,1979,
New Zealand,NZL,1978,
New Zealand,NZL,1977,
New Zealand,NZL,1976,
New Zealand,NZL,1975,
New Zealand,NZL,1974,
New Zealand,NZL,1973,
New Zealand,NZL,1972,
New Zealand,NZL,1971,
New Zealand,NZL,1970,
New Zealand,NZL,1969,
New Zealand,NZL,1968,
New Zealand,NZL,1967,
New Zealand,NZL,1966,
New Zealand,NZL,1965,
New Zealand,NZL,1964,
New Zealand,NZL,1963,
New Zealand,NZL,1962,
New Zealand,NZL,1961,
New Zealand,NZL,1960,
Nicaragua,NIC,2025,
Nicaragua,NIC,2024,
Nicaragua,NIC,2023,216.55238342
Nicaragua,NIC,2022,208.56825256
Nicaragua,NIC,2021,204.21273804
Nicaragua,NIC,2020,165.88038635
Nicaragua,NIC,2019,166.49009705
Nicaragua,NIC,2018,172.9760437
Nicaragua,NIC,2017,181.75810242
Nicaragua,NIC,2016,171.5748291
Nicaragua,NIC,2015,165.18948364
Nicaragua,NIC,2014,156.22232056
Nicaragua,NIC,2013,140.20372009
Nicaragua,NIC,2012,133.64489746
Nicaragua,NIC,2011,125.13540649
Nicaragua,NIC,2010,117.70147705
Nicaragua,NIC,2009,112.75749207
Nicaragua,NIC,2008,109.20231628
Nicaragua,NIC,2007,93.93821716
Nicaragua,NIC,2006,79.3536377
Nicaragua,NIC,2005,73.65701294
Nicaragua,NIC,2004,66.54763794
Nicaragua,NIC,2003,62.13036346
Nicaragua,NIC,2002,58.15333939
Nicaragua,NIC,2001,57.69081879
Nicaragua,NIC,2000,53.29532623
Nicaragua,NIC,1999,
Nicaragua,NIC,1998,
Nicaragua,NIC,1997,
Nicaragua,NIC,1996,
Nicaragua,NIC,1995,
Nicaragua,NIC,1994,
Nicaragua,NIC,1993,
Nicaragua,NIC,1992,
Nicaragua,NIC,1991,
Nicaragua,NIC,1990,
Nicaragua,NIC,1989,
Nicaragua,NIC,1988,
Nicaragua,NIC,1987,
Nicaragua,NIC,1986,
Nicaragua,NIC,1985,
Nicaragua,NIC,1984,
Nicaragua,NIC,1983,
Nicaragua,NIC,1982,
Nicaragua,NIC,1981,
Nicaragua,NIC,1980,
Nicaragua,NIC,1979,
Nicaragua,NIC,1978,
Nicaragua,NIC,1977,
Nicaragua,NIC,1976,
Nicaragua,NIC,1975,
Nicaragua,NIC,1974,
Nicaragua,NIC,1973,
Nicaragua,NIC,1972,
Nicaragua,NIC,1971,
Nicaragua,NIC,1970,
Nicaragua,NIC,1969,
Nicaragua,NIC,1968,
Nicaragua,NIC,1967,
Nicaragua,NIC,1966,
Nicaragua,NIC,1965,
Nicaragua,NIC,1964,
Nicaragua,NIC,1963,
Nicaragua,NIC,1962,
Nicaragua,NIC,1961,
Nicaragua,NIC,1960,
Niger,NER,2025,
Niger,NER,2024,
Niger,NER,2023,26.01301575
Niger,NER,2022,26.50681686
Niger,NER,2021,35.39406204
Niger,NER,2020,35.75537109
Niger,NER,2019,31.89424324
Niger,NER,2018,30.61364555
Niger,NER,2017,29.09627533
Niger,NER,2016,22.68474007
Niger,NER,2015,25.96905327
Niger,NER,2014,25.09494019
Niger,NER,2013,24.61338997
Niger,NER,2012,22.71487427
Niger,NER,2011,24.84123039
Niger,NER,2010,23.47736168
Niger,NER,2009,24.54927635
Niger,NER,2008,24.86141586
Niger,NER,2007,20.96952438
Niger,NER,2006,19.9213028
Niger,NER,2005,18.67140198
Niger,NER,2004,14.06374931
Niger,NER,2003,12.55038452
Niger,NER,2002,10.84433079
Niger,NER,2001,9.68088055
Niger,NER,2000,9.04467964
Niger,NER,1999,
Niger,NER,1998,
Niger,NER,1997,
Niger,NER,1996,
Niger,NER,1995,
Niger,NER,1994,
Niger,NER,1993,
Niger,NER,1992,
Niger,NER,1991,
Niger,NER,1990,
Niger,NER,1989,
Niger,NER,1988,
Niger,NER,1987,
Niger,NER,1986,
Niger,NER,1985,
Niger,NER,1984,
Niger,NER,1983,
Niger,NER,1982,
Niger,NER,1981,
Niger,NER,1980,
Niger,NER,1979,
Niger,NER,1978,
Niger,NER,1977,
Niger,NER,1976,
Niger,NER,1975,
Niger,NER,1974,
Niger,NER,1973,
Niger,NER,1972,
Niger,NER,1971,
Niger,NER,1970,
Niger,NER,1969,
Niger,NER,1968,
Niger,NER,1967,
Niger,NER,1966,
Niger,NER,1965,
Niger,NER,1964,
Niger,NER,1963,
Niger,NER,1962,
Niger,NER,1961,
Niger,NER,1960,
Nigeria,NGA,2025,
Nigeria,NGA,2024,
Nigeria,NGA,2023,66.82009125
Nigeria,NGA,2022,89.62958527
Nigeria,NGA,2021,81.87322235
Nigeria,NGA,2020,67.91384888
Nigeria,NGA,2019,67.6254425
Nigeria,NGA,2018,63.60244751
Nigeria,NGA,2017,70.31814575
Nigeria,NGA,2016,75.52328491
Nigeria,NGA,2015,92.91207123
Nigeria,NGA,2014,102.39888763
Nigeria,NGA,2013,97.29588318
Nigeria,NGA,2012,87.89523315
Nigeria,NGA,2011,80.2377243
Nigeria,NGA,2010,73.008255
Nigeria,NGA,2009,65.71811676
Nigeria,NGA,2008,77.45053101
Nigeria,NGA,2007,66.90659332
Nigeria,NGA,2006,63.63072205
Nigeria,NGA,2005,52.24337006
Nigeria,NGA,2004,42.81798172
Nigeria,NGA,2003,37.91439438
Nigeria,NGA,2002,17.53752899
Nigeria,NGA,2001,17.96053314
Nigeria,NGA,2000,17.15887642
Nigeria,NGA,1999,
Nigeria,NGA,1998,
Nigeria,NGA,1997,
Nigeria,NGA,1996,
Nigeria,NGA,1995,
Nigeria,NGA,1994,
Nigeria,NGA,1993,
Nigeria,NGA,1992,
Nigeria,NGA,1991,
Nigeria,NGA,1990,
Nigeria,NGA,1989,
Nigeria,NGA,1988,
Nigeria,NGA,1987,
Nigeria,NGA,1986,
Nigeria,NGA,1985,
Nigeria,NGA,1984,
Nigeria,NGA,1983,
Nigeria,NGA,1982,
Nigeria,NGA,1981,
Nigeria,NGA,1980,
Nigeria,NGA,1979,
Nigeria,NGA,1978,
Nigeria,NGA,1977,
Nigeria,NGA,1976,
Nigeria,NGA,1975,
Nigeria,NGA,1974,
Nigeria,NGA,1973,
Nigeria,NGA,1972,
Nigeria,NGA,1971,
Nigeria,NGA,1970,
Nigeria,NGA,1969,
Nigeria,NGA,1968,
Nigeria,NGA,1967,
Nigeria,NGA,1966,
Nigeria,NGA,1965,
Nigeria,NGA,1964,
Nigeria,NGA,1963,
Nigeria,NGA,1962,
Nigeria,NGA,1961,
Nigeria,NGA,1960,
North Macedonia,MKD,2025,
North Macedonia,MKD,2024,
North Macedonia,MKD,2023,639.41693115
North Macedonia,MKD,2022,561.69281006
North Macedonia,MKD,2021,636.65447998
North Macedonia,MKD,2020,510.81011963
North Macedonia,MKD,2019,469.47344971
North Macedonia,MKD,2018,426.57290649
North Macedonia,MKD,2017,375.3303833
North Macedonia,MKD,2016,347.44271851
North Macedonia,MKD,2015,322.25213623
North Macedonia,MKD,2014,357.63867188
North Macedonia,MKD,2013,361.13168335
North Macedonia,MKD,2012,317.978302
North Macedonia,MKD,2011,335.13171387
North Macedonia,MKD,2010,308.09429932
North Macedonia,MKD,2009,297.88058472
North Macedonia,MKD,2008,313.61117554
North Macedonia,MKD,2007,263.25378418
North Macedonia,MKD,2006,242.60142517
North Macedonia,MKD,2005,229.81243896
North Macedonia,MKD,2004,230.68000793
North Macedonia,MKD,2003,214.29603577
North Macedonia,MKD,2002,172.87971497
North Macedonia,MKD,2001,150.4312439
North Macedonia,MKD,2000,162.68013
North Macedonia,MKD,1999,
North Macedonia,MKD,1998,
North Macedonia,MKD,1997,
North Macedonia,MKD,1996,
North Macedonia,MKD,1995,
North Macedonia,MKD,1994,
North Macedonia,MKD,1993,
North Macedonia,MKD,1992,
North Macedonia,MKD,1991,
North Macedonia,MKD,1990,
North Macedonia,MKD,1989,
North Macedonia,MKD,1988,
North Macedonia,MKD,1987,
North Macedonia,MKD,1986,
North Macedonia,MKD,1985,
North Macedonia,MKD,1984,
North Macedonia,MKD,1983,
North Macedonia,MKD,1982,
North Macedonia,MKD,1981,
North Macedonia,MKD,1980,
North Macedonia,MKD,1979,
North Macedonia,MKD,1978,
North Macedonia,MKD,1977,
North Macedonia,MKD,1976,
North Macedonia,MKD,1975,
North Macedonia,MKD,1974,
North Macedonia,MKD,1973,
North Macedonia,MKD,1972,
North Macedonia,MKD,1971,
North Macedonia,MKD,1970,
North Macedonia,MKD,1969,
North Macedonia,MKD,1968,
North Macedonia,MKD,1967,
North Macedonia,MKD,1966,
North Macedonia,MKD,1965,
North Macedonia,MKD,1964,
North Macedonia,MKD,1963,
North Macedonia,MKD,1962,
North Macedonia,MKD,1961,
North Macedonia,MKD,1960,
Northern Mariana Islands,MNP,2025,
Northern Mariana Islands,MNP,2024,
Northern Mariana Islands,MNP,2023,
Northern Mariana Islands,MNP,2022,
Northern Mariana Islands,MNP,2021,
Northern Mariana Islands,MNP,2020,
Northern Mariana Islands,MNP,2019,
Northern Mariana Islands,MNP,2018,
Northern Mariana Islands,MNP,2017,
Northern Mariana Islands,MNP,2016,
Northern Mariana Islands,MNP,2015,
Northern Mariana Islands,MNP,2014,
Northern Mariana Islands,MNP,2013,
Northern Mariana Islands,MNP,2012,
Northern Mariana Islands,MNP,2011,
Northern Mariana Islands,MNP,2010,
Northern Mariana Islands,MNP,2009,
Northern Mariana Islands,MNP,2008,
Northern Mariana Islands,MNP,2007,
Northern Mariana Islands,MNP,2006,
Northern Mariana Islands,MNP,2005,
Northern Mariana Islands,MNP,2004,
Northern Mariana Islands,MNP,2003,
Northern Mariana Islands,MNP,2002,
Northern Mariana Islands,MNP,2001,
Northern Mariana Islands,MNP,2000,
Northern Mariana Islands,MNP,1999,
Northern Mariana Islands,MNP,1998,
Northern Mariana Islands,MNP,1997,
Northern Mariana Islands,MNP,1996,
Northern Mariana Islands,MNP,1995,
Northern Mariana Islands,MNP,1994,
Northern Mariana Islands,MNP,1993,
Northern Mariana Islands,MNP,1992,
Northern Mariana Islands,MNP,1991,
Northern Mariana Islands,MNP,1990,
Northern Mariana Islands,MNP,1989,
Northern Mariana Islands,MNP,1988,
Northern Mariana Islands,MNP,1987,
Northern Mariana Islands,MNP,1986,
Northern Mariana Islands,MNP,1985,
Northern Mariana Islands,MNP,1984,
Northern Mariana Islands,MNP,1983,
Northern Mariana Islands,MNP,1982,
Northern Mariana Islands,MNP,1981,
Northern Mariana Islands,MNP,1980,
Northern Mariana Islands,MNP,1979,
Northern Mariana Islands,MNP,1978,
Northern Mariana Islands,MNP,1977,
Northern Mariana Islands,MNP,1976,
Northern Mariana Islands,MNP,1975,
Northern Mariana Islands,MNP,1974,
Northern Mariana Islands,MNP,1973,
Northern Mariana Islands,MNP,1972,
Northern Mariana Islands,MNP,1971,
Northern Mariana Islands,MNP,1970,
Northern Mariana Islands,MNP,1969,
Northern Mariana Islands,MNP,1968,
Northern Mariana Islands,MNP,1967,
Northern Mariana Islands,MNP,1966,
Northern Mariana Islands,MNP,1965,
Northern Mariana Islands,MNP,1964,
Northern Mariana Islands,MNP,1963,
Northern Mariana Islands,MNP,1962,
Northern Mariana Islands,MNP,1961,
Northern Mariana Islands,MNP,1960,
Norway,NOR,2025,
Norway,NOR,2024,
Norway,NOR,2023,8296.35546875
Norway,NOR,2022,8692.57617188
Norway,NOR,2021,9163.13867188
Norway,NOR,2020,7824.57714844
Norway,NOR,2019,8007.35546875
Norway,NOR,2018,8271.859375
Norway,NOR,2017,7815.78710938
Norway,NOR,2016,7492.07666016
Norway,NOR,2015,7566.56152344
Norway,NOR,2014,9116.37792969
Norway,NOR,2013,9241.265625
Norway,NOR,2012,8970.11914063
Norway,NOR,2011,8900.37207031
Norway,NOR,2010,7859.51611328
Norway,NOR,2009,7301.95996094
Norway,NOR,2008,7768.05029297
Norway,NOR,2007,6895.56005859
Norway,NOR,2006,5892.98730469
Norway,NOR,2005,5584.68896484
Norway,NOR,2004,5097.34423828
Norway,NOR,2003,4632.56835938
Norway,NOR,2002,3889.95947266
Norway,NOR,2001,3099.00341797
Norway,NOR,2000,2948.93164063
Norway,NOR,1999,
Norway,NOR,1998,
Norway,NOR,1997,
Norway,NOR,1996,
Norway,NOR,1995,
Norway,NOR,1994,
Norway,NOR,1993,
Norway,NOR,1992,
Norway,NOR,1991,
Norway,NOR,1990,
Norway,NOR,1989,
Norway,NOR,1988,
Norway,NOR,1987,
Norway,NOR,1986,
Norway,NOR,1985,
Norway,NOR,1984,
Norway,NOR,1983,
Norway,NOR,1982,
Norway,NOR,1981,
Norway,NOR,1980,
Norway,NOR,1979,
Norway,NOR,1978,
Norway,NOR,1977,
Norway,NOR,1976,
Norway,NOR,1975,
Norway,NOR,1974,
Norway,NOR,1973,
Norway,NOR,1972,
Norway,NOR,1971,
Norway,NOR,1970,
Norway,NOR,1969,
Norway,NOR,1968,
Norway,NOR,1967,
Norway,NOR,1966,
Norway,NOR,1965,
Norway,NOR,1964,
Norway,NOR,1963,
Norway,NOR,1962,
Norway,NOR,1961,
Norway,NOR,1960,
Oman,OMN,2025,
Oman,OMN,2024,
Oman,OMN,2023,732.04089355
Oman,OMN,2022,712.06097412
Oman,OMN,2021,843.01953125
Oman,OMN,2020,859.24987793
Oman,OMN,2019,730.08325195
Oman,OMN,2018,639.78082275
Oman,OMN,2017,704.6295166
Oman,OMN,2016,714.48864746
Oman,OMN,2015,767.04455566
Oman,OMN,2014,726.64660645
Oman,OMN,2013,587.71075439
Oman,OMN,2012,561.1171875
Oman,OMN,2011,563.23632813
Oman,OMN,2010,583.57073975
Oman,OMN,2009,510.08691406
Oman,OMN,2008,466.60375977
Oman,OMN,2007,397.21173096
Oman,OMN,2006,341.97601318
Oman,OMN,2005,326.909729
Oman,OMN,2004,306.42941284
Oman,OMN,2003,290.38589478
Oman,OMN,2002,274.11166382
Oman,OMN,2001,259.59085083
Oman,OMN,2000,261.88265991
Oman,OMN,1999,
Oman,OMN,1998,
Oman,OMN,1997,
Oman,OMN,1996,
Oman,OMN,1995,
Oman,OMN,1994,
Oman,OMN,1993,
Oman,OMN,1992,
Oman,OMN,1991,
Oman,OMN,1990,
Oman,OMN,1989,
Oman,OMN,1988,
Oman,OMN,1987,
Oman,OMN,1986,
Oman,OMN,1985,
Oman,OMN,1984,
Oman,OMN,1983,
Oman,OMN,1982,
Oman,OMN,1981,
Oman,OMN,1980,
Oman,OMN,1979,
Oman,OMN,1978,
Oman,OMN,1977,
Oman,OMN,1976,
Oman,OMN,1975,
Oman,OMN,1974,
Oman,OMN,1973,
Oman,OMN,1972,
Oman,OMN,1971,
Oman,OMN,1970,
Oman,OMN,1969,
Oman,OMN,1968,
Oman,OMN,1967,
Oman,OMN,1966,
Oman,OMN,1965,
Oman,OMN,1964,
Oman,OMN,1963,
Oman,OMN,1962,
Oman,OMN,1961,
Oman,OMN,1960,
Pakistan,PAK,2025,
Pakistan,PAK,2024,
Pakistan,PAK,2023,30.48608398
Pakistan,PAK,2022,38.76602173
Pakistan,PAK,2021,42.79639816
Pakistan,PAK,2020,36.9091301
Pakistan,PAK,2019,36.01374817
Pakistan,PAK,2018,40.09578323
Pakistan,PAK,2017,42.07228851
Pakistan,PAK,2016,36.46934128
Pakistan,PAK,2015,33.99359894
Pakistan,PAK,2014,32.11787415
Pakistan,PAK,2013,28.20998955
Pakistan,PAK,2012,25.59742928
Pakistan,PAK,2011,25.02491379
Pakistan,PAK,2010,23.62846184
Pakistan,PAK,2009,23.14643288
Pakistan,PAK,2008,24.34272766
Pakistan,PAK,2007,26.14198685
Pakistan,PAK,2006,24.43647003
Pakistan,PAK,2005,19.58962631
Pakistan,PAK,2004,15.53542328
Pakistan,PAK,2003,14.34851551
Pakistan,PAK,2002,14.98332214
Pakistan,PAK,2001,13.41587162
Pakistan,PAK,2000,15.36755657
Pakistan,PAK,1999,
Pakistan,PAK,1998,
Pakistan,PAK,1997,
Pakistan,PAK,1996,
Pakistan,PAK,1995,
Pakistan,PAK,1994,
Pakistan,PAK,1993,
Pakistan,PAK,1992,
Pakistan,PAK,1991,
Pakistan,PAK,1990,
Pakistan,PAK,1989,
Pakistan,PAK,1988,
Pakistan,PAK,1987,
Pakistan,PAK,1986,
Pakistan,PAK,1985,
Pakistan,PAK,1984,
Pakistan,PAK,1983,
Pakistan,PAK,1982,
Pakistan,PAK,1981,
Pakistan,PAK,1980,
Pakistan,PAK,1979,
Pakistan,PAK,1978,
Pakistan,PAK,1977,
Pakistan,PAK,1976,
Pakistan,PAK,1975,
Pakistan,PAK,1974,
Pakistan,PAK,1973,
Pakistan,PAK,1972,
Pakistan,PAK,1971,
Pakistan,PAK,1970,
Pakistan,PAK,1969,
Pakistan,PAK,1968,
Pakistan,PAK,1967,
Pakistan,PAK,1966,
Pakistan,PAK,1965,
Pakistan,PAK,1964,
Pakistan,PAK,1963,
Pakistan,PAK,1962,
Pakistan,PAK,1961,
Pakistan,PAK,1960,
Palau,PLW,2025,
Palau,PLW,2024,
Palau,PLW,2023,1683.8458252
Palau,PLW,2022,2077.734375
Palau,PLW,2021,1931.31152344
Palau,PLW,2020,1938.33837891
Palau,PLW,2019,1928.91564941
Palau,PLW,2018,1809.22070313
Palau,PLW,2017,1775.32849121
Palau,PLW,2016,1704.62316895
Palau,PLW,2015,1554.91186523
Palau,PLW,2014,1481.35656738
Palau,PLW,2013,1399.29931641
Palau,PLW,2012,1239.99304199
Palau,PLW,2011,1072.56323242
Palau,PLW,2010,1093.30786133
Palau,PLW,2009,947.12615967
Palau,PLW,2008,880.83892822
Palau,PLW,2007,897.35339355
Palau,PLW,2006,852.00756836
Palau,PLW,2005,810.10369873
Palau,PLW,2004,765.0546875
Palau,PLW,2003,638.3067627
Palau,PLW,2002,609.03295898
Palau,PLW,2001,640.58422852
Palau,PLW,2000,675.54473877
Palau,PLW,1999,
Palau,PLW,1998,
Palau,PLW,1997,
Palau,PLW,1996,
Palau,PLW,1995,
Palau,PLW,1994,
Palau,PLW,1993,
Palau,PLW,1992,
Palau,PLW,1991,
Palau,PLW,1990,
Palau,PLW,1989,
Palau,PLW,1988,
Palau,PLW,1987,
Palau,PLW,1986,
Palau,PLW,1985,
Palau,PLW,1984,
Palau,PLW,1983,
Palau,PLW,1982,
Palau,PLW,1981,
Palau,PLW,1980,
Palau,PLW,1979,
Palau,PLW,1978,
Palau,PLW,1977,
Palau,PLW,1976,
Palau,PLW,1975,
Palau,PLW,1974,
Palau,PLW,1973,
Palau,PLW,1972,
Palau,PLW,1971,
Palau,PLW,1970,
Palau,PLW,1969,
Palau,PLW,1968,
Palau,PLW,1967,
Palau,PLW,1966,
Palau,PLW,1965,
Palau,PLW,1964,
Palau,PLW,1963,
Palau,PLW,1962,
Palau,PLW,1961,
Palau,PLW,1960,
Panama,PAN,2025,
Panama,PAN,2024,
Panama,PAN,2023,1557.81286621
Panama,PAN,2022,1572.93017578
Panama,PAN,2021,1417.1541748
Panama,PAN,2020,1358.4498291
Panama,PAN,2019,1339.45153809
Panama,PAN,2018,1227.30554199
Panama,PAN,2017,1126.96154785
Panama,PAN,2016,1056.68481445
Panama,PAN,2015,982.06530762
Panama,PAN,2014,919.2946167
Panama,PAN,2013,805.78985596
Panama,PAN,2012,725.01544189
Panama,PAN,2011,664.97564697
Panama,PAN,2010,607.42242432
Panama,PAN,2009,550.80755615
Panama,PAN,2008,506.78494263
Panama,PAN,2007,472.08703613
Panama,PAN,2006,370.62973022
Panama,PAN,2005,323.0513916
Panama,PAN,2004,344.4079895
Panama,PAN,2003,303.45755005
Panama,PAN,2002,308.58657837
Panama,PAN,2001,296.75146484
Panama,PAN,2000,300.66052246
Panama,PAN,1999,
Panama,PAN,1998,
Panama,PAN,1997,
Panama,PAN,1996,
Panama,PAN,1995,
Panama,PAN,1994,
Panama,PAN,1993,
Panama,PAN,1992,
Panama,PAN,1991,
Panama,PAN,1990,
Panama,PAN,1989,
Panama,PAN,1988,
Panama,PAN,1987,
Panama,PAN,1986,
Panama,PAN,1985,
Panama,PAN,1984,
Panama,PAN,1983,
Panama,PAN,1982,
Panama,PAN,1981,
Panama,PAN,1980,
Panama,PAN,1979,
Panama,PAN,1978,
Panama,PAN,1977,
Panama,PAN,1976,
Panama,PAN,1975,
Panama,PAN,1974,
Panama,PAN,1973,
Panama,PAN,1972,
Panama,PAN,1971,
Panama,PAN,1970,
Panama,PAN,1969,
Panama,PAN,1968,
Panama,PAN,1967,
Panama,PAN,1966,
Panama,PAN,1965,
Panama,PAN,1964,
Panama,PAN,1963,
Panama,PAN,1962,
Panama,PAN,1961,
Panama,PAN,1960,
Papua New Guinea,PNG,2025,
Papua New Guinea,PNG,2024,
Papua New Guinea,PNG,2023,85.15021515
Papua New Guinea,PNG,2022,81.11356354
Papua New Guinea,PNG,2021,61.02529907
Papua New Guinea,PNG,2020,55.92817688
Papua New Guinea,PNG,2019,59.89566803
Papua New Guinea,PNG,2018,59.04003525
Papua New Guinea,PNG,2017,55.24723816
Papua New Guinea,PNG,2016,53.98646545
Papua New Guinea,PNG,2015,45.18995285
Papua New Guinea,PNG,2014,89.08061218
Papua New Guinea,PNG,2013,76.75310516
Papua New Guinea,PNG,2012,70.27664948
Papua New Guinea,PNG,2011,52.49456787
Papua New Guinea,PNG,2010,39.3453064
Papua New Guinea,PNG,2009,36.5436821
Papua New Guinea,PNG,2008,34.69308472
Papua New Guinea,PNG,2007,33.18586731
Papua New Guinea,PNG,2006,30.03865242
Papua New Guinea,PNG,2005,27.49723434
Papua New Guinea,PNG,2004,25.73586273
Papua New Guinea,PNG,2003,21.9858036
Papua New Guinea,PNG,2002,20.55322266
Papua New Guinea,PNG,2001,18.19814301
Papua New Guinea,PNG,2000,18.84121323
Papua New Guinea,PNG,1999,
Papua New Guinea,PNG,1998,
Papua New Guinea,PNG,1997,
Papua New Guinea,PNG,1996,
Papua New Guinea,PNG,1995,
Papua New Guinea,PNG,1994,
Papua New Guinea,PNG,1993,
Papua New Guinea,PNG,1992,
Papua New Guinea,PNG,1991,
Papua New Guinea,PNG,1990,
Papua New Guinea,PNG,1989,
Papua New Guinea,PNG,1988,
Papua New Guinea,PNG,1987,
Papua New Guinea,PNG,1986,
Papua New Guinea,PNG,1985,
Papua New Guinea,PNG,1984,
Papua New Guinea,PNG,1983,
Papua New Guinea,PNG,1982,
Papua New Guinea,PNG,1981,
Papua New Guinea,PNG,1980,
Papua New Guinea,PNG,1979,
Papua New Guinea,PNG,1978,
Papua New Guinea,PNG,1977,
Papua New Guinea,PNG,1976,
Papua New Guinea,PNG,1975,
Papua New Guinea,PNG,1974,
Papua New Guinea,PNG,1973,
Papua New Guinea,PNG,1972,
Papua New Guinea,PNG,1971,
Papua New Guinea,PNG,1970,
Papua New Guinea,PNG,1969,
Papua New Guinea,PNG,1968,
Papua New Guinea,PNG,1967,
Papua New Guinea,PNG,1966,
Papua New Guinea,PNG,1965,
Papua New Guinea,PNG,1964,
Papua New Guinea,PNG,1963,
Papua New Guinea,PNG,1962,
Papua New Guinea,PNG,1961,
Papua New Guinea,PNG,1960,
Paraguay,PRY,2025,
Paraguay,PRY,2024,
Paraguay,PRY,2023,526.5098877
Paraguay,PRY,2022,480.02862549
Paraguay,PRY,2021,480.11322021
Paraguay,PRY,2020,411.81765747
Paraguay,PRY,2019,416.84432983
Paraguay,PRY,2018,422.13101196
Paraguay,PRY,2017,406.60488892
Paraguay,PRY,2016,385.52297974
Paraguay,PRY,2015,393.42440796
Paraguay,PRY,2014,440.85821533
Paraguay,PRY,2013,391.80084229
Paraguay,PRY,2012,368.7868042
Paraguay,PRY,2011,337.81317139
Paraguay,PRY,2010,258.43127441
Paraguay,PRY,2009,217.7858429
Paraguay,PRY,2008,220.90351868
Paraguay,PRY,2007,161.25285339
Paraguay,PRY,2006,122.45078278
Paraguay,PRY,2005,95.1805954
Paraguay,PRY,2004,88.10053253
Paraguay,PRY,2003,70.85758209
Paraguay,PRY,2002,65.0742569
Paraguay,PRY,2001,91.8441391
Paraguay,PRY,2000,104.49077606
Paraguay,PRY,1999,
Paraguay,PRY,1998,
Paraguay,PRY,1997,
Paraguay,PRY,1996,
Paraguay,PRY,1995,
Paraguay,PRY,1994,
Paraguay,PRY,1993,
Paraguay,PRY,1992,
Paraguay,PRY,1991,
Paraguay,PRY,1990,
Paraguay,PRY,1989,
Paraguay,PRY,1988,
Paraguay,PRY,1987,
Paraguay,PRY,1986,
Paraguay,PRY,1985,
Paraguay,PRY,1984,
Paraguay,PRY,1983,
Paraguay,PRY,1982,
Paraguay,PRY,1981,
Paraguay,PRY,1980,
Paraguay,PRY,1979,
Paraguay,PRY,1978,
Paraguay,PRY,1977,
Paraguay,PRY,1976,
Paraguay,PRY,1975,
Paraguay,PRY,1974,
Paraguay,PRY,1973,
Paraguay,PRY,1972,
Paraguay,PRY,1971,
Paraguay,PRY,1970,
Paraguay,PRY,1969,
Paraguay,PRY,1968,
Paraguay,PRY,1967,
Paraguay,PRY,1966,
Paraguay,PRY,1965,
Paraguay,PRY,1964,
Paraguay,PRY,1963,
Paraguay,PRY,1962,
Paraguay,PRY,1961,
Paraguay,PRY,1960,
Peru,PER,2025,
Peru,PER,2024,
Peru,PER,2023,445.52667236
Peru,PER,2022,445.10473633
Peru,PER,2021,455.3560791
Peru,PER,2020,399.13800049
Peru,PER,2019,367.98739624
Peru,PER,2018,362.75994873
Peru,PER,2017,332.54321289
Peru,PER,2016,311.33517456
Peru,PER,2015,310.60983276
Peru,PER,2014,332.18841553
Peru,PER,2013,320.96490479
Peru,PER,2012,309.31439209
Peru,PER,2011,264.46487427
Peru,PER,2010,241.43280029
Peru,PER,2009,209.1973877
Peru,PER,2008,191.42611694
Peru,PER,2007,158.55148315
Peru,PER,2006,136.14295959
Peru,PER,2005,123.25354004
Peru,PER,2004,105.16587067
Peru,PER,2003,97.352211
Peru,PER,2002,97.6605072
Peru,PER,2001,89.36621857
Peru,PER,2000,83.63842773
Peru,PER,1999,
Peru,PER,1998,
Peru,PER,1997,
Peru,PER,1996,
Peru,PER,1995,
Peru,PER,1994,
Peru,PER,1993,
Peru,PER,1992,
Peru,PER,1991,
Peru,PER,1990,
Peru,PER,1989,
Peru,PER,1988,
Peru,PER,1987,
Peru,PER,1986,
Peru,PER,1985,
Peru,PER,1984,
Peru,PER,1983,
Peru,PER,1982,
Peru,PER,1981,
Peru,PER,1980,
Peru,PER,1979,
Peru,PER,1978,
Peru,PER,1977,
Peru,PER,1976,
Peru,PER,1975,
Peru,PER,1974,
Peru,PER,1973,
Peru,PER,1972,
Peru,PER,1971,
Peru,PER,1970,
Peru,PER,1969,
Peru,PER,1968,
Peru,PER,1967,
Peru,PER,1966,
Peru,PER,1965,
Peru,PER,1964,
Peru,PER,1963,
Peru,PER,1962,
Peru,PER,1961,
Peru,PER,1960,
Philippines,PHL,2025,
Philippines,PHL,2024,
Philippines,PHL,2023,194.05484009
Philippines,PHL,2022,182.93432617
Philippines,PHL,2021,208.192276
Philippines,PHL,2020,166.61218262
Philippines,PHL,2019,141.6925354
Philippines,PHL,2018,125.27716827
Philippines,PHL,2017,120.32259369
Philippines,PHL,2016,118.05981445
Philippines,PHL,2015,113.4342804
Philippines,PHL,2014,106.16293335
Philippines,PHL,2013,118.87432098
Philippines,PHL,2012,109.2149353
Philippines,PHL,2011,95.95716095
Philippines,PHL,2010,89.35166931
Philippines,PHL,2009,77.64539337
Philippines,PHL,2008,75.69056702
Philippines,PHL,2007,64.27903748
Philippines,PHL,2006,53.87452698
Philippines,PHL,2005,45.67607498
Philippines,PHL,2004,33.50411606
Philippines,PHL,2003,31.60413551
Philippines,PHL,2002,26.76997948
Philippines,PHL,2001,27.60987473
Philippines,PHL,2000,32.10300446
Philippines,PHL,1999,
Philippines,PHL,1998,
Philippines,PHL,1997,
Philippines,PHL,1996,
Philippines,PHL,1995,
Philippines,PHL,1994,
Philippines,PHL,1993,
Philippines,PHL,1992,
Philippines,PHL,1991,
Philippines,PHL,1990,
Philippines,PHL,1989,
Philippines,PHL,1988,
Philippines,PHL,1987,
Philippines,PHL,1986,
Philippines,PHL,1985,
Philippines,PHL,1984,
Philippines,PHL,1983,
Philippines,PHL,1982,
Philippines,PHL,1981,
Philippines,PHL,1980,
Philippines,PHL,1979,
Philippines,PHL,1978,
Philippines,PHL,1977,
Philippines,PHL,1976,
Philippines,PHL,1975,
Philippines,PHL,1974,
Philippines,PHL,1973,
Philippines,PHL,1972,
Philippines,PHL,1971,
Philippines,PHL,1970,
Philippines,PHL,1969,
Philippines,PHL,1968,
Philippines,PHL,1967,
Philippines,PHL,1966,
Philippines,PHL,1965,
Philippines,PHL,1964,
Philippines,PHL,1963,
Philippines,PHL,1962,
Philippines,PHL,1961,
Philippines,PHL,1960,
Poland,POL,2025,
Poland,POL,2024,2014.12780762
Poland,POL,2023,1577.98168945
Poland,POL,2022,1219.29125977
Poland,POL,2021,1183.30236816
Poland,POL,2020,1025.98486328
Poland,POL,2019,1014.03820801
Poland,POL,2018,978.73565674
Poland,POL,2017,909.57818604
Poland,POL,2016,816.08618164
Poland,POL,2015,803.95965576
Poland,POL,2014,911.29815674
Poland,POL,2013,878.08837891
Poland,POL,2012,815.1418457
Poland,POL,2011,866.09466553
Poland,POL,2010,809.19940186
Poland,POL,2009,759.60577393
Poland,POL,2008,892.59698486
Poland,POL,2007,660.92468262
Poland,POL,2006,524.09747314
Poland,POL,2005,465.70019531
Poland,POL,2004,392.00338745
Poland,POL,2003,339.33520508
Poland,POL,2002,315.83145142
Poland,POL,2001,282.8210144
Poland,POL,2000,238.00448608
Poland,POL,1999,
Poland,POL,1998,
Poland,POL,1997,
Poland,POL,1996,
Poland,POL,1995,
Poland,POL,1994,
Poland,POL,1993,
Poland,POL,1992,
Poland,POL,1991,
Poland,POL,1990,
Poland,POL,1989,
Poland,POL,1988,
Poland,POL,1987,
Poland,POL,1986,
Poland,POL,1985,
Poland,POL,1984,
Poland,POL,1983,
Poland,POL,1982,
Poland,POL,1981,
Poland,POL,1980,
Poland,POL,1979,
Poland,POL,1978,
Poland,POL,1977,
Poland,POL,1976,
Poland,POL,1975,
Poland,POL,1974,
Poland,POL,1973,
Poland,POL,1972,
Poland,POL,1971,
Poland,POL,1970,
Poland,POL,1969,
Poland,POL,1968,
Poland,POL,1967,
Poland,POL,1966,
Poland,POL,1965,
Poland,POL,1964,
Poland,POL,1963,
Poland,POL,1962,
Poland,POL,1961,
Poland,POL,1960,
Portugal,PRT,2025,
Portugal,PRT,2024,2971.03930664
Portugal,PRT,2023,2762.26293945
Portugal,PRT,2022,2600.56665039
Portugal,PRT,2021,2764.04296875
Portugal,PRT,2020,2328.35571289
Portugal,PRT,2019,2209.50219727
Portugal,PRT,2018,2206.71240234
Portugal,PRT,2017,1991.32263184
Portugal,PRT,2016,1870.31848145
Portugal,PRT,2015,1787.03759766
Portugal,PRT,2014,2056.61474609
Portugal,PRT,2013,2027.42089844
Portugal,PRT,2012,1976.91479492
Portugal,PRT,2011,2255.96923828
Portugal,PRT,2010,2259.30371094
Portugal,PRT,2009,2346.54199219
Portugal,PRT,2008,2391.98120117
Portugal,PRT,2007,2112.52880859
Portugal,PRT,2006,1857.64526367
Portugal,PRT,2005,1814.35449219
Portugal,PRT,2004,1723.74401855
Portugal,PRT,2003,1443.37792969
Portugal,PRT,2002,1139.4029541
Portugal,PRT,2001,1015.54956055
Portugal,PRT,2000,995.34210205
Portugal,PRT,1999,
Portugal,PRT,1998,
Portugal,PRT,1997,
Portugal,PRT,1996,
Portugal,PRT,1995,
Portugal,PRT,1994,
Portugal,PRT,1993,
Portugal,PRT,1992,
Portugal,PRT,1991,
Portugal,PRT,1990,
Portugal,PRT,1989,
Portugal,PRT,1988,
Portugal,PRT,1987,
Portugal,PRT,1986,
Portugal,PRT,1985,
Portugal,PRT,1984,
Portugal,PRT,1983,
Portugal,PRT,1982,
Portugal,PRT,1981,
Portugal,PRT,1980,
Portugal,PRT,1979,
Portugal,PRT,1978,
Portugal,PRT,1977,
Portugal,PRT,1976,
Portugal,PRT,1975,
Portugal,PRT,1974,
Portugal,PRT,1973,
Portugal,PRT,1972,
Portugal,PRT,1971,
Portugal,PRT,1970,
Portugal,PRT,1969,
Portugal,PRT,1968,
Portugal,PRT,1967,
Portugal,PRT,1966,
Portugal,PRT,1965,
Portugal,PRT,1964,
Portugal,PRT,1963,
Portugal,PRT,1962,
Portugal,PRT,1961,
Portugal,PRT,1960,
Puerto Rico (US),PRI,2025,
Puerto Rico (US),PRI,2024,
Puerto Rico (US),PRI,2023,
Puerto Rico (US),PRI,2022,
Puerto Rico (US),PRI,2021,
Puerto Rico (US),PRI,2020,
Puerto Rico (US),PRI,2019,
Puerto Rico (US),PRI,2018,
Puerto Rico (US),PRI,2017,
Puerto Rico (US),PRI,2016,
Puerto Rico (US),PRI,2015,
Puerto Rico (US),PRI,2014,
Puerto Rico (US),PRI,2013,
Puerto Rico (US),PRI,2012,
Puerto Rico (US),PRI,2011,
Puerto Rico (US),PRI,2010,
Puerto Rico (US),PRI,2009,
Puerto Rico (US),PRI,2008,
Puerto Rico (US),PRI,2007,
Puerto Rico (US),PRI,2006,
Puerto Rico (US),PRI,2005,
Puerto Rico (US),PRI,2004,
Puerto Rico (US),PRI,2003,
Puerto Rico (US),PRI,2002,
Puerto Rico (US),PRI,2001,
Puerto Rico (US),PRI,2000,
Puerto Rico (US),PRI,1999,
Puerto Rico (US),PRI,1998,
Puerto Rico (US),PRI,1997,
Puerto Rico (US),PRI,1996,
Puerto Rico (US),PRI,1995,
Puerto Rico (US),PRI,1994,
Puerto Rico (US),PRI,1993,
Puerto Rico (US),PRI,1992,
Puerto Rico (US),PRI,1991,
Puerto Rico (US),PRI,1990,
Puerto Rico (US),PRI,1989,
Puerto Rico (US),PRI,1988,
Puerto Rico (US),PRI,1987,
Puerto Rico (US),PRI,1986,
Puerto Rico (US),PRI,1985,
Puerto Rico (US),PRI,1984,
Puerto Rico (US),PRI,1983,
Puerto Rico (US),PRI,1982,
Puerto Rico (US),PRI,1981,
Puerto Rico (US),PRI,1980,
Puerto Rico (US),PRI,1979,
Puerto Rico (US),PRI,1978,
Puerto Rico (US),PRI,1977,
Puerto Rico (US),PRI,1976,
Puerto Rico (US),PRI,1975,
Puerto Rico (US),PRI,1974,
Puerto Rico (US),PRI,1973,
Puerto Rico (US),PRI,1972,
Puerto Rico (US),PRI,1971,
Puerto Rico (US),PRI,1970,
Puerto Rico (US),PRI,1969,
Puerto Rico (US),PRI,1968,
Puerto Rico (US),PRI,1967,
Puerto Rico (US),PRI,1966,
Puerto Rico (US),PRI,1965,
Puerto Rico (US),PRI,1964,
Puerto Rico (US),PRI,1963,
Puerto Rico (US),PRI,1962,
Puerto Rico (US),PRI,1961,
Puerto Rico (US),PRI,1960,
Qatar,QAT,2025,
Qatar,QAT,2024,
Qatar,QAT,2023,1804.35424805
Qatar,QAT,2022,1781.50390625
Qatar,QAT,2021,1847.00231934
Qatar,QAT,2020,1967.15197754
Qatar,QAT,2019,2007.51525879
Qatar,QAT,2018,1966.55712891
Qatar,QAT,2017,1911.95361328
Qatar,QAT,2016,2072.06103516
Qatar,QAT,2015,2422.64453125
Qatar,QAT,2014,2252.4140625
Qatar,QAT,2013,2029.8659668
Qatar,QAT,2012,1712.67089844
Qatar,QAT,2011,1482.28308105
Qatar,QAT,2010,1309.79272461
Qatar,QAT,2009,1325.43005371
Qatar,QAT,2008,1292.60046387
Qatar,QAT,2007,1301.49682617
Qatar,QAT,2006,1378.9296875
Qatar,QAT,2005,1386.015625
Qatar,QAT,2004,1261.61999512
Qatar,QAT,2003,1115.45336914
Qatar,QAT,2002,668.85986328
Qatar,QAT,2001,598.73602295
Qatar,QAT,2000,553.08605957
Qatar,QAT,1999,
Qatar,QAT,1998,
Qatar,QAT,1997,
Qatar,QAT,1996,
Qatar,QAT,1995,
Qatar,QAT,1994,
Qatar,QAT,1993,
Qatar,QAT,1992,
Qatar,QAT,1991,
Qatar,QAT,1990,
Qatar,QAT,1989,
Qatar,QAT,1988,
Qatar,QAT,1987,
Qatar,QAT,1986,
Qatar,QAT,1985,
Qatar,QAT,1984,
Qatar,QAT,1983,
Qatar,QAT,1982,
Qatar,QAT,1981,
Qatar,QAT,1980,
Qatar,QAT,1979,
Qatar,QAT,1978,
Qatar,QAT,1977,
Qatar,QAT,1976,
Qatar,QAT,1975,
Qatar,QAT,1974,
Qatar,QAT,1973,
Qatar,QAT,1972,
Qatar,QAT,1971,
Qatar,QAT,1970,
Qatar,QAT,1969,
Qatar,QAT,1968,
Qatar,QAT,1967,
Qatar,QAT,1966,
Qatar,QAT,1965,
Qatar,QAT,1964,
Qatar,QAT,1963,
Qatar,QAT,1962,
Qatar,QAT,1961,
Qatar,QAT,1960,
Romania,ROU,2025,
Romania,ROU,2024,
Romania,ROU,2023,1050.99755859
Romania,ROU,2022,902.2677002
Romania,ROU,2021,963.01287842
Romania,ROU,2020,809.58880615
Romania,ROU,2019,738.5581665
Romania,ROU,2018,687.15411377
Romania,ROU,2017,555.11309814
Romania,ROU,2016,476.24505615
Romania,ROU,2015,442.24038696
Romania,ROU,2014,503.34753418
Romania,ROU,2013,495.23623657
Romania,ROU,2012,401.67105103
Romania,ROU,2011,426.59973145
Romania,ROU,2010,472.20751953
Romania,ROU,2009,449.37692261
Romania,ROU,2008,521.31561279
Romania,ROU,2007,415.06790161
Romania,ROU,2006,291.00408936
Romania,ROU,2005,254.52961731
Romania,ROU,2004,190.7950592
Romania,ROU,2003,143.54553223
Romania,ROU,2002,96.57698822
Romania,ROU,2001,78.8175354
Romania,ROU,2000,69.89345551
Romania,ROU,1999,
Romania,ROU,1998,
Romania,ROU,1997,
Romania,ROU,1996,
Romania,ROU,1995,
Romania,ROU,1994,
Romania,ROU,1993,
Romania,ROU,1992,
Romania,ROU,1991,
Romania,ROU,1990,
Romania,ROU,1989,
Romania,ROU,1988,
Romania,ROU,1987,
Romania,ROU,1986,
Romania,ROU,1985,
Romania,ROU,1984,
Romania,ROU,1983,
Romania,ROU,1982,
Romania,ROU,1981,
Romania,ROU,1980,
Romania,ROU,1979,
Romania,ROU,1978,
Romania,ROU,1977,
Romania,ROU,1976,
Romania,ROU,1975,
Romania,ROU,1974,
Romania,ROU,1973,
Romania,ROU,1972,
Romania,ROU,1971,
Romania,ROU,1970,
Romania,ROU,1969,
Romania,ROU,1968,
Romania,ROU,1967,
Romania,ROU,1966,
Romania,ROU,1965,
Romania,ROU,1964,
Romania,ROU,1963,
Romania,ROU,1962,
Romania,ROU,1961,
Romania,ROU,1960,
Russian Federation,RUS,2025,
Russian Federation,RUS,2024,
Russian Federation,RUS,2023,1003.33166504
Russian Federation,RUS,2022,1082.82104492
Russian Federation,RUS,2021,881.74395752
Russian Federation,RUS,2020,814.94451904
Russian Federation,RUS,2019,650.47058105
Russian Federation,RUS,2018,606.11401367
Russian Federation,RUS,2017,577.06811523
Russian Federation,RUS,2016,463.29275513
Russian Federation,RUS,2015,496.94955444
Russian Federation,RUS,2014,736.32177734
Russian Federation,RUS,2013,805.52130127
Russian Federation,RUS,2012,755.48553467
Russian Federation,RUS,2011,681.04345703
Russian Federation,RUS,2010,564.30065918
Russian Federation,RUS,2009,513.91033936
Russian Federation,RUS,2008,606.77508545
Russian Federation,RUS,2007,459.60296631
Russian Federation,RUS,2006,350.84014893
Russian Federation,RUS,2005,270.1439209
Russian Federation,RUS,2004,207.61283875
Russian Federation,RUS,2003,163.31135559
Russian Federation,RUS,2002,140.05729675
Russian Federation,RUS,2001,117.87785339
Russian Federation,RUS,2000,95.20859528
Russian Federation,RUS,1999,
Russian Federation,RUS,1998,
Russian Federation,RUS,1997,
Russian Federation,RUS,1996,
Russian Federation,RUS,1995,
Russian Federation,RUS,1994,
Russian Federation,RUS,1993,
Russian Federation,RUS,1992,
Russian Federation,RUS,1991,
Russian Federation,RUS,1990,
Russian Federation,RUS,1989,
Russian Federation,RUS,1988,
Russian Federation,RUS,1987,
Russian Federation,RUS,1986,
Russian Federation,RUS,1985,
Russian Federation,RUS,1984,
Russian Federation,RUS,1983,
Russian Federation,RUS,1982,
Russian Federation,RUS,1981,
Russian Federation,RUS,1980,
Russian Federation,RUS,1979,
Russian Federation,RUS,1978,
Russian Federation,RUS,1977,
Russian Federation,RUS,1976,
Russian Federation,RUS,1975,
Russian Federation,RUS,1974,
Russian Federation,RUS,1973,
Russian Federation,RUS,1972,
Russian Federation,RUS,1971,
Russian Federation,RUS,1970,
Russian Federation,RUS,1969,
Russian Federation,RUS,1968,
Russian Federation,RUS,1967,
Russian Federation,RUS,1966,
Russian Federation,RUS,1965,
Russian Federation,RUS,1964,
Russian Federation,RUS,1963,
Russian Federation,RUS,1962,
Russian Federation,RUS,1961,
Russian Federation,RUS,1960,
Rwanda,RWA,2025,
Rwanda,RWA,2024,
Rwanda,RWA,2023,52.65630722
Rwanda,RWA,2022,57.83102036
Rwanda,RWA,2021,51.64677429
Rwanda,RWA,2020,45.15266418
Rwanda,RWA,2019,39.81322098
Rwanda,RWA,2018,42.11674881
Rwanda,RWA,2017,40.76682663
Rwanda,RWA,2016,43.54212189
Rwanda,RWA,2015,48.81296921
Rwanda,RWA,2014,50.63835144
Rwanda,RWA,2013,47.75388718
Rwanda,RWA,2012,57.26393127
Rwanda,RWA,2011,51.64939499
Rwanda,RWA,2010,47.96871567
Rwanda,RWA,2009,43.99641418
Rwanda,RWA,2008,39.94568634
Rwanda,RWA,2007,33.50738907
Rwanda,RWA,2006,27.1564312
Rwanda,RWA,2005,25.02086639
Rwanda,RWA,2004,20.23413277
Rwanda,RWA,2003,17.25927353
Rwanda,RWA,2002,7.32393837
Rwanda,RWA,2001,7.86746025
Rwanda,RWA,2000,9.00399399
Rwanda,RWA,1999,
Rwanda,RWA,1998,
Rwanda,RWA,1997,
Rwanda,RWA,1996,
Rwanda,RWA,1995,
Rwanda,RWA,1994,
Rwanda,RWA,1993,
Rwanda,RWA,1992,
Rwanda,RWA,1991,
Rwanda,RWA,1990,
Rwanda,RWA,1989,
Rwanda,RWA,1988,
Rwanda,RWA,1987,
Rwanda,RWA,1986,
Rwanda,RWA,1985,
Rwanda,RWA,1984,
Rwanda,RWA,1983,
Rwanda,RWA,1982,
Rwanda,RWA,1981,
Rwanda,RWA,1980,
Rwanda,RWA,1979,
Rwanda,RWA,1978,
Rwanda,RWA,1977,
Rwanda,RWA,1976,
Rwanda,RWA,1975,
Rwanda,RWA,1974,
Rwanda,RWA,1973,
Rwanda,RWA,1972,
Rwanda,RWA,1971,
Rwanda,RWA,1970,
Rwanda,RWA,1969,
Rwanda,RWA,1968,
Rwanda,RWA,1967,
Rwanda,RWA,1966,
Rwanda,RWA,1965,
Rwanda,RWA,1964,
Rwanda,RWA,1963,
Rwanda,RWA,1962,
Rwanda,RWA,1961,
Rwanda,RWA,1960,
Samoa,WSM,2025,
Samoa,WSM,2024,
Samoa,WSM,2023,292.81085205
Samoa,WSM,2022,259.95404053
Samoa,WSM,2021,285.65393066
Samoa,WSM,2020,252.77748108
Samoa,WSM,2019,242.91064453
Samoa,WSM,2018,200.40919495
Samoa,WSM,2017,220.82336426
Samoa,WSM,2016,238.35044861
Samoa,WSM,2015,232.50479126
Samoa,WSM,2014,252.30943298
Samoa,WSM,2013,247.41108704
Samoa,WSM,2012,197.01564026
Samoa,WSM,2011,211.88684082
Samoa,WSM,2010,185.43850708
Samoa,WSM,2009,172.45288086
Samoa,WSM,2008,156.89399719
Samoa,WSM,2007,147.84771729
Samoa,WSM,2006,133.41867065
Samoa,WSM,2005,121.24176788
Samoa,WSM,2004,104.42662811
Samoa,WSM,2003,81.95996094
Samoa,WSM,2002,72.41275024
Samoa,WSM,2001,56.09679031
Samoa,WSM,2000,60.4606514
Samoa,WSM,1999,
Samoa,WSM,1998,
Samoa,WSM,1997,
Samoa,WSM,1996,
Samoa,WSM,1995,
Samoa,WSM,1994,
Samoa,WSM,1993,
Samoa,WSM,1992,
Samoa,WSM,1991,
Samoa,WSM,1990,
Samoa,WSM,1989,
Samoa,WSM,1988,
Samoa,WSM,1987,
Samoa,WSM,1986,
Samoa,WSM,1985,
Samoa,WSM,1984,
Samoa,WSM,1983,
Samoa,WSM,1982,
Samoa,WSM,1981,
Samoa,WSM,1980,
Samoa,WSM,1979,
Samoa,WSM,1978,
Samoa,WSM,1977,
Samoa,WSM,1976,
Samoa,WSM,1975,
Samoa,WSM,1974,
Samoa,WSM,1973,
Samoa,WSM,1972,
Samoa,WSM,1971,
Samoa,WSM,1970,
Samoa,WSM,1969,
Samoa,WSM,1968,
Samoa,WSM,1967,
Samoa,WSM,1966,
Samoa,WSM,1965,
Samoa,WSM,1964,
Samoa,WSM,1963,
Samoa,WSM,1962,
Samoa,WSM,1961,
Samoa,WSM,1960,
San Marino,SMR,2025,
San Marino,SMR,2024,
San Marino,SMR,2023,3923.5234375
San Marino,SMR,2022,3874.98535156
San Marino,SMR,2021,4033.1027832
San Marino,SMR,2020,3758.609375
San Marino,SMR,2019,3801.21044922
San Marino,SMR,2018,3969.36474609
San Marino,SMR,2017,3672.30322266
San Marino,SMR,2016,3621.23266602
San Marino,SMR,2015,3530.04614258
San Marino,SMR,2014,4120.02685547
San Marino,SMR,2013,4113.46679688
San Marino,SMR,2012,4310.10009766
San Marino,SMR,2011,4550.35058594
San Marino,SMR,2010,3813.88354492
San Marino,SMR,2009,4242.50341797
San Marino,SMR,2008,4378.24853516
San Marino,SMR,2007,3804.50634766
San Marino,SMR,2006,3242.24291992
San Marino,SMR,2005,3055.63232422
San Marino,SMR,2004,2958.87963867
San Marino,SMR,2003,2506.68334961
San Marino,SMR,2002,2253.21850586
San Marino,SMR,2001,2202.07763672
San Marino,SMR,2000,2176.20825195
San Marino,SMR,1999,
San Marino,SMR,1998,
San Marino,SMR,1997,
San Marino,SMR,1996,
San Marino,SMR,1995,
San Marino,SMR,1994,
San Marino,SMR,1993,
San Marino,SMR,1992,
San Marino,SMR,1991,
San Marino,SMR,1990,
San Marino,SMR,1989,
San Marino,SMR,1988,
San Marino,SMR,1987,
San Marino,SMR,1986,
San Marino,SMR,1985,
San Marino,SMR,1984,
San Marino,SMR,1983,
San Marino,SMR,1982,
San Marino,SMR,1981,
San Marino,SMR,1980,
San Marino,SMR,1979,
San Marino,SMR,1978,
San Marino,SMR,1977,
San Marino,SMR,1976,
San Marino,SMR,1975,
San Marino,SMR,1974,
San Marino,SMR,1973,
San Marino,SMR,1972,
San Marino,SMR,1971,
San Marino,SMR,1970,
San Marino,SMR,1969,
San Marino,SMR,1968,
San Marino,SMR,1967,
San Marino,SMR,1966,
San Marino,SMR,1965,
San Marino,SMR,1964,
San Marino,SMR,1963,
San Marino,SMR,1962,
San Marino,SMR,1961,
San Marino,SMR,1960,
Sao Tome and Principe,STP,2025,
Sao Tome and Principe,STP,2024,
Sao Tome and Principe,STP,2023,171.05166626
Sao Tome and Principe,STP,2022,139.02836609
Sao Tome and Principe,STP,2021,187.06524658
Sao Tome and Principe,STP,2020,159.84396362
Sao Tome and Principe,STP,2019,106.86884308
Sao Tome and Principe,STP,2018,108.87628937
Sao Tome and Principe,STP,2017,117.07767487
Sao Tome and Principe,STP,2016,109.73142242
Sao Tome and Principe,STP,2015,85.37828827
Sao Tome and Principe,STP,2014,118.70980835
Sao Tome and Principe,STP,2013,124.59179688
Sao Tome and Principe,STP,2012,86.29039001
Sao Tome and Principe,STP,2011,69.45979309
Sao Tome and Principe,STP,2010,60.94829941
Sao Tome and Principe,STP,2009,64.90551758
Sao Tome and Principe,STP,2008,64.58831787
Sao Tome and Principe,STP,2007,59.71631241
Sao Tome and Principe,STP,2006,57.2040329
Sao Tome and Principe,STP,2005,80.13071442
Sao Tome and Principe,STP,2004,71.05591583
Sao Tome and Principe,STP,2003,71.20994568
Sao Tome and Principe,STP,2002,50.61143494
Sao Tome and Principe,STP,2001,47.14751816
Sao Tome and Principe,STP,2000,49.63587952
Sao Tome and Principe,STP,1999,
Sao Tome and Principe,STP,1998,
Sao Tome and Principe,STP,1997,
Sao Tome and Principe,STP,1996,
Sao Tome and Principe,STP,1995,
Sao Tome and Principe,STP,1994,
Sao Tome and Principe,STP,1993,
Sao Tome and Principe,STP,1992,
Sao Tome and Principe,STP,1991,
Sao Tome and Principe,STP,1990,
Sao Tome and Principe,STP,1989,
Sao Tome and Principe,STP,1988,
Sao Tome and Principe,STP,1987,
Sao Tome and Principe,STP,1986,
Sao Tome and Principe,STP,1985,
Sao Tome and Principe,STP,1984,
Sao Tome and Principe,STP,1983,
Sao Tome and Principe,STP,1982,
Sao Tome and Principe,STP,1981,
Sao Tome and Principe,STP,1980,
Sao Tome and Principe,STP,1979,
Sao Tome and Principe,STP,1978,
Sao Tome and Principe,STP,1977,
Sao Tome and Principe,STP,1976,
Sao Tome and Principe,STP,1975,
Sao Tome and Principe,STP,1974,
Sao Tome and Principe,STP,1973,
Sao Tome and Principe,STP,1972,
Sao Tome and Principe,STP,1971,
Sao Tome and Principe,STP,1970,
Sao Tome and Principe,STP,1969,
Sao Tome and Principe,STP,1968,
Sao Tome and Principe,STP,1967,
Sao Tome and Principe,STP,1966,
Sao Tome and Principe,STP,1965,
Sao Tome and Principe,STP,1964,
Sao Tome and Principe,STP,1963,
Sao Tome and Principe,STP,1962,
Sao Tome and Principe,STP,1961,
Sao Tome and Principe,STP,1960,
Saudi Arabia,SAU,2025,
Saudi Arabia,SAU,2024,
Saudi Arabia,SAU,2023,1825.2545166
Saudi Arabia,SAU,2022,1830.89074707
Saudi Arabia,SAU,2021,1654.74353027
Saudi Arabia,SAU,2020,1574.70068359
Saudi Arabia,SAU,2019,1504.55249023
Saudi Arabia,SAU,2018,1488.9753418
Saudi Arabia,SAU,2017,1400.90356445
Saudi Arabia,SAU,2016,1353.21813965
Saudi Arabia,SAU,2015,1309.27148438
Saudi Arabia,SAU,2014,1363.59155273
Saudi Arabia,SAU,2013,1189.67932129
Saudi Arabia,SAU,2012,1093.15588379
Saudi Arabia,SAU,2011,954.38873291
Saudi Arabia,SAU,2010,765.91680908
Saudi Arabia,SAU,2009,760.19476318
Saudi Arabia,SAU,2008,663.14331055
Saudi Arabia,SAU,2007,662.00793457
Saudi Arabia,SAU,2006,634.81872559
Saudi Arabia,SAU,2005,545.73571777
Saudi Arabia,SAU,2004,471.45797729
Saudi Arabia,SAU,2003,457.08770752
Saudi Arabia,SAU,2002,449.84130859
Saudi Arabia,SAU,2001,482.10446167
Saudi Arabia,SAU,2000,493.36984253
Saudi Arabia,SAU,1999,
Saudi Arabia,SAU,1998,
Saudi Arabia,SAU,1997,
Saudi Arabia,SAU,1996,
Saudi Arabia,SAU,1995,
Saudi Arabia,SAU,1994,
Saudi Arabia,SAU,1993,
Saudi Arabia,SAU,1992,
Saudi Arabia,SAU,1991,
Saudi Arabia,SAU,1990,
Saudi Arabia,SAU,1989,
Saudi Arabia,SAU,1988,
Saudi Arabia,SAU,1987,
Saudi Arabia,SAU,1986,
Saudi Arabia,SAU,1985,
Saudi Arabia,SAU,1984,
Saudi Arabia,SAU,1983,
Saudi Arabia,SAU,1982,
Saudi Arabia,SAU,1981,
Saudi Arabia,SAU,1980,
Saudi Arabia,SAU,1979,
Saudi Arabia,SAU,1978,
Saudi Arabia,SAU,1977,
Saudi Arabia,SAU,1976,
Saudi Arabia,SAU,1975,
Saudi Arabia,SAU,1974,
Saudi Arabia,SAU,1973,
Saudi Arabia,SAU,1972,
Saudi Arabia,SAU,1971,
Saudi Arabia,SAU,1970,
Saudi Arabia,SAU,1969,
Saudi Arabia,SAU,1968,
Saudi Arabia,SAU,1967,
Saudi Arabia,SAU,1966,
Saudi Arabia,SAU,1965,
Saudi Arabia,SAU,1964,
Saudi Arabia,SAU,1963,
Saudi Arabia,SAU,1962,
Saudi Arabia,SAU,1961,
Saudi Arabia,SAU,1960,
Senegal,SEN,2025,
Senegal,SEN,2024,
Senegal,SEN,2023,73.22670746
Senegal,SEN,2022,63.44842529
Senegal,SEN,2021,71.12162781
Senegal,SEN,2020,75.16521454
Senegal,SEN,2019,64.33670807
Senegal,SEN,2018,64.37467957
Senegal,SEN,2017,56.49185944
Senegal,SEN,2016,53.90053558
Senegal,SEN,2015,53.32304382
Senegal,SEN,2014,61.40605545
Senegal,SEN,2013,60.51578903
Senegal,SEN,2012,56.61458969
Senegal,SEN,2011,57.93114853
Senegal,SEN,2010,51.38805008
Senegal,SEN,2009,50.27443314
Senegal,SEN,2008,49.05390167
Senegal,SEN,2007,40.60185623
Senegal,SEN,2006,38.28113556
Senegal,SEN,2005,36.00606155
Senegal,SEN,2004,41.94406128
Senegal,SEN,2003,35.14493942
Senegal,SEN,2002,26.46221161
Senegal,SEN,2001,23.45893669
Senegal,SEN,2000,21.41570663
Senegal,SEN,1999,
Senegal,SEN,1998,
Senegal,SEN,1997,
Senegal,SEN,1996,
Senegal,SEN,1995,
Senegal,SEN,1994,
Senegal,SEN,1993,
Senegal,SEN,1992,
Senegal,SEN,1991,
Senegal,SEN,1990,
Senegal,SEN,1989,
Senegal,SEN,1988,
Senegal,SEN,1987,
Senegal,SEN,1986,
Senegal,SEN,1985,
Senegal,SEN,1984,
Senegal,SEN,1983,
Senegal,SEN,1982,
Senegal,SEN,1981,
Senegal,SEN,1980,
Senegal,SEN,1979,
Senegal,SEN,1978,
Senegal,SEN,1977,
Senegal,SEN,1976,
Senegal,SEN,1975,
Senegal,SEN,1974,
Senegal,SEN,1973,
Senegal,SEN,1972,
Senegal,SEN,1971,
Senegal,SEN,1970,
Senegal,SEN,1969,
Senegal,SEN,1968,
Senegal,SEN,1967,
Senegal,SEN,1966,
Senegal,SEN,1965,
Senegal,SEN,1964,
Senegal,SEN,1963,
Senegal,SEN,1962,
Senegal,SEN,1961,
Senegal,SEN,1960,
Serbia,SRB,2025,
Serbia,SRB,2024,
Serbia,SRB,2023,983.69372559
Serbia,SRB,2022,843.57733154
Serbia,SRB,2021,889.09753418
Serbia,SRB,2020,670.03564453
Serbia,SRB,2019,641.04754639
Serbia,SRB,2018,617.08691406
Serbia,SRB,2017,515.84570313
Serbia,SRB,2016,486.42944336
Serbia,SRB,2015,491.25177002
Serbia,SRB,2014,608.85858154
Serbia,SRB,2013,627.53308105
Serbia,SRB,2012,559.90545654
Serbia,SRB,2011,618.89422607
Serbia,SRB,2010,545.33380127
Serbia,SRB,2009,575.262146
Serbia,SRB,2008,671.88702393
Serbia,SRB,2007,547.22723389
Serbia,SRB,2006,371.506073
Serbia,SRB,2005,307.54705811
Serbia,SRB,2004,274.45532227
Serbia,SRB,2003,230.08865356
Serbia,SRB,2002,173.24946594
Serbia,SRB,2001,112.19754028
Serbia,SRB,2000,56.52191544
Serbia,SRB,1999,
Serbia,SRB,1998,
Serbia,SRB,1997,
Serbia,SRB,1996,
Serbia,SRB,1995,
Serbia,SRB,1994,
Serbia,SRB,1993,
Serbia,SRB,1992,
Serbia,SRB,1991,
Serbia,SRB,1990,
Serbia,SRB,1989,
Serbia,SRB,1988,
Serbia,SRB,1987,
Serbia,SRB,1986,
Serbia,SRB,1985,
Serbia,SRB,1984,
Serbia,SRB,1983,
Serbia,SRB,1982,
Serbia,SRB,1981,
Serbia,SRB,1980,
Serbia,SRB,1979,
Serbia,SRB,1978,
Serbia,SRB,1977,
Serbia,SRB,1976,
Serbia,SRB,1975,
Serbia,SRB,1974,
Serbia,SRB,1973,
Serbia,SRB,1972,
Serbia,SRB,1971,
Serbia,SRB,1970,
Serbia,SRB,1969,
Serbia,SRB,1968,
Serbia,SRB,1967,
Serbia,SRB,1966,
Serbia,SRB,1965,
Serbia,SRB,1964,
Serbia,SRB,1963,
Serbia,SRB,1962,
Serbia,SRB,1961,
Serbia,SRB,1960,
Seychelles,SYC,2025,
Seychelles,SYC,2024,
Seychelles,SYC,2023,766.28778076
Seychelles,SYC,2022,707.34448242
Seychelles,SYC,2021,629.85974121
Seychelles,SYC,2020,670.88684082
Seychelles,SYC,2019,675.47839355
Seychelles,SYC,2018,685.10827637
Seychelles,SYC,2017,667.09515381
Seychelles,SYC,2016,673.19622803
Seychelles,SYC,2015,566.96704102
Seychelles,SYC,2014,588.18261719
Seychelles,SYC,2013,545.24871826
Seychelles,SYC,2012,562.99871826
Seychelles,SYC,2011,457.16436768
Seychelles,SYC,2010,449.52416992
Seychelles,SYC,2009,310.96310425
Seychelles,SYC,2008,367.36502075
Seychelles,SYC,2007,428.61749268
Seychelles,SYC,2006,487.17950439
Seychelles,SYC,2005,457.77093506
Seychelles,SYC,2004,444.24789429
Seychelles,SYC,2003,394.09664917
Seychelles,SYC,2002,340.82293701
Seychelles,SYC,2001,334.48275757
Seychelles,SYC,2000,340.23703003
Seychelles,SYC,1999,
Seychelles,SYC,1998,
Seychelles,SYC,1997,
Seychelles,SYC,1996,
Seychelles,SYC,1995,
Seychelles,SYC,1994,
Seychelles,SYC,1993,
Seychelles,SYC,1992,
Seychelles,SYC,1991,
Seychelles,SYC,1990,
Seychelles,SYC,1989,
Seychelles,SYC,1988,
Seychelles,SYC,1987,
Seychelles,SYC,1986,
Seychelles,SYC,1985,
Seychelles,SYC,1984,
Seychelles,SYC,1983,
Seychelles,SYC,1982,
Seychelles,SYC,1981,
Seychelles,SYC,1980,
Seychelles,SYC,1979,
Seychelles,SYC,1978,
Seychelles,SYC,1977,
Seychelles,SYC,1976,
Seychelles,SYC,1975,
Seychelles,SYC,1974,
Seychelles,SYC,1973,
Seychelles,SYC,1972,
Seychelles,SYC,1971,
Seychelles,SYC,1970,
Seychelles,SYC,1969,
Seychelles,SYC,1968,
Seychelles,SYC,1967,
Seychelles,SYC,1966,
Seychelles,SYC,1965,
Seychelles,SYC,1964,
Seychelles,SYC,1963,
Seychelles,SYC,1962,
Seychelles,SYC,1961,
Seychelles,SYC,1960,
Sierra Leone,SLE,2025,
Sierra Leone,SLE,2024,
Sierra Leone,SLE,2023,35.76205063
Sierra Leone,SLE,2022,41.31875229
Sierra Leone,SLE,2021,44.90049362
Sierra Leone,SLE,2020,47.8861618
Sierra Leone,SLE,2019,48.13619995
Sierra Leone,SLE,2018,44.82733536
Sierra Leone,SLE,2017,47.37737274
Sierra Leone,SLE,2016,84.22316742
Sierra Leone,SLE,2015,118.66024017
Sierra Leone,SLE,2014,143.60603333
Sierra Leone,SLE,2013,84.93772125
Sierra Leone,SLE,2012,51.99141312
Sierra Leone,SLE,2011,49.6336174
Sierra Leone,SLE,2010,37.84529114
Sierra Leone,SLE,2009,39.29960632
Sierra Leone,SLE,2008,37.23431396
Sierra Leone,SLE,2007,31.90766907
Sierra Leone,SLE,2006,29.63347244
Sierra Leone,SLE,2005,26.04933357
Sierra Leone,SLE,2004,23.03477859
Sierra Leone,SLE,2003,21.7804718
Sierra Leone,SLE,2002,22.29375267
Sierra Leone,SLE,2001,19.32042122
Sierra Leone,SLE,2000,17.66835022
Sierra Leone,SLE,1999,
Sierra Leone,SLE,1998,
Sierra Leone,SLE,1997,
Sierra Leone,SLE,1996,
Sierra Leone,SLE,1995,
Sierra Leone,SLE,1994,
Sierra Leone,SLE,1993,
Sierra Leone,SLE,1992,
Sierra Leone,SLE,1991,
Sierra Leone,SLE,1990,
Sierra Leone,SLE,1989,
Sierra Leone,SLE,1988,
Sierra Leone,SLE,1987,
Sierra Leone,SLE,1986,
Sierra Leone,SLE,1985,
Sierra Leone,SLE,1984,
Sierra Leone,SLE,1983,
Sierra Leone,SLE,1982,
Sierra Leone,SLE,1981,
Sierra Leone,SLE,1980,
Sierra Leone,SLE,1979,
Sierra Leone,SLE,1978,
Sierra Leone,SLE,1977,
Sierra Leone,SLE,1976,
Sierra Leone,SLE,1975,
Sierra Leone,SLE,1974,
Sierra Leone,SLE,1973,
Sierra Leone,SLE,1972,
Sierra Leone,SLE,1971,
Sierra Leone,SLE,1970,
Sierra Leone,SLE,1969,
Sierra Leone,SLE,1968,
Sierra Leone,SLE,1967,
Sierra Leone,SLE,1966,
Sierra Leone,SLE,1965,
Sierra Leone,SLE,1964,
Sierra Leone,SLE,1963,
Sierra Leone,SLE,1962,
Sierra Leone,SLE,1961,
Sierra Leone,SLE,1960,
Singapore,SGP,2025,
Singapore,SGP,2024,
Singapore,SGP,2023,3921.60253906
Singapore,SGP,2022,3902.14428711
Singapore,SGP,2021,4050.81054688
Singapore,SGP,2020,3541.36450195
Singapore,SGP,2019,2924.24707031
Singapore,SGP,2018,2726.00683594
Singapore,SGP,2017,2673.66210938
Singapore,SGP,2016,2509.92163086
Singapore,SGP,2015,2330.39599609
Singapore,SGP,2014,2233.34960938
Singapore,SGP,2013,2102.97021484
Singapore,SGP,2012,1853.02429199
Singapore,SGP,2011,1700.1685791
Singapore,SGP,2010,1510.66784668
Singapore,SGP,2009,1326.11682129
Singapore,SGP,2008,1286.91345215
Singapore,SGP,2007,1116.97937012
Singapore,SGP,2006,989.73895264
Singapore,SGP,2005,908.3760376
Singapore,SGP,2004,868.43688965
Singapore,SGP,2003,851.10961914
Singapore,SGP,2002,749.44445801
Singapore,SGP,2001,690.01330566
Singapore,SGP,2000,796.03100586
Singapore,SGP,1999,
Singapore,SGP,1998,
Singapore,SGP,1997,
Singapore,SGP,1996,
Singapore,SGP,1995,
Singapore,SGP,1994,
Singapore,SGP,1993,
Singapore,SGP,1992,
Singapore,SGP,1991,
Singapore,SGP,1990,
Singapore,SGP,1989,
Singapore,SGP,1988,
Singapore,SGP,1987,
Singapore,SGP,1986,
Singapore,SGP,1985,
Singapore,SGP,1984,
Singapore,SGP,1983,
Singapore,SGP,1982,
Singapore,SGP,1981,
Singapore,SGP,1980,
Singapore,SGP,1979,
Singapore,SGP,1978,
Singapore,SGP,1977,
Singapore,SGP,1976,
Singapore,SGP,1975,
Singapore,SGP,1974,
Singapore,SGP,1973,
Singapore,SGP,1972,
Singapore,SGP,1971,
Singapore,SGP,1970,
Singapore,SGP,1969,
Singapore,SGP,1968,
Singapore,SGP,1967,
Singapore,SGP,1966,
Singapore,SGP,1965,
Singapore,SGP,1964,
Singapore,SGP,1963,
Singapore,SGP,1962,
Singapore,SGP,1961,
Singapore,SGP,1960,
Sint Maarten (Dutch part),SXM,2025,
Sint Maarten (Dutch part),SXM,2024,
Sint Maarten (Dutch part),SXM,2023,
Sint Maarten (Dutch part),SXM,2022,
Sint Maarten (Dutch part),SXM,2021,
Sint Maarten (Dutch part),SXM,2020,
Sint Maarten (Dutch part),SXM,2019,
Sint Maarten (Dutch part),SXM,2018,
Sint Maarten (Dutch part),SXM,2017,
Sint Maarten (Dutch part),SXM,2016,
Sint Maarten (Dutch part),SXM,2015,
Sint Maarten (Dutch part),SXM,2014,
Sint Maarten (Dutch part),SXM,2013,
Sint Maarten (Dutch part),SXM,2012,
Sint Maarten (Dutch part),SXM,2011,
Sint Maarten (Dutch part),SXM,2010,
Sint Maarten (Dutch part),SXM,2009,
Sint Maarten (Dutch part),SXM,2008,
Sint Maarten (Dutch part),SXM,2007,
Sint Maarten (Dutch part),SXM,2006,
Sint Maarten (Dutch part),SXM,2005,
Sint Maarten (Dutch part),SXM,2004,
Sint Maarten (Dutch part),SXM,2003,
Sint Maarten (Dutch part),SXM,2002,
Sint Maarten (Dutch part),SXM,2001,
Sint Maarten (Dutch part),SXM,2000,
Sint Maarten (Dutch part),SXM,1999,
Sint Maarten (Dutch part),SXM,1998,
Sint Maarten (Dutch part),SXM,1997,
Sint Maarten (Dutch part),SXM,1996,
Sint Maarten (Dutch part),SXM,1995,
Sint Maarten (Dutch part),SXM,1994,
Sint Maarten (Dutch part),SXM,1993,
Sint Maarten (Dutch part),SXM,1992,
Sint Maarten (Dutch part),SXM,1991,
Sint Maarten (Dutch part),SXM,1990,
Sint Maarten (Dutch part),SXM,1989,
Sint Maarten (Dutch part),SXM,1988,
Sint Maarten (Dutch part),SXM,1987,
Sint Maarten (Dutch part),SXM,1986,
Sint Maarten (Dutch part),SXM,1985,
Sint Maarten (Dutch part),SXM,1984,
Sint Maarten (Dutch part),SXM,1983,
Sint Maarten (Dutch part),SXM,1982,
Sint Maarten (Dutch part),SXM,1981,
Sint Maarten (Dutch part),SXM,1980,
Sint Maarten (Dutch part),SXM,1979,
Sint Maarten (Dutch part),SXM,1978,
Sint Maarten (Dutch part),SXM,1977,
Sint Maarten (Dutch part),SXM,1976,
Sint Maarten (Dutch part),SXM,1975,
Sint Maarten (Dutch part),SXM,1974,
Sint Maarten (Dutch part),SXM,1973,
Sint Maarten (Dutch part),SXM,1972,
Sint Maarten (Dutch part),SXM,1971,
Sint Maarten (Dutch part),SXM,1970,
Sint Maarten (Dutch part),SXM,1969,
Sint Maarten (Dutch part),SXM,1968,
Sint Maarten (Dutch part),SXM,1967,
Sint Maarten (Dutch part),SXM,1966,
Sint Maarten (Dutch part),SXM,1965,
Sint Maarten (Dutch part),SXM,1964,
Sint Maarten (Dutch part),SXM,1963,
Sint Maarten (Dutch part),SXM,1962,
Sint Maarten (Dutch part),SXM,1961,
Sint Maarten (Dutch part),SXM,1960,
Slovak Republic,SVK,2025,
Slovak Republic,SVK,2024,
Slovak Republic,SVK,2023,1813.46618652
Slovak Republic,SVK,2022,1642.39208984
Slovak Republic,SVK,2021,1684.51550293
Slovak Republic,SVK,2020,1393.62438965
Slovak Republic,SVK,2019,1342.07580566
Slovak Republic,SVK,2018,1299.91125488
Slovak Republic,SVK,2017,1189.07983398
Slovak Republic,SVK,2016,1175.6270752
Slovak Republic,SVK,2015,1108.87817383
Slovak Republic,SVK,2014,1289.34851074
Slovak Republic,SVK,2013,1370.46765137
Slovak Republic,SVK,2012,1319.43823242
Slovak Republic,SVK,2011,1352.43835449
Slovak Republic,SVK,2010,1296.54284668
Slovak Republic,SVK,2009,1320.09301758
Slovak Republic,SVK,2008,1251.67724609
Slovak Republic,SVK,2007,1029.30029297
Slovak Republic,SVK,2006,729.01324463
Slovak Republic,SVK,2005,601.31323242
Slovak Republic,SVK,2004,511.52990723
Slovak Republic,SVK,2003,344.47335815
Slovak Republic,SVK,2002,254.12765503
Slovak Republic,SVK,2001,212.22207642
Slovak Republic,SVK,2000,203.50627136
Slovak Republic,SVK,1999,
Slovak Republic,SVK,1998,
Slovak Republic,SVK,1997,
Slovak Republic,SVK,1996,
Slovak Republic,SVK,1995,
Slovak Republic,SVK,1994,
Slovak Republic,SVK,1993,
Slovak Republic,SVK,1992,
Slovak Republic,SVK,1991,
Slovak Republic,SVK,1990,
Slovak Republic,SVK,1989,
Slovak Republic,SVK,1988,
Slovak Republic,SVK,1987,
Slovak Republic,SVK,1986,
Slovak Republic,SVK,1985,
Slovak Republic,SVK,1984,
Slovak Republic,SVK,1983,
Slovak Republic,SVK,1982,
Slovak Republic,SVK,1981,
Slovak Republic,SVK,1980,
Slovak Republic,SVK,1979,
Slovak Republic,SVK,1978,
Slovak Republic,SVK,1977,
Slovak Republic,SVK,1976,
Slovak Republic,SVK,1975,
Slovak Republic,SVK,1974,
Slovak Republic,SVK,1973,
Slovak Republic,SVK,1972,
Slovak Republic,SVK,1971,
Slovak Republic,SVK,1970,
Slovak Republic,SVK,1969,
Slovak Republic,SVK,1968,
Slovak Republic,SVK,1967,
Slovak Republic,SVK,1966,
Slovak Republic,SVK,1965,
Slovak Republic,SVK,1964,
Slovak Republic,SVK,1963,
Slovak Republic,SVK,1962,
Slovak Republic,SVK,1961,
Slovak Republic,SVK,1960,
Slovenia,SVN,2025,
Slovenia,SVN,2024,3370.53076172
Slovenia,SVN,2023,3037.7644043
Slovenia,SVN,2022,2737.84936523
Slovenia,SVN,2021,2779.56591797
Slovenia,SVN,2020,2417.20874023
Slovenia,SVN,2019,2219.09790039
Slovenia,SVN,2018,2169.57885742
Slovenia,SVN,2017,1925.03466797
Slovenia,SVN,2016,1838.65405273
Slovenia,SVN,2015,1775.86071777
Slovenia,SVN,2014,2062.38476563
Slovenia,SVN,2013,2055.38134766
Slovenia,SVN,2012,1974.85400391
Slovenia,SVN,2011,2147.80517578
Slovenia,SVN,2010,2017.14660645
Slovenia,SVN,2009,2125.05688477
Slovenia,SVN,2008,2179.45239258
Slovenia,SVN,2007,1795.95043945
Slovenia,SVN,2006,1541.66430664
Slovenia,SVN,2005,1449.18920898
Slovenia,SVN,2004,1368.64855957
Slovenia,SVN,2003,1203.06359863
Slovenia,SVN,2002,944.87145996
Slovenia,SVN,2001,826.22576904
Slovenia,SVN,2000,796.64703369
Slovenia,SVN,1999,
Slovenia,SVN,1998,
Slovenia,SVN,1997,
Slovenia,SVN,1996,
Slovenia,SVN,1995,
Slovenia,SVN,1994,
Slovenia,SVN,1993,
Slovenia,SVN,1992,
Slovenia,SVN,1991,
Slovenia,SVN,1990,
Slovenia,SVN,1989,
Slovenia,SVN,1988,
Slovenia,SVN,1987,
Slovenia,SVN,1986,
Slovenia,SVN,1985,
Slovenia,SVN,1984,
Slovenia,SVN,1983,
Slovenia,SVN,1982,
Slovenia,SVN,1981,
Slovenia,SVN,1980,
Slovenia,SVN,1979,
Slovenia,SVN,1978,
Slovenia,SVN,1977,
Slovenia,SVN,1976,
Slovenia,SVN,1975,
Slovenia,SVN,1974,
Slovenia,SVN,1973,
Slovenia,SVN,1972,
Slovenia,SVN,1971,
Slovenia,SVN,1970,
Slovenia,SVN,1969,
Slovenia,SVN,1968,
Slovenia,SVN,1967,
Slovenia,SVN,1966,
Slovenia,SVN,1965,
Slovenia,SVN,1964,
Slovenia,SVN,1963,
Slovenia,SVN,1962,
Slovenia,SVN,1961,
Slovenia,SVN,1960,
Solomon Islands,SLB,2025,
Solomon Islands,SLB,2024,
Solomon Islands,SLB,2023,111.35532379
Solomon Islands,SLB,2022,96.74864197
Solomon Islands,SLB,2021,98.80261993
Solomon Islands,SLB,2020,100.99560547
Solomon Islands,SLB,2019,98.67025757
Solomon Islands,SLB,2018,88.03850555
Solomon Islands,SLB,2017,89.29357147
Solomon Islands,SLB,2016,94.32994843
Solomon Islands,SLB,2015,91.08989716
Solomon Islands,SLB,2014,105.85440826
Solomon Islands,SLB,2013,98.99965668
Solomon Islands,SLB,2012,100.84831238
Solomon Islands,SLB,2011,95.51364136
Solomon Islands,SLB,2010,74.17661285
Solomon Islands,SLB,2009,93.879776
Solomon Islands,SLB,2008,75.66864014
Solomon Islands,SLB,2007,89.10964203
Solomon Islands,SLB,2006,87.74922943
Solomon Islands,SLB,2005,89.02578735
Solomon Islands,SLB,2004,64.72148895
Solomon Islands,SLB,2003,53.52047729
Solomon Islands,SLB,2002,76.49930573
Solomon Islands,SLB,2001,60.23266602
Solomon Islands,SLB,2000,46.02681351
Solomon Islands,SLB,1999,
Solomon Islands,SLB,1998,
Solomon Islands,SLB,1997,
Solomon Islands,SLB,1996,
Solomon Islands,SLB,1995,
Solomon Islands,SLB,1994,
Solomon Islands,SLB,1993,
Solomon Islands,SLB,1992,
Solomon Islands,SLB,1991,
Solomon Islands,SLB,1990,
Solomon Islands,SLB,1989,
Solomon Islands,SLB,1988,
Solomon Islands,SLB,1987,
Solomon Islands,SLB,1986,
Solomon Islands,SLB,1985,
Solomon Islands,SLB,1984,
Solomon Islands,SLB,1983,
Solomon Islands,SLB,1982,
Solomon Islands,SLB,1981,
Solomon Islands,SLB,1980,
Solomon Islands,SLB,1979,
Solomon Islands,SLB,1978,
Solomon Islands,SLB,1977,
Solomon Islands,SLB,1976,
Solomon Islands,SLB,1975,
Solomon Islands,SLB,1974,
Solomon Islands,SLB,1973,
Solomon Islands,SLB,1972,
Solomon Islands,SLB,1971,
Solomon Islands,SLB,1970,
Solomon Islands,SLB,1969,
Solomon Islands,SLB,1968,
Solomon Islands,SLB,1967,
Solomon Islands,SLB,1966,
Solomon Islands,SLB,1965,
Solomon Islands,SLB,1964,
Solomon Islands,SLB,1963,
Solomon Islands,SLB,1962,
Solomon Islands,SLB,1961,
Solomon Islands,SLB,1960,
"Somalia, Fed. Rep.",SOM,2025,
"Somalia, Fed. Rep.",SOM,2024,
"Somalia, Fed. Rep.",SOM,2023,22.37065506
"Somalia, Fed. Rep.",SOM,2022,16.31684875
"Somalia, Fed. Rep.",SOM,2021,15.01879692
"Somalia, Fed. Rep.",SOM,2020,12.79912567
"Somalia, Fed. Rep.",SOM,2019,12.99074364
"Somalia, Fed. Rep.",SOM,2018,12.7819252
"Somalia, Fed. Rep.",SOM,2017,13.51753426
"Somalia, Fed. Rep.",SOM,2016,11.76618958
"Somalia, Fed. Rep.",SOM,2015,14.11613941
"Somalia, Fed. Rep.",SOM,2014,13.15052128
"Somalia, Fed. Rep.",SOM,2013,12.88169384
"Somalia, Fed. Rep.",SOM,2012,
"Somalia, Fed. Rep.",SOM,2011,
"Somalia, Fed. Rep.",SOM,2010,
"Somalia, Fed. Rep.",SOM,2009,
"Somalia, Fed. Rep.",SOM,2008,
"Somalia, Fed. Rep.",SOM,2007,
"Somalia, Fed. Rep.",SOM,2006,
"Somalia, Fed. Rep.",SOM,2005,
"Somalia, Fed. Rep.",SOM,2004,
"Somalia, Fed. Rep.",SOM,2003,
"Somalia, Fed. Rep.",SOM,2002,
"Somalia, Fed. Rep.",SOM,2001,
"Somalia, Fed. Rep.",SOM,2000,
"Somalia, Fed. Rep.",SOM,1999,
"Somalia, Fed. Rep.",SOM,1998,
"Somalia, Fed. Rep.",SOM,1997,
"Somalia, Fed. Rep.",SOM,1996,
"Somalia, Fed. Rep.",SOM,1995,
"Somalia, Fed. Rep.",SOM,1994,
"Somalia, Fed. Rep.",SOM,1993,
"Somalia, Fed. Rep.",SOM,1992,
"Somalia, Fed. Rep.",SOM,1991,
"Somalia, Fed. Rep.",SOM,1990,
"Somalia, Fed. Rep.",SOM,1989,
"Somalia, Fed. Rep.",SOM,1988,
"Somalia, Fed. Rep.",SOM,1987,
"Somalia, Fed. Rep.",SOM,1986,
"Somalia, Fed. Rep.",SOM,1985,
"Somalia, Fed. Rep.",SOM,1984,
"Somalia, Fed. Rep.",SOM,1983,
"Somalia, Fed. Rep.",SOM,1982,
"Somalia, Fed. Rep.",SOM,1981,
"Somalia, Fed. Rep.",SOM,1980,
"Somalia, Fed. Rep.",SOM,1979,
"Somalia, Fed. Rep.",SOM,1978,
"Somalia, Fed. Rep.",SOM,1977,
"Somalia, Fed. Rep.",SOM,1976,
"Somalia, Fed. Rep.",SOM,1975,
"Somalia, Fed. Rep.",SOM,1974,
"Somalia, Fed. Rep.",SOM,1973,
"Somalia, Fed. Rep.",SOM,1972,
"Somalia, Fed. Rep.",SOM,1971,
"Somalia, Fed. Rep.",SOM,1970,
"Somalia, Fed. Rep.",SOM,1969,
"Somalia, Fed. Rep.",SOM,1968,
"Somalia, Fed. Rep.",SOM,1967,
"Somalia, Fed. Rep.",SOM,1966,
"Somalia, Fed. Rep.",SOM,1965,
"Somalia, Fed. Rep.",SOM,1964,
"Somalia, Fed. Rep.",SOM,1963,
"Somalia, Fed. Rep.",SOM,1962,
"Somalia, Fed. Rep.",SOM,1961,
"Somalia, Fed. Rep.",SOM,1960,
South Africa,ZAF,2025,
South Africa,ZAF,2024,
South Africa,ZAF,2023,536.58843994
South Africa,ZAF,2022,570.48028564
South Africa,ZAF,2021,592.9465332
South Africa,ZAF,2020,503.46759033
South Africa,ZAF,2019,538.80438232
South Africa,ZAF,2018,558.80145264
South Africa,ZAF,2017,527.52026367
South Africa,ZAF,2016,456.56936646
South Africa,ZAF,2015,491.90652466
South Africa,ZAF,2014,539.30780029
South Africa,ZAF,2013,593.80157471
South Africa,ZAF,2012,646.49920654
South Africa,ZAF,2011,686.87243652
South Africa,ZAF,2010,621.41906738
South Africa,ZAF,2009,487.62774658
South Africa,ZAF,2008,442.10626221
South Africa,ZAF,2007,455.17498779
South Africa,ZAF,2006,417.91174316
South Africa,ZAF,2005,400.5355835
South Africa,ZAF,2004,362.28662109
South Africa,ZAF,2003,286.01998901
South Africa,ZAF,2002,179.5135498
South Africa,ZAF,2001,202.81065369
South Africa,ZAF,2000,236.08114624
South Africa,ZAF,1999,
South Africa,ZAF,1998,
South Africa,ZAF,1997,
South Africa,ZAF,1996,
South Africa,ZAF,1995,
South Africa,ZAF,1994,
South Africa,ZAF,1993,
South Africa,ZAF,1992,
South Africa,ZAF,1991,
South Africa,ZAF,1990,
South Africa,ZAF,1989,
South Africa,ZAF,1988,
South Africa,ZAF,1987,
South Africa,ZAF,1986,
South Africa,ZAF,1985,
South Africa,ZAF,1984,
South Africa,ZAF,1983,
South Africa,ZAF,1982,
South Africa,ZAF,1981,
South Africa,ZAF,1980,
South Africa,ZAF,1979,
South Africa,ZAF,1978,
South Africa,ZAF,1977,
South Africa,ZAF,1976,
South Africa,ZAF,1975,
South Africa,ZAF,1974,
South Africa,ZAF,1973,
South Africa,ZAF,1972,
South Africa,ZAF,1971,
South Africa,ZAF,1970,
South Africa,ZAF,1969,
South Africa,ZAF,1968,
South Africa,ZAF,1967,
South Africa,ZAF,1966,
South Africa,ZAF,1965,
South Africa,ZAF,1964,
South Africa,ZAF,1963,
South Africa,ZAF,1962,
South Africa,ZAF,1961,
South Africa,ZAF,1960,
South Sudan,SSD,2025,
South Sudan,SSD,2024,
South Sudan,SSD,2023,72.75582886
South Sudan,SSD,2022,48.03352737
South Sudan,SSD,2021,34.78803635
South Sudan,SSD,2020,47.40253067
South Sudan,SSD,2019,35.18021774
South Sudan,SSD,2018,31.12328529
South Sudan,SSD,2017,28.05690956
South Sudan,SSD,2016,
South Sudan,SSD,2015,
South Sudan,SSD,2014,
South Sudan,SSD,2013,
South Sudan,SSD,2012,
South Sudan,SSD,2011,
South Sudan,SSD,2010,
South Sudan,SSD,2009,
South Sudan,SSD,2008,
South Sudan,SSD,2007,
South Sudan,SSD,2006,
South Sudan,SSD,2005,
South Sudan,SSD,2004,
South Sudan,SSD,2003,
South Sudan,SSD,2002,
South Sudan,SSD,2001,
South Sudan,SSD,2000,
South Sudan,SSD,1999,
South Sudan,SSD,1998,
South Sudan,SSD,1997,
South Sudan,SSD,1996,
South Sudan,SSD,1995,
South Sudan,SSD,1994,
South Sudan,SSD,1993,
South Sudan,SSD,1992,
South Sudan,SSD,1991,
South Sudan,SSD,1990,
South Sudan,SSD,1989,
South Sudan,SSD,1988,
South Sudan,SSD,1987,
South Sudan,SSD,1986,
South Sudan,SSD,1985,
South Sudan,SSD,1984,
South Sudan,SSD,1983,
South Sudan,SSD,1982,
South Sudan,SSD,1981,
South Sudan,SSD,1980,
South Sudan,SSD,1979,
South Sudan,SSD,1978,
South Sudan,SSD,1977,
South Sudan,SSD,1976,
South Sudan,SSD,1975,
South Sudan,SSD,1974,
South Sudan,SSD,1973,
South Sudan,SSD,1972,
South Sudan,SSD,1971,
South Sudan,SSD,1970,
South Sudan,SSD,1969,
South Sudan,SSD,1968,
South Sudan,SSD,1967,
South Sudan,SSD,1966,
South Sudan,SSD,1965,
South Sudan,SSD,1964,
South Sudan,SSD,1963,
South Sudan,SSD,1962,
South Sudan,SSD,1961,
South Sudan,SSD,1960,
Spain,ESP,2025,
Spain,ESP,2024,
Spain,ESP,2023,3106.62011719
Spain,ESP,2022,2948.61474609
Spain,ESP,2021,3188.8515625
Spain,ESP,2020,2942.41943359
Spain,ESP,2019,2756.62109375
Spain,ESP,2018,2784.16308594
Spain,ESP,2017,2564.55834961
Spain,ESP,2016,2378.13598633
Spain,ESP,2015,2383.85302734
Spain,ESP,2014,2716.5793457
Spain,ESP,2013,2664.48339844
Spain,ESP,2012,2620.84204102
Spain,ESP,2011,2938.18041992
Spain,ESP,2010,2816.84350586
Spain,ESP,2009,2962.48266602
Spain,ESP,2008,3019.7578125
Spain,ESP,2007,2625.55664063
Spain,ESP,2006,2256.68066406
Spain,ESP,2005,2074.33081055
Spain,ESP,2004,1932.21398926
Spain,ESP,2003,1648.05712891
Spain,ESP,2002,1174.5793457
Spain,ESP,2001,1045.05065918
Spain,ESP,2000,1005.28399658
Spain,ESP,1999,
Spain,ESP,1998,
Spain,ESP,1997,
Spain,ESP,1996,
Spain,ESP,1995,
Spain,ESP,1994,
Spain,ESP,1993,
Spain,ESP,1992,
Spain,ESP,1991,
Spain,ESP,1990,
Spain,ESP,1989,
Spain,ESP,1988,
Spain,ESP,1987,
Spain,ESP,1986,
Spain,ESP,1985,
Spain,ESP,1984,
Spain,ESP,1983,
Spain,ESP,1982,
Spain,ESP,1981,
Spain,ESP,1980,
Spain,ESP,1979,
Spain,ESP,1978,
Spain,ESP,1977,
Spain,ESP,1976,
Spain,ESP,1975,
Spain,ESP,1974,
Spain,ESP,1973,
Spain,ESP,1972,
Spain,ESP,1971,
Spain,ESP,1970,
Spain,ESP,1969,
Spain,ESP,1968,
Spain,ESP,1967,
Spain,ESP,1966,
Spain,ESP,1965,
Spain,ESP,1964,
Spain,ESP,1963,
Spain,ESP,1962,
Spain,ESP,1961,
Spain,ESP,1960,
Sri Lanka,LKA,2025,
Sri Lanka,LKA,2024,
Sri Lanka,LKA,2023,134.23654175
Sri Lanka,LKA,2022,130.09327698
Sri Lanka,LKA,2021,202.75497437
Sri Lanka,LKA,2020,159.71383667
Sri Lanka,LKA,2019,147.01193237
Sri Lanka,LKA,2018,154.64622498
Sri Lanka,LKA,2017,142.32518005
Sri Lanka,LKA,2016,145.32496643
Sri Lanka,LKA,2015,144.29077148
Sri Lanka,LKA,2014,132.82194519
Sri Lanka,LKA,2013,133.15968323
Sri Lanka,LKA,2012,110.03600311
Sri Lanka,LKA,2011,115.51642609
Sri Lanka,LKA,2010,105.07371521
Sri Lanka,LKA,2009,97.26274872
Sri Lanka,LKA,2008,90.00082397
Sri Lanka,LKA,2007,71.38779449
Sri Lanka,LKA,2006,63.2890892
Sri Lanka,LKA,2005,55.40001297
Sri Lanka,LKA,2004,49.14835358
Sri Lanka,LKA,2003,40.82443619
Sri Lanka,LKA,2002,41.24043274
Sri Lanka,LKA,2001,39.87185287
Sri Lanka,LKA,2000,42.54893112
Sri Lanka,LKA,1999,
Sri Lanka,LKA,1998,
Sri Lanka,LKA,1997,
Sri Lanka,LKA,1996,
Sri Lanka,LKA,1995,
Sri Lanka,LKA,1994,
Sri Lanka,LKA,1993,
Sri Lanka,LKA,1992,
Sri Lanka,LKA,1991,
Sri Lanka,LKA,1990,
Sri Lanka,LKA,1989,
Sri Lanka,LKA,1988,
Sri Lanka,LKA,1987,
Sri Lanka,LKA,1986,
Sri Lanka,LKA,1985,
Sri Lanka,LKA,1984,
Sri Lanka,LKA,1983,
Sri Lanka,LKA,1982,
Sri Lanka,LKA,1981,
Sri Lanka,LKA,1980,
Sri Lanka,LKA,1979,
Sri Lanka,LKA,1978,
Sri Lanka,LKA,1977,
Sri Lanka,LKA,1976,
Sri Lanka,LKA,1975,
Sri Lanka,LKA,1974,
Sri Lanka,LKA,1973,
Sri Lanka,LKA,1972,
Sri Lanka,LKA,1971,
Sri Lanka,LKA,1970,
Sri Lanka,LKA,1969,
Sri Lanka,LKA,1968,
Sri Lanka,LKA,1967,
Sri Lanka,LKA,1966,
Sri Lanka,LKA,1965,
Sri Lanka,LKA,1964,
Sri Lanka,LKA,1963,
Sri Lanka,LKA,1962,
Sri Lanka,LKA,1961,
Sri Lanka,LKA,1960,
St. Kitts and Nevis,KNA,2025,
St. Kitts and Nevis,KNA,2024,
St. Kitts and Nevis,KNA,2023,1294.88391113
St. Kitts and Nevis,KNA,2022,1161.22058105
St. Kitts and Nevis,KNA,2021,1132.58447266
St. Kitts and Nevis,KNA,2020,1067.84997559
St. Kitts and Nevis,KNA,2019,1224.18933105
St. Kitts and Nevis,KNA,2018,1121.13977051
St. Kitts and Nevis,KNA,2017,1186.42663574
St. Kitts and Nevis,KNA,2016,1161.87097168
St. Kitts and Nevis,KNA,2015,1042.15063477
St. Kitts and Nevis,KNA,2014,962.25469971
St. Kitts and Nevis,KNA,2013,938.89459229
St. Kitts and Nevis,KNA,2012,880.91064453
St. Kitts and Nevis,KNA,2011,922.20574951
St. Kitts and Nevis,KNA,2010,867.4453125
St. Kitts and Nevis,KNA,2009,872.67474365
St. Kitts and Nevis,KNA,2008,881.09844971
St. Kitts and Nevis,KNA,2007,707.96960449
St. Kitts and Nevis,KNA,2006,689.44549561
St. Kitts and Nevis,KNA,2005,556.97229004
St. Kitts and Nevis,KNA,2004,491.62530518
St. Kitts and Nevis,KNA,2003,482.87136841
St. Kitts and Nevis,KNA,2002,465.07720947
St. Kitts and Nevis,KNA,2001,440.21563721
St. Kitts and Nevis,KNA,2000,446.66659546
St. Kitts and Nevis,KNA,1999,
St. Kitts and Nevis,KNA,1998,
St. Kitts and Nevis,KNA,1997,
St. Kitts and Nevis,KNA,1996,
St. Kitts and Nevis,KNA,1995,
St. Kitts and Nevis,KNA,1994,
St. Kitts and Nevis,KNA,1993,
St. Kitts and Nevis,KNA,1992,
St. Kitts and Nevis,KNA,1991,
St. Kitts and Nevis,KNA,1990,
St. Kitts and Nevis,KNA,1989,
St. Kitts and Nevis,KNA,1988,
St. Kitts and Nevis,KNA,1987,
St. Kitts and Nevis,KNA,1986,
St. Kitts and Nevis,KNA,1985,
St. Kitts and Nevis,KNA,1984,
St. Kitts and Nevis,KNA,1983,
St. Kitts and Nevis,KNA,1982,
St. Kitts and Nevis,KNA,1981,
St. Kitts and Nevis,KNA,1980,
St. Kitts and Nevis,KNA,1979,
St. Kitts and Nevis,KNA,1978,
St. Kitts and Nevis,KNA,1977,
St. Kitts and Nevis,KNA,1976,
St. Kitts and Nevis,KNA,1975,
St. Kitts and Nevis,KNA,1974,
St. Kitts and Nevis,KNA,1973,
St. Kitts and Nevis,KNA,1972,
St. Kitts and Nevis,KNA,1971,
St. Kitts and Nevis,KNA,1970,
St. Kitts and Nevis,KNA,1969,
St. Kitts and Nevis,KNA,1968,
St. Kitts and Nevis,KNA,1967,
St. Kitts and Nevis,KNA,1966,
St. Kitts and Nevis,KNA,1965,
St. Kitts and Nevis,KNA,1964,
St. Kitts and Nevis,KNA,1963,
St. Kitts and Nevis,KNA,1962,
St. Kitts and Nevis,KNA,1961,
St. Kitts and Nevis,KNA,1960,
St. Lucia,LCA,2025,
St. Lucia,LCA,2024,
St. Lucia,LCA,2023,641.07495117
St. Lucia,LCA,2022,622.07244873
St. Lucia,LCA,2021,654.8918457
St. Lucia,LCA,2020,589.63696289
St. Lucia,LCA,2019,506.03204346
St. Lucia,LCA,2018,497.48629761
St. Lucia,LCA,2017,504.96411133
St. Lucia,LCA,2016,479.8744812
St. Lucia,LCA,2015,473.24108887
St. Lucia,LCA,2014,470.48123169
St. Lucia,LCA,2013,485.6628418
St. Lucia,LCA,2012,456.06369019
St. Lucia,LCA,2011,462.20251465
St. Lucia,LCA,2010,438.23928833
St. Lucia,LCA,2009,432.087677
St. Lucia,LCA,2008,430.23074341
St. Lucia,LCA,2007,439.59280396
St. Lucia,LCA,2006,389.94595337
St. Lucia,LCA,2005,333.37374878
St. Lucia,LCA,2004,309.42208862
St. Lucia,LCA,2003,317.27593994
St. Lucia,LCA,2002,299.7996521
St. Lucia,LCA,2001,285.04898071
St. Lucia,LCA,2000,285.84280396
St. Lucia,LCA,1999,
St. Lucia,LCA,1998,
St. Lucia,LCA,1997,
St. Lucia,LCA,1996,
St. Lucia,LCA,1995,
St. Lucia,LCA,1994,
St. Lucia,LCA,1993,
St. Lucia,LCA,1992,
St. Lucia,LCA,1991,
St. Lucia,LCA,1990,
St. Lucia,LCA,1989,
St. Lucia,LCA,1988,
St. Lucia,LCA,1987,
St. Lucia,LCA,1986,
St. Lucia,LCA,1985,
St. Lucia,LCA,1984,
St. Lucia,LCA,1983,
St. Lucia,LCA,1982,
St. Lucia,LCA,1981,
St. Lucia,LCA,1980,
St. Lucia,LCA,1979,
St. Lucia,LCA,1978,
St. Lucia,LCA,1977,
St. Lucia,LCA,1976,
St. Lucia,LCA,1975,
St. Lucia,LCA,1974,
St. Lucia,LCA,1973,
St. Lucia,LCA,1972,
St. Lucia,LCA,1971,
St. Lucia,LCA,1970,
St. Lucia,LCA,1969,
St. Lucia,LCA,1968,
St. Lucia,LCA,1967,
St. Lucia,LCA,1966,
St. Lucia,LCA,1965,
St. Lucia,LCA,1964,
St. Lucia,LCA,1963,
St. Lucia,LCA,1962,
St. Lucia,LCA,1961,
St. Lucia,LCA,1960,
St. Martin (French part),MAF,2025,
St. Martin (French part),MAF,2024,
St. Martin (French part),MAF,2023,
St. Martin (French part),MAF,2022,
St. Martin (French part),MAF,2021,
St. Martin (French part),MAF,2020,
St. Martin (French part),MAF,2019,
St. Martin (French part),MAF,2018,
St. Martin (French part),MAF,2017,
St. Martin (French part),MAF,2016,
St. Martin (French part),MAF,2015,
St. Martin (French part),MAF,2014,
St. Martin (French part),MAF,2013,
St. Martin (French part),MAF,2012,
St. Martin (French part),MAF,2011,
St. Martin (French part),MAF,2010,
St. Martin (French part),MAF,2009,
St. Martin (French part),MAF,2008,
St. Martin (French part),MAF,2007,
St. Martin (French part),MAF,2006,
St. Martin (French part),MAF,2005,
St. Martin (French part),MAF,2004,
St. Martin (French part),MAF,2003,
St. Martin (French part),MAF,2002,
St. Martin (French part),MAF,2001,
St. Martin (French part),MAF,2000,
St. Martin (French part),MAF,1999,
St. Martin (French part),MAF,1998,
St. Martin (French part),MAF,1997,
St. Martin (French part),MAF,1996,
St. Martin (French part),MAF,1995,
St. Martin (French part),MAF,1994,
St. Martin (French part),MAF,1993,
St. Martin (French part),MAF,1992,
St. Martin (French part),MAF,1991,
St. Martin (French part),MAF,1990,
St. Martin (French part),MAF,1989,
St. Martin (French part),MAF,1988,
St. Martin (French part),MAF,1987,
St. Martin (French part),MAF,1986,
St. Martin (French part),MAF,1985,
St. Martin (French part),MAF,1984,
St. Martin (French part),MAF,1983,
St. Martin (French part),MAF,1982,
St. Martin (French part),MAF,1981,
St. Martin (French part),MAF,1980,
St. Martin (French part),MAF,1979,
St. Martin (French part),MAF,1978,
St. Martin (French part),MAF,1977,
St. Martin (French part),MAF,1976,
St. Martin (French part),MAF,1975,
St. Martin (French part),MAF,1974,
St. Martin (French part),MAF,1973,
St. Martin (French part),MAF,1972,
St. Martin (French part),MAF,1971,
St. Martin (French part),MAF,1970,
St. Martin (French part),MAF,1969,
St. Martin (French part),MAF,1968,
St. Martin (French part),MAF,1967,
St. Martin (French part),MAF,1966,
St. Martin (French part),MAF,1965,
St. Martin (French part),MAF,1964,
St. Martin (French part),MAF,1963,
St. Martin (French part),MAF,1962,
St. Martin (French part),MAF,1961,
St. Martin (French part),MAF,1960,
St. Vincent and the Grenadines,VCT,2025,
St. Vincent and the Grenadines,VCT,2024,
St. Vincent and the Grenadines,VCT,2023,469.20709229
St. Vincent and the Grenadines,VCT,2022,437.94085693
St. Vincent and the Grenadines,VCT,2021,454.784729
St. Vincent and the Grenadines,VCT,2020,406.3571167
St. Vincent and the Grenadines,VCT,2019,372.05615234
St. Vincent and the Grenadines,VCT,2018,358.53372192
St. Vincent and the Grenadines,VCT,2017,337.89614868
St. Vincent and the Grenadines,VCT,2016,313.66229248
St. Vincent and the Grenadines,VCT,2015,302.58422852
St. Vincent and the Grenadines,VCT,2014,299.33129883
St. Vincent and the Grenadines,VCT,2013,300.01953125
St. Vincent and the Grenadines,VCT,2012,298.78082275
St. Vincent and the Grenadines,VCT,2011,276.15722656
St. Vincent and the Grenadines,VCT,2010,281.91867065
St. Vincent and the Grenadines,VCT,2009,264.6159668
St. Vincent and the Grenadines,VCT,2008,256.13983154
St. Vincent and the Grenadines,VCT,2007,244.32910156
St. Vincent and the Grenadines,VCT,2006,209.83639526
St. Vincent and the Grenadines,VCT,2005,197.63206482
St. Vincent and the Grenadines,VCT,2004,188.43644714
St. Vincent and the Grenadines,VCT,2003,178.1368866
St. Vincent and the Grenadines,VCT,2002,175.48046875
St. Vincent and the Grenadines,VCT,2001,162.93431091
St. Vincent and the Grenadines,VCT,2000,149.9225769
St. Vincent and the Grenadines,VCT,1999,
St. Vincent and the Grenadines,VCT,1998,
St. Vincent and the Grenadines,VCT,1997,
St. Vincent and the Grenadines,VCT,1996,
St. Vincent and the Grenadines,VCT,1995,
St. Vincent and the Grenadines,VCT,1994,
St. Vincent and the Grenadines,VCT,1993,
St. Vincent and the Grenadines,VCT,1992,
St. Vincent and the Grenadines,VCT,1991,
St. Vincent and the Grenadines,VCT,1990,
St. Vincent and the Grenadines,VCT,1989,
St. Vincent and the Grenadines,VCT,1988,
St. Vincent and the Grenadines,VCT,1987,
St. Vincent and the Grenadines,VCT,1986,
St. Vincent and the Grenadines,VCT,1985,
St. Vincent and the Grenadines,VCT,1984,
St. Vincent and the Grenadines,VCT,1983,
St. Vincent and the Grenadines,VCT,1982,
St. Vincent and the Grenadines,VCT,1981,
St. Vincent and the Grenadines,VCT,1980,
St. Vincent and the Grenadines,VCT,1979,
St. Vincent and the Grenadines,VCT,1978,
St. Vincent and the Grenadines,VCT,1977,
St. Vincent and the Grenadines,VCT,1976,
St. Vincent and the Grenadines,VCT,1975,
St. Vincent and the Grenadines,VCT,1974,
St. Vincent and the Grenadines,VCT,1973,
St. Vincent and the Grenadines,VCT,1972,
St. Vincent and the Grenadines,VCT,1971,
St. Vincent and the Grenadines,VCT,1970,
St. Vincent and the Grenadines,VCT,1969,
St. Vincent and the Grenadines,VCT,1968,
St. Vincent and the Grenadines,VCT,1967,
St. Vincent and the Grenadines,VCT,1966,
St. Vincent and the Grenadines,VCT,1965,
St. Vincent and the Grenadines,VCT,1964,
St. Vincent and the Grenadines,VCT,1963,
St. Vincent and the Grenadines,VCT,1962,
St. Vincent and the Grenadines,VCT,1961,
St. Vincent and the Grenadines,VCT,1960,
Sudan,SDN,2025,
Sudan,SDN,2024,
Sudan,SDN,2023,21.0830822
Sudan,SDN,2022,25.75139618
Sudan,SDN,2021,21.69141006
Sudan,SDN,2020,22.91861534
Sudan,SDN,2019,31.79406929
Sudan,SDN,2018,33.88366699
Sudan,SDN,2017,67.75476837
Sudan,SDN,2016,89.39633942
Sudan,SDN,2015,93.69657135
Sudan,SDN,2014,88.78498077
Sudan,SDN,2013,97.4931488
Sudan,SDN,2012,75.40776825
Sudan,SDN,2011,80.37197876
Sudan,SDN,2010,73.60398865
Sudan,SDN,2009,80.00441742
Sudan,SDN,2008,82.84276581
Sudan,SDN,2007,81.79016876
Sudan,SDN,2006,55.32660294
Sudan,SDN,2005,37.07490158
Sudan,SDN,2004,29.30404472
Sudan,SDN,2003,22.58504868
Sudan,SDN,2002,16.70709991
Sudan,SDN,2001,15.18372345
Sudan,SDN,2000,13.99440289
Sudan,SDN,1999,
Sudan,SDN,1998,
Sudan,SDN,1997,
Sudan,SDN,1996,
Sudan,SDN,1995,
Sudan,SDN,1994,
Sudan,SDN,1993,
Sudan,SDN,1992,
Sudan,SDN,1991,
Sudan,SDN,1990,
Sudan,SDN,1989,
Sudan,SDN,1988,
Sudan,SDN,1987,
Sudan,SDN,1986,
Sudan,SDN,1985,
Sudan,SDN,1984,
Sudan,SDN,1983,
Sudan,SDN,1982,
Sudan,SDN,1981,
Sudan,SDN,1980,
Sudan,SDN,1979,
Sudan,SDN,1978,
Sudan,SDN,1977,
Sudan,SDN,1976,
Sudan,SDN,1975,
Sudan,SDN,1974,
Sudan,SDN,1973,
Sudan,SDN,1972,
Sudan,SDN,1971,
Sudan,SDN,1970,
Sudan,SDN,1969,
Sudan,SDN,1968,
Sudan,SDN,1967,
Sudan,SDN,1966,
Sudan,SDN,1965,
Sudan,SDN,1964,
Sudan,SDN,1963,
Sudan,SDN,1962,
Sudan,SDN,1961,
Sudan,SDN,1960,
Suriname,SUR,2025,
Suriname,SUR,2024,
Suriname,SUR,2023,297.04589844
Suriname,SUR,2022,344.74603271
Suriname,SUR,2021,270.37786865
Suriname,SUR,2020,409.86743164
Suriname,SUR,2019,588.83825684
Suriname,SUR,2018,440.32211304
Suriname,SUR,2017,322.00415039
Suriname,SUR,2016,338.24822998
Suriname,SUR,2015,511.91244507
Suriname,SUR,2014,440.95263672
Suriname,SUR,2013,434.50332642
Suriname,SUR,2012,406.05526733
Suriname,SUR,2011,375.34957886
Suriname,SUR,2010,399.59710693
Suriname,SUR,2009,380.04019165
Suriname,SUR,2008,334.24771118
Suriname,SUR,2007,309.17565918
Suriname,SUR,2006,313.68301392
Suriname,SUR,2005,241.68415833
Suriname,SUR,2004,212.50817871
Suriname,SUR,2003,166.88664246
Suriname,SUR,2002,158.21212769
Suriname,SUR,2001,91.73781586
Suriname,SUR,2000,166.90083313
Suriname,SUR,1999,
Suriname,SUR,1998,
Suriname,SUR,1997,
Suriname,SUR,1996,
Suriname,SUR,1995,
Suriname,SUR,1994,
Suriname,SUR,1993,
Suriname,SUR,1992,
Suriname,SUR,1991,
Suriname,SUR,1990,
Suriname,SUR,1989,
Suriname,SUR,1988,
Suriname,SUR,1987,
Suriname,SUR,1986,
Suriname,SUR,1985,
Suriname,SUR,1984,
Suriname,SUR,1983,
Suriname,SUR,1982,
Suriname,SUR,1981,
Suriname,SUR,1980,
Suriname,SUR,1979,
Suriname,SUR,1978,
Suriname,SUR,1977,
Suriname,SUR,1976,
Suriname,SUR,1975,
Suriname,SUR,1974,
Suriname,SUR,1973,
Suriname,SUR,1972,
Suriname,SUR,1971,
Suriname,SUR,1970,
Suriname,SUR,1969,
Suriname,SUR,1968,
Suriname,SUR,1967,
Suriname,SUR,1966,
Suriname,SUR,1965,
Suriname,SUR,1964,
Suriname,SUR,1963,
Suriname,SUR,1962,
Suriname,SUR,1961,
Suriname,SUR,1960,
Sweden,SWE,2025,
Sweden,SWE,2024,6484.76464844
Sweden,SWE,2023,6206.23046875
Sweden,SWE,2022,6022.39257813
Sweden,SWE,2021,6894.20166016
Sweden,SWE,2020,6030.53271484
Sweden,SWE,2019,5688.04492188
Sweden,SWE,2018,6042.13525391
Sweden,SWE,2017,5871.52294922
Sweden,SWE,2016,5719.45996094
Sweden,SWE,2015,5626.04833984
Sweden,SWE,2014,6632.23681641
Sweden,SWE,2013,6716.21484375
Sweden,SWE,2012,6280.82519531
Sweden,SWE,2011,6363.61474609
Sweden,SWE,2010,4391.1171875
Sweden,SWE,2009,4118.41650391
Sweden,SWE,2008,4609.91845703
Sweden,SWE,2007,4295.55224609
Sweden,SWE,2006,3755.67529297
Sweden,SWE,2005,3546.78686523
Sweden,SWE,2004,3488.65771484
Sweden,SWE,2003,3107.48876953
Sweden,SWE,2002,2456.70068359
Sweden,SWE,2001,2154.63354492
Sweden,SWE,2000,2173.1940918
Sweden,SWE,1999,
Sweden,SWE,1998,
Sweden,SWE,1997,
Sweden,SWE,1996,
Sweden,SWE,1995,
Sweden,SWE,1994,
Sweden,SWE,1993,
Sweden,SWE,1992,
Sweden,SWE,1991,
Sweden,SWE,1990,
Sweden,SWE,1989,
Sweden,SWE,1988,
Sweden,SWE,1987,
Sweden,SWE,1986,
Sweden,SWE,1985,
Sweden,SWE,1984,
Sweden,SWE,1983,
Sweden,SWE,1982,
Sweden,SWE,1981,
Sweden,SWE,1980,
Sweden,SWE,1979,
Sweden,SWE,1978,
Sweden,SWE,1977,
Sweden,SWE,1976,
Sweden,SWE,1975,
Sweden,SWE,1974,
Sweden,SWE,1973,
Sweden,SWE,1972,
Sweden,SWE,1971,
Sweden,SWE,1970,
Sweden,SWE,1969,
Sweden,SWE,1968,
Sweden,SWE,1967,
Sweden,SWE,1966,
Sweden,SWE,1965,
Sweden,SWE,1964,
Sweden,SWE,1963,
Sweden,SWE,1962,
Sweden,SWE,1961,
Sweden,SWE,1960,
Switzerland,CHE,2025,
Switzerland,CHE,2024,
Switzerland,CHE,2023,11783.66992188
Switzerland,CHE,2022,10930.13964844
Switzerland,CHE,2021,11197.76464844
Switzerland,CHE,2020,10294.578125
Switzerland,CHE,2019,9609.80273438
Switzerland,CHE,2018,9541.07421875
Switzerland,CHE,2017,9354.22070313
Switzerland,CHE,2016,9201.47460938
Switzerland,CHE,2015,9200.10058594
Switzerland,CHE,2014,9469.6640625
Switzerland,CHE,2013,9247.28417969
Switzerland,CHE,2012,8868.98144531
Switzerland,CHE,2011,9139.43066406
Switzerland,CHE,2010,7645.25732422
Switzerland,CHE,2009,7263.62695313
Switzerland,CHE,2008,7075.70751953
Switzerland,CHE,2007,6124.81445313
Switzerland,CHE,2006,5657.28222656
Switzerland,CHE,2005,5661.17431641
Switzerland,CHE,2004,5593.4765625
Switzerland,CHE,2003,5005.11816406
Switzerland,CHE,2002,4198.36376953
Switzerland,CHE,2001,3751.75244141
Switzerland,CHE,2000,3550.12597656
Switzerland,CHE,1999,
Switzerland,CHE,1998,
Switzerland,CHE,1997,
Switzerland,CHE,1996,
Switzerland,CHE,1995,
Switzerland,CHE,1994,
Switzerland,CHE,1993,
Switzerland,CHE,1992,
Switzerland,CHE,1991,
Switzerland,CHE,1990,
Switzerland,CHE,1989,
Switzerland,CHE,1988,
Switzerland,CHE,1987,
Switzerland,CHE,1986,
Switzerland,CHE,1985,
Switzerland,CHE,1984,
Switzerland,CHE,1983,
Switzerland,CHE,1982,
Switzerland,CHE,1981,
Switzerland,CHE,1980,
Switzerland,CHE,1979,
Switzerland,CHE,1978,
Switzerland,CHE,1977,
Switzerland,CHE,1976,
Switzerland,CHE,1975,
Switzerland,CHE,1974,
Switzerland,CHE,1973,
Switzerland,CHE,1972,
Switzerland,CHE,1971,
Switzerland,CHE,1970,
Switzerland,CHE,1969,
Switzerland,CHE,1968,
Switzerland,CHE,1967,
Switzerland,CHE,1966,
Switzerland,CHE,1965,
Switzerland,CHE,1964,
Switzerland,CHE,1963,
Switzerland,CHE,1962,
Switzerland,CHE,1961,
Switzerland,CHE,1960,
Syrian Arab Republic,SYR,2025,
Syrian Arab Republic,SYR,2024,
Syrian Arab Republic,SYR,2023,33.34017944
Syrian Arab Republic,SYR,2022,53.26486588
Syrian Arab Republic,SYR,2021,53.4726181
Syrian Arab Republic,SYR,2020,37.03173065
Syrian Arab Republic,SYR,2019,55.2208252
Syrian Arab Republic,SYR,2018,46.24067307
Syrian Arab Republic,SYR,2017,35.57104874
Syrian Arab Republic,SYR,2016,27.40652657
Syrian Arab Republic,SYR,2015,38.17871475
Syrian Arab Republic,SYR,2014,48.91549683
Syrian Arab Republic,SYR,2013,47.07229233
Syrian Arab Republic,SYR,2012,66.27796173
Syrian Arab Republic,SYR,2011,78.28834534
Syrian Arab Republic,SYR,2010,91.5537796
Syrian Arab Republic,SYR,2009,88.00678253
Syrian Arab Republic,SYR,2008,82.92500305
Syrian Arab Republic,SYR,2007,72.10467529
Syrian Arab Republic,SYR,2006,64.00552368
Syrian Arab Republic,SYR,2005,62.29284668
Syrian Arab Republic,SYR,2004,60.20412827
Syrian Arab Republic,SYR,2003,59.87030792
Syrian Arab Republic,SYR,2002,62.74715805
Syrian Arab Republic,SYR,2001,57.71026993
Syrian Arab Republic,SYR,2000,53.69049835
Syrian Arab Republic,SYR,1999,
Syrian Arab Republic,SYR,1998,
Syrian Arab Republic,SYR,1997,
Syrian Arab Republic,SYR,1996,
Syrian Arab Republic,SYR,1995,
Syrian Arab Republic,SYR,1994,
Syrian Arab Republic,SYR,1993,
Syrian Arab Republic,SYR,1992,
Syrian Arab Republic,SYR,1991,
Syrian Arab Republic,SYR,1990,
Syrian Arab Republic,SYR,1989,
Syrian Arab Republic,SYR,1988,
Syrian Arab Republic,SYR,1987,
Syrian Arab Republic,SYR,1986,
Syrian Arab Republic,SYR,1985,
Syrian Arab Republic,SYR,1984,
Syrian Arab Republic,SYR,1983,
Syrian Arab Republic,SYR,1982,
Syrian Arab Republic,SYR,1981,
Syrian Arab Republic,SYR,1980,
Syrian Arab Republic,SYR,1979,
Syrian Arab Republic,SYR,1978,
Syrian Arab Republic,SYR,1977,
Syrian Arab Republic,SYR,1976,
Syrian Arab Republic,SYR,1975,
Syrian Arab Republic,SYR,1974,
Syrian Arab Republic,SYR,1973,
Syrian Arab Republic,SYR,1972,
Syrian Arab Republic,SYR,1971,
Syrian Arab Republic,SYR,1970,
Syrian Arab Republic,SYR,1969,
Syrian Arab Republic,SYR,1968,
Syrian Arab Republic,SYR,1967,
Syrian Arab Republic,SYR,1966,
Syrian Arab Republic,SYR,1965,
Syrian Arab Republic,SYR,1964,
Syrian Arab Republic,SYR,1963,
Syrian Arab Republic,SYR,1962,
Syrian Arab Republic,SYR,1961,
Syrian Arab Republic,SYR,1960,
Tajikistan,TJK,2025,
Tajikistan,TJK,2024,
Tajikistan,TJK,2023,85.14702606
Tajikistan,TJK,2022,78.61326599
Tajikistan,TJK,2021,75.10315704
Tajikistan,TJK,2020,74.17329407
Tajikistan,TJK,2019,60.51568222
Tajikistan,TJK,2018,58.51539993
Tajikistan,TJK,2017,56.85092545
Tajikistan,TJK,2016,54.9213562
Tajikistan,TJK,2015,62.75804901
Tajikistan,TJK,2014,73.06859589
Tajikistan,TJK,2013,67.62356567
Tajikistan,TJK,2012,56.97117615
Tajikistan,TJK,2011,48.8431282
Tajikistan,TJK,2010,42.28567886
Tajikistan,TJK,2009,38.9187851
Tajikistan,TJK,2008,41.35135651
Tajikistan,TJK,2007,28.58950996
Tajikistan,TJK,2006,20.04485893
Tajikistan,TJK,2005,17.38472557
Tajikistan,TJK,2004,14.6509676
Tajikistan,TJK,2003,10.97546482
Tajikistan,TJK,2002,8.21969986
Tajikistan,TJK,2001,7.56599855
Tajikistan,TJK,2000,5.90626955
Tajikistan,TJK,1999,
Tajikistan,TJK,1998,
Tajikistan,TJK,1997,
Tajikistan,TJK,1996,
Tajikistan,TJK,1995,
Tajikistan,TJK,1994,
Tajikistan,TJK,1993,
Tajikistan,TJK,1992,
Tajikistan,TJK,1991,
Tajikistan,TJK,1990,
Tajikistan,TJK,1989,
Tajikistan,TJK,1988,
Tajikistan,TJK,1987,
Tajikistan,TJK,1986,
Tajikistan,TJK,1985,
Tajikistan,TJK,1984,
Tajikistan,TJK,1983,
Tajikistan,TJK,1982,
Tajikistan,TJK,1981,
Tajikistan,TJK,1980,
Tajikistan,TJK,1979,
Tajikistan,TJK,1978,
Tajikistan,TJK,1977,
Tajikistan,TJK,1976,
Tajikistan,TJK,1975,
Tajikistan,TJK,1974,
Tajikistan,TJK,1973,
Tajikistan,TJK,1972,
Tajikistan,TJK,1971,
Tajikistan,TJK,1970,
Tajikistan,TJK,1969,
Tajikistan,TJK,1968,
Tajikistan,TJK,1967,
Tajikistan,TJK,1966,
Tajikistan,TJK,1965,
Tajikistan,TJK,1964,
Tajikistan,TJK,1963,
Tajikistan,TJK,1962,
Tajikistan,TJK,1961,
Tajikistan,TJK,1960,
Tanzania,TZA,2025,
Tanzania,TZA,2024,
Tanzania,TZA,2023,36.25619888
Tanzania,TZA,2022,35.93323135
Tanzania,TZA,2021,37.53121185
Tanzania,TZA,2020,31.7036171
Tanzania,TZA,2019,39.97783661
Tanzania,TZA,2018,41.27171326
Tanzania,TZA,2017,39.03767014
Tanzania,TZA,2016,36.65267563
Tanzania,TZA,2015,33.27184296
Tanzania,TZA,2014,39.85456848
Tanzania,TZA,2013,43.46931839
Tanzania,TZA,2012,41.99654007
Tanzania,TZA,2011,37.75179672
Tanzania,TZA,2010,37.18493271
Tanzania,TZA,2009,33.9993782
Tanzania,TZA,2008,36.26182556
Tanzania,TZA,2007,36.23610306
Tanzania,TZA,2006,35.59762955
Tanzania,TZA,2005,27.71374512
Tanzania,TZA,2004,23.4493866
Tanzania,TZA,2003,20.39437675
Tanzania,TZA,2002,17.0355854
Tanzania,TZA,2001,15.1739912
Tanzania,TZA,2000,12.33031845
Tanzania,TZA,1999,
Tanzania,TZA,1998,
Tanzania,TZA,1997,
Tanzania,TZA,1996,
Tanzania,TZA,1995,
Tanzania,TZA,1994,
Tanzania,TZA,1993,
Tanzania,TZA,1992,
Tanzania,TZA,1991,
Tanzania,TZA,1990,
Tanzania,TZA,1989,
Tanzania,TZA,1988,
Tanzania,TZA,1987,
Tanzania,TZA,1986,
Tanzania,TZA,1985,
Tanzania,TZA,1984,
Tanzania,TZA,1983,
Tanzania,TZA,1982,
Tanzania,TZA,1981,
Tanzania,TZA,1980,
Tanzania,TZA,1979,
Tanzania,TZA,1978,
Tanzania,TZA,1977,
Tanzania,TZA,1976,
Tanzania,TZA,1975,
Tanzania,TZA,1974,
Tanzania,TZA,1973,
Tanzania,TZA,1972,
Tanzania,TZA,1971,
Tanzania,TZA,1970,
Tanzania,TZA,1969,
Tanzania,TZA,1968,
Tanzania,TZA,1967,
Tanzania,TZA,1966,
Tanzania,TZA,1965,
Tanzania,TZA,1964,
Tanzania,TZA,1963,
Tanzania,TZA,1962,
Tanzania,TZA,1961,
Tanzania,TZA,1960,
Thailand,THA,2025,
Thailand,THA,2024,
Thailand,THA,2023,326.50482178
Thailand,THA,2022,369.97647095
Thailand,THA,2021,363.72845459
Thailand,THA,2020,304.3817749
Thailand,THA,2019,288.31097412
Thailand,THA,2018,274.71221924
Thailand,THA,2017,247.08152771
Thailand,THA,2016,229.7849884
Thailand,THA,2015,219.15092468
Thailand,THA,2014,213.74395752
Thailand,THA,2013,207.81243896
Thailand,THA,2012,201.70690918
Thailand,THA,2011,191.74464417
Thailand,THA,2010,168.61891174
Thailand,THA,2009,149.67800903
Thailand,THA,2008,149.06762695
Thailand,THA,2007,125.10979462
Thailand,THA,2006,103.26116943
Thailand,THA,2005,90.61147308
Thailand,THA,2004,82.91682434
Thailand,THA,2003,76.13368225
Thailand,THA,2002,69.68746185
Thailand,THA,2001,57.19389343
Thailand,THA,2000,62.21043015
Thailand,THA,1999,
Thailand,THA,1998,
Thailand,THA,1997,
Thailand,THA,1996,
Thailand,THA,1995,
Thailand,THA,1994,
Thailand,THA,1993,
Thailand,THA,1992,
Thailand,THA,1991,
Thailand,THA,1990,
Thailand,THA,1989,
Thailand,THA,1988,
Thailand,THA,1987,
Thailand,THA,1986,
Thailand,THA,1985,
Thailand,THA,1984,
Thailand,THA,1983,
Thailand,THA,1982,
Thailand,THA,1981,
Thailand,THA,1980,
Thailand,THA,1979,
Thailand,THA,1978,
Thailand,THA,1977,
Thailand,THA,1976,
Thailand,THA,1975,
Thailand,THA,1974,
Thailand,THA,1973,
Thailand,THA,1972,
Thailand,THA,1971,
Thailand,THA,1970,
Thailand,THA,1969,
Thailand,THA,1968,
Thailand,THA,1967,
Thailand,THA,1966,
Thailand,THA,1965,
Thailand,THA,1964,
Thailand,THA,1963,
Thailand,THA,1962,
Thailand,THA,1961,
Thailand,THA,1960,
Timor-Leste,TLS,2025,
Timor-Leste,TLS,2024,
Timor-Leste,TLS,2023,144.21452332
Timor-Leste,TLS,2022,174.91529846
Timor-Leste,TLS,2021,132.07870483
Timor-Leste,TLS,2020,118.49451447
Timor-Leste,TLS,2019,78.01346588
Timor-Leste,TLS,2018,78.07413483
Timor-Leste,TLS,2017,86.16269684
Timor-Leste,TLS,2016,92.69400787
Timor-Leste,TLS,2015,101.4779892
Timor-Leste,TLS,2014,93.10574341
Timor-Leste,TLS,2013,102.79840851
Timor-Leste,TLS,2012,71.46888733
Timor-Leste,TLS,2011,64.43626404
Timor-Leste,TLS,2010,52.6151619
Timor-Leste,TLS,2009,50.18856049
Timor-Leste,TLS,2008,43.71953964
Timor-Leste,TLS,2007,30.51906586
Timor-Leste,TLS,2006,27.90169907
Timor-Leste,TLS,2005,25.72540092
Timor-Leste,TLS,2004,20.22569466
Timor-Leste,TLS,2003,15.18759537
Timor-Leste,TLS,2002,
Timor-Leste,TLS,2001,
Timor-Leste,TLS,2000,
Timor-Leste,TLS,1999,
Timor-Leste,TLS,1998,
Timor-Leste,TLS,1997,
Timor-Leste,TLS,1996,
Timor-Leste,TLS,1995,
Timor-Leste,TLS,1994,
Timor-Leste,TLS,1993,
Timor-Leste,TLS,1992,
Timor-Leste,TLS,1991,
Timor-Leste,TLS,1990,
Timor-Leste,TLS,1989,
Timor-Leste,TLS,1988,
Timor-Leste,TLS,1987,
Timor-Leste,TLS,1986,
Timor-Leste,TLS,1985,
Timor-Leste,TLS,1984,
Timor-Leste,TLS,1983,
Timor-Leste,TLS,1982,
Timor-Leste,TLS,1981,
Timor-Leste,TLS,1980,
Timor-Leste,TLS,1979,
Timor-Leste,TLS,1978,
Timor-Leste,TLS,1977,
Timor-Leste,TLS,1976,
Timor-Leste,TLS,1975,
Timor-Leste,TLS,1974,
Timor-Leste,TLS,1973,
Timor-Leste,TLS,1972,
Timor-Leste,TLS,1971,
Timor-Leste,TLS,1970,
Timor-Leste,TLS,1969,
Timor-Leste,TLS,1968,
Timor-Leste,TLS,1967,
Timor-Leste,TLS,1966,
Timor-Leste,TLS,1965,
Timor-Leste,TLS,1964,
Timor-Leste,TLS,1963,
Timor-Leste,TLS,1962,
Timor-Leste,TLS,1961,
Timor-Leste,TLS,1960,
Togo,TGO,2025,
Togo,TGO,2024,
Togo,TGO,2023,59.60503769
Togo,TGO,2022,55.79545593
Togo,TGO,2021,52.72237015
Togo,TGO,2020,52.75213242
Togo,TGO,2019,48.85387421
Togo,TGO,2018,52.43610382
Togo,TGO,2017,51.5464592
Togo,TGO,2016,50.8783493
Togo,TGO,2015,46.92110825
Togo,TGO,2014,41.96416092
Togo,TGO,2013,39.56414795
Togo,TGO,2012,35.40290833
Togo,TGO,2011,34.41139603
Togo,TGO,2010,30.54597664
Togo,TGO,2009,28.3035717
Togo,TGO,2008,26.89384079
Togo,TGO,2007,22.34309769
Togo,TGO,2006,22.74487495
Togo,TGO,2005,20.9699707
Togo,TGO,2004,18.62999153
Togo,TGO,2003,17.7094574
Togo,TGO,2002,14.65135479
Togo,TGO,2001,13.04282379
Togo,TGO,2000,13.0541811
Togo,TGO,1999,
Togo,TGO,1998,
Togo,TGO,1997,
Togo,TGO,1996,
Togo,TGO,1995,
Togo,TGO,1994,
Togo,TGO,1993,
Togo,TGO,1992,
Togo,TGO,1991,
Togo,TGO,1990,
Togo,TGO,1989,
Togo,TGO,1988,
Togo,TGO,1987,
Togo,TGO,1986,
Togo,TGO,1985,
Togo,TGO,1984,
Togo,TGO,1983,
Togo,TGO,1982,
Togo,TGO,1981,
Togo,TGO,1980,
Togo,TGO,1979,
Togo,TGO,1978,
Togo,TGO,1977,
Togo,TGO,1976,
Togo,TGO,1975,
Togo,TGO,1974,
Togo,TGO,1973,
Togo,TGO,1972,
Togo,TGO,1971,
Togo,TGO,1970,
Togo,TGO,1969,
Togo,TGO,1968,
Togo,TGO,1967,
Togo,TGO,1966,
Togo,TGO,1965,
Togo,TGO,1964,
Togo,TGO,1963,
Togo,TGO,1962,
Togo,TGO,1961,
Togo,TGO,1960,
Tonga,TON,2025,
Tonga,TON,2024,
Tonga,TON,2023,357.54415894
Tonga,TON,2022,382.79116821
Tonga,TON,2021,348.79745483
Tonga,TON,2020,262.55459595
Tonga,TON,2019,266.68792725
Tonga,TON,2018,278.49508667
Tonga,TON,2017,246.34036255
Tonga,TON,2016,208.53982544
Tonga,TON,2015,181.91452026
Tonga,TON,2014,210.86004639
Tonga,TON,2013,171.82066345
Tonga,TON,2012,318.4196167
Tonga,TON,2011,193.43716431
Tonga,TON,2010,166.58139038
Tonga,TON,2009,118.79367065
Tonga,TON,2008,190.86582947
Tonga,TON,2007,134.56217957
Tonga,TON,2006,149.22753906
Tonga,TON,2005,108.29302216
Tonga,TON,2004,102.70134735
Tonga,TON,2003,68.05188751
Tonga,TON,2002,62.6541748
Tonga,TON,2001,55.2772522
Tonga,TON,2000,53.3949585
Tonga,TON,1999,
Tonga,TON,1998,
Tonga,TON,1997,
Tonga,TON,1996,
Tonga,TON,1995,
Tonga,TON,1994,
Tonga,TON,1993,
Tonga,TON,1992,
Tonga,TON,1991,
Tonga,TON,1990,
Tonga,TON,1989,
Tonga,TON,1988,
Tonga,TON,1987,
Tonga,TON,1986,
Tonga,TON,1985,
Tonga,TON,1984,
Tonga,TON,1983,
Tonga,TON,1982,
Tonga,TON,1981,
Tonga,TON,1980,
Tonga,TON,1979,
Tonga,TON,1978,
Tonga,TON,1977,
Tonga,TON,1976,
Tonga,TON,1975,
Tonga,TON,1974,
Tonga,TON,1973,
Tonga,TON,1972,
Tonga,TON,1971,
Tonga,TON,1970,
Tonga,TON,1969,
Tonga,TON,1968,
Tonga,TON,1967,
Tonga,TON,1966,
Tonga,TON,1965,
Tonga,TON,1964,
Tonga,TON,1963,
Tonga,TON,1962,
Tonga,TON,1961,
Tonga,TON,1960,
Trinidad and Tobago,TTO,2025,
Trinidad and Tobago,TTO,2024,
Trinidad and Tobago,TTO,2023,1276.33862305
Trinidad and Tobago,TTO,2022,1266.28820801
Trinidad and Tobago,TTO,2021,1170.93859863
Trinidad and Tobago,TTO,2020,1059.72583008
Trinidad and Tobago,TTO,2019,1097.20556641
Trinidad and Tobago,TTO,2018,1080.45397949
Trinidad and Tobago,TTO,2017,1083.37609863
Trinidad and Tobago,TTO,2016,1064.41772461
Trinidad and Tobago,TTO,2015,1061.58666992
Trinidad and Tobago,TTO,2014,1010.82769775
Trinidad and Tobago,TTO,2013,970.90222168
Trinidad and Tobago,TTO,2012,895.08026123
Trinidad and Tobago,TTO,2011,872.96398926
Trinidad and Tobago,TTO,2010,825.16088867
Trinidad and Tobago,TTO,2009,776.62243652
Trinidad and Tobago,TTO,2008,751.54608154
Trinidad and Tobago,TTO,2007,667.35321045
Trinidad and Tobago,TTO,2006,568.72583008
Trinidad and Tobago,TTO,2005,530.35229492
Trinidad and Tobago,TTO,2004,431.37268066
Trinidad and Tobago,TTO,2003,358.59500122
Trinidad and Tobago,TTO,2002,324.36880493
Trinidad and Tobago,TTO,2001,272.72851563
Trinidad and Tobago,TTO,2000,266.16275024
Trinidad and Tobago,TTO,1999,
Trinidad and Tobago,TTO,1998,
Trinidad and Tobago,TTO,1997,
Trinidad and Tobago,TTO,1996,
Trinidad and Tobago,TTO,1995,
Trinidad and Tobago,TTO,1994,
Trinidad and Tobago,TTO,1993,
Trinidad and Tobago,TTO,1992,
Trinidad and Tobago,TTO,1991,
Trinidad and Tobago,TTO,1990,
Trinidad and Tobago,TTO,1989,
Trinidad and Tobago,TTO,1988,
Trinidad and Tobago,TTO,1987,
Trinidad and Tobago,TTO,1986,
Trinidad and Tobago,TTO,1985,
Trinidad and Tobago,TTO,1984,
Trinidad and Tobago,TTO,1983,
Trinidad and Tobago,TTO,1982,
Trinidad and Tobago,TTO,1981,
Trinidad and Tobago,TTO,1980,
Trinidad and Tobago,TTO,1979,
Trinidad and Tobago,TTO,1978,
Trinidad and Tobago,TTO,1977,
Trinidad and Tobago,TTO,1976,
Trinidad and Tobago,TTO,1975,
Trinidad and Tobago,TTO,1974,
Trinidad and Tobago,TTO,1973,
Trinidad and Tobago,TTO,1972,
Trinidad and Tobago,TTO,1971,
Trinidad and Tobago,TTO,1970,
Trinidad and Tobago,TTO,1969,
Trinidad and Tobago,TTO,1968,
Trinidad and Tobago,TTO,1967,
Trinidad and Tobago,TTO,1966,
Trinidad and Tobago,TTO,1965,
Trinidad and Tobago,TTO,1964,
Trinidad and Tobago,TTO,1963,
Trinidad and Tobago,TTO,1962,
Trinidad and Tobago,TTO,1961,
Trinidad and Tobago,TTO,1960,
Tunisia,TUN,2025,
Tunisia,TUN,2024,
Tunisia,TUN,2023,317.70983887
Tunisia,TUN,2022,276.46380615
Tunisia,TUN,2021,285.25247192
Tunisia,TUN,2020,250.40145874
Tunisia,TUN,2019,212.60031128
Tunisia,TUN,2018,215.418396
Tunisia,TUN,2017,223.85903931
Tunisia,TUN,2016,240.40258789
Tunisia,TUN,2015,249.46418762
Tunisia,TUN,2014,287.60955811
Tunisia,TUN,2013,284.64538574
Tunisia,TUN,2012,270.29055786
Tunisia,TUN,2011,270.67507935
Tunisia,TUN,2010,240.75447083
Tunisia,TUN,2009,231.3591156
Tunisia,TUN,2008,230.50152588
Tunisia,TUN,2007,202.32022095
Tunisia,TUN,2006,178.82592773
Tunisia,TUN,2005,169.84550476
Tunisia,TUN,2004,167.27586365
Tunisia,TUN,2003,148.93447876
Tunisia,TUN,2002,124.64620972
Tunisia,TUN,2001,114.00454712
Tunisia,TUN,2000,111.01378632
Tunisia,TUN,1999,
Tunisia,TUN,1998,
Tunisia,TUN,1997,
Tunisia,TUN,1996,
Tunisia,TUN,1995,
Tunisia,TUN,1994,
Tunisia,TUN,1993,
Tunisia,TUN,1992,
Tunisia,TUN,1991,
Tunisia,TUN,1990,
Tunisia,TUN,1989,
Tunisia,TUN,1988,
Tunisia,TUN,1987,
Tunisia,TUN,1986,
Tunisia,TUN,1985,
Tunisia,TUN,1984,
Tunisia,TUN,1983,
Tunisia,TUN,1982,
Tunisia,TUN,1981,
Tunisia,TUN,1980,
Tunisia,TUN,1979,
Tunisia,TUN,1978,
Tunisia,TUN,1977,
Tunisia,TUN,1976,
Tunisia,TUN,1975,
Tunisia,TUN,1974,
Tunisia,TUN,1973,
Tunisia,TUN,1972,
Tunisia,TUN,1971,
Tunisia,TUN,1970,
Tunisia,TUN,1969,
Tunisia,TUN,1968,
Tunisia,TUN,1967,
Tunisia,TUN,1966,
Tunisia,TUN,1965,
Tunisia,TUN,1964,
Tunisia,TUN,1963,
Tunisia,TUN,1962,
Tunisia,TUN,1961,
Tunisia,TUN,1960,
Turkiye,TUR,2025,
Turkiye,TUR,2024,
Turkiye,TUR,2023,547.8145752
Turkiye,TUR,2022,385.87997437
Turkiye,TUR,2021,431.33978271
Turkiye,TUR,2020,386.2593689
Turkiye,TUR,2019,388.67486572
Turkiye,TUR,2018,380.27835083
Turkiye,TUR,2017,432.13754272
Turkiye,TUR,2016,456.3659668
Turkiye,TUR,2015,444.70803833
Turkiye,TUR,2014,520.40753174
Turkiye,TUR,2013,547.95465088
Turkiye,TUR,2012,520.44274902
Turkiye,TUR,2011,525.89105225
Turkiye,TUR,2010,531.82861328
Turkiye,TUR,2009,492.30032349
Turkiye,TUR,2008,561.73529053
Turkiye,TUR,2007,504.37646484
Turkiye,TUR,2006,409.25881958
Turkiye,TUR,2005,357.40197754
Turkiye,TUR,2004,292.65307617
Turkiye,TUR,2003,232.5562439
Turkiye,TUR,2002,181.39144897
Turkiye,TUR,2001,148.86210632
Turkiye,TUR,2000,192.8344574
Turkiye,TUR,1999,
Turkiye,TUR,1998,
Turkiye,TUR,1997,
Turkiye,TUR,1996,
Turkiye,TUR,1995,
Turkiye,TUR,1994,
Turkiye,TUR,1993,
Turkiye,TUR,1992,
Turkiye,TUR,1991,
Turkiye,TUR,1990,
Turkiye,TUR,1989,
Turkiye,TUR,1988,
Turkiye,TUR,1987,
Turkiye,TUR,1986,
Turkiye,TUR,1985,
Turkiye,TUR,1984,
Turkiye,TUR,1983,
Turkiye,TUR,1982,
Turkiye,TUR,1981,
Turkiye,TUR,1980,
Turkiye,TUR,1979,
Turkiye,TUR,1978,
Turkiye,TUR,1977,
Turkiye,TUR,1976,
Turkiye,TUR,1975,
Turkiye,TUR,1974,
Turkiye,TUR,1973,
Turkiye,TUR,1972,
Turkiye,TUR,1971,
Turkiye,TUR,1970,
Turkiye,TUR,1969,
Turkiye,TUR,1968,
Turkiye,TUR,1967,
Turkiye,TUR,1966,
Turkiye,TUR,1965,
Turkiye,TUR,1964,
Turkiye,TUR,1963,
Turkiye,TUR,1962,
Turkiye,TUR,1961,
Turkiye,TUR,1960,
Turkmenistan,TKM,2025,
Turkmenistan,TKM,2024,
Turkmenistan,TKM,2023,581.38220215
Turkmenistan,TKM,2022,579.15454102
Turkmenistan,TKM,2021,471.86325073
Turkmenistan,TKM,2020,420.0083313
Turkmenistan,TKM,2019,432.78118896
Turkmenistan,TKM,2018,411.32562256
Turkmenistan,TKM,2017,410.81082153
Turkmenistan,TKM,2016,376.65567017
Turkmenistan,TKM,2015,362.72949219
Turkmenistan,TKM,2014,393.86843872
Turkmenistan,TKM,2013,339.92349243
Turkmenistan,TKM,2012,289.13015747
Turkmenistan,TKM,2011,251.85777283
Turkmenistan,TKM,2010,202.7792511
Turkmenistan,TKM,2009,178.44587708
Turkmenistan,TKM,2008,235.91514587
Turkmenistan,TKM,2007,261.83258057
Turkmenistan,TKM,2006,349.6842041
Turkmenistan,TKM,2005,324.81155396
Turkmenistan,TKM,2004,302.85839844
Turkmenistan,TKM,2003,199.93019104
Turkmenistan,TKM,2002,128.08802795
Turkmenistan,TKM,2001,120.8463974
Turkmenistan,TKM,2000,75.52490234
Turkmenistan,TKM,1999,
Turkmenistan,TKM,1998,
Turkmenistan,TKM,1997,
Turkmenistan,TKM,1996,
Turkmenistan,TKM,1995,
Turkmenistan,TKM,1994,
Turkmenistan,TKM,1993,
Turkmenistan,TKM,1992,
Turkmenistan,TKM,1991,
Turkmenistan,TKM,1990,
Turkmenistan,TKM,1989,
Turkmenistan,TKM,1988,
Turkmenistan,TKM,1987,
Turkmenistan,TKM,1986,
Turkmenistan,TKM,1985,
Turkmenistan,TKM,1984,
Turkmenistan,TKM,1983,
Turkmenistan,TKM,1982,
Turkmenistan,TKM,1981,
Turkmenistan,TKM,1980,
Turkmenistan,TKM,1979,
Turkmenistan,TKM,1978,
Turkmenistan,TKM,1977,
Turkmenistan,TKM,1976,
Turkmenistan,TKM,1975,
Turkmenistan,TKM,1974,
Turkmenistan,TKM,1973,
Turkmenistan,TKM,1972,
Turkmenistan,TKM,1971,
Turkmenistan,TKM,1970,
Turkmenistan,TKM,1969,
Turkmenistan,TKM,1968,
Turkmenistan,TKM,1967,
Turkmenistan,TKM,1966,
Turkmenistan,TKM,1965,
Turkmenistan,TKM,1964,
Turkmenistan,TKM,1963,
Turkmenistan,TKM,1962,
Turkmenistan,TKM,1961,
Turkmenistan,TKM,1960,
Turks and Caicos Islands,TCA,2025,
Turks and Caicos Islands,TCA,2024,
Turks and Caicos Islands,TCA,2023,
Turks and Caicos Islands,TCA,2022,
Turks and Caicos Islands,TCA,2021,
Turks and Caicos Islands,TCA,2020,
Turks and Caicos Islands,TCA,2019,
Turks and Caicos Islands,TCA,2018,
Turks and Caicos Islands,TCA,2017,
Turks and Caicos Islands,TCA,2016,
Turks and Caicos Islands,TCA,2015,
Turks and Caicos Islands,TCA,2014,
Turks and Caicos Islands,TCA,2013,
Turks and Caicos Islands,TCA,2012,
Turks and Caicos Islands,TCA,2011,
Turks and Caicos Islands,TCA,2010,
Turks and Caicos Islands,TCA,2009,
Turks and Caicos Islands,TCA,2008,
Turks and Caicos Islands,TCA,2007,
Turks and Caicos Islands,TCA,2006,
Turks and Caicos Islands,TCA,2005,
Turks and Caicos Islands,TCA,2004,
Turks and Caicos Islands,TCA,2003,
Turks and Caicos Islands,TCA,2002,
Turks and Caicos Islands,TCA,2001,
Turks and Caicos Islands,TCA,2000,
Turks and Caicos Islands,TCA,1999,
Turks and Caicos Islands,TCA,1998,
Turks and Caicos Islands,TCA,1997,
Turks and Caicos Islands,TCA,1996,
Turks and Caicos Islands,TCA,1995,
Turks and Caicos Islands,TCA,1994,
Turks and Caicos Islands,TCA,1993,
Turks and Caicos Islands,TCA,1992,
Turks and Caicos Islands,TCA,1991,
Turks and Caicos Islands,TCA,1990,
Turks and Caicos Islands,TCA,1989,
Turks and Caicos Islands,TCA,1988,
Turks and Caicos Islands,TCA,1987,
Turks and Caicos Islands,TCA,1986,
Turks and Caicos Islands,TCA,1985,
Turks and Caicos Islands,TCA,1984,
Turks and Caicos Islands,TCA,1983,
Turks and Caicos Islands,TCA,1982,
Turks and Caicos Islands,TCA,1981,
Turks and Caicos Islands,TCA,1980,
Turks and Caicos Islands,TCA,1979,
Turks and Caicos Islands,TCA,1978,
Turks and Caicos Islands,TCA,1977,
Turks and Caicos Islands,TCA,1976,
Turks and Caicos Islands,TCA,1975,
Turks and Caicos Islands,TCA,1974,
Turks and Caicos Islands,TCA,1973,
Turks and Caicos Islands,TCA,1972,
Turks and Caicos Islands,TCA,1971,
Turks and Caicos Islands,TCA,1970,
Turks and Caicos Islands,TCA,1969,
Turks and Caicos Islands,TCA,1968,
Turks and Caicos Islands,TCA,1967,
Turks and Caicos Islands,TCA,1966,
Turks and Caicos Islands,TCA,1965,
Turks and Caicos Islands,TCA,1964,
Turks and Caicos Islands,TCA,1963,
Turks and Caicos Islands,TCA,1962,
Turks and Caicos Islands,TCA,1961,
Turks and Caicos Islands,TCA,1960,
Tuvalu,TUV,2025,
Tuvalu,TUV,2024,
Tuvalu,TUV,2023,1723.56542969
Tuvalu,TUV,2022,1300.46679688
Tuvalu,TUV,2021,1122.39929199
Tuvalu,TUV,2020,899.59460449
Tuvalu,TUV,2019,1138.82617188
Tuvalu,TUV,2018,819.41162109
Tuvalu,TUV,2017,1017.49633789
Tuvalu,TUV,2016,697.99798584
Tuvalu,TUV,2015,451.35287476
Tuvalu,TUV,2014,512.64215088
Tuvalu,TUV,2013,484.58966064
Tuvalu,TUV,2012,499.21899414
Tuvalu,TUV,2011,536.10473633
Tuvalu,TUV,2010,490.41107178
Tuvalu,TUV,2009,349.2015686
Tuvalu,TUV,2008,319.3182373
Tuvalu,TUV,2007,292.23049927
Tuvalu,TUV,2006,291.76730347
Tuvalu,TUV,2005,232.03250122
Tuvalu,TUV,2004,216.72221375
Tuvalu,TUV,2003,274.99337769
Tuvalu,TUV,2002,207.1824646
Tuvalu,TUV,2001,261.71032715
Tuvalu,TUV,2000,351.92758179
Tuvalu,TUV,1999,
Tuvalu,TUV,1998,
Tuvalu,TUV,1997,
Tuvalu,TUV,1996,
Tuvalu,TUV,1995,
Tuvalu,TUV,1994,
Tuvalu,TUV,1993,
Tuvalu,TUV,1992,
Tuvalu,TUV,1991,
Tuvalu,TUV,1990,
Tuvalu,TUV,1989,
Tuvalu,TUV,1988,
Tuvalu,TUV,1987,
Tuvalu,TUV,1986,
Tuvalu,TUV,1985,
Tuvalu,TUV,1984,
Tuvalu,TUV,1983,
Tuvalu,TUV,1982,
Tuvalu,TUV,1981,
Tuvalu,TUV,1980,
Tuvalu,TUV,1979,
Tuvalu,TUV,1978,
Tuvalu,TUV,1977,
Tuvalu,TUV,1976,
Tuvalu,TUV,1975,
Tuvalu,TUV,1974,
Tuvalu,TUV,1973,
Tuvalu,TUV,1972,
Tuvalu,TUV,1971,
Tuvalu,TUV,1970,
Tuvalu,TUV,1969,
Tuvalu,TUV,1968,
Tuvalu,TUV,1967,
Tuvalu,TUV,1966,
Tuvalu,TUV,1965,
Tuvalu,TUV,1964,
Tuvalu,TUV,1963,
Tuvalu,TUV,1962,
Tuvalu,TUV,1961,
Tuvalu,TUV,1960,
Uganda,UGA,2025,
Uganda,UGA,2024,
Uganda,UGA,2023,45.21318436
Uganda,UGA,2022,44.47286224
Uganda,UGA,2021,51.03484726
Uganda,UGA,2020,44.73381805
Uganda,UGA,2019,33.36559677
Uganda,UGA,2018,32.9515686
Uganda,UGA,2017,31.43818092
Uganda,UGA,2016,39.08125305
Uganda,UGA,2015,40.09843445
Uganda,UGA,2014,50.957798
Uganda,UGA,2013,52.906353
Uganda,UGA,2012,55.03918457
Uganda,UGA,2011,55.2076683
Uganda,UGA,2010,51.88574982
Uganda,UGA,2009,44.3670578
Uganda,UGA,2008,40.04308701
Uganda,UGA,2007,36.10126495
Uganda,UGA,2006,31.60310555
Uganda,UGA,2005,25.86819267
Uganda,UGA,2004,18.60707474
Uganda,UGA,2003,14.23364067
Uganda,UGA,2002,15.74441719
Uganda,UGA,2001,15.99579906
Uganda,UGA,2000,16.42602158
Uganda,UGA,1999,
Uganda,UGA,1998,
Uganda,UGA,1997,
Uganda,UGA,1996,
Uganda,UGA,1995,
Uganda,UGA,1994,
Uganda,UGA,1993,
Uganda,UGA,1992,
Uganda,UGA,1991,
Uganda,UGA,1990,
Uganda,UGA,1989,
Uganda,UGA,1988,
Uganda,UGA,1987,
Uganda,UGA,1986,
Uganda,UGA,1985,
Uganda,UGA,1984,
Uganda,UGA,1983,
Uganda,UGA,1982,
Uganda,UGA,1981,
Uganda,UGA,1980,
Uganda,UGA,1979,
Uganda,UGA,1978,
Uganda,UGA,1977,
Uganda,UGA,1976,
Uganda,UGA,1975,
Uganda,UGA,1974,
Uganda,UGA,1973,
Uganda,UGA,1972,
Uganda,UGA,1971,
Uganda,UGA,1970,
Uganda,UGA,1969,
Uganda,UGA,1968,
Uganda,UGA,1967,
Uganda,UGA,1966,
Uganda,UGA,1965,
Uganda,UGA,1964,
Uganda,UGA,1963,
Uganda,UGA,1962,
Uganda,UGA,1961,
Uganda,UGA,1960,
Ukraine,UKR,2025,
Ukraine,UKR,2024,
Ukraine,UKR,2023,
Ukraine,UKR,2022,
Ukraine,UKR,2021,369.90487671
Ukraine,UKR,2020,265.07846069
Ukraine,UKR,2019,242.81388855
Ukraine,UKR,2018,217.73760986
Ukraine,UKR,2017,183.69506836
Ukraine,UKR,2016,154.5546875
Ukraine,UKR,2015,154.75454712
Ukraine,UKR,2014,208.94400024
Ukraine,UKR,2013,275.94143677
Ukraine,UKR,2012,270.76205444
Ukraine,UKR,2011,240.17747498
Ukraine,UKR,2010,199.49559021
Ukraine,UKR,2009,165.98542786
Ukraine,UKR,2008,212.75292969
Ukraine,UKR,2007,183.18217468
Ukraine,UKR,2006,146.27377319
Ukraine,UKR,2005,114.63265228
Ukraine,UKR,2004,83.23918915
Ukraine,UKR,2003,67.87039948
Ukraine,UKR,2002,52.11910248
Ukraine,UKR,2001,44.14328766
Ukraine,UKR,2000,34.62232971
Ukraine,UKR,1999,
Ukraine,UKR,1998,
Ukraine,UKR,1997,
Ukraine,UKR,1996,
Ukraine,UKR,1995,
Ukraine,UKR,1994,
Ukraine,UKR,1993,
Ukraine,UKR,1992,
Ukraine,UKR,1991,
Ukraine,UKR,1990,
Ukraine,UKR,1989,
Ukraine,UKR,1988,
Ukraine,UKR,1987,
Ukraine,UKR,1986,
Ukraine,UKR,1985,
Ukraine,UKR,1984,
Ukraine,UKR,1983,
Ukraine,UKR,1982,
Ukraine,UKR,1981,
Ukraine,UKR,1980,
Ukraine,UKR,1979,
Ukraine,UKR,1978,
Ukraine,UKR,1977,
Ukraine,UKR,1976,
Ukraine,UKR,1975,
Ukraine,UKR,1974,
Ukraine,UKR,1973,
Ukraine,UKR,1972,
Ukraine,UKR,1971,
Ukraine,UKR,1970,
Ukraine,UKR,1969,
Ukraine,UKR,1968,
Ukraine,UKR,1967,
Ukraine,UKR,1966,
Ukraine,UKR,1965,
Ukraine,UKR,1964,
Ukraine,UKR,1963,
Ukraine,UKR,1962,
Ukraine,UKR,1961,
Ukraine,UKR,1960,
United Arab Emirates,ARE,2025,
United Arab Emirates,ARE,2024,
United Arab Emirates,ARE,2023,2401.52026367
United Arab Emirates,ARE,2022,2240.9050293
United Arab Emirates,ARE,2021,2249.96313477
United Arab Emirates,ARE,2020,2154.41113281
United Arab Emirates,ARE,2019,1962.46728516
United Arab Emirates,ARE,2018,1872.58422852
United Arab Emirates,ARE,2017,1695.203125
United Arab Emirates,ARE,2016,1592.91906738
United Arab Emirates,ARE,2015,1479.49743652
United Arab Emirates,ARE,2014,1776.7310791
United Arab Emirates,ARE,2013,1789.68579102
United Arab Emirates,ARE,2012,1711.38525391
United Arab Emirates,ARE,2011,1787.59997559
United Arab Emirates,ARE,2010,1619.98864746
United Arab Emirates,ARE,2009,1531.02209473
United Arab Emirates,ARE,2008,1465.82446289
United Arab Emirates,ARE,2007,1176.49328613
United Arab Emirates,ARE,2006,1031.14904785
United Arab Emirates,ARE,2005,898.36480713
United Arab Emirates,ARE,2004,821.74920654
United Arab Emirates,ARE,2003,784.89343262
United Arab Emirates,ARE,2002,754.26220703
United Arab Emirates,ARE,2001,689.29278564
United Arab Emirates,ARE,2000,706.03112793
United Arab Emirates,ARE,1999,
United Arab Emirates,ARE,1998,
United Arab Emirates,ARE,1997,
United Arab Emirates,ARE,1996,
United Arab Emirates,ARE,1995,
United Arab Emirates,ARE,1994,
United Arab Emirates,ARE,1993,
United Arab Emirates,ARE,1992,
United Arab Emirates,ARE,1991,
United Arab Emirates,ARE,1990,
United Arab Emirates,ARE,1989,
United Arab Emirates,ARE,1988,
United Arab Emirates,ARE,1987,
United Arab Emirates,ARE,1986,
United Arab Emirates,ARE,1985,
United Arab Emirates,ARE,1984,
United Arab Emirates,ARE,1983,
United Arab Emirates,ARE,1982,
United Arab Emirates,ARE,1981,
United Arab Emirates,ARE,1980,
United Arab Emirates,ARE,1979,
United Arab Emirates,ARE,1978,
United Arab Emirates,ARE,1977,
United Arab Emirates,ARE,1976,
United Arab Emirates,ARE,1975,
United Arab Emirates,ARE,1974,
United Arab Emirates,ARE,1973,
United Arab Emirates,ARE,1972,
United Arab Emirates,ARE,1971,
United Arab Emirates,ARE,1970,
United Arab Emirates,ARE,1969,
United Arab Emirates,ARE,1968,
United Arab Emirates,ARE,1967,
United Arab Emirates,ARE,1966,
United Arab Emirates,ARE,1965,
United Arab Emirates,ARE,1964,
United Arab Emirates,ARE,1963,
United Arab Emirates,ARE,1962,
United Arab Emirates,ARE,1961,
United Arab Emirates,ARE,1960,
United Kingdom,GBR,2025,
United Kingdom,GBR,2024,5860.23925781
United Kingdom,GBR,2023,5407.17041016
United Kingdom,GBR,2022,5111.81738281
United Kingdom,GBR,2021,5645.40136719
United Kingdom,GBR,2020,4865.97802734
United Kingdom,GBR,2019,4260.03222656
United Kingdom,GBR,2018,4233.62988281
United Kingdom,GBR,2017,3938.65234375
United Kingdom,GBR,2016,4043.35253906
United Kingdom,GBR,2015,4470.09228516
United Kingdom,GBR,2014,4733.37060547
United Kingdom,GBR,2013,4340.16992188
United Kingdom,GBR,2012,4204.08300781
United Kingdom,GBR,2011,4123.70019531
United Kingdom,GBR,2010,3876.33911133
United Kingdom,GBR,2009,3813.02758789
United Kingdom,GBR,2008,4280.36083984
United Kingdom,GBR,2007,4415.51220703
United Kingdom,GBR,2006,3802.56347656
United Kingdom,GBR,2005,3528.16162109
United Kingdom,GBR,2004,3361.65625
United Kingdom,GBR,2003,2773.99414063
United Kingdom,GBR,2002,2364.04736328
United Kingdom,GBR,2001,2074.59936523
United Kingdom,GBR,2000,2020.96813965
United Kingdom,GBR,1999,
United Kingdom,GBR,1998,
United Kingdom,GBR,1997,
United Kingdom,GBR,1996,
United Kingdom,GBR,1995,
United Kingdom,GBR,1994,
United Kingdom,GBR,1993,
United Kingdom,GBR,1992,
United Kingdom,GBR,1991,
United Kingdom,GBR,1990,
United Kingdom,GBR,1989,
United Kingdom,GBR,1988,
United Kingdom,GBR,1987,
United Kingdom,GBR,1986,
United Kingdom,GBR,1985,
United Kingdom,GBR,1984,
United Kingdom,GBR,1983,
United Kingdom,GBR,1982,
United Kingdom,GBR,1981,
United Kingdom,GBR,1980,
United Kingdom,GBR,1979,
United Kingdom,GBR,1978,
United Kingdom,GBR,1977,
United Kingdom,GBR,1976,
United Kingdom,GBR,1975,
United Kingdom,GBR,1974,
United Kingdom,GBR,1973,
United Kingdom,GBR,1972,
United Kingdom,GBR,1971,
United Kingdom,GBR,1970,
United Kingdom,GBR,1969,
United Kingdom,GBR,1968,
United Kingdom,GBR,1967,
United Kingdom,GBR,1966,
United Kingdom,GBR,1965,
United Kingdom,GBR,1964,
United Kingdom,GBR,1963,
United Kingdom,GBR,1962,
United Kingdom,GBR,1961,
United Kingdom,GBR,1960,
United States,USA,2025,
United States,USA,2024,
United States,USA,2023,13473.19335938
United States,USA,2022,12586.19628906
United States,USA,2021,12080.07324219
United States,USA,2020,11648.49511719
United States,USA,2019,10550.22070313
United States,USA,2018,10180.48242188
United States,USA,2017,9822.60644531
United States,USA,2016,9535.60058594
United States,USA,2015,9200.93164063
United States,USA,2014,8796.33886719
United States,USA,2013,8412.25195313
United States,USA,2012,8262.29296875
United States,USA,2011,8015.78076172
United States,USA,2010,7836.08837891
United States,USA,2009,7614.82421875
United States,USA,2008,7364.93847656
United States,USA,2007,7153.73144531
United States,USA,2006,6802.47509766
United States,USA,2005,6428.60205078
United States,USA,2004,6071.84423828
United States,USA,2003,5732.24365234
United States,USA,2002,5327.93701172
United States,USA,2001,4901.67529297
United States,USA,2000,4548.5546875
United States,USA,1999,
United States,USA,1998,
United States,USA,1997,
United States,USA,1996,
United States,USA,1995,
United States,USA,1994,
United States,USA,1993,
United States,USA,1992,
United States,USA,1991,
United States,USA,1990,
United States,USA,1989,
United States,USA,1988,
United States,USA,1987,
United States,USA,1986,
United States,USA,1985,
United States,USA,1984,
United States,USA,1983,
United States,USA,1982,
United States,USA,1981,
United States,USA,1980,
United States,USA,1979,
United States,USA,1978,
United States,USA,1977,
United States,USA,1976,
United States,USA,1975,
United States,USA,1974,
United States,USA,1973,
United States,USA,1972,
United States,USA,1971,
United States,USA,1970,
United States,USA,1969,
United States,USA,1968,
United States,USA,1967,
United States,USA,1966,
United States,USA,1965,
United States,USA,1964,
United States,USA,1963,
United States,USA,1962,
United States,USA,1961,
United States,USA,1960,
Uruguay,URY,2025,
Uruguay,URY,2024,
Uruguay,URY,2023,2076.09423828
Uruguay,URY,2022,1850.80737305
Uruguay,URY,2021,1594.98059082
Uruguay,URY,2020,1432.00463867
Uruguay,URY,2019,1692.50195313
Uruguay,URY,2018,1713.26611328
Uruguay,URY,2017,1672.3314209
Uruguay,URY,2016,1469.38964844
Uruguay,URY,2015,1424.8939209
Uruguay,URY,2014,1495.59777832
Uruguay,URY,2013,1516.80664063
Uruguay,URY,2012,1347.02868652
Uruguay,URY,2011,1244.93884277
Uruguay,URY,2010,1043.26000977
Uruguay,URY,2009,826.05682373
Uruguay,URY,2008,811.7020874
Uruguay,URY,2007,578.34454346
Uruguay,URY,2006,500.65515137
Uruguay,URY,2005,445.28201294
Uruguay,URY,2004,375.93881226
Uruguay,URY,2003,383.55554199
Uruguay,URY,2002,436.44049072
Uruguay,URY,2001,679.4229126
Uruguay,URY,2000,699.20495605
Uruguay,URY,1999,
Uruguay,URY,1998,
Uruguay,URY,1997,
Uruguay,URY,1996,
Uruguay,URY,1995,
Uruguay,URY,1994,
Uruguay,URY,1993,
Uruguay,URY,1992,
Uruguay,URY,1991,
Uruguay,URY,1990,
Uruguay,URY,1989,
Uruguay,URY,1988,
Uruguay,URY,1987,
Uruguay,URY,1986,
Uruguay,URY,1985,
Uruguay,URY,1984,
Uruguay,URY,1983,
Uruguay,URY,1982,
Uruguay,URY,1981,
Uruguay,URY,1980,
Uruguay,URY,1979,
Uruguay,URY,1978,
Uruguay,URY,1977,
Uruguay,URY,1976,
Uruguay,URY,1975,
Uruguay,URY,1974,
Uruguay,URY,1973,
Uruguay,URY,1972,
Uruguay,URY,1971,
Uruguay,URY,1970,
Uruguay,URY,1969,
Uruguay,URY,1968,
Uruguay,URY,1967,
Uruguay,URY,1966,
Uruguay,URY,1965,
Uruguay,URY,1964,
Uruguay,URY,1963,
Uruguay,URY,1962,
Uruguay,URY,1961,
Uruguay,URY,1960,
Uzbekistan,UZB,2025,
Uzbekistan,UZB,2024,
Uzbekistan,UZB,2023,192.11869812
Uzbekistan,UZB,2022,170.64073181
Uzbekistan,UZB,2021,156.44789124
Uzbekistan,UZB,2020,120.29019165
Uzbekistan,UZB,2019,98.6240387
Uzbekistan,UZB,2018,82.53038788
Uzbekistan,UZB,2017,93.4151535
Uzbekistan,UZB,2016,129.82177734
Uzbekistan,UZB,2015,132.60565186
Uzbekistan,UZB,2014,118.44307709
Uzbekistan,UZB,2013,140.71011353
Uzbekistan,UZB,2012,127.94210052
Uzbekistan,UZB,2011,109.86156464
Uzbekistan,UZB,2010,92.87456512
Uzbekistan,UZB,2009,71.95819092
Uzbekistan,UZB,2008,61.29156876
Uzbekistan,UZB,2007,46.89629364
Uzbekistan,UZB,2006,37.97257233
Uzbekistan,UZB,2005,32.51261139
Uzbekistan,UZB,2004,28.02430153
Uzbekistan,UZB,2003,25.61911011
Uzbekistan,UZB,2002,24.50708961
Uzbekistan,UZB,2001,30.46290398
Uzbekistan,UZB,2000,35.72119904
Uzbekistan,UZB,1999,
Uzbekistan,UZB,1998,
Uzbekistan,UZB,1997,
Uzbekistan,UZB,1996,
Uzbekistan,UZB,1995,
Uzbekistan,UZB,1994,
Uzbekistan,UZB,1993,
Uzbekistan,UZB,1992,
Uzbekistan,UZB,1991,
Uzbekistan,UZB,1990,
Uzbekistan,UZB,1989,
Uzbekistan,UZB,1988,
Uzbekistan,UZB,1987,
Uzbekistan,UZB,1986,
Uzbekistan,UZB,1985,
Uzbekistan,UZB,1984,
Uzbekistan,UZB,1983,
Uzbekistan,UZB,1982,
Uzbekistan,UZB,1981,
Uzbekistan,UZB,1980,
Uzbekistan,UZB,1979,
Uzbekistan,UZB,1978,
Uzbekistan,UZB,1977,
Uzbekistan,UZB,1976,
Uzbekistan,UZB,1975,
Uzbekistan,UZB,1974,
Uzbekistan,UZB,1973,
Uzbekistan,UZB,1972,
Uzbekistan,UZB,1971,
Uzbekistan,UZB,1970,
Uzbekistan,UZB,1969,
Uzbekistan,UZB,1968,
Uzbekistan,UZB,1967,
Uzbekistan,UZB,1966,
Uzbekistan,UZB,1965,
Uzbekistan,UZB,1964,
Uzbekistan,UZB,1963,
Uzbekistan,UZB,1962,
Uzbekistan,UZB,1961,
Uzbekistan,UZB,1960,
Vanuatu,VUT,2025,
Vanuatu,VUT,2024,
Vanuatu,VUT,2023,143.43753052
Vanuatu,VUT,2022,136.79508972
Vanuatu,VUT,2021,142.56698608
Vanuatu,VUT,2020,125.41011047
Vanuatu,VUT,2019,112.13746643
Vanuatu,VUT,2018,110.32492065
Vanuatu,VUT,2017,91.04128265
Vanuatu,VUT,2016,88.35998535
Vanuatu,VUT,2015,118.71543121
Vanuatu,VUT,2014,108.2263031
Vanuatu,VUT,2013,130.88458252
Vanuatu,VUT,2012,118.27751923
Vanuatu,VUT,2011,113.80240631
Vanuatu,VUT,2010,99.27418518
Vanuatu,VUT,2009,82.80382538
Vanuatu,VUT,2008,81.72294617
Vanuatu,VUT,2007,72.5284729
Vanuatu,VUT,2006,67.60163116
Vanuatu,VUT,2005,61.93361664
Vanuatu,VUT,2004,62.80937958
Vanuatu,VUT,2003,54.93638229
Vanuatu,VUT,2002,52.34658813
Vanuatu,VUT,2001,45.73453903
Vanuatu,VUT,2000,48.28763199
Vanuatu,VUT,1999,
Vanuatu,VUT,1998,
Vanuatu,VUT,1997,
Vanuatu,VUT,1996,
Vanuatu,VUT,1995,
Vanuatu,VUT,1994,
Vanuatu,VUT,1993,
Vanuatu,VUT,1992,
Vanuatu,VUT,1991,
Vanuatu,VUT,1990,
Vanuatu,VUT,1989,
Vanuatu,VUT,1988,
Vanuatu,VUT,1987,
Vanuatu,VUT,1986,
Vanuatu,VUT,1985,
Vanuatu,VUT,1984,
Vanuatu,VUT,1983,
Vanuatu,VUT,1982,
Vanuatu,VUT,1981,
Vanuatu,VUT,1980,
Vanuatu,VUT,1979,
Vanuatu,VUT,1978,
Vanuatu,VUT,1977,
Vanuatu,VUT,1976,
Vanuatu,VUT,1975,
Vanuatu,VUT,1974,
Vanuatu,VUT,1973,
Vanuatu,VUT,1972,
Vanuatu,VUT,1971,
Vanuatu,VUT,1970,
Vanuatu,VUT,1969,
Vanuatu,VUT,1968,
Vanuatu,VUT,1967,
Vanuatu,VUT,1966,
Vanuatu,VUT,1965,
Vanuatu,VUT,1964,
Vanuatu,VUT,1963,
Vanuatu,VUT,1962,
Vanuatu,VUT,1961,
Vanuatu,VUT,1960,
"Venezuela, RB",VEN,2025,
"Venezuela, RB",VEN,2024,
"Venezuela, RB",VEN,2023,185.99124146
"Venezuela, RB",VEN,2022,208.66654968
"Venezuela, RB",VEN,2021,162.43952942
"Venezuela, RB",VEN,2020,153.21711731
"Venezuela, RB",VEN,2019,112.72974396
"Venezuela, RB",VEN,2018,164.68154907
"Venezuela, RB",VEN,2017,
"Venezuela, RB",VEN,2016,
"Venezuela, RB",VEN,2015,
"Venezuela, RB",VEN,2014,
"Venezuela, RB",VEN,2013,
"Venezuela, RB",VEN,2012,
"Venezuela, RB",VEN,2011,
"Venezuela, RB",VEN,2010,
"Venezuela, RB",VEN,2009,
"Venezuela, RB",VEN,2008,
"Venezuela, RB",VEN,2007,
"Venezuela, RB",VEN,2006,
"Venezuela, RB",VEN,2005,
"Venezuela, RB",VEN,2004,
"Venezuela, RB",VEN,2003,
"Venezuela, RB",VEN,2002,
"Venezuela, RB",VEN,2001,
"Venezuela, RB",VEN,2000,
"Venezuela, RB",VEN,1999,
"Venezuela, RB",VEN,1998,
"Venezuela, RB",VEN,1997,
"Venezuela, RB",VEN,1996,
"Venezuela, RB",VEN,1995,
"Venezuela, RB",VEN,1994,
"Venezuela, RB",VEN,1993,
"Venezuela, RB",VEN,1992,
"Venezuela, RB",VEN,1991,
"Venezuela, RB",VEN,1990,
"Venezuela, RB",VEN,1989,
"Venezuela, RB",VEN,1988,
"Venezuela, RB",VEN,1987,
"Venezuela, RB",VEN,1986,
"Venezuela, RB",VEN,1985,
"Venezuela, RB",VEN,1984,
"Venezuela, RB",VEN,1983,
"Venezuela, RB",VEN,1982,
"Venezuela, RB",VEN,1981,
"Venezuela, RB",VEN,1980,
"Venezuela, RB",VEN,1979,
"Venezuela, RB",VEN,1978,
"Venezuela, RB",VEN,1977,
"Venezuela, RB",VEN,1976,
"Venezuela, RB",VEN,1975,
"Venezuela, RB",VEN,1974,
"Venezuela, RB",VEN,1973,
"Venezuela, RB",VEN,1972,
"Venezuela, RB",VEN,1971,
"Venezuela, RB",VEN,1970,
"Venezuela, RB",VEN,1969,
"Venezuela, RB",VEN,1968,
"Venezuela, RB",VEN,1967,
"Venezuela, RB",VEN,1966,
"Venezuela, RB",VEN,1965,
"Venezuela, RB",VEN,1964,
"Venezuela, RB",VEN,1963,
"Venezuela, RB",VEN,1962,
"Venezuela, RB",VEN,1961,
"Venezuela, RB",VEN,1960,
Viet Nam,VNM,2025,
Viet Nam,VNM,2024,
Viet Nam,VNM,2023,197.19210815
Viet Nam,VNM,2022,188.22650146
Viet Nam,VNM,2021,168.09350586
Viet Nam,VNM,2020,153.10160828
Viet Nam,VNM,2019,171.15296936
Viet Nam,VNM,2018,161.97871399
Viet Nam,VNM,2017,147.51425171
Viet Nam,VNM,2016,133.1960144
Viet Nam,VNM,2015,121.43981171
Viet Nam,VNM,2014,119.44549561
Viet Nam,VNM,2013,104.10972595
Viet Nam,VNM,2012,109.29483795
Viet Nam,VNM,2011,97.05238342
Viet Nam,VNM,2010,85.36088562
Viet Nam,VNM,2009,69.82720184
Viet Nam,VNM,2008,64.433815
Viet Nam,VNM,2007,54.40701294
Viet Nam,VNM,2006,46.86905289
Viet Nam,VNM,2005,38.96974945
Viet Nam,VNM,2004,31.97719193
Viet Nam,VNM,2003,24.88381386
Viet Nam,VNM,2002,21.87733841
Viet Nam,VNM,2001,25.55491257
Viet Nam,VNM,2000,21.0719223
Viet Nam,VNM,1999,
Viet Nam,VNM,1998,
Viet Nam,VNM,1997,
Viet Nam,VNM,1996,
Viet Nam,VNM,1995,
Viet Nam,VNM,1994,
Viet Nam,VNM,1993,
Viet Nam,VNM,1992,
Viet Nam,VNM,1991,
Viet Nam,VNM,1990,
Viet Nam,VNM,1989,
Viet Nam,VNM,1988,
Viet Nam,VNM,1987,
Viet Nam,VNM,1986,
Viet Nam,VNM,1985,
Viet Nam,VNM,1984,
Viet Nam,VNM,1983,
Viet Nam,VNM,1982,
Viet Nam,VNM,1981,
Viet Nam,VNM,1980,
Viet Nam,VNM,1979,
Viet Nam,VNM,1978,
Viet Nam,VNM,1977,
Viet Nam,VNM,1976,
Viet Nam,VNM,1975,
Viet Nam,VNM,1974,
Viet Nam,VNM,1973,
Viet Nam,VNM,1972,
Viet Nam,VNM,1971,
Viet Nam,VNM,1970,
Viet Nam,VNM,1969,
Viet Nam,VNM,1968,
Viet Nam,VNM,1967,
Viet Nam,VNM,1966,
Viet Nam,VNM,1965,
Viet Nam,VNM,1964,
Viet Nam,VNM,1963,
Viet Nam,VNM,1962,
Viet Nam,VNM,1961,
Viet Nam,VNM,1960,
Virgin Islands (U.S.),VIR,2025,
Virgin Islands (U.S.),VIR,2024,
Virgin Islands (U.S.),VIR,2023,
Virgin Islands (U.S.),VIR,2022,
Virgin Islands (U.S.),VIR,2021,
Virgin Islands (U.S.),VIR,2020,
Virgin Islands (U.S.),VIR,2019,
Virgin Islands (U.S.),VIR,2018,
Virgin Islands (U.S.),VIR,2017,
Virgin Islands (U.S.),VIR,2016,
Virgin Islands (U.S.),VIR,2015,
Virgin Islands (U.S.),VIR,2014,
Virgin Islands (U.S.),VIR,2013,
Virgin Islands (U.S.),VIR,2012,
Virgin Islands (U.S.),VIR,2011,
Virgin Islands (U.S.),VIR,2010,
Virgin Islands (U.S.),VIR,2009,
Virgin Islands (U.S.),VIR,2008,
Virgin Islands (U.S.),VIR,2007,
Virgin Islands (U.S.),VIR,2006,
Virgin Islands (U.S.),VIR,2005,
Virgin Islands (U.S.),VIR,2004,
Virgin Islands (U.S.),VIR,2003,
Virgin Islands (U.S.),VIR,2002,
Virgin Islands (U.S.),VIR,2001,
Virgin Islands (U.S.),VIR,2000,
Virgin Islands (U.S.),VIR,1999,
Virgin Islands (U.S.),VIR,1998,
Virgin Islands (U.S.),VIR,1997,
Virgin Islands (U.S.),VIR,1996,
Virgin Islands (U.S.),VIR,1995,
Virgin Islands (U.S.),VIR,1994,
Virgin Islands (U.S.),VIR,1993,
Virgin Islands (U.S.),VIR,1992,
Virgin Islands (U.S.),VIR,1991,
Virgin Islands (U.S.),VIR,1990,
Virgin Islands (U.S.),VIR,1989,
Virgin Islands (U.S.),VIR,1988,
Virgin Islands (U.S.),VIR,1987,
Virgin Islands (U.S.),VIR,1986,
Virgin Islands (U.S.),VIR,1985,
Virgin Islands (U.S.),VIR,1984,
Virgin Islands (U.S.),VIR,1983,
Virgin Islands (U.S.),VIR,1982,
Virgin Islands (U.S.),VIR,1981,
Virgin Islands (U.S.),VIR,1980,
Virgin Islands (U.S.),VIR,1979,
Virgin Islands (U.S.),VIR,1978,
Virgin Islands (U.S.),VIR,1977,
Virgin Islands (U.S.),VIR,1976,
Virgin Islands (U.S.),VIR,1975,
Virgin Islands (U.S.),VIR,1974,
Virgin Islands (U.S.),VIR,1973,
Virgin Islands (U.S.),VIR,1972,
Virgin Islands (U.S.),VIR,1971,
Virgin Islands (U.S.),VIR,1970,
Virgin Islands (U.S.),VIR,1969,
Virgin Islands (U.S.),VIR,1968,
Virgin Islands (U.S.),VIR,1967,
Virgin Islands (U.S.),VIR,1966,
Virgin Islands (U.S.),VIR,1965,
Virgin Islands (U.S.),VIR,1964,
Virgin Islands (U.S.),VIR,1963,
Virgin Islands (U.S.),VIR,1962,
Virgin Islands (U.S.),VIR,1961,
Virgin Islands (U.S.),VIR,1960,
West Bank and Gaza,PSE,2025,
West Bank and Gaza,PSE,2024,
West Bank and Gaza,PSE,2023,345.67965698
West Bank and Gaza,PSE,2022,350.63812256
West Bank and Gaza,PSE,2021,364.4173584
West Bank and Gaza,PSE,2020,314.82254028
West Bank and Gaza,PSE,2019,317.45007324
West Bank and Gaza,PSE,2018,324.02166748
West Bank and Gaza,PSE,2017,310.2114563
West Bank and Gaza,PSE,2016,299.4125061
West Bank and Gaza,PSE,2015,286.91394043
West Bank and Gaza,PSE,2014,314.27474976
West Bank and Gaza,PSE,2013,327.25717163
West Bank and Gaza,PSE,2012,298.34082031
West Bank and Gaza,PSE,2011,308.36453247
West Bank and Gaza,PSE,2010,219.44699097
West Bank and Gaza,PSE,2009,221.97026062
West Bank and Gaza,PSE,2008,200.96418762
West Bank and Gaza,PSE,2007,149.22294617
West Bank and Gaza,PSE,2006,154.09745789
West Bank and Gaza,PSE,2005,158.43028259
West Bank and Gaza,PSE,2004,150.72610474
West Bank and Gaza,PSE,2003,111.62216187
West Bank and Gaza,PSE,2002,118.22906494
West Bank and Gaza,PSE,2001,127.37930298
West Bank and Gaza,PSE,2000,129.54533386
West Bank and Gaza,PSE,1999,
West Bank and Gaza,PSE,1998,
West Bank and Gaza,PSE,1997,
West Bank and Gaza,PSE,1996,
West Bank and Gaza,PSE,1995,
West Bank and Gaza,PSE,1994,
West Bank and Gaza,PSE,1993,
West Bank and Gaza,PSE,1992,
West Bank and Gaza,PSE,1991,
West Bank and Gaza,PSE,1990,
West Bank and Gaza,PSE,1989,
West Bank and Gaza,PSE,1988,
West Bank and Gaza,PSE,1987,
West Bank and Gaza,PSE,1986,
West Bank and Gaza,PSE,1985,
West Bank and Gaza,PSE,1984,
West Bank and Gaza,PSE,1983,
West Bank and Gaza,PSE,1982,
West Bank and Gaza,PSE,1981,
West Bank and Gaza,PSE,1980,
West Bank and Gaza,PSE,1979,
West Bank and Gaza,PSE,1978,
West Bank and Gaza,PSE,1977,
West Bank and Gaza,PSE,1976,
West Bank and Gaza,PSE,1975,
West Bank and Gaza,PSE,1974,
West Bank and Gaza,PSE,1973,
West Bank and Gaza,PSE,1972,
West Bank and Gaza,PSE,1971,
West Bank and Gaza,PSE,1970,
West Bank and Gaza,PSE,1969,
West Bank and Gaza,PSE,1968,
West Bank and Gaza,PSE,1967,
West Bank and Gaza,PSE,1966,
West Bank and Gaza,PSE,1965,
West Bank and Gaza,PSE,1964,
West Bank and Gaza,PSE,1963,
West Bank and Gaza,PSE,1962,
West Bank and Gaza,PSE,1961,
West Bank and Gaza,PSE,1960,
"Yemen, Rep.",YEM,2025,
"Yemen, Rep.",YEM,2024,
"Yemen, Rep.",YEM,2023,47.78109741
"Yemen, Rep.",YEM,2022,54.29036331
"Yemen, Rep.",YEM,2021,49.30105209
"Yemen, Rep.",YEM,2020,65.17704773
"Yemen, Rep.",YEM,2019,80.94759369
"Yemen, Rep.",YEM,2018,143.68727112
"Yemen, Rep.",YEM,2017,87.29970551
"Yemen, Rep.",YEM,2016,75.22454071
"Yemen, Rep.",YEM,2015,88.40743256
"Yemen, Rep.",YEM,2014,83.48936462
"Yemen, Rep.",YEM,2013,68.39746857
"Yemen, Rep.",YEM,2012,64.67756653
"Yemen, Rep.",YEM,2011,56.58930588
"Yemen, Rep.",YEM,2010,59.60072327
"Yemen, Rep.",YEM,2009,58.02085114
"Yemen, Rep.",YEM,2008,61.74676514
"Yemen, Rep.",YEM,2007,51.83703613
"Yemen, Rep.",YEM,2006,44.81512451
"Yemen, Rep.",YEM,2005,38.27000809
"Yemen, Rep.",YEM,2004,34.62483978
"Yemen, Rep.",YEM,2003,31.60428619
"Yemen, Rep.",YEM,2002,24.80142403
"Yemen, Rep.",YEM,2001,24.09247589
"Yemen, Rep.",YEM,2000,22.91244888
"Yemen, Rep.",YEM,1999,
"Yemen, Rep.",YEM,1998,
"Yemen, Rep.",YEM,1997,
"Yemen, Rep.",YEM,1996,
"Yemen, Rep.",YEM,1995,
"Yemen, Rep.",YEM,1994,
"Yemen, Rep.",YEM,1993,
"Yemen, Rep.",YEM,1992,
"Yemen, Rep.",YEM,1991,
"Yemen, Rep.",YEM,1990,
"Yemen, Rep.",YEM,1989,
"Yemen, Rep.",YEM,1988,
"Yemen, Rep.",YEM,1987,
"Yemen, Rep.",YEM,1986,
"Yemen, Rep.",YEM,1985,
"Yemen, Rep.",YEM,1984,
"Yemen, Rep.",YEM,1983,
"Yemen, Rep.",YEM,1982,
"Yemen, Rep.",YEM,1981,
"Yemen, Rep.",YEM,1980,
"Yemen, Rep.",YEM,1979,
"Yemen, Rep.",YEM,1978,
"Yemen, Rep.",YEM,1977,
"Yemen, Rep.",YEM,1976,
"Yemen, Rep.",YEM,1975,
"Yemen, Rep.",YEM,1974,
"Yemen, Rep.",YEM,1973,
"Yemen, Rep.",YEM,1972,
"Yemen, Rep.",YEM,1971,
"Yemen, Rep.",YEM,1970,
"Yemen, Rep.",YEM,1969,
"Yemen, Rep.",YEM,1968,
"Yemen, Rep.",YEM,1967,
"Yemen, Rep.",YEM,1966,
"Yemen, Rep.",YEM,1965,
"Yemen, Rep.",YEM,1964,
"Yemen, Rep.",YEM,1963,
"Yemen, Rep.",YEM,1962,
"Yemen, Rep.",YEM,1961,
"Yemen, Rep.",YEM,1960,
Zambia,ZMB,2025,
Zambia,ZMB,2024,
Zambia,ZMB,2023,79.55635071
Zambia,ZMB,2022,75.40128326
Zambia,ZMB,2021,74.83802795
Zambia,ZMB,2020,60.01779938
Zambia,ZMB,2019,85.02349854
Zambia,ZMB,2018,69.82767487
Zambia,ZMB,2017,70.93283844
Zambia,ZMB,2016,55.39532089
Zambia,ZMB,2015,57.38765335
Zambia,ZMB,2014,65.39261627
Zambia,ZMB,2013,83.29361725
Zambia,ZMB,2012,69.17604828
Zambia,ZMB,2011,64.3181076
Zambia,ZMB,2010,59.98767853
Zambia,ZMB,2009,59.38909531
Zambia,ZMB,2008,61.82287216
Zambia,ZMB,2007,51.02414322
Zambia,ZMB,2006,58.68175507
Zambia,ZMB,2005,44.99598694
Zambia,ZMB,2004,29.99057961
Zambia,ZMB,2003,26.75762367
Zambia,ZMB,2002,23.19246864
Zambia,ZMB,2001,18.94953918
Zambia,ZMB,2000,14.80953312
Zambia,ZMB,1999,
Zambia,ZMB,1998,
Zambia,ZMB,1997,
Zambia,ZMB,1996,
Zambia,ZMB,1995,
Zambia,ZMB,1994,
Zambia,ZMB,1993,
Zambia,ZMB,1992,
Zambia,ZMB,1991,
Zambia,ZMB,1990,
Zambia,ZMB,1989,
Zambia,ZMB,1988,
Zambia,ZMB,1987,
Zambia,ZMB,1986,
Zambia,ZMB,1985,
Zambia,ZMB,1984,
Zambia,ZMB,1983,
Zambia,ZMB,1982,
Zambia,ZMB,1981,
Zambia,ZMB,1980,
Zambia,ZMB,1979,
Zambia,ZMB,1978,
Zambia,ZMB,1977,
Zambia,ZMB,1976,
Zambia,ZMB,1975,
Zambia,ZMB,1974,
Zambia,ZMB,1973,
Zambia,ZMB,1972,
Zambia,ZMB,1971,
Zambia,ZMB,1970,
Zambia,ZMB,1969,
Zambia,ZMB,1968,
Zambia,ZMB,1967,
Zambia,ZMB,1966,
Zambia,ZMB,1965,
Zambia,ZMB,1964,
Zambia,ZMB,1963,
Zambia,ZMB,1962,
Zambia,ZMB,1961,
Zambia,ZMB,1960,
Zimbabwe,ZWE,2025,
Zimbabwe,ZWE,2024,
Zimbabwe,ZWE,2023,62.92946243
Zimbabwe,ZWE,2022,68.90727997
Zimbabwe,ZWE,2021,60.89874268
Zimbabwe,ZWE,2020,51.14250565
Zimbabwe,ZWE,2019,55.10725403
Zimbabwe,ZWE,2018,114.76815033
Zimbabwe,ZWE,2017,91.87199402
Zimbabwe,ZWE,2016,102.15909576
Zimbabwe,ZWE,2015,103.31652832
Zimbabwe,ZWE,2014,111.61201477
Zimbabwe,ZWE,2013,96.86148834
Zimbabwe,ZWE,2012,85.69155121
Zimbabwe,ZWE,2011,83.82868195
Zimbabwe,ZWE,2010,94.44809723
Zimbabwe,ZWE,2009,
Zimbabwe,ZWE,2008,
Zimbabwe,ZWE,2007,
Zimbabwe,ZWE,2006,
Zimbabwe,ZWE,2005,
Zimbabwe,ZWE,2004,
Zimbabwe,ZWE,2003,
Zimbabwe,ZWE,2002,
Zimbabwe,ZWE,2001,
Zimbabwe,ZWE,2000,
Zimbabwe,ZWE,1999,
Zimbabwe,ZWE,1998,
Zimbabwe,ZWE,1997,
Zimbabwe,ZWE,1996,
Zimbabwe,ZWE,1995,
Zimbabwe,ZWE,1994,
Zimbabwe,ZWE,1993,
Zimbabwe,ZWE,1992,
Zimbabwe,ZWE,1991,
Zimbabwe,ZWE,1990,
Zimbabwe,ZWE,1989,
Zimbabwe,ZWE,1988,
Zimbabwe,ZWE,1987,
Zimbabwe,ZWE,1986,
Zimbabwe,ZWE,1985,
Zimbabwe,ZWE,1984,
Zimbabwe,ZWE,1983,
Zimbabwe,ZWE,1982,
Zimbabwe,ZWE,1981,
Zimbabwe,ZWE,1980,
Zimbabwe,ZWE,1979,
Zimbabwe,ZWE,1978,
Zimbabwe,ZWE,1977,
Zimbabwe,ZWE,1976,
Zimbabwe,ZWE,1975,
Zimbabwe,ZWE,1974,
Zimbabwe,ZWE,1973,
Zimbabwe,ZWE,1972,
Zimbabwe,ZWE,1971,
Zimbabwe,ZWE,1970,
Zimbabwe,ZWE,1969,
Zimbabwe,ZWE,1968,
Zimbabwe,ZWE,1967,
Zimbabwe,ZWE,1966,
Zimbabwe,ZWE,1965,
Zimbabwe,ZWE,1964,
Zimbabwe,ZWE,1963,
Zimbabwe,ZWE,1962,
Zimbabwe,ZWE,1961,
Zimbabwe,ZWE,1960,
