Country,ISO3,Year,Value
Africa Eastern and Southern,AFE,2025,
Africa Eastern and Southern,AFE,2024,40.6888559393643
Africa Eastern and Southern,AFE,2023,41.9690853793299
Africa Eastern and Southern,AFE,2022,44.3419940282618
Africa Eastern and Southern,AFE,2021,44.3212333872642
Africa Eastern and Southern,AFE,2020,42.8500928778465
Africa Eastern and Southern,AFE,2019,43.3491582121366
Africa Eastern and Southern,AFE,2018,44.463549484202
Africa Eastern and Southern,AFE,2017,47.0022580758801
Africa Eastern and Southern,AFE,2016,47.4807789385276
Africa Eastern and Southern,AFE,2015,48.2370491089235
Africa Eastern and Southern,AFE,2014,48.867389030785
Africa Eastern and Southern,AFE,2013,49.2064251503149
Africa Eastern and Southern,AFE,2012,51.2375169680413
Africa Eastern and Southern,AFE,2011,56.0934207952868
Africa Eastern and Southern,AFE,2010,54.9583288336377
Africa Eastern and Southern,AFE,2009,56.4823860296468
Africa Eastern and Southern,AFE,2008,58.8008638119919
Africa Eastern and Southern,AFE,2007,61.4827803410729
Africa Eastern and Southern,AFE,2006,64.3502416273654
Africa Eastern and Southern,AFE,2005,67.813314792369
Africa Eastern and Southern,AFE,2004,73.4131344485453
Africa Eastern and Southern,AFE,2003,76.544245836463
Africa Eastern and Southern,AFE,2002,79.9989391499065
Africa Eastern and Southern,AFE,2001,84.8470551009121
Africa Eastern and Southern,AFE,2000,86.651975029806
Africa Eastern and Southern,AFE,1999,89.556636353021
Africa Eastern and Southern,AFE,1998,95.6625600073417
Africa Eastern and Southern,AFE,1997,95.1594069699317
Africa Eastern and Southern,AFE,1996,97.1391342256947
Africa Eastern and Southern,AFE,1995,95.0305653214774
Africa Eastern and Southern,AFE,1994,98.6059592355098
Africa Eastern and Southern,AFE,1993,100.584787893891
Africa Eastern and Southern,AFE,1992,101.650759978129
Africa Eastern and Southern,AFE,1991,102.307200417444
Africa Eastern and Southern,AFE,1990,100.49864327792
Africa Eastern and Southern,AFE,1989,
Africa Eastern and Southern,AFE,1988,
Africa Eastern and Southern,AFE,1987,
Africa Eastern and Southern,AFE,1986,
Africa Eastern and Southern,AFE,1985,
Africa Eastern and Southern,AFE,1984,
Africa Eastern and Southern,AFE,1983,
Africa Eastern and Southern,AFE,1982,
Africa Eastern and Southern,AFE,1981,
Africa Eastern and Southern,AFE,1980,
Africa Eastern and Southern,AFE,1979,
Africa Eastern and Southern,AFE,1978,
Africa Eastern and Southern,AFE,1977,
Africa Eastern and Southern,AFE,1976,
Africa Eastern and Southern,AFE,1975,
Africa Eastern and Southern,AFE,1974,
Africa Eastern and Southern,AFE,1973,
Africa Eastern and Southern,AFE,1972,
Africa Eastern and Southern,AFE,1971,
Africa Eastern and Southern,AFE,1970,
Africa Eastern and Southern,AFE,1969,
Africa Eastern and Southern,AFE,1968,
Africa Eastern and Southern,AFE,1967,
Africa Eastern and Southern,AFE,1966,
Africa Eastern and Southern,AFE,1965,
Africa Eastern and Southern,AFE,1964,
Africa Eastern and Southern,AFE,1963,
Africa Eastern and Southern,AFE,1962,
Africa Eastern and Southern,AFE,1961,
Africa Eastern and Southern,AFE,1960,
Africa Western and Central,AFW,2025,
Africa Western and Central,AFW,2024,56.4625109271234
Africa Western and Central,AFW,2023,57.3536816920022
Africa Western and Central,AFW,2022,60.0961055630681
Africa Western and Central,AFW,2021,59.1325922035608
Africa Western and Central,AFW,2020,59.3217984756743
Africa Western and Central,AFW,2019,60.6359506778456
Africa Western and Central,AFW,2018,60.3832231751609
Africa Western and Central,AFW,2017,61.089851563164
Africa Western and Central,AFW,2016,61.5484879851734
Africa Western and Central,AFW,2015,62.2249762468944
Africa Western and Central,AFW,2014,63.4187251491131
Africa Western and Central,AFW,2013,64.0389873868971
Africa Western and Central,AFW,2012,65.0950697267466
Africa Western and Central,AFW,2011,66.4327214131134
Africa Western and Central,AFW,2010,68.0235061080068
Africa Western and Central,AFW,2009,71.6591954131986
Africa Western and Central,AFW,2008,71.3255924562018
Africa Western and Central,AFW,2007,73.3693796154434
Africa Western and Central,AFW,2006,75.6044418186699
Africa Western and Central,AFW,2005,78.0044872809646
Africa Western and Central,AFW,2004,80.6627551444494
Africa Western and Central,AFW,2003,83.4686027504521
Africa Western and Central,AFW,2002,86.320157923051
Africa Western and Central,AFW,2001,89.256030951424
Africa Western and Central,AFW,2000,92.0775915872463
Africa Western and Central,AFW,1999,94.6533578680188
Africa Western and Central,AFW,1998,96.8994055925237
Africa Western and Central,AFW,1997,98.7374258686581
Africa Western and Central,AFW,1996,100.214088543056
Africa Western and Central,AFW,1995,101.282612693496
Africa Western and Central,AFW,1994,102.141580648197
Africa Western and Central,AFW,1993,102.719367636892
Africa Western and Central,AFW,1992,103.219577428925
Africa Western and Central,AFW,1991,103.695022150596
Africa Western and Central,AFW,1990,104.418457181813
Africa Western and Central,AFW,1989,
Africa Western and Central,AFW,1988,
Africa Western and Central,AFW,1987,
Africa Western and Central,AFW,1986,
Africa Western and Central,AFW,1985,
Africa Western and Central,AFW,1984,
Africa Western and Central,AFW,1983,
Africa Western and Central,AFW,1982,
Africa Western and Central,AFW,1981,
Africa Western and Central,AFW,1980,
Africa Western and Central,AFW,1979,
Africa Western and Central,AFW,1978,
Africa Western and Central,AFW,1977,
Africa Western and Central,AFW,1976,
Africa Western and Central,AFW,1975,
Africa Western and Central,AFW,1974,
Africa Western and Central,AFW,1973,
Africa Western and Central,AFW,1972,
Africa Western and Central,AFW,1971,
Africa Western and Central,AFW,1970,
Africa Western and Central,AFW,1969,
Africa Western and Central,AFW,1968,
Africa Western and Central,AFW,1967,
Africa Western and Central,AFW,1966,
Africa Western and Central,AFW,1965,
Africa Western and Central,AFW,1964,
Africa Western and Central,AFW,1963,
Africa Western and Central,AFW,1962,
Africa Western and Central,AFW,1961,
Africa Western and Central,AFW,1960,
Arab World,ARB,2025,
Arab World,ARB,2024,26.5842683163759
Arab World,ARB,2023,27.4409368971315
Arab World,ARB,2022,28.7270048384557
Arab World,ARB,2021,27.8824910367
Arab World,ARB,2020,28.304838886486
Arab World,ARB,2019,28.8660423125059
Arab World,ARB,2018,29.7887898491258
Arab World,ARB,2017,30.5835419034964
Arab World,ARB,2016,29.9961600736115
Arab World,ARB,2015,30.5646546531194
Arab World,ARB,2014,31.0474652662062
Arab World,ARB,2013,31.7913079239979
Arab World,ARB,2012,33.7185677118196
Arab World,ARB,2011,40.3057963248342
Arab World,ARB,2010,35.1815611944121
Arab World,ARB,2009,35.3447083930703
Arab World,ARB,2008,36.4611825609064
Arab World,ARB,2007,37.7822755398026
Arab World,ARB,2006,39.1770698336258
Arab World,ARB,2005,41.1591664513718
Arab World,ARB,2004,42.4049242049687
Arab World,ARB,2003,43.037758346618
Arab World,ARB,2002,44.3958801989057
Arab World,ARB,2001,45.7131614167482
Arab World,ARB,2000,47.0749733255125
Arab World,ARB,1999,48.523788863247
Arab World,ARB,1998,52.935821459296
Arab World,ARB,1997,51.4343931367192
Arab World,ARB,1996,52.8392944738082
Arab World,ARB,1995,54.289025778373
Arab World,ARB,1994,55.6402365207287
Arab World,ARB,1993,61.8265010527523
Arab World,ARB,1992,63.5386915203954
Arab World,ARB,1991,65.7177926779757
Arab World,ARB,1990,62.9003760648521
Arab World,ARB,1989,
Arab World,ARB,1988,
Arab World,ARB,1987,
Arab World,ARB,1986,
Arab World,ARB,1985,
Arab World,ARB,1984,
Arab World,ARB,1983,
Arab World,ARB,1982,
Arab World,ARB,1981,
Arab World,ARB,1980,
Arab World,ARB,1979,
Arab World,ARB,1978,
Arab World,ARB,1977,
Arab World,ARB,1976,
Arab World,ARB,1975,
Arab World,ARB,1974,
Arab World,ARB,1973,
Arab World,ARB,1972,
Arab World,ARB,1971,
Arab World,ARB,1970,
Arab World,ARB,1969,
Arab World,ARB,1968,
Arab World,ARB,1967,
Arab World,ARB,1966,
Arab World,ARB,1965,
Arab World,ARB,1964,
Arab World,ARB,1963,
Arab World,ARB,1962,
Arab World,ARB,1961,
Arab World,ARB,1960,
Caribbean small states,CSS,2025,
Caribbean small states,CSS,2024,16.5270411916146
Caribbean small states,CSS,2023,17.0205325047219
Caribbean small states,CSS,2022,17.5298479202642
Caribbean small states,CSS,2021,18.0083720507892
Caribbean small states,CSS,2020,18.3715076996184
Caribbean small states,CSS,2019,19.1223174409837
Caribbean small states,CSS,2018,19.1054984373631
Caribbean small states,CSS,2017,19.5721339239187
Caribbean small states,CSS,2016,20.0235687403775
Caribbean small states,CSS,2015,20.4184251636057
Caribbean small states,CSS,2014,20.8272256050831
Caribbean small states,CSS,2013,21.2379370264822
Caribbean small states,CSS,2012,21.6075889690851
Caribbean small states,CSS,2011,21.955930175951
Caribbean small states,CSS,2010,22.3075655710491
Caribbean small states,CSS,2009,22.5956828842588
Caribbean small states,CSS,2008,22.9974728553329
Caribbean small states,CSS,2007,23.3662333233296
Caribbean small states,CSS,2006,23.77023542294
Caribbean small states,CSS,2005,24.1381904866287
Caribbean small states,CSS,2004,24.5379820946038
Caribbean small states,CSS,2003,25.0242745835572
Caribbean small states,CSS,2002,25.615334201903
Caribbean small states,CSS,2001,26.1262545640894
Caribbean small states,CSS,2000,26.7661782338167
Caribbean small states,CSS,1999,27.4227325545074
Caribbean small states,CSS,1998,28.1513840291873
Caribbean small states,CSS,1997,28.6753521040738
Caribbean small states,CSS,1996,29.2665349907585
Caribbean small states,CSS,1995,29.8397181126837
Caribbean small states,CSS,1994,30.5141997100907
Caribbean small states,CSS,1993,31.1257001344534
Caribbean small states,CSS,1992,31.7721494758886
Caribbean small states,CSS,1991,32.6368697397024
Caribbean small states,CSS,1990,33.4455512171713
Caribbean small states,CSS,1989,
Caribbean small states,CSS,1988,
Caribbean small states,CSS,1987,
Caribbean small states,CSS,1986,
Caribbean small states,CSS,1985,
Caribbean small states,CSS,1984,
Caribbean small states,CSS,1983,
Caribbean small states,CSS,1982,
Caribbean small states,CSS,1981,
Caribbean small states,CSS,1980,
Caribbean small states,CSS,1979,
Caribbean small states,CSS,1978,
Caribbean small states,CSS,1977,
Caribbean small states,CSS,1976,
Caribbean small states,CSS,1975,
Caribbean small states,CSS,1974,
Caribbean small states,CSS,1973,
Caribbean small states,CSS,1972,
Caribbean small states,CSS,1971,
Caribbean small states,CSS,1970,
Caribbean small states,CSS,1969,
Caribbean small states,CSS,1968,
Caribbean small states,CSS,1967,
Caribbean small states,CSS,1966,
Caribbean small states,CSS,1965,
Caribbean small states,CSS,1964,
Caribbean small states,CSS,1963,
Caribbean small states,CSS,1962,
Caribbean small states,CSS,1961,
Caribbean small states,CSS,1960,
Central Europe and the Baltics,CEB,2025,
Central Europe and the Baltics,CEB,2024,3.97575075564461
Central Europe and the Baltics,CEB,2023,3.95279671275124
Central Europe and the Baltics,CEB,2022,3.91785867447588
Central Europe and the Baltics,CEB,2021,3.89436436404891
Central Europe and the Baltics,CEB,2020,3.992462176151
Central Europe and the Baltics,CEB,2019,4.05222839523211
Central Europe and the Baltics,CEB,2018,4.26028713692627
Central Europe and the Baltics,CEB,2017,4.45228247513288
Central Europe and the Baltics,CEB,2016,4.65300774010684
Central Europe and the Baltics,CEB,2015,4.87319967504207
Central Europe and the Baltics,CEB,2014,5.085886778832
Central Europe and the Baltics,CEB,2013,5.33229913812694
Central Europe and the Baltics,CEB,2012,5.61777538519931
Central Europe and the Baltics,CEB,2011,5.86923053691307
Central Europe and the Baltics,CEB,2010,6.16850477492679
Central Europe and the Baltics,CEB,2009,6.57317505945682
Central Europe and the Baltics,CEB,2008,6.95230186920212
Central Europe and the Baltics,CEB,2007,7.37250400725428
Central Europe and the Baltics,CEB,2006,7.95930781169749
Central Europe and the Baltics,CEB,2005,8.47291667661146
Central Europe and the Baltics,CEB,2004,8.94363047707199
Central Europe and the Baltics,CEB,2003,9.29812959278512
Central Europe and the Baltics,CEB,2002,9.55699546603122
Central Europe and the Baltics,CEB,2001,9.86456631163925
Central Europe and the Baltics,CEB,2000,10.4180355177355
Central Europe and the Baltics,CEB,1999,11.0714516938687
Central Europe and the Baltics,CEB,1998,11.7657199775918
Central Europe and the Baltics,CEB,1997,12.4165543105987
Central Europe and the Baltics,CEB,1996,13.0639021948129
Central Europe and the Baltics,CEB,1995,13.7020269374758
Central Europe and the Baltics,CEB,1994,14.2664187516798
Central Europe and the Baltics,CEB,1993,14.7384392080688
Central Europe and the Baltics,CEB,1992,15.188522003244
Central Europe and the Baltics,CEB,1991,15.5432061594286
Central Europe and the Baltics,CEB,1990,16.0530885646746
Central Europe and the Baltics,CEB,1989,
Central Europe and the Baltics,CEB,1988,
Central Europe and the Baltics,CEB,1987,
Central Europe and the Baltics,CEB,1986,
Central Europe and the Baltics,CEB,1985,
Central Europe and the Baltics,CEB,1984,
Central Europe and the Baltics,CEB,1983,
Central Europe and the Baltics,CEB,1982,
Central Europe and the Baltics,CEB,1981,
Central Europe and the Baltics,CEB,1980,
Central Europe and the Baltics,CEB,1979,
Central Europe and the Baltics,CEB,1978,
Central Europe and the Baltics,CEB,1977,
Central Europe and the Baltics,CEB,1976,
Central Europe and the Baltics,CEB,1975,
Central Europe and the Baltics,CEB,1974,
Central Europe and the Baltics,CEB,1973,
Central Europe and the Baltics,CEB,1972,
Central Europe and the Baltics,CEB,1971,
Central Europe and the Baltics,CEB,1970,
Central Europe and the Baltics,CEB,1969,
Central Europe and the Baltics,CEB,1968,
Central Europe and the Baltics,CEB,1967,
Central Europe and the Baltics,CEB,1966,
Central Europe and the Baltics,CEB,1965,
Central Europe and the Baltics,CEB,1964,
Central Europe and the Baltics,CEB,1963,
Central Europe and the Baltics,CEB,1962,
Central Europe and the Baltics,CEB,1961,
Central Europe and the Baltics,CEB,1960,
Early-demographic dividend,EAR,2025,
Early-demographic dividend,EAR,2024,25.0635048695029
Early-demographic dividend,EAR,2023,26.1411721943006
Early-demographic dividend,EAR,2022,27.4783994736483
Early-demographic dividend,EAR,2021,28.3320658567733
Early-demographic dividend,EAR,2020,28.4460343482701
Early-demographic dividend,EAR,2019,29.3622810142626
Early-demographic dividend,EAR,2018,30.2956329291848
Early-demographic dividend,EAR,2017,31.296660942754
Early-demographic dividend,EAR,2016,32.4383507443745
Early-demographic dividend,EAR,2015,33.6326416709275
Early-demographic dividend,EAR,2014,34.9365766456553
Early-demographic dividend,EAR,2013,36.4036032052332
Early-demographic dividend,EAR,2012,37.9358776739509
Early-demographic dividend,EAR,2011,39.478978945015
Early-demographic dividend,EAR,2010,41.1910825751624
Early-demographic dividend,EAR,2009,42.710242547749
Early-demographic dividend,EAR,2008,44.5089667481534
Early-demographic dividend,EAR,2007,45.9585221864569
Early-demographic dividend,EAR,2006,47.6595280398397
Early-demographic dividend,EAR,2005,49.4586308642085
Early-demographic dividend,EAR,2004,51.4549982788
Early-demographic dividend,EAR,2003,53.1755478426774
Early-demographic dividend,EAR,2002,55.0811236529929
Early-demographic dividend,EAR,2001,56.9750587180705
Early-demographic dividend,EAR,2000,58.9356049735571
Early-demographic dividend,EAR,1999,60.8965062918579
Early-demographic dividend,EAR,1998,62.8777752141954
Early-demographic dividend,EAR,1997,64.8352286672559
Early-demographic dividend,EAR,1996,66.6852299485069
Early-demographic dividend,EAR,1995,68.4910402758553
Early-demographic dividend,EAR,1994,70.8546567712265
Early-demographic dividend,EAR,1993,72.1391311034193
Early-demographic dividend,EAR,1992,73.9233966168244
Early-demographic dividend,EAR,1991,75.7055352111154
Early-demographic dividend,EAR,1990,77.7018820204681
Early-demographic dividend,EAR,1989,
Early-demographic dividend,EAR,1988,
Early-demographic dividend,EAR,1987,
Early-demographic dividend,EAR,1986,
Early-demographic dividend,EAR,1985,
Early-demographic dividend,EAR,1984,
Early-demographic dividend,EAR,1983,
Early-demographic dividend,EAR,1982,
Early-demographic dividend,EAR,1981,
Early-demographic dividend,EAR,1980,
Early-demographic dividend,EAR,1979,
Early-demographic dividend,EAR,1978,
Early-demographic dividend,EAR,1977,
Early-demographic dividend,EAR,1976,
Early-demographic dividend,EAR,1975,
Early-demographic dividend,EAR,1974,
Early-demographic dividend,EAR,1973,
Early-demographic dividend,EAR,1972,
Early-demographic dividend,EAR,1971,
Early-demographic dividend,EAR,1970,
Early-demographic dividend,EAR,1969,
Early-demographic dividend,EAR,1968,
Early-demographic dividend,EAR,1967,
Early-demographic dividend,EAR,1966,
Early-demographic dividend,EAR,1965,
Early-demographic dividend,EAR,1964,
Early-demographic dividend,EAR,1963,
Early-demographic dividend,EAR,1962,
Early-demographic dividend,EAR,1961,
Early-demographic dividend,EAR,1960,
East Asia & Pacific,EAS,2025,
East Asia & Pacific,EAS,2024,10.7
East Asia & Pacific,EAS,2023,11.1
East Asia & Pacific,EAS,2022,11.4
East Asia & Pacific,EAS,2021,11.5
East Asia & Pacific,EAS,2020,11.6
East Asia & Pacific,EAS,2019,11.5
East Asia & Pacific,EAS,2018,11.9
East Asia & Pacific,EAS,2017,11.9
East Asia & Pacific,EAS,2016,12.6
East Asia & Pacific,EAS,2015,13.3
East Asia & Pacific,EAS,2014,13.8
East Asia & Pacific,EAS,2013,14.6
East Asia & Pacific,EAS,2012,15.3
East Asia & Pacific,EAS,2011,16.3
East Asia & Pacific,EAS,2010,17.2
East Asia & Pacific,EAS,2009,18.1
East Asia & Pacific,EAS,2008,19.6
East Asia & Pacific,EAS,2007,20.4
East Asia & Pacific,EAS,2006,21.7
East Asia & Pacific,EAS,2005,23.2
East Asia & Pacific,EAS,2004,25.0
East Asia & Pacific,EAS,2003,26.3
East Asia & Pacific,EAS,2002,28.3
East Asia & Pacific,EAS,2001,30.0
East Asia & Pacific,EAS,2000,31.6
East Asia & Pacific,EAS,1999,33.4
East Asia & Pacific,EAS,1998,35.0
East Asia & Pacific,EAS,1997,36.5
East Asia & Pacific,EAS,1996,38.0
East Asia & Pacific,EAS,1995,39.4
East Asia & Pacific,EAS,1994,40.3
East Asia & Pacific,EAS,1993,41.6
East Asia & Pacific,EAS,1992,42.7
East Asia & Pacific,EAS,1991,43.8
East Asia & Pacific,EAS,1990,44.5
East Asia & Pacific,EAS,1989,
East Asia & Pacific,EAS,1988,
East Asia & Pacific,EAS,1987,
East Asia & Pacific,EAS,1986,
East Asia & Pacific,EAS,1985,
East Asia & Pacific,EAS,1984,
East Asia & Pacific,EAS,1983,
East Asia & Pacific,EAS,1982,
East Asia & Pacific,EAS,1981,
East Asia & Pacific,EAS,1980,
East Asia & Pacific,EAS,1979,
East Asia & Pacific,EAS,1978,
East Asia & Pacific,EAS,1977,
East Asia & Pacific,EAS,1976,
East Asia & Pacific,EAS,1975,
East Asia & Pacific,EAS,1974,
East Asia & Pacific,EAS,1973,
East Asia & Pacific,EAS,1972,
East Asia & Pacific,EAS,1971,
East Asia & Pacific,EAS,1970,
East Asia & Pacific,EAS,1969,
East Asia & Pacific,EAS,1968,
East Asia & Pacific,EAS,1967,
East Asia & Pacific,EAS,1966,
East Asia & Pacific,EAS,1965,
East Asia & Pacific,EAS,1964,
East Asia & Pacific,EAS,1963,
East Asia & Pacific,EAS,1962,
East Asia & Pacific,EAS,1961,
East Asia & Pacific,EAS,1960,
East Asia & Pacific (excluding high income),EAP,2025,
East Asia & Pacific (excluding high income),EAP,2024,11.3362845942632
East Asia & Pacific (excluding high income),EAP,2023,11.725115588834
East Asia & Pacific (excluding high income),EAP,2022,12.0161581242148
East Asia & Pacific (excluding high income),EAP,2021,12.1131825259579
East Asia & Pacific (excluding high income),EAP,2020,12.2144132880224
East Asia & Pacific (excluding high income),EAP,2019,12.072323650008
East Asia & Pacific (excluding high income),EAP,2018,12.4379101812444
East Asia & Pacific (excluding high income),EAP,2017,12.4963418670572
East Asia & Pacific (excluding high income),EAP,2016,13.1626280351615
East Asia & Pacific (excluding high income),EAP,2015,13.9878565619247
East Asia & Pacific (excluding high income),EAP,2014,14.4404045183894
East Asia & Pacific (excluding high income),EAP,2013,15.3369572305821
East Asia & Pacific (excluding high income),EAP,2012,15.9978043190605
East Asia & Pacific (excluding high income),EAP,2011,17.1294320665527
East Asia & Pacific (excluding high income),EAP,2010,18.0463284414026
East Asia & Pacific (excluding high income),EAP,2009,19.051177857967
East Asia & Pacific (excluding high income),EAP,2008,20.6834185451868
East Asia & Pacific (excluding high income),EAP,2007,21.5678770922596
East Asia & Pacific (excluding high income),EAP,2006,22.968139836174
East Asia & Pacific (excluding high income),EAP,2005,24.4579617301519
East Asia & Pacific (excluding high income),EAP,2004,26.4009227080856
East Asia & Pacific (excluding high income),EAP,2003,27.8316063391465
East Asia & Pacific (excluding high income),EAP,2002,30.0545383738273
East Asia & Pacific (excluding high income),EAP,2001,31.8725472622641
East Asia & Pacific (excluding high income),EAP,2000,33.5616023992955
East Asia & Pacific (excluding high income),EAP,1999,35.5352878154856
East Asia & Pacific (excluding high income),EAP,1998,37.2298135572535
East Asia & Pacific (excluding high income),EAP,1997,38.8005507266856
East Asia & Pacific (excluding high income),EAP,1996,40.344241165462
East Asia & Pacific (excluding high income),EAP,1995,41.7676228612052
East Asia & Pacific (excluding high income),EAP,1994,42.720925523466
East Asia & Pacific (excluding high income),EAP,1993,44.0355050293246
East Asia & Pacific (excluding high income),EAP,1992,45.2135708161001
East Asia & Pacific (excluding high income),EAP,1991,46.2119671404386
East Asia & Pacific (excluding high income),EAP,1990,46.5860945213817
East Asia & Pacific (excluding high income),EAP,1989,
East Asia & Pacific (excluding high income),EAP,1988,
East Asia & Pacific (excluding high income),EAP,1987,
East Asia & Pacific (excluding high income),EAP,1986,
East Asia & Pacific (excluding high income),EAP,1985,
East Asia & Pacific (excluding high income),EAP,1984,
East Asia & Pacific (excluding high income),EAP,1983,
East Asia & Pacific (excluding high income),EAP,1982,
East Asia & Pacific (excluding high income),EAP,1981,
East Asia & Pacific (excluding high income),EAP,1980,
East Asia & Pacific (excluding high income),EAP,1979,
East Asia & Pacific (excluding high income),EAP,1978,
East Asia & Pacific (excluding high income),EAP,1977,
East Asia & Pacific (excluding high income),EAP,1976,
East Asia & Pacific (excluding high income),EAP,1975,
East Asia & Pacific (excluding high income),EAP,1974,
East Asia & Pacific (excluding high income),EAP,1973,
East Asia & Pacific (excluding high income),EAP,1972,
East Asia & Pacific (excluding high income),EAP,1971,
East Asia & Pacific (excluding high income),EAP,1970,
East Asia & Pacific (excluding high income),EAP,1969,
East Asia & Pacific (excluding high income),EAP,1968,
East Asia & Pacific (excluding high income),EAP,1967,
East Asia & Pacific (excluding high income),EAP,1966,
East Asia & Pacific (excluding high income),EAP,1965,
East Asia & Pacific (excluding high income),EAP,1964,
East Asia & Pacific (excluding high income),EAP,1963,
East Asia & Pacific (excluding high income),EAP,1962,
East Asia & Pacific (excluding high income),EAP,1961,
East Asia & Pacific (excluding high income),EAP,1960,
East Asia & Pacific (IDA & IBRD countries),TEA,2025,
East Asia & Pacific (IDA & IBRD countries),TEA,2024,11.3017036600591
East Asia & Pacific (IDA & IBRD countries),TEA,2023,11.6764097339227
East Asia & Pacific (IDA & IBRD countries),TEA,2022,11.9768707680509
East Asia & Pacific (IDA & IBRD countries),TEA,2021,12.0805913288042
East Asia & Pacific (IDA & IBRD countries),TEA,2020,12.1855100266913
East Asia & Pacific (IDA & IBRD countries),TEA,2019,12.0422004171441
East Asia & Pacific (IDA & IBRD countries),TEA,2018,12.4071301006166
East Asia & Pacific (IDA & IBRD countries),TEA,2017,12.4626045759779
East Asia & Pacific (IDA & IBRD countries),TEA,2016,13.1245049845938
East Asia & Pacific (IDA & IBRD countries),TEA,2015,13.9507795029941
East Asia & Pacific (IDA & IBRD countries),TEA,2014,14.3991276696593
East Asia & Pacific (IDA & IBRD countries),TEA,2013,15.2932750641768
East Asia & Pacific (IDA & IBRD countries),TEA,2012,15.9491891904835
East Asia & Pacific (IDA & IBRD countries),TEA,2011,17.0792197693659
East Asia & Pacific (IDA & IBRD countries),TEA,2010,17.9930018922012
East Asia & Pacific (IDA & IBRD countries),TEA,2009,18.9977993496039
East Asia & Pacific (IDA & IBRD countries),TEA,2008,20.6370994684463
East Asia & Pacific (IDA & IBRD countries),TEA,2007,21.5209490051799
East Asia & Pacific (IDA & IBRD countries),TEA,2006,22.9332263559182
East Asia & Pacific (IDA & IBRD countries),TEA,2005,24.4360383278058
East Asia & Pacific (IDA & IBRD countries),TEA,2004,26.3959204134529
East Asia & Pacific (IDA & IBRD countries),TEA,2003,27.8385806080203
East Asia & Pacific (IDA & IBRD countries),TEA,2002,29.6777766525706
East Asia & Pacific (IDA & IBRD countries),TEA,2001,31.4941119567121
East Asia & Pacific (IDA & IBRD countries),TEA,2000,33.1963495682264
East Asia & Pacific (IDA & IBRD countries),TEA,1999,35.1632311390466
East Asia & Pacific (IDA & IBRD countries),TEA,1998,36.8649891382944
East Asia & Pacific (IDA & IBRD countries),TEA,1997,38.4468192802094
East Asia & Pacific (IDA & IBRD countries),TEA,1996,39.9976576761828
East Asia & Pacific (IDA & IBRD countries),TEA,1995,41.4349764738043
East Asia & Pacific (IDA & IBRD countries),TEA,1994,42.8561248891307
East Asia & Pacific (IDA & IBRD countries),TEA,1993,44.1823524832381
East Asia & Pacific (IDA & IBRD countries),TEA,1992,45.3742501074906
East Asia & Pacific (IDA & IBRD countries),TEA,1991,46.3822498559098
East Asia & Pacific (IDA & IBRD countries),TEA,1990,46.7421673963807
East Asia & Pacific (IDA & IBRD countries),TEA,1989,
East Asia & Pacific (IDA & IBRD countries),TEA,1988,
East Asia & Pacific (IDA & IBRD countries),TEA,1987,
East Asia & Pacific (IDA & IBRD countries),TEA,1986,
East Asia & Pacific (IDA & IBRD countries),TEA,1985,
East Asia & Pacific (IDA & IBRD countries),TEA,1984,
East Asia & Pacific (IDA & IBRD countries),TEA,1983,
East Asia & Pacific (IDA & IBRD countries),TEA,1982,
East Asia & Pacific (IDA & IBRD countries),TEA,1981,
East Asia & Pacific (IDA & IBRD countries),TEA,1980,
East Asia & Pacific (IDA & IBRD countries),TEA,1979,
East Asia & Pacific (IDA & IBRD countries),TEA,1978,
East Asia & Pacific (IDA & IBRD countries),TEA,1977,
East Asia & Pacific (IDA & IBRD countries),TEA,1976,
East Asia & Pacific (IDA & IBRD countries),TEA,1975,
East Asia & Pacific (IDA & IBRD countries),TEA,1974,
East Asia & Pacific (IDA & IBRD countries),TEA,1973,
East Asia & Pacific (IDA & IBRD countries),TEA,1972,
East Asia & Pacific (IDA & IBRD countries),TEA,1971,
East Asia & Pacific (IDA & IBRD countries),TEA,1970,
East Asia & Pacific (IDA & IBRD countries),TEA,1969,
East Asia & Pacific (IDA & IBRD countries),TEA,1968,
East Asia & Pacific (IDA & IBRD countries),TEA,1967,
East Asia & Pacific (IDA & IBRD countries),TEA,1966,
East Asia & Pacific (IDA & IBRD countries),TEA,1965,
East Asia & Pacific (IDA & IBRD countries),TEA,1964,
East Asia & Pacific (IDA & IBRD countries),TEA,1963,
East Asia & Pacific (IDA & IBRD countries),TEA,1962,
East Asia & Pacific (IDA & IBRD countries),TEA,1961,
East Asia & Pacific (IDA & IBRD countries),TEA,1960,
Euro area,EMU,2025,
Euro area,EMU,2024,3.05533756666221
Euro area,EMU,2023,3.06507143228967
Euro area,EMU,2022,3.08079582441602
Euro area,EMU,2021,3.1034444233086
Euro area,EMU,2020,3.08544366444468
Euro area,EMU,2019,3.10896029715255
Euro area,EMU,2018,3.17040031256008
Euro area,EMU,2017,3.19222348531025
Euro area,EMU,2016,3.22452580460808
Euro area,EMU,2015,3.25259008786149
Euro area,EMU,2014,3.27838754218584
Euro area,EMU,2013,3.31372335966227
Euro area,EMU,2012,3.37134368772701
Euro area,EMU,2011,3.43505873071151
Euro area,EMU,2010,3.53451958394037
Euro area,EMU,2009,3.59924221663917
Euro area,EMU,2008,3.70035361421681
Euro area,EMU,2007,3.80743664042227
Euro area,EMU,2006,3.93106175046183
Euro area,EMU,2005,4.04520087842091
Euro area,EMU,2004,4.20223278877637
Euro area,EMU,2003,4.38382338752613
Euro area,EMU,2002,4.5504248742716
Euro area,EMU,2001,4.71042999115864
Euro area,EMU,2000,4.91926860587189
Euro area,EMU,1999,5.10759126037537
Euro area,EMU,1998,5.32596079174274
Euro area,EMU,1997,5.54230257134647
Euro area,EMU,1996,5.85800868680917
Euro area,EMU,1995,6.22779398420707
Euro area,EMU,1994,6.6029028694929
Euro area,EMU,1993,7.04352183402738
Euro area,EMU,1992,7.47635141525034
Euro area,EMU,1991,7.86195119169649
Euro area,EMU,1990,8.18253925664779
Euro area,EMU,1989,
Euro area,EMU,1988,
Euro area,EMU,1987,
Euro area,EMU,1986,
Euro area,EMU,1985,
Euro area,EMU,1984,
Euro area,EMU,1983,
Euro area,EMU,1982,
Euro area,EMU,1981,
Euro area,EMU,1980,
Euro area,EMU,1979,
Euro area,EMU,1978,
Euro area,EMU,1977,
Euro area,EMU,1976,
Euro area,EMU,1975,
Euro area,EMU,1974,
Euro area,EMU,1973,
Euro area,EMU,1972,
Euro area,EMU,1971,
Euro area,EMU,1970,
Euro area,EMU,1969,
Euro area,EMU,1968,
Euro area,EMU,1967,
Euro area,EMU,1966,
Euro area,EMU,1965,
Euro area,EMU,1964,
Euro area,EMU,1963,
Euro area,EMU,1962,
Euro area,EMU,1961,
Euro area,EMU,1960,
Europe & Central Asia,ECS,2025,
Europe & Central Asia,ECS,2024,6.6
Europe & Central Asia,ECS,2023,6.9
Europe & Central Asia,ECS,2022,6.8
Europe & Central Asia,ECS,2021,6.9
Europe & Central Asia,ECS,2020,7.0
Europe & Central Asia,ECS,2019,7.1
Europe & Central Asia,ECS,2018,7.3
Europe & Central Asia,ECS,2017,7.4
Europe & Central Asia,ECS,2016,7.7
Europe & Central Asia,ECS,2015,8.1
Europe & Central Asia,ECS,2014,8.4
Europe & Central Asia,ECS,2013,8.8
Europe & Central Asia,ECS,2012,9.1
Europe & Central Asia,ECS,2011,9.4
Europe & Central Asia,ECS,2010,9.9
Europe & Central Asia,ECS,2009,10.4
Europe & Central Asia,ECS,2008,11.0
Europe & Central Asia,ECS,2007,11.6
Europe & Central Asia,ECS,2006,12.3
Europe & Central Asia,ECS,2005,13.0
Europe & Central Asia,ECS,2004,13.8
Europe & Central Asia,ECS,2003,14.6
Europe & Central Asia,ECS,2002,15.6
Europe & Central Asia,ECS,2001,16.6
Europe & Central Asia,ECS,2000,17.5
Europe & Central Asia,ECS,1999,18.9
Europe & Central Asia,ECS,1998,20.0
Europe & Central Asia,ECS,1997,21.1
Europe & Central Asia,ECS,1996,22.1
Europe & Central Asia,ECS,1995,23.3
Europe & Central Asia,ECS,1994,24.0
Europe & Central Asia,ECS,1993,24.7
Europe & Central Asia,ECS,1992,25.0
Europe & Central Asia,ECS,1991,25.3
Europe & Central Asia,ECS,1990,25.6
Europe & Central Asia,ECS,1989,
Europe & Central Asia,ECS,1988,
Europe & Central Asia,ECS,1987,
Europe & Central Asia,ECS,1986,
Europe & Central Asia,ECS,1985,
Europe & Central Asia,ECS,1984,
Europe & Central Asia,ECS,1983,
Europe & Central Asia,ECS,1982,
Europe & Central Asia,ECS,1981,
Europe & Central Asia,ECS,1980,
Europe & Central Asia,ECS,1979,
Europe & Central Asia,ECS,1978,
Europe & Central Asia,ECS,1977,
Europe & Central Asia,ECS,1976,
Europe & Central Asia,ECS,1975,
Europe & Central Asia,ECS,1974,
Europe & Central Asia,ECS,1973,
Europe & Central Asia,ECS,1972,
Europe & Central Asia,ECS,1971,
Europe & Central Asia,ECS,1970,
Europe & Central Asia,ECS,1969,
Europe & Central Asia,ECS,1968,
Europe & Central Asia,ECS,1967,
Europe & Central Asia,ECS,1966,
Europe & Central Asia,ECS,1965,
Europe & Central Asia,ECS,1964,
Europe & Central Asia,ECS,1963,
Europe & Central Asia,ECS,1962,
Europe & Central Asia,ECS,1961,
Europe & Central Asia,ECS,1960,
Europe & Central Asia (excluding high income),ECA,2025,
Europe & Central Asia (excluding high income),ECA,2024,11.534558084555
Europe & Central Asia (excluding high income),ECA,2023,12.2873577138309
Europe & Central Asia (excluding high income),ECA,2022,12.0899631951036
Europe & Central Asia (excluding high income),ECA,2021,12.1925743158618
Europe & Central Asia (excluding high income),ECA,2020,12.4589272883753
Europe & Central Asia (excluding high income),ECA,2019,12.6964416494544
Europe & Central Asia (excluding high income),ECA,2018,12.9427002190535
Europe & Central Asia (excluding high income),ECA,2017,13.2605083570662
Europe & Central Asia (excluding high income),ECA,2016,13.6693249782052
Europe & Central Asia (excluding high income),ECA,2015,14.2964372456429
Europe & Central Asia (excluding high income),ECA,2014,14.9307820252853
Europe & Central Asia (excluding high income),ECA,2013,15.6910900365841
Europe & Central Asia (excluding high income),ECA,2012,16.5149968244489
Europe & Central Asia (excluding high income),ECA,2011,17.5649725940959
Europe & Central Asia (excluding high income),ECA,2010,18.6768511404746
Europe & Central Asia (excluding high income),ECA,2009,19.8051572610461
Europe & Central Asia (excluding high income),ECA,2008,21.1883436683626
Europe & Central Asia (excluding high income),ECA,2007,22.635197154631
Europe & Central Asia (excluding high income),ECA,2006,24.0817526606602
Europe & Central Asia (excluding high income),ECA,2005,25.7590230890231
Europe & Central Asia (excluding high income),ECA,2004,27.5308897924258
Europe & Central Asia (excluding high income),ECA,2003,29.2868137916128
Europe & Central Asia (excluding high income),ECA,2002,31.3923470226463
Europe & Central Asia (excluding high income),ECA,2001,33.4787360376869
Europe & Central Asia (excluding high income),ECA,2000,35.584974939574
Europe & Central Asia (excluding high income),ECA,1999,37.8751953818491
Europe & Central Asia (excluding high income),ECA,1998,39.9813015824961
Europe & Central Asia (excluding high income),ECA,1997,42.0605474782856
Europe & Central Asia (excluding high income),ECA,1996,43.8240150277564
Europe & Central Asia (excluding high income),ECA,1995,45.738310256991
Europe & Central Asia (excluding high income),ECA,1994,46.8654666033148
Europe & Central Asia (excluding high income),ECA,1993,48.0299353246891
Europe & Central Asia (excluding high income),ECA,1992,48.5882884907639
Europe & Central Asia (excluding high income),ECA,1991,49.0527739889874
Europe & Central Asia (excluding high income),ECA,1990,49.9284130511858
Europe & Central Asia (excluding high income),ECA,1989,
Europe & Central Asia (excluding high income),ECA,1988,
Europe & Central Asia (excluding high income),ECA,1987,
Europe & Central Asia (excluding high income),ECA,1986,
Europe & Central Asia (excluding high income),ECA,1985,
Europe & Central Asia (excluding high income),ECA,1984,
Europe & Central Asia (excluding high income),ECA,1983,
Europe & Central Asia (excluding high income),ECA,1982,
Europe & Central Asia (excluding high income),ECA,1981,
Europe & Central Asia (excluding high income),ECA,1980,
Europe & Central Asia (excluding high income),ECA,1979,
Europe & Central Asia (excluding high income),ECA,1978,
Europe & Central Asia (excluding high income),ECA,1977,
Europe & Central Asia (excluding high income),ECA,1976,
Europe & Central Asia (excluding high income),ECA,1975,
Europe & Central Asia (excluding high income),ECA,1974,
Europe & Central Asia (excluding high income),ECA,1973,
Europe & Central Asia (excluding high income),ECA,1972,
Europe & Central Asia (excluding high income),ECA,1971,
Europe & Central Asia (excluding high income),ECA,1970,
Europe & Central Asia (excluding high income),ECA,1969,
Europe & Central Asia (excluding high income),ECA,1968,
Europe & Central Asia (excluding high income),ECA,1967,
Europe & Central Asia (excluding high income),ECA,1966,
Europe & Central Asia (excluding high income),ECA,1965,
Europe & Central Asia (excluding high income),ECA,1964,
Europe & Central Asia (excluding high income),ECA,1963,
Europe & Central Asia (excluding high income),ECA,1962,
Europe & Central Asia (excluding high income),ECA,1961,
Europe & Central Asia (excluding high income),ECA,1960,
Europe & Central Asia (IDA & IBRD countries),TEC,2025,
Europe & Central Asia (IDA & IBRD countries),TEC,2024,9.05954315660152
Europe & Central Asia (IDA & IBRD countries),TEC,2023,9.56302906839522
Europe & Central Asia (IDA & IBRD countries),TEC,2022,9.44155700127317
Europe & Central Asia (IDA & IBRD countries),TEC,2021,9.51772527430066
Europe & Central Asia (IDA & IBRD countries),TEC,2020,9.71175441652214
Europe & Central Asia (IDA & IBRD countries),TEC,2019,9.8982615505469
Europe & Central Asia (IDA & IBRD countries),TEC,2018,10.0744908261264
Europe & Central Asia (IDA & IBRD countries),TEC,2017,10.3262439132312
Europe & Central Asia (IDA & IBRD countries),TEC,2016,10.6645879222469
Europe & Central Asia (IDA & IBRD countries),TEC,2015,11.2405266150363
Europe & Central Asia (IDA & IBRD countries),TEC,2014,11.7997466003425
Europe & Central Asia (IDA & IBRD countries),TEC,2013,12.4147024543041
Europe & Central Asia (IDA & IBRD countries),TEC,2012,12.9817995735658
Europe & Central Asia (IDA & IBRD countries),TEC,2011,13.7222790092874
Europe & Central Asia (IDA & IBRD countries),TEC,2010,14.4413882178953
Europe & Central Asia (IDA & IBRD countries),TEC,2009,15.2809098241308
Europe & Central Asia (IDA & IBRD countries),TEC,2008,16.323293476693
Europe & Central Asia (IDA & IBRD countries),TEC,2007,17.5051108058918
Europe & Central Asia (IDA & IBRD countries),TEC,2006,18.7881589720451
Europe & Central Asia (IDA & IBRD countries),TEC,2005,20.1083624294114
Europe & Central Asia (IDA & IBRD countries),TEC,2004,21.4392724749526
Europe & Central Asia (IDA & IBRD countries),TEC,2003,22.7586912650313
Europe & Central Asia (IDA & IBRD countries),TEC,2002,24.4837196849222
Europe & Central Asia (IDA & IBRD countries),TEC,2001,26.2191180626628
Europe & Central Asia (IDA & IBRD countries),TEC,2000,27.9521916399725
Europe & Central Asia (IDA & IBRD countries),TEC,1999,29.8582134021329
Europe & Central Asia (IDA & IBRD countries),TEC,1998,31.4827908935964
Europe & Central Asia (IDA & IBRD countries),TEC,1997,33.0876876571449
Europe & Central Asia (IDA & IBRD countries),TEC,1996,34.3325530058297
Europe & Central Asia (IDA & IBRD countries),TEC,1995,35.7606174429046
Europe & Central Asia (IDA & IBRD countries),TEC,1994,36.4290935248037
Europe & Central Asia (IDA & IBRD countries),TEC,1993,37.3616592790738
Europe & Central Asia (IDA & IBRD countries),TEC,1992,37.2289820615682
Europe & Central Asia (IDA & IBRD countries),TEC,1991,37.0045173298822
Europe & Central Asia (IDA & IBRD countries),TEC,1990,37.1241971205222
Europe & Central Asia (IDA & IBRD countries),TEC,1989,
Europe & Central Asia (IDA & IBRD countries),TEC,1988,
Europe & Central Asia (IDA & IBRD countries),TEC,1987,
Europe & Central Asia (IDA & IBRD countries),TEC,1986,
Europe & Central Asia (IDA & IBRD countries),TEC,1985,
Europe & Central Asia (IDA & IBRD countries),TEC,1984,
Europe & Central Asia (IDA & IBRD countries),TEC,1983,
Europe & Central Asia (IDA & IBRD countries),TEC,1982,
Europe & Central Asia (IDA & IBRD countries),TEC,1981,
Europe & Central Asia (IDA & IBRD countries),TEC,1980,
Europe & Central Asia (IDA & IBRD countries),TEC,1979,
Europe & Central Asia (IDA & IBRD countries),TEC,1978,
Europe & Central Asia (IDA & IBRD countries),TEC,1977,
Europe & Central Asia (IDA & IBRD countries),TEC,1976,
Europe & Central Asia (IDA & IBRD countries),TEC,1975,
Europe & Central Asia (IDA & IBRD countries),TEC,1974,
Europe & Central Asia (IDA & IBRD countries),TEC,1973,
Europe & Central Asia (IDA & IBRD countries),TEC,1972,
Europe & Central Asia (IDA & IBRD countries),TEC,1971,
Europe & Central Asia (IDA & IBRD countries),TEC,1970,
Europe & Central Asia (IDA & IBRD countries),TEC,1969,
Europe & Central Asia (IDA & IBRD countries),TEC,1968,
Europe & Central Asia (IDA & IBRD countries),TEC,1967,
Europe & Central Asia (IDA & IBRD countries),TEC,1966,
Europe & Central Asia (IDA & IBRD countries),TEC,1965,
Europe & Central Asia (IDA & IBRD countries),TEC,1964,
Europe & Central Asia (IDA & IBRD countries),TEC,1963,
Europe & Central Asia (IDA & IBRD countries),TEC,1962,
Europe & Central Asia (IDA & IBRD countries),TEC,1961,
Europe & Central Asia (IDA & IBRD countries),TEC,1960,
European Union,EUU,2025,
European Union,EUU,2024,3.20069839508258
European Union,EUU,2023,3.19965390403388
European Union,EUU,2022,3.19535332877716
European Union,EUU,2021,3.21143445631329
European Union,EUU,2020,3.22392355209318
European Union,EUU,2019,3.25658640389602
European Union,EUU,2018,3.35065732237221
European Union,EUU,2017,3.41352152542385
European Union,EUU,2016,3.46985963772573
European Union,EUU,2015,3.5296920202016
European Union,EUU,2014,3.58855214952449
European Union,EUU,2013,3.65700964856713
European Union,EUU,2012,3.75930079211119
European Union,EUU,2011,3.85541661398435
European Union,EUU,2010,4.00373203698476
European Union,EUU,2009,4.15039567460866
European Union,EUU,2008,4.30400878499754
European Union,EUU,2007,4.45694723956561
European Union,EUU,2006,4.66294388609436
European Union,EUU,2005,4.85532218719732
European Union,EUU,2004,5.04743045567914
European Union,EUU,2003,5.25024624684617
European Union,EUU,2002,5.43127456678843
European Union,EUU,2001,5.62053952856554
European Union,EUU,2000,5.89996971756235
European Union,EUU,1999,6.1925395081617
European Union,EUU,1998,6.53771747968123
European Union,EUU,1997,6.87281450675745
European Union,EUU,1996,7.27875191610976
European Union,EUU,1995,7.75216879991735
European Union,EUU,1994,8.24821017943117
European Union,EUU,1993,8.71731318748572
European Union,EUU,1992,9.18159068772438
European Union,EUU,1991,9.64042761756444
European Union,EUU,1990,10.0796958396082
European Union,EUU,1989,
European Union,EUU,1988,
European Union,EUU,1987,
European Union,EUU,1986,
European Union,EUU,1985,
European Union,EUU,1984,
European Union,EUU,1983,
European Union,EUU,1982,
European Union,EUU,1981,
European Union,EUU,1980,
European Union,EUU,1979,
European Union,EUU,1978,
European Union,EUU,1977,
European Union,EUU,1976,
European Union,EUU,1975,
European Union,EUU,1974,
European Union,EUU,1973,
European Union,EUU,1972,
European Union,EUU,1971,
European Union,EUU,1970,
European Union,EUU,1969,
European Union,EUU,1968,
European Union,EUU,1967,
European Union,EUU,1966,
European Union,EUU,1965,
European Union,EUU,1964,
European Union,EUU,1963,
European Union,EUU,1962,
European Union,EUU,1961,
European Union,EUU,1960,
Heavily indebted poor countries (HIPC),HPC,2025,
Heavily indebted poor countries (HIPC),HPC,2024,42.760085700228
Heavily indebted poor countries (HIPC),HPC,2023,44.1749436579845
Heavily indebted poor countries (HIPC),HPC,2022,47.5426552532361
Heavily indebted poor countries (HIPC),HPC,2021,47.1233539995638
Heavily indebted poor countries (HIPC),HPC,2020,46.2413575696403
Heavily indebted poor countries (HIPC),HPC,2019,47.4834834944594
Heavily indebted poor countries (HIPC),HPC,2018,48.1679135592213
Heavily indebted poor countries (HIPC),HPC,2017,49.5512668343817
Heavily indebted poor countries (HIPC),HPC,2016,50.1902112913284
Heavily indebted poor countries (HIPC),HPC,2015,51.3810429076589
Heavily indebted poor countries (HIPC),HPC,2014,52.8717207409438
Heavily indebted poor countries (HIPC),HPC,2013,54.0531494192441
Heavily indebted poor countries (HIPC),HPC,2012,56.0279622652495
Heavily indebted poor countries (HIPC),HPC,2011,60.2355887834956
Heavily indebted poor countries (HIPC),HPC,2010,60.0500387311644
Heavily indebted poor countries (HIPC),HPC,2009,62.5976443296748
Heavily indebted poor countries (HIPC),HPC,2008,63.6362473906415
Heavily indebted poor countries (HIPC),HPC,2007,66.1308687900472
Heavily indebted poor countries (HIPC),HPC,2006,68.9074689245701
Heavily indebted poor countries (HIPC),HPC,2005,72.0959445735249
Heavily indebted poor countries (HIPC),HPC,2004,77.0750902894857
Heavily indebted poor countries (HIPC),HPC,2003,80.1630287185337
Heavily indebted poor countries (HIPC),HPC,2002,83.5169040906133
Heavily indebted poor countries (HIPC),HPC,2001,88.0516158650508
Heavily indebted poor countries (HIPC),HPC,2000,90.2255091779897
Heavily indebted poor countries (HIPC),HPC,1999,93.301592241856
Heavily indebted poor countries (HIPC),HPC,1998,97.3400942353796
Heavily indebted poor countries (HIPC),HPC,1997,98.8425813589971
Heavily indebted poor countries (HIPC),HPC,1996,101.050785512939
Heavily indebted poor countries (HIPC),HPC,1995,100.033980225299
Heavily indebted poor countries (HIPC),HPC,1994,103.557621410641
Heavily indebted poor countries (HIPC),HPC,1993,105.595502656825
Heavily indebted poor countries (HIPC),HPC,1992,107.033419552889
Heavily indebted poor countries (HIPC),HPC,1991,108.421131315959
Heavily indebted poor countries (HIPC),HPC,1990,107.712138284952
Heavily indebted poor countries (HIPC),HPC,1989,
Heavily indebted poor countries (HIPC),HPC,1988,
Heavily indebted poor countries (HIPC),HPC,1987,
Heavily indebted poor countries (HIPC),HPC,1986,
Heavily indebted poor countries (HIPC),HPC,1985,
Heavily indebted poor countries (HIPC),HPC,1984,
Heavily indebted poor countries (HIPC),HPC,1983,
Heavily indebted poor countries (HIPC),HPC,1982,
Heavily indebted poor countries (HIPC),HPC,1981,
Heavily indebted poor countries (HIPC),HPC,1980,
Heavily indebted poor countries (HIPC),HPC,1979,
Heavily indebted poor countries (HIPC),HPC,1978,
Heavily indebted poor countries (HIPC),HPC,1977,
Heavily indebted poor countries (HIPC),HPC,1976,
Heavily indebted poor countries (HIPC),HPC,1975,
Heavily indebted poor countries (HIPC),HPC,1974,
Heavily indebted poor countries (HIPC),HPC,1973,
Heavily indebted poor countries (HIPC),HPC,1972,
Heavily indebted poor countries (HIPC),HPC,1971,
Heavily indebted poor countries (HIPC),HPC,1970,
Heavily indebted poor countries (HIPC),HPC,1969,
Heavily indebted poor countries (HIPC),HPC,1968,
Heavily indebted poor countries (HIPC),HPC,1967,
Heavily indebted poor countries (HIPC),HPC,1966,
Heavily indebted poor countries (HIPC),HPC,1965,
Heavily indebted poor countries (HIPC),HPC,1964,
Heavily indebted poor countries (HIPC),HPC,1963,
Heavily indebted poor countries (HIPC),HPC,1962,
Heavily indebted poor countries (HIPC),HPC,1961,
Heavily indebted poor countries (HIPC),HPC,1960,
High income,,2025,
High income,,2024,4.2
High income,,2023,4.3
High income,,2022,4.3
High income,,2021,4.2
High income,,2020,4.3
High income,,2019,4.4
High income,,2018,4.5
High income,,2017,4.6
High income,,2016,4.7
High income,,2015,4.9
High income,,2014,5.0
High income,,2013,5.1
High income,,2012,5.3
High income,,2011,5.4
High income,,2010,5.5
High income,,2009,5.7
High income,,2008,5.8
High income,,2007,6.0
High income,,2006,6.2
High income,,2005,6.5
High income,,2004,6.7
High income,,2003,6.9
High income,,2002,7.1
High income,,2001,7.3
High income,,2000,7.6
High income,,1999,7.9
High income,,1998,8.2
High income,,1997,8.5
High income,,1996,8.8
High income,,1995,9.2
High income,,1994,9.6
High income,,1993,10.0
High income,,1992,10.4
High income,,1991,10.9
High income,,1990,11.4
High income,,1989,
High income,,1988,
High income,,1987,
High income,,1986,
High income,,1985,
High income,,1984,
High income,,1983,
High income,,1982,
High income,,1981,
High income,,1980,
High income,,1979,
High income,,1978,
High income,,1977,
High income,,1976,
High income,,1975,
High income,,1974,
High income,,1973,
High income,,1972,
High income,,1971,
High income,,1970,
High income,,1969,
High income,,1968,
High income,,1967,
High income,,1966,
High income,,1965,
High income,,1964,
High income,,1963,
High income,,1962,
High income,,1961,
High income,,1960,
IBRD only,IBD,2025,
IBRD only,IBD,2024,16.6041039663492
IBRD only,IBD,2023,17.2568418512037
IBRD only,IBD,2022,17.7580468498968
IBRD only,IBD,2021,18.1711567818911
IBRD only,IBD,2020,18.5749446327992
IBRD only,IBD,2019,18.8656202369111
IBRD only,IBD,2018,19.502307671502
IBRD only,IBD,2017,19.7750570088678
IBRD only,IBD,2016,20.7535396521297
IBRD only,IBD,2015,21.6706390144475
IBRD only,IBD,2014,22.4239541322198
IBRD only,IBD,2013,23.77399488349
IBRD only,IBD,2012,24.8270581453256
IBRD only,IBD,2011,26.3273273910696
IBRD only,IBD,2010,27.6121160289804
IBRD only,IBD,2009,28.984395045208
IBRD only,IBD,2008,30.4791075674586
IBRD only,IBD,2007,32.0855163639406
IBRD only,IBD,2006,33.797911328684
IBRD only,IBD,2005,35.548403680669
IBRD only,IBD,2004,37.4305933241079
IBRD only,IBD,2003,39.0536258104785
IBRD only,IBD,2002,40.8235082887639
IBRD only,IBD,2001,42.5127696434979
IBRD only,IBD,2000,43.9852219216559
IBRD only,IBD,1999,45.7235484743231
IBRD only,IBD,1998,47.266705336703
IBRD only,IBD,1997,48.774231989398
IBRD only,IBD,1996,50.2291561971941
IBRD only,IBD,1995,51.5888129108161
IBRD only,IBD,1994,52.935664391828
IBRD only,IBD,1993,54.2479624530927
IBRD only,IBD,1992,55.4405702129768
IBRD only,IBD,1991,56.5103795934349
IBRD only,IBD,1990,56.9633428705533
IBRD only,IBD,1989,
IBRD only,IBD,1988,
IBRD only,IBD,1987,
IBRD only,IBD,1986,
IBRD only,IBD,1985,
IBRD only,IBD,1984,
IBRD only,IBD,1983,
IBRD only,IBD,1982,
IBRD only,IBD,1981,
IBRD only,IBD,1980,
IBRD only,IBD,1979,
IBRD only,IBD,1978,
IBRD only,IBD,1977,
IBRD only,IBD,1976,
IBRD only,IBD,1975,
IBRD only,IBD,1974,
IBRD only,IBD,1973,
IBRD only,IBD,1972,
IBRD only,IBD,1971,
IBRD only,IBD,1970,
IBRD only,IBD,1969,
IBRD only,IBD,1968,
IBRD only,IBD,1967,
IBRD only,IBD,1966,
IBRD only,IBD,1965,
IBRD only,IBD,1964,
IBRD only,IBD,1963,
IBRD only,IBD,1962,
IBRD only,IBD,1961,
IBRD only,IBD,1960,
IDA & IBRD total,IBT,2025,
IDA & IBRD total,IBT,2024,29.7702528243806
IDA & IBRD total,IBT,2023,30.5226456824557
IDA & IBRD total,IBT,2022,31.6078201284087
IDA & IBRD total,IBT,2021,31.5752401494492
IDA & IBRD total,IBT,2020,31.3552888585145
IDA & IBRD total,IBT,2019,31.4755289235234
IDA & IBRD total,IBT,2018,31.9305017262586
IDA & IBRD total,IBT,2017,32.3745411850762
IDA & IBRD total,IBT,2016,33.0493583471744
IDA & IBRD total,IBT,2015,33.9733613272766
IDA & IBRD total,IBT,2014,34.6505856993903
IDA & IBRD total,IBT,2013,35.6682032820734
IDA & IBRD total,IBT,2012,36.7342819134431
IDA & IBRD total,IBT,2011,38.7767100181906
IDA & IBRD total,IBT,2010,39.6844493799877
IDA & IBRD total,IBT,2009,41.140011695641
IDA & IBRD total,IBT,2008,42.5284664909226
IDA & IBRD total,IBT,2007,44.1378675724498
IDA & IBRD total,IBT,2006,45.9561508985155
IDA & IBRD total,IBT,2005,47.8646554842223
IDA & IBRD total,IBT,2004,50.2065366250322
IDA & IBRD total,IBT,2003,52.1002487647964
IDA & IBRD total,IBT,2002,54.0794452426783
IDA & IBRD total,IBT,2001,56.2438905111374
IDA & IBRD total,IBT,2000,57.8199143026512
IDA & IBRD total,IBT,1999,59.8728715522197
IDA & IBRD total,IBT,1998,61.9894729968809
IDA & IBRD total,IBT,1997,63.1754225360816
IDA & IBRD total,IBT,1996,64.6077938013467
IDA & IBRD total,IBT,1995,65.3943419278076
IDA & IBRD total,IBT,1994,66.8209098416889
IDA & IBRD total,IBT,1993,68.0402688604719
IDA & IBRD total,IBT,1992,68.9732899196078
IDA & IBRD total,IBT,1991,69.7217259422496
IDA & IBRD total,IBT,1990,69.4614826563705
IDA & IBRD total,IBT,1989,
IDA & IBRD total,IBT,1988,
IDA & IBRD total,IBT,1987,
IDA & IBRD total,IBT,1986,
IDA & IBRD total,IBT,1985,
IDA & IBRD total,IBT,1984,
IDA & IBRD total,IBT,1983,
IDA & IBRD total,IBT,1982,
IDA & IBRD total,IBT,1981,
IDA & IBRD total,IBT,1980,
IDA & IBRD total,IBT,1979,
IDA & IBRD total,IBT,1978,
IDA & IBRD total,IBT,1977,
IDA & IBRD total,IBT,1976,
IDA & IBRD total,IBT,1975,
IDA & IBRD total,IBT,1974,
IDA & IBRD total,IBT,1973,
IDA & IBRD total,IBT,1972,
IDA & IBRD total,IBT,1971,
IDA & IBRD total,IBT,1970,
IDA & IBRD total,IBT,1969,
IDA & IBRD total,IBT,1968,
IDA & IBRD total,IBT,1967,
IDA & IBRD total,IBT,1966,
IDA & IBRD total,IBT,1965,
IDA & IBRD total,IBT,1964,
IDA & IBRD total,IBT,1963,
IDA & IBRD total,IBT,1962,
IDA & IBRD total,IBT,1961,
IDA & IBRD total,IBT,1960,
IDA blend,IDB,2025,
IDA blend,IDB,2024,52.9405212393935
IDA blend,IDB,2023,53.738329798919
IDA blend,IDB,2022,54.5314756424168
IDA blend,IDB,2021,55.1966235485122
IDA blend,IDB,2020,55.8344682690458
IDA blend,IDB,2019,56.6192818639053
IDA blend,IDB,2018,57.3755486802668
IDA blend,IDB,2017,58.1936266652929
IDA blend,IDB,2016,59.055885908137
IDA blend,IDB,2015,60.0399492545937
IDA blend,IDB,2014,61.1031219152924
IDA blend,IDB,2013,62.3545361576198
IDA blend,IDB,2012,63.694250544092
IDA blend,IDB,2011,65.0979121364441
IDA blend,IDB,2010,66.4791962970502
IDA blend,IDB,2009,67.8732233899507
IDA blend,IDB,2008,69.2915977797643
IDA blend,IDB,2007,70.9970658324321
IDA blend,IDB,2006,72.7429855975842
IDA blend,IDB,2005,74.637113084741
IDA blend,IDB,2004,76.6730779253044
IDA blend,IDB,2003,78.9033276296314
IDA blend,IDB,2002,81.1493782519876
IDA blend,IDB,2001,83.5782422086761
IDA blend,IDB,2000,85.9915710234442
IDA blend,IDB,1999,88.3806977423396
IDA blend,IDB,1998,90.4789407290678
IDA blend,IDB,1997,92.4830189040249
IDA blend,IDB,1996,94.0772667912963
IDA blend,IDB,1995,95.3372180333036
IDA blend,IDB,1994,96.4040546716357
IDA blend,IDB,1993,97.1544216639369
IDA blend,IDB,1992,97.7486684569401
IDA blend,IDB,1991,98.3409427084643
IDA blend,IDB,1990,98.9716232432254
IDA blend,IDB,1989,
IDA blend,IDB,1988,
IDA blend,IDB,1987,
IDA blend,IDB,1986,
IDA blend,IDB,1985,
IDA blend,IDB,1984,
IDA blend,IDB,1983,
IDA blend,IDB,1982,
IDA blend,IDB,1981,
IDA blend,IDB,1980,
IDA blend,IDB,1979,
IDA blend,IDB,1978,
IDA blend,IDB,1977,
IDA blend,IDB,1976,
IDA blend,IDB,1975,
IDA blend,IDB,1974,
IDA blend,IDB,1973,
IDA blend,IDB,1972,
IDA blend,IDB,1971,
IDA blend,IDB,1970,
IDA blend,IDB,1969,
IDA blend,IDB,1968,
IDA blend,IDB,1967,
IDA blend,IDB,1966,
IDA blend,IDB,1965,
IDA blend,IDB,1964,
IDA blend,IDB,1963,
IDA blend,IDB,1962,
IDA blend,IDB,1961,
IDA blend,IDB,1960,
IDA only,IDX,2025,
IDA only,IDX,2024,39.4774138683816
IDA only,IDX,2023,40.6443293098068
IDA only,IDX,2022,43.4517115554974
IDA only,IDX,2021,43.1216333815398
IDA only,IDX,2020,42.4022915426146
IDA only,IDX,2019,43.5098355236627
IDA only,IDX,2018,44.3767994211272
IDA only,IDX,2017,46.5280495003313
IDA only,IDX,2016,47.1629387274508
IDA only,IDX,2015,48.0975735670971
IDA only,IDX,2014,49.0540461998849
IDA only,IDX,2013,49.4618870385351
IDA only,IDX,2012,51.1559908147666
IDA only,IDX,2011,54.6116932983342
IDA only,IDX,2010,54.5932711337677
IDA only,IDX,2009,56.822533227104
IDA only,IDX,2008,58.2031422674922
IDA only,IDX,2007,60.0504967249617
IDA only,IDX,2006,62.6103722231732
IDA only,IDX,2005,65.4532818208977
IDA only,IDX,2004,69.7271647233974
IDA only,IDX,2003,72.4531995341059
IDA only,IDX,2002,75.5166737200899
IDA only,IDX,2001,79.5526452000695
IDA only,IDX,2000,81.9227752624719
IDA only,IDX,1999,84.9855487703366
IDA only,IDX,1998,89.92582700577
IDA only,IDX,1997,90.7172832685909
IDA only,IDX,1996,93.1110733983991
IDA only,IDX,1995,93.0538102748673
IDA only,IDX,1994,96.1684851041958
IDA only,IDX,1993,98.6305180445462
IDA only,IDX,1992,100.398355392425
IDA only,IDX,1991,101.995742828479
IDA only,IDX,1990,102.27124719122
IDA only,IDX,1989,
IDA only,IDX,1988,
IDA only,IDX,1987,
IDA only,IDX,1986,
IDA only,IDX,1985,
IDA only,IDX,1984,
IDA only,IDX,1983,
IDA only,IDX,1982,
IDA only,IDX,1981,
IDA only,IDX,1980,
IDA only,IDX,1979,
IDA only,IDX,1978,
IDA only,IDX,1977,
IDA only,IDX,1976,
IDA only,IDX,1975,
IDA only,IDX,1974,
IDA only,IDX,1973,
IDA only,IDX,1972,
IDA only,IDX,1971,
IDA only,IDX,1970,
IDA only,IDX,1969,
IDA only,IDX,1968,
IDA only,IDX,1967,
IDA only,IDX,1966,
IDA only,IDX,1965,
IDA only,IDX,1964,
IDA only,IDX,1963,
IDA only,IDX,1962,
IDA only,IDX,1961,
IDA only,IDX,1960,
IDA total,IDA,2025,
IDA total,IDA,2024,44.1055217776832
IDA total,IDA,2023,45.1678586810205
IDA total,IDA,2022,47.2894586734569
IDA total,IDA,2021,47.3167278574538
IDA total,IDA,2020,47.0718489149806
IDA total,IDA,2019,48.1023010212298
IDA total,IDA,2018,48.9756798608582
IDA total,IDA,2017,50.6952918637011
IDA total,IDA,2016,51.4459731031748
IDA total,IDA,2015,52.4505959786182
IDA total,IDA,2014,53.4792281668355
IDA total,IDA,2013,54.2122306520217
IDA total,IDA,2012,55.7934018263814
IDA total,IDA,2011,58.5043838257651
IDA total,IDA,2010,58.9988179275548
IDA total,IDA,2009,60.8965635803123
IDA total,IDA,2008,62.2602254811445
IDA total,IDA,2007,64.0102328386475
IDA total,IDA,2006,66.2457055768601
IDA total,IDA,2005,68.722938777186
IDA total,IDA,2004,72.1894582839468
IDA total,IDA,2003,74.743364135844
IDA total,IDA,2002,77.5127984184927
IDA total,IDA,2001,80.9769617432334
IDA total,IDA,2000,83.3586372358087
IDA total,IDA,1999,86.1797898423843
IDA total,IDA,1998,90.1193895418611
IDA total,IDA,1997,91.3346203616325
IDA total,IDA,1996,93.4493165806759
IDA total,IDA,1995,93.8521895925789
IDA total,IDA,1994,96.2509279962517
IDA total,IDA,1993,98.1127479727189
IDA total,IDA,1992,99.4648995644848
IDA total,IDA,1991,100.712031218421
IDA total,IDA,1990,101.120599151451
IDA total,IDA,1989,
IDA total,IDA,1988,
IDA total,IDA,1987,
IDA total,IDA,1986,
IDA total,IDA,1985,
IDA total,IDA,1984,
IDA total,IDA,1983,
IDA total,IDA,1982,
IDA total,IDA,1981,
IDA total,IDA,1980,
IDA total,IDA,1979,
IDA total,IDA,1978,
IDA total,IDA,1977,
IDA total,IDA,1976,
IDA total,IDA,1975,
IDA total,IDA,1974,
IDA total,IDA,1973,
IDA total,IDA,1972,
IDA total,IDA,1971,
IDA total,IDA,1970,
IDA total,IDA,1969,
IDA total,IDA,1968,
IDA total,IDA,1967,
IDA total,IDA,1966,
IDA total,IDA,1965,
IDA total,IDA,1964,
IDA total,IDA,1963,
IDA total,IDA,1962,
IDA total,IDA,1961,
IDA total,IDA,1960,
Late-demographic dividend,LTE,2025,
Late-demographic dividend,LTE,2024,7.1538191004816
Late-demographic dividend,LTE,2023,7.41382058803013
Late-demographic dividend,LTE,2022,7.66131039171759
Late-demographic dividend,LTE,2021,7.77568342212481
Late-demographic dividend,LTE,2020,7.9489198089009
Late-demographic dividend,LTE,2019,8.0978577406219
Late-demographic dividend,LTE,2018,8.38966269944465
Late-demographic dividend,LTE,2017,8.69753410299959
Late-demographic dividend,LTE,2016,9.29119436053318
Late-demographic dividend,LTE,2015,9.77604170584848
Late-demographic dividend,LTE,2014,10.2925260115304
Late-demographic dividend,LTE,2013,10.970948545959
Late-demographic dividend,LTE,2012,11.5943637647991
Late-demographic dividend,LTE,2011,12.3707326784901
Late-demographic dividend,LTE,2010,13.1745114168442
Late-demographic dividend,LTE,2009,14.0987589377431
Late-demographic dividend,LTE,2008,15.1103147969857
Late-demographic dividend,LTE,2007,16.2058765767078
Late-demographic dividend,LTE,2006,17.4991615066805
Late-demographic dividend,LTE,2005,18.8427522394093
Late-demographic dividend,LTE,2004,20.3694108715025
Late-demographic dividend,LTE,2003,21.8795879087226
Late-demographic dividend,LTE,2002,24.0081333787452
Late-demographic dividend,LTE,2001,25.7912185842864
Late-demographic dividend,LTE,2000,27.597660680255
Late-demographic dividend,LTE,1999,29.2643824452713
Late-demographic dividend,LTE,1998,30.9275622282886
Late-demographic dividend,LTE,1997,32.4907981559465
Late-demographic dividend,LTE,1996,34.0597107726007
Late-demographic dividend,LTE,1995,35.5247367676914
Late-demographic dividend,LTE,1994,36.4418935289536
Late-demographic dividend,LTE,1993,37.7552472945571
Late-demographic dividend,LTE,1992,38.8266333489607
Late-demographic dividend,LTE,1991,39.7783053855861
Late-demographic dividend,LTE,1990,40.6844245269783
Late-demographic dividend,LTE,1989,
Late-demographic dividend,LTE,1988,
Late-demographic dividend,LTE,1987,
Late-demographic dividend,LTE,1986,
Late-demographic dividend,LTE,1985,
Late-demographic dividend,LTE,1984,
Late-demographic dividend,LTE,1983,
Late-demographic dividend,LTE,1982,
Late-demographic dividend,LTE,1981,
Late-demographic dividend,LTE,1980,
Late-demographic dividend,LTE,1979,
Late-demographic dividend,LTE,1978,
Late-demographic dividend,LTE,1977,
Late-demographic dividend,LTE,1976,
Late-demographic dividend,LTE,1975,
Late-demographic dividend,LTE,1974,
Late-demographic dividend,LTE,1973,
Late-demographic dividend,LTE,1972,
Late-demographic dividend,LTE,1971,
Late-demographic dividend,LTE,1970,
Late-demographic dividend,LTE,1969,
Late-demographic dividend,LTE,1968,
Late-demographic dividend,LTE,1967,
Late-demographic dividend,LTE,1966,
Late-demographic dividend,LTE,1965,
Late-demographic dividend,LTE,1964,
Late-demographic dividend,LTE,1963,
Late-demographic dividend,LTE,1962,
Late-demographic dividend,LTE,1961,
Late-demographic dividend,LTE,1960,
Latin America & Caribbean,LCN,2025,
Latin America & Caribbean,LCN,2024,13.3
Latin America & Caribbean,LCN,2023,13.6
Latin America & Caribbean,LCN,2022,13.9
Latin America & Caribbean,LCN,2021,14.1
Latin America & Caribbean,LCN,2020,14.4
Latin America & Caribbean,LCN,2019,14.6
Latin America & Caribbean,LCN,2018,14.9
Latin America & Caribbean,LCN,2017,15.3
Latin America & Caribbean,LCN,2016,15.9
Latin America & Caribbean,LCN,2015,15.6
Latin America & Caribbean,LCN,2014,16.0
Latin America & Caribbean,LCN,2013,16.4
Latin America & Caribbean,LCN,2012,16.9
Latin America & Caribbean,LCN,2011,17.3
Latin America & Caribbean,LCN,2010,18.5
Latin America & Caribbean,LCN,2009,18.5
Latin America & Caribbean,LCN,2008,19.1
Latin America & Caribbean,LCN,2007,19.8
Latin America & Caribbean,LCN,2006,20.6
Latin America & Caribbean,LCN,2005,21.5
Latin America & Caribbean,LCN,2004,22.4
Latin America & Caribbean,LCN,2003,23.5
Latin America & Caribbean,LCN,2002,24.6
Latin America & Caribbean,LCN,2001,25.8
Latin America & Caribbean,LCN,2000,27.1
Latin America & Caribbean,LCN,1999,28.5
Latin America & Caribbean,LCN,1998,30.2
Latin America & Caribbean,LCN,1997,31.6
Latin America & Caribbean,LCN,1996,33.3
Latin America & Caribbean,LCN,1995,35.0
Latin America & Caribbean,LCN,1994,36.7
Latin America & Caribbean,LCN,1993,38.6
Latin America & Caribbean,LCN,1992,40.4
Latin America & Caribbean,LCN,1991,42.3
Latin America & Caribbean,LCN,1990,44.1
Latin America & Caribbean,LCN,1989,
Latin America & Caribbean,LCN,1988,
Latin America & Caribbean,LCN,1987,
Latin America & Caribbean,LCN,1986,
Latin America & Caribbean,LCN,1985,
Latin America & Caribbean,LCN,1984,
Latin America & Caribbean,LCN,1983,
Latin America & Caribbean,LCN,1982,
Latin America & Caribbean,LCN,1981,
Latin America & Caribbean,LCN,1980,
Latin America & Caribbean,LCN,1979,
Latin America & Caribbean,LCN,1978,
Latin America & Caribbean,LCN,1977,
Latin America & Caribbean,LCN,1976,
Latin America & Caribbean,LCN,1975,
Latin America & Caribbean,LCN,1974,
Latin America & Caribbean,LCN,1973,
Latin America & Caribbean,LCN,1972,
Latin America & Caribbean,LCN,1971,
Latin America & Caribbean,LCN,1970,
Latin America & Caribbean,LCN,1969,
Latin America & Caribbean,LCN,1968,
Latin America & Caribbean,LCN,1967,
Latin America & Caribbean,LCN,1966,
Latin America & Caribbean,LCN,1965,
Latin America & Caribbean,LCN,1964,
Latin America & Caribbean,LCN,1963,
Latin America & Caribbean,LCN,1962,
Latin America & Caribbean,LCN,1961,
Latin America & Caribbean,LCN,1960,
Latin America & Caribbean (excluding high income),LAC,2025,
Latin America & Caribbean (excluding high income),LAC,2024,13.4942432459834
Latin America & Caribbean (excluding high income),LAC,2023,13.7892465437577
Latin America & Caribbean (excluding high income),LAC,2022,14.1215773533943
Latin America & Caribbean (excluding high income),LAC,2021,14.3614383341326
Latin America & Caribbean (excluding high income),LAC,2020,14.6482013975487
Latin America & Caribbean (excluding high income),LAC,2019,14.8804737211576
Latin America & Caribbean (excluding high income),LAC,2018,15.1883834970214
Latin America & Caribbean (excluding high income),LAC,2017,15.5519689342753
Latin America & Caribbean (excluding high income),LAC,2016,16.2133699653884
Latin America & Caribbean (excluding high income),LAC,2015,15.9079963374821
Latin America & Caribbean (excluding high income),LAC,2014,16.268012728962
Latin America & Caribbean (excluding high income),LAC,2013,16.7152228922261
Latin America & Caribbean (excluding high income),LAC,2012,17.1784763872045
Latin America & Caribbean (excluding high income),LAC,2011,17.6607924323398
Latin America & Caribbean (excluding high income),LAC,2010,18.8646019684477
Latin America & Caribbean (excluding high income),LAC,2009,18.8263021546677
Latin America & Caribbean (excluding high income),LAC,2008,19.4951709450524
Latin America & Caribbean (excluding high income),LAC,2007,20.2439684329745
Latin America & Caribbean (excluding high income),LAC,2006,21.0230855190019
Latin America & Caribbean (excluding high income),LAC,2005,21.9020775914437
Latin America & Caribbean (excluding high income),LAC,2004,22.8886706462659
Latin America & Caribbean (excluding high income),LAC,2003,23.9587492124131
Latin America & Caribbean (excluding high income),LAC,2002,25.09504484684
Latin America & Caribbean (excluding high income),LAC,2001,26.3528373528729
Latin America & Caribbean (excluding high income),LAC,2000,27.7191212570489
Latin America & Caribbean (excluding high income),LAC,1999,29.1600180964555
Latin America & Caribbean (excluding high income),LAC,1998,30.9382550881898
Latin America & Caribbean (excluding high income),LAC,1997,32.3404561897896
Latin America & Caribbean (excluding high income),LAC,1996,34.1343554386299
Latin America & Caribbean (excluding high income),LAC,1995,35.9161911124766
Latin America & Caribbean (excluding high income),LAC,1994,37.7481520275405
Latin America & Caribbean (excluding high income),LAC,1993,39.6417384167404
Latin America & Caribbean (excluding high income),LAC,1992,41.5307217861923
Latin America & Caribbean (excluding high income),LAC,1991,43.4749164117634
Latin America & Caribbean (excluding high income),LAC,1990,45.281585900256
Latin America & Caribbean (excluding high income),LAC,1989,
Latin America & Caribbean (excluding high income),LAC,1988,
Latin America & Caribbean (excluding high income),LAC,1987,
Latin America & Caribbean (excluding high income),LAC,1986,
Latin America & Caribbean (excluding high income),LAC,1985,
Latin America & Caribbean (excluding high income),LAC,1984,
Latin America & Caribbean (excluding high income),LAC,1983,
Latin America & Caribbean (excluding high income),LAC,1982,
Latin America & Caribbean (excluding high income),LAC,1981,
Latin America & Caribbean (excluding high income),LAC,1980,
Latin America & Caribbean (excluding high income),LAC,1979,
Latin America & Caribbean (excluding high income),LAC,1978,
Latin America & Caribbean (excluding high income),LAC,1977,
Latin America & Caribbean (excluding high income),LAC,1976,
Latin America & Caribbean (excluding high income),LAC,1975,
Latin America & Caribbean (excluding high income),LAC,1974,
Latin America & Caribbean (excluding high income),LAC,1973,
Latin America & Caribbean (excluding high income),LAC,1972,
Latin America & Caribbean (excluding high income),LAC,1971,
Latin America & Caribbean (excluding high income),LAC,1970,
Latin America & Caribbean (excluding high income),LAC,1969,
Latin America & Caribbean (excluding high income),LAC,1968,
Latin America & Caribbean (excluding high income),LAC,1967,
Latin America & Caribbean (excluding high income),LAC,1966,
Latin America & Caribbean (excluding high income),LAC,1965,
Latin America & Caribbean (excluding high income),LAC,1964,
Latin America & Caribbean (excluding high income),LAC,1963,
Latin America & Caribbean (excluding high income),LAC,1962,
Latin America & Caribbean (excluding high income),LAC,1961,
Latin America & Caribbean (excluding high income),LAC,1960,
Latin America & the Caribbean (IDA & IBRD countries),TLA,2025,
Latin America & the Caribbean (IDA & IBRD countries),TLA,2024,13.3773185376884
Latin America & the Caribbean (IDA & IBRD countries),TLA,2023,13.6663728063449
Latin America & the Caribbean (IDA & IBRD countries),TLA,2022,13.9827191462039
Latin America & the Caribbean (IDA & IBRD countries),TLA,2021,14.2317618151974
Latin America & the Caribbean (IDA & IBRD countries),TLA,2020,14.5002276499837
Latin America & the Caribbean (IDA & IBRD countries),TLA,2019,14.7277092822441
Latin America & the Caribbean (IDA & IBRD countries),TLA,2018,15.0311144710055
Latin America & the Caribbean (IDA & IBRD countries),TLA,2017,15.3939832152582
Latin America & the Caribbean (IDA & IBRD countries),TLA,2016,16.0323680268225
Latin America & the Caribbean (IDA & IBRD countries),TLA,2015,15.7498280161042
Latin America & the Caribbean (IDA & IBRD countries),TLA,2014,16.1050991132339
Latin America & the Caribbean (IDA & IBRD countries),TLA,2013,16.552711013279
Latin America & the Caribbean (IDA & IBRD countries),TLA,2012,17.0113468555451
Latin America & the Caribbean (IDA & IBRD countries),TLA,2011,17.4941301128684
Latin America & the Caribbean (IDA & IBRD countries),TLA,2010,18.6625805569531
Latin America & the Caribbean (IDA & IBRD countries),TLA,2009,18.6313612694458
Latin America & the Caribbean (IDA & IBRD countries),TLA,2008,19.2818186640306
Latin America & the Caribbean (IDA & IBRD countries),TLA,2007,20.0078035324213
Latin America & the Caribbean (IDA & IBRD countries),TLA,2006,20.7787778400655
Latin America & the Caribbean (IDA & IBRD countries),TLA,2005,21.6449048479234
Latin America & the Caribbean (IDA & IBRD countries),TLA,2004,22.6233724350968
Latin America & the Caribbean (IDA & IBRD countries),TLA,2003,23.682950347738
Latin America & the Caribbean (IDA & IBRD countries),TLA,2002,24.798752930653
Latin America & the Caribbean (IDA & IBRD countries),TLA,2001,26.018262962934
Latin America & the Caribbean (IDA & IBRD countries),TLA,2000,27.3635293589896
Latin America & the Caribbean (IDA & IBRD countries),TLA,1999,28.7871107118416
Latin America & the Caribbean (IDA & IBRD countries),TLA,1998,30.5207743716986
Latin America & the Caribbean (IDA & IBRD countries),TLA,1997,31.8840126485321
Latin America & the Caribbean (IDA & IBRD countries),TLA,1996,33.5926445214022
Latin America & the Caribbean (IDA & IBRD countries),TLA,1995,35.3274437466758
Latin America & the Caribbean (IDA & IBRD countries),TLA,1994,37.1203603563
Latin America & the Caribbean (IDA & IBRD countries),TLA,1993,38.9794321053076
Latin America & the Caribbean (IDA & IBRD countries),TLA,1992,40.8467551187162
Latin America & the Caribbean (IDA & IBRD countries),TLA,1991,42.7712993045362
Latin America & the Caribbean (IDA & IBRD countries),TLA,1990,44.5922653397431
Latin America & the Caribbean (IDA & IBRD countries),TLA,1989,
Latin America & the Caribbean (IDA & IBRD countries),TLA,1988,
Latin America & the Caribbean (IDA & IBRD countries),TLA,1987,
Latin America & the Caribbean (IDA & IBRD countries),TLA,1986,
Latin America & the Caribbean (IDA & IBRD countries),TLA,1985,
Latin America & the Caribbean (IDA & IBRD countries),TLA,1984,
Latin America & the Caribbean (IDA & IBRD countries),TLA,1983,
Latin America & the Caribbean (IDA & IBRD countries),TLA,1982,
Latin America & the Caribbean (IDA & IBRD countries),TLA,1981,
Latin America & the Caribbean (IDA & IBRD countries),TLA,1980,
Latin America & the Caribbean (IDA & IBRD countries),TLA,1979,
Latin America & the Caribbean (IDA & IBRD countries),TLA,1978,
Latin America & the Caribbean (IDA & IBRD countries),TLA,1977,
Latin America & the Caribbean (IDA & IBRD countries),TLA,1976,
Latin America & the Caribbean (IDA & IBRD countries),TLA,1975,
Latin America & the Caribbean (IDA & IBRD countries),TLA,1974,
Latin America & the Caribbean (IDA & IBRD countries),TLA,1973,
Latin America & the Caribbean (IDA & IBRD countries),TLA,1972,
Latin America & the Caribbean (IDA & IBRD countries),TLA,1971,
Latin America & the Caribbean (IDA & IBRD countries),TLA,1970,
Latin America & the Caribbean (IDA & IBRD countries),TLA,1969,
Latin America & the Caribbean (IDA & IBRD countries),TLA,1968,
Latin America & the Caribbean (IDA & IBRD countries),TLA,1967,
Latin America & the Caribbean (IDA & IBRD countries),TLA,1966,
Latin America & the Caribbean (IDA & IBRD countries),TLA,1965,
Latin America & the Caribbean (IDA & IBRD countries),TLA,1964,
Latin America & the Caribbean (IDA & IBRD countries),TLA,1963,
Latin America & the Caribbean (IDA & IBRD countries),TLA,1962,
Latin America & the Caribbean (IDA & IBRD countries),TLA,1961,
Latin America & the Caribbean (IDA & IBRD countries),TLA,1960,
Least developed countries: UN classification,LDC,2025,
Least developed countries: UN classification,LDC,2024,40.6683325528764
Least developed countries: UN classification,LDC,2023,41.849382418192
Least developed countries: UN classification,LDC,2022,44.7278486697942
Least developed countries: UN classification,LDC,2021,44.3929627467139
Least developed countries: UN classification,LDC,2020,43.6375843724231
Least developed countries: UN classification,LDC,2019,44.7718946200975
Least developed countries: UN classification,LDC,2018,45.6124436900325
Least developed countries: UN classification,LDC,2017,47.8350515081626
Least developed countries: UN classification,LDC,2016,48.5250792158551
Least developed countries: UN classification,LDC,2015,49.5357662215851
Least developed countries: UN classification,LDC,2014,50.6273245819973
Least developed countries: UN classification,LDC,2013,51.1661366721214
Least developed countries: UN classification,LDC,2012,53.0507210044313
Least developed countries: UN classification,LDC,2011,56.8563436325487
Least developed countries: UN classification,LDC,2010,56.9185188263047
Least developed countries: UN classification,LDC,2009,59.3020946036514
Least developed countries: UN classification,LDC,2008,60.9380964523821
Least developed countries: UN classification,LDC,2007,62.9460487735914
Least developed countries: UN classification,LDC,2006,65.6934384276426
Least developed countries: UN classification,LDC,2005,68.8068897730275
Least developed countries: UN classification,LDC,2004,73.3664850531489
Least developed countries: UN classification,LDC,2003,76.4273242647099
Least developed countries: UN classification,LDC,2002,79.7494908914116
Least developed countries: UN classification,LDC,2001,84.050294292613
Least developed countries: UN classification,LDC,2000,86.5255700936989
Least developed countries: UN classification,LDC,1999,89.7865293739024
Least developed countries: UN classification,LDC,1998,94.8759346057491
Least developed countries: UN classification,LDC,1997,95.7711569429015
Least developed countries: UN classification,LDC,1996,98.306817945911
Least developed countries: UN classification,LDC,1995,98.2420003735381
Least developed countries: UN classification,LDC,1994,101.523419274856
Least developed countries: UN classification,LDC,1993,104.135551135156
Least developed countries: UN classification,LDC,1992,106.017584662955
Least developed countries: UN classification,LDC,1991,107.689798169566
Least developed countries: UN classification,LDC,1990,107.916140350041
Least developed countries: UN classification,LDC,1989,
Least developed countries: UN classification,LDC,1988,
Least developed countries: UN classification,LDC,1987,
Least developed countries: UN classification,LDC,1986,
Least developed countries: UN classification,LDC,1985,
Least developed countries: UN classification,LDC,1984,
Least developed countries: UN classification,LDC,1983,
Least developed countries: UN classification,LDC,1982,
Least developed countries: UN classification,LDC,1981,
Least developed countries: UN classification,LDC,1980,
Least developed countries: UN classification,LDC,1979,
Least developed countries: UN classification,LDC,1978,
Least developed countries: UN classification,LDC,1977,
Least developed countries: UN classification,LDC,1976,
Least developed countries: UN classification,LDC,1975,
Least developed countries: UN classification,LDC,1974,
Least developed countries: UN classification,LDC,1973,
Least developed countries: UN classification,LDC,1972,
Least developed countries: UN classification,LDC,1971,
Least developed countries: UN classification,LDC,1970,
Least developed countries: UN classification,LDC,1969,
Least developed countries: UN classification,LDC,1968,
Least developed countries: UN classification,LDC,1967,
Least developed countries: UN classification,LDC,1966,
Least developed countries: UN classification,LDC,1965,
Least developed countries: UN classification,LDC,1964,
Least developed countries: UN classification,LDC,1963,
Least developed countries: UN classification,LDC,1962,
Least developed countries: UN classification,LDC,1961,
Least developed countries: UN classification,LDC,1960,
Low & middle income,LMY,2025,
Low & middle income,LMY,2024,30.1504237873308
Low & middle income,LMY,2023,30.9253335664166
Low & middle income,LMY,2022,32.0281018991026
Low & middle income,LMY,2021,32.0138801905993
Low & middle income,LMY,2020,31.801574248301
Low & middle income,LMY,2019,31.9271911090042
Low & middle income,LMY,2018,32.4131735958797
Low & middle income,LMY,2017,32.8717535680472
Low & middle income,LMY,2016,33.5892802078475
Low & middle income,LMY,2015,34.5322861560513
Low & middle income,LMY,2014,35.2169759624244
Low & middle income,LMY,2013,36.2403490217864
Low & middle income,LMY,2012,37.3286021184461
Low & middle income,LMY,2011,39.3950417356913
Low & middle income,LMY,2010,40.3335358947699
Low & middle income,LMY,2009,41.81448096028
Low & middle income,LMY,2008,43.2153707652758
Low & middle income,LMY,2007,44.8174025793967
Low & middle income,LMY,2006,46.617383982774
Low & middle income,LMY,2005,48.5387765525387
Low & middle income,LMY,2004,50.9123229627451
Low & middle income,LMY,2003,52.8138516092236
Low & middle income,LMY,2002,54.8797452074337
Low & middle income,LMY,2001,57.05149743039
Low & middle income,LMY,2000,58.6328934073679
Low & middle income,LMY,1999,60.7135468360496
Low & middle income,LMY,1998,62.8837137206562
Low & middle income,LMY,1997,64.0921612061356
Low & middle income,LMY,1996,65.5764125218328
Low & middle income,LMY,1995,66.3977935959131
Low & middle income,LMY,1994,67.7651743131067
Low & middle income,LMY,1993,69.0131622889435
Low & middle income,LMY,1992,70.059119680995
Low & middle income,LMY,1991,70.9195360025636
Low & middle income,LMY,1990,70.6962411270099
Low & middle income,LMY,1989,
Low & middle income,LMY,1988,
Low & middle income,LMY,1987,
Low & middle income,LMY,1986,
Low & middle income,LMY,1985,
Low & middle income,LMY,1984,
Low & middle income,LMY,1983,
Low & middle income,LMY,1982,
Low & middle income,LMY,1981,
Low & middle income,LMY,1980,
Low & middle income,LMY,1979,
Low & middle income,LMY,1978,
Low & middle income,LMY,1977,
Low & middle income,LMY,1976,
Low & middle income,LMY,1975,
Low & middle income,LMY,1974,
Low & middle income,LMY,1973,
Low & middle income,LMY,1972,
Low & middle income,LMY,1971,
Low & middle income,LMY,1970,
Low & middle income,LMY,1969,
Low & middle income,LMY,1968,
Low & middle income,LMY,1967,
Low & middle income,LMY,1966,
Low & middle income,LMY,1965,
Low & middle income,LMY,1964,
Low & middle income,LMY,1963,
Low & middle income,LMY,1962,
Low & middle income,LMY,1961,
Low & middle income,LMY,1960,
Low income,,2025,
Low income,,2024,46.7
Low income,,2023,47.7
Low income,,2022,50.5
Low income,,2021,49.2
Low income,,2020,49.6
Low income,,2019,50.9
Low income,,2018,51.6
Low income,,2017,54.4
Low income,,2016,54.6
Low income,,2015,55.2
Low income,,2014,55.8
Low income,,2013,55.4
Low income,,2012,57.3
Low income,,2011,62.4
Low income,,2010,60.6
Low income,,2009,63.7
Low income,,2008,64.0
Low income,,2007,66.6
Low income,,2006,69.5
Low income,,2005,72.8
Low income,,2004,78.5
Low income,,2003,81.3
Low income,,2002,85.3
Low income,,2001,90.2
Low income,,2000,91.7
Low income,,1999,94.7
Low income,,1998,101.7
Low income,,1997,100.5
Low income,,1996,102.5
Low income,,1995,99.7
Low income,,1994,102.5
Low income,,1993,105.0
Low income,,1992,106.2
Low income,,1991,107.2
Low income,,1990,105.2
Low income,,1989,
Low income,,1988,
Low income,,1987,
Low income,,1986,
Low income,,1985,
Low income,,1984,
Low income,,1983,
Low income,,1982,
Low income,,1981,
Low income,,1980,
Low income,,1979,
Low income,,1978,
Low income,,1977,
Low income,,1976,
Low income,,1975,
Low income,,1974,
Low income,,1973,
Low income,,1972,
Low income,,1971,
Low income,,1970,
Low income,,1969,
Low income,,1968,
Low income,,1967,
Low income,,1966,
Low income,,1965,
Low income,,1964,
Low income,,1963,
Low income,,1962,
Low income,,1961,
Low income,,1960,
Lower middle income,,2025,
Lower middle income,,2024,33.1
Lower middle income,,2023,33.9
Lower middle income,,2022,34.7
Lower middle income,,2021,35.5
Lower middle income,,2020,36.2
Lower middle income,,2019,37.1
Lower middle income,,2018,38.0
Lower middle income,,2017,39.0
Lower middle income,,2016,40.1
Lower middle income,,2015,41.3
Lower middle income,,2014,42.6
Lower middle income,,2013,44.0
Lower middle income,,2012,45.5
Lower middle income,,2011,47.1
Lower middle income,,2010,48.8
Lower middle income,,2009,50.3
Lower middle income,,2008,52.1
Lower middle income,,2007,53.7
Lower middle income,,2006,55.5
Lower middle income,,2005,57.4
Lower middle income,,2004,59.3
Lower middle income,,2003,61.3
Lower middle income,,2002,63.4
Lower middle income,,2001,65.6
Lower middle income,,2000,67.8
Lower middle income,,1999,70.0
Lower middle income,,1998,72.0
Lower middle income,,1997,73.8
Lower middle income,,1996,75.6
Lower middle income,,1995,77.2
Lower middle income,,1994,78.7
Lower middle income,,1993,80.1
Lower middle income,,1992,81.6
Lower middle income,,1991,83.1
Lower middle income,,1990,84.7
Lower middle income,,1989,
Lower middle income,,1988,
Lower middle income,,1987,
Lower middle income,,1986,
Lower middle income,,1985,
Lower middle income,,1984,
Lower middle income,,1983,
Lower middle income,,1982,
Lower middle income,,1981,
Lower middle income,,1980,
Lower middle income,,1979,
Lower middle income,,1978,
Lower middle income,,1977,
Lower middle income,,1976,
Lower middle income,,1975,
Lower middle income,,1974,
Lower middle income,,1973,
Lower middle income,,1972,
Lower middle income,,1971,
Lower middle income,,1970,
Lower middle income,,1969,
Lower middle income,,1968,
Lower middle income,,1967,
Lower middle income,,1966,
Lower middle income,,1965,
Lower middle income,,1964,
Lower middle income,,1963,
Lower middle income,,1962,
Lower middle income,,1961,
Lower middle income,,1960,
"Middle East, North Africa, Afghanistan & Pakistan",MEA,2025,
"Middle East, North Africa, Afghanistan & Pakistan",MEA,2024,32.0
"Middle East, North Africa, Afghanistan & Pakistan",MEA,2023,33.0
"Middle East, North Africa, Afghanistan & Pakistan",MEA,2022,34.0
"Middle East, North Africa, Afghanistan & Pakistan",MEA,2021,35.0
"Middle East, North Africa, Afghanistan & Pakistan",MEA,2020,35.7
"Middle East, North Africa, Afghanistan & Pakistan",MEA,2019,36.5
"Middle East, North Africa, Afghanistan & Pakistan",MEA,2018,37.2
"Middle East, North Africa, Afghanistan & Pakistan",MEA,2017,37.7
"Middle East, North Africa, Afghanistan & Pakistan",MEA,2016,38.6
"Middle East, North Africa, Afghanistan & Pakistan",MEA,2015,39.8
"Middle East, North Africa, Afghanistan & Pakistan",MEA,2014,40.9
"Middle East, North Africa, Afghanistan & Pakistan",MEA,2013,42.3
"Middle East, North Africa, Afghanistan & Pakistan",MEA,2012,43.7
"Middle East, North Africa, Afghanistan & Pakistan",MEA,2011,45.0
"Middle East, North Africa, Afghanistan & Pakistan",MEA,2010,46.5
"Middle East, North Africa, Afghanistan & Pakistan",MEA,2009,47.8
"Middle East, North Africa, Afghanistan & Pakistan",MEA,2008,49.1
"Middle East, North Africa, Afghanistan & Pakistan",MEA,2007,50.5
"Middle East, North Africa, Afghanistan & Pakistan",MEA,2006,52.0
"Middle East, North Africa, Afghanistan & Pakistan",MEA,2005,53.4
"Middle East, North Africa, Afghanistan & Pakistan",MEA,2004,55.1
"Middle East, North Africa, Afghanistan & Pakistan",MEA,2003,57.0
"Middle East, North Africa, Afghanistan & Pakistan",MEA,2002,58.6
"Middle East, North Africa, Afghanistan & Pakistan",MEA,2001,60.5
"Middle East, North Africa, Afghanistan & Pakistan",MEA,2000,62.5
"Middle East, North Africa, Afghanistan & Pakistan",MEA,1999,64.5
"Middle East, North Africa, Afghanistan & Pakistan",MEA,1998,66.3
"Middle East, North Africa, Afghanistan & Pakistan",MEA,1997,68.3
"Middle East, North Africa, Afghanistan & Pakistan",MEA,1996,70.2
"Middle East, North Africa, Afghanistan & Pakistan",MEA,1995,71.8
"Middle East, North Africa, Afghanistan & Pakistan",MEA,1994,73.2
"Middle East, North Africa, Afghanistan & Pakistan",MEA,1993,74.3
"Middle East, North Africa, Afghanistan & Pakistan",MEA,1992,75.6
"Middle East, North Africa, Afghanistan & Pakistan",MEA,1991,77.3
"Middle East, North Africa, Afghanistan & Pakistan",MEA,1990,79.1
"Middle East, North Africa, Afghanistan & Pakistan",MEA,1989,
"Middle East, North Africa, Afghanistan & Pakistan",MEA,1988,
"Middle East, North Africa, Afghanistan & Pakistan",MEA,1987,
"Middle East, North Africa, Afghanistan & Pakistan",MEA,1986,
"Middle East, North Africa, Afghanistan & Pakistan",MEA,1985,
"Middle East, North Africa, Afghanistan & Pakistan",MEA,1984,
"Middle East, North Africa, Afghanistan & Pakistan",MEA,1983,
"Middle East, North Africa, Afghanistan & Pakistan",MEA,1982,
"Middle East, North Africa, Afghanistan & Pakistan",MEA,1981,
"Middle East, North Africa, Afghanistan & Pakistan",MEA,1980,
"Middle East, North Africa, Afghanistan & Pakistan",MEA,1979,
"Middle East, North Africa, Afghanistan & Pakistan",MEA,1978,
"Middle East, North Africa, Afghanistan & Pakistan",MEA,1977,
"Middle East, North Africa, Afghanistan & Pakistan",MEA,1976,
"Middle East, North Africa, Afghanistan & Pakistan",MEA,1975,
"Middle East, North Africa, Afghanistan & Pakistan",MEA,1974,
"Middle East, North Africa, Afghanistan & Pakistan",MEA,1973,
"Middle East, North Africa, Afghanistan & Pakistan",MEA,1972,
"Middle East, North Africa, Afghanistan & Pakistan",MEA,1971,
"Middle East, North Africa, Afghanistan & Pakistan",MEA,1970,
"Middle East, North Africa, Afghanistan & Pakistan",MEA,1969,
"Middle East, North Africa, Afghanistan & Pakistan",MEA,1968,
"Middle East, North Africa, Afghanistan & Pakistan",MEA,1967,
"Middle East, North Africa, Afghanistan & Pakistan",MEA,1966,
"Middle East, North Africa, Afghanistan & Pakistan",MEA,1965,
"Middle East, North Africa, Afghanistan & Pakistan",MEA,1964,
"Middle East, North Africa, Afghanistan & Pakistan",MEA,1963,
"Middle East, North Africa, Afghanistan & Pakistan",MEA,1962,
"Middle East, North Africa, Afghanistan & Pakistan",MEA,1961,
"Middle East, North Africa, Afghanistan & Pakistan",MEA,1960,
"Middle East, North Africa, Afghanistan & Pakistan (excluding high income)",MNA,2025,
"Middle East, North Africa, Afghanistan & Pakistan (excluding high income)",MNA,2024,33.5717272338857
"Middle East, North Africa, Afghanistan & Pakistan (excluding high income)",MNA,2023,34.6421494603851
"Middle East, North Africa, Afghanistan & Pakistan (excluding high income)",MNA,2022,35.6058721554696
"Middle East, North Africa, Afghanistan & Pakistan (excluding high income)",MNA,2021,36.595825548688
"Middle East, North Africa, Afghanistan & Pakistan (excluding high income)",MNA,2020,37.4140515517314
"Middle East, North Africa, Afghanistan & Pakistan (excluding high income)",MNA,2019,38.344503876803
"Middle East, North Africa, Afghanistan & Pakistan (excluding high income)",MNA,2018,39.1265063924956
"Middle East, North Africa, Afghanistan & Pakistan (excluding high income)",MNA,2017,39.6871762284435
"Middle East, North Africa, Afghanistan & Pakistan (excluding high income)",MNA,2016,40.5944945238614
"Middle East, North Africa, Afghanistan & Pakistan (excluding high income)",MNA,2015,41.745168626521
"Middle East, North Africa, Afghanistan & Pakistan (excluding high income)",MNA,2014,42.9091777162704
"Middle East, North Africa, Afghanistan & Pakistan (excluding high income)",MNA,2013,44.2810796568232
"Middle East, North Africa, Afghanistan & Pakistan (excluding high income)",MNA,2012,45.7197117965624
"Middle East, North Africa, Afghanistan & Pakistan (excluding high income)",MNA,2011,47.0654261999844
"Middle East, North Africa, Afghanistan & Pakistan (excluding high income)",MNA,2010,48.5108314263146
"Middle East, North Africa, Afghanistan & Pakistan (excluding high income)",MNA,2009,49.9280224706447
"Middle East, North Africa, Afghanistan & Pakistan (excluding high income)",MNA,2008,51.2324639561089
"Middle East, North Africa, Afghanistan & Pakistan (excluding high income)",MNA,2007,52.6713440292116
"Middle East, North Africa, Afghanistan & Pakistan (excluding high income)",MNA,2006,54.1880930435813
"Middle East, North Africa, Afghanistan & Pakistan (excluding high income)",MNA,2005,55.6915524265694
"Middle East, North Africa, Afghanistan & Pakistan (excluding high income)",MNA,2004,57.4056386775118
"Middle East, North Africa, Afghanistan & Pakistan (excluding high income)",MNA,2003,59.3310154388369
"Middle East, North Africa, Afghanistan & Pakistan (excluding high income)",MNA,2002,61.042413312649
"Middle East, North Africa, Afghanistan & Pakistan (excluding high income)",MNA,2001,62.9342416216993
"Middle East, North Africa, Afghanistan & Pakistan (excluding high income)",MNA,2000,65.0869667076359
"Middle East, North Africa, Afghanistan & Pakistan (excluding high income)",MNA,1999,67.0780738509715
"Middle East, North Africa, Afghanistan & Pakistan (excluding high income)",MNA,1998,68.9891301592803
"Middle East, North Africa, Afghanistan & Pakistan (excluding high income)",MNA,1997,70.9875664573039
"Middle East, North Africa, Afghanistan & Pakistan (excluding high income)",MNA,1996,72.8603780282236
"Middle East, North Africa, Afghanistan & Pakistan (excluding high income)",MNA,1995,74.5119165149795
"Middle East, North Africa, Afghanistan & Pakistan (excluding high income)",MNA,1994,75.8738352323336
"Middle East, North Africa, Afghanistan & Pakistan (excluding high income)",MNA,1993,76.9376775273416
"Middle East, North Africa, Afghanistan & Pakistan (excluding high income)",MNA,1992,78.0528254802661
"Middle East, North Africa, Afghanistan & Pakistan (excluding high income)",MNA,1991,79.6912235845926
"Middle East, North Africa, Afghanistan & Pakistan (excluding high income)",MNA,1990,81.6233434347447
"Middle East, North Africa, Afghanistan & Pakistan (excluding high income)",MNA,1989,
"Middle East, North Africa, Afghanistan & Pakistan (excluding high income)",MNA,1988,
"Middle East, North Africa, Afghanistan & Pakistan (excluding high income)",MNA,1987,
"Middle East, North Africa, Afghanistan & Pakistan (excluding high income)",MNA,1986,
"Middle East, North Africa, Afghanistan & Pakistan (excluding high income)",MNA,1985,
"Middle East, North Africa, Afghanistan & Pakistan (excluding high income)",MNA,1984,
"Middle East, North Africa, Afghanistan & Pakistan (excluding high income)",MNA,1983,
"Middle East, North Africa, Afghanistan & Pakistan (excluding high income)",MNA,1982,
"Middle East, North Africa, Afghanistan & Pakistan (excluding high income)",MNA,1981,
"Middle East, North Africa, Afghanistan & Pakistan (excluding high income)",MNA,1980,
"Middle East, North Africa, Afghanistan & Pakistan (excluding high income)",MNA,1979,
"Middle East, North Africa, Afghanistan & Pakistan (excluding high income)",MNA,1978,
"Middle East, North Africa, Afghanistan & Pakistan (excluding high income)",MNA,1977,
"Middle East, North Africa, Afghanistan & Pakistan (excluding high income)",MNA,1976,
"Middle East, North Africa, Afghanistan & Pakistan (excluding high income)",MNA,1975,
"Middle East, North Africa, Afghanistan & Pakistan (excluding high income)",MNA,1974,
"Middle East, North Africa, Afghanistan & Pakistan (excluding high income)",MNA,1973,
"Middle East, North Africa, Afghanistan & Pakistan (excluding high income)",MNA,1972,
"Middle East, North Africa, Afghanistan & Pakistan (excluding high income)",MNA,1971,
"Middle East, North Africa, Afghanistan & Pakistan (excluding high income)",MNA,1970,
"Middle East, North Africa, Afghanistan & Pakistan (excluding high income)",MNA,1969,
"Middle East, North Africa, Afghanistan & Pakistan (excluding high income)",MNA,1968,
"Middle East, North Africa, Afghanistan & Pakistan (excluding high income)",MNA,1967,
"Middle East, North Africa, Afghanistan & Pakistan (excluding high income)",MNA,1966,
"Middle East, North Africa, Afghanistan & Pakistan (excluding high income)",MNA,1965,
"Middle East, North Africa, Afghanistan & Pakistan (excluding high income)",MNA,1964,
"Middle East, North Africa, Afghanistan & Pakistan (excluding high income)",MNA,1963,
"Middle East, North Africa, Afghanistan & Pakistan (excluding high income)",MNA,1962,
"Middle East, North Africa, Afghanistan & Pakistan (excluding high income)",MNA,1961,
"Middle East, North Africa, Afghanistan & Pakistan (excluding high income)",MNA,1960,
"Middle East, North Africa, Afghanistan & Pakistan (IDA & IBRD)",TMN,2025,
"Middle East, North Africa, Afghanistan & Pakistan (IDA & IBRD)",TMN,2024,33.7113790157987
"Middle East, North Africa, Afghanistan & Pakistan (IDA & IBRD)",TMN,2023,34.7941815337804
"Middle East, North Africa, Afghanistan & Pakistan (IDA & IBRD)",TMN,2022,35.8054853221345
"Middle East, North Africa, Afghanistan & Pakistan (IDA & IBRD)",TMN,2021,36.8008530927113
"Middle East, North Africa, Afghanistan & Pakistan (IDA & IBRD)",TMN,2020,37.6229268023937
"Middle East, North Africa, Afghanistan & Pakistan (IDA & IBRD)",TMN,2019,38.5595764016893
"Middle East, North Africa, Afghanistan & Pakistan (IDA & IBRD)",TMN,2018,39.3434807294902
"Middle East, North Africa, Afghanistan & Pakistan (IDA & IBRD)",TMN,2017,39.902533909126
"Middle East, North Africa, Afghanistan & Pakistan (IDA & IBRD)",TMN,2016,40.8132033271027
"Middle East, North Africa, Afghanistan & Pakistan (IDA & IBRD)",TMN,2015,41.9650635249281
"Middle East, North Africa, Afghanistan & Pakistan (IDA & IBRD)",TMN,2014,43.1183642748564
"Middle East, North Africa, Afghanistan & Pakistan (IDA & IBRD)",TMN,2013,44.5035803675885
"Middle East, North Africa, Afghanistan & Pakistan (IDA & IBRD)",TMN,2012,45.9488773951889
"Middle East, North Africa, Afghanistan & Pakistan (IDA & IBRD)",TMN,2011,47.3045291196204
"Middle East, North Africa, Afghanistan & Pakistan (IDA & IBRD)",TMN,2010,48.7576563224184
"Middle East, North Africa, Afghanistan & Pakistan (IDA & IBRD)",TMN,2009,50.1768645580206
"Middle East, North Africa, Afghanistan & Pakistan (IDA & IBRD)",TMN,2008,51.4854359240134
"Middle East, North Africa, Afghanistan & Pakistan (IDA & IBRD)",TMN,2007,52.93244171322
"Middle East, North Africa, Afghanistan & Pakistan (IDA & IBRD)",TMN,2006,54.4631671749249
"Middle East, North Africa, Afghanistan & Pakistan (IDA & IBRD)",TMN,2005,55.9796771852355
"Middle East, North Africa, Afghanistan & Pakistan (IDA & IBRD)",TMN,2004,57.7057462087737
"Middle East, North Africa, Afghanistan & Pakistan (IDA & IBRD)",TMN,2003,59.6421169664937
"Middle East, North Africa, Afghanistan & Pakistan (IDA & IBRD)",TMN,2002,61.3664367888961
"Middle East, North Africa, Afghanistan & Pakistan (IDA & IBRD)",TMN,2001,63.2678391316158
"Middle East, North Africa, Afghanistan & Pakistan (IDA & IBRD)",TMN,2000,65.4291766544617
"Middle East, North Africa, Afghanistan & Pakistan (IDA & IBRD)",TMN,1999,67.4284744286879
"Middle East, North Africa, Afghanistan & Pakistan (IDA & IBRD)",TMN,1998,69.3466140701267
"Middle East, North Africa, Afghanistan & Pakistan (IDA & IBRD)",TMN,1997,71.3483397748256
"Middle East, North Africa, Afghanistan & Pakistan (IDA & IBRD)",TMN,1996,73.2227719177153
"Middle East, North Africa, Afghanistan & Pakistan (IDA & IBRD)",TMN,1995,74.871036461745
"Middle East, North Africa, Afghanistan & Pakistan (IDA & IBRD)",TMN,1994,76.2248638459189
"Middle East, North Africa, Afghanistan & Pakistan (IDA & IBRD)",TMN,1993,77.2787784534835
"Middle East, North Africa, Afghanistan & Pakistan (IDA & IBRD)",TMN,1992,78.3824828305711
"Middle East, North Africa, Afghanistan & Pakistan (IDA & IBRD)",TMN,1991,80.0103368363463
"Middle East, North Africa, Afghanistan & Pakistan (IDA & IBRD)",TMN,1990,81.9323571147492
"Middle East, North Africa, Afghanistan & Pakistan (IDA & IBRD)",TMN,1989,
"Middle East, North Africa, Afghanistan & Pakistan (IDA & IBRD)",TMN,1988,
"Middle East, North Africa, Afghanistan & Pakistan (IDA & IBRD)",TMN,1987,
"Middle East, North Africa, Afghanistan & Pakistan (IDA & IBRD)",TMN,1986,
"Middle East, North Africa, Afghanistan & Pakistan (IDA & IBRD)",TMN,1985,
"Middle East, North Africa, Afghanistan & Pakistan (IDA & IBRD)",TMN,1984,
"Middle East, North Africa, Afghanistan & Pakistan (IDA & IBRD)",TMN,1983,
"Middle East, North Africa, Afghanistan & Pakistan (IDA & IBRD)",TMN,1982,
"Middle East, North Africa, Afghanistan & Pakistan (IDA & IBRD)",TMN,1981,
"Middle East, North Africa, Afghanistan & Pakistan (IDA & IBRD)",TMN,1980,
"Middle East, North Africa, Afghanistan & Pakistan (IDA & IBRD)",TMN,1979,
"Middle East, North Africa, Afghanistan & Pakistan (IDA & IBRD)",TMN,1978,
"Middle East, North Africa, Afghanistan & Pakistan (IDA & IBRD)",TMN,1977,
"Middle East, North Africa, Afghanistan & Pakistan (IDA & IBRD)",TMN,1976,
"Middle East, North Africa, Afghanistan & Pakistan (IDA & IBRD)",TMN,1975,
"Middle East, North Africa, Afghanistan & Pakistan (IDA & IBRD)",TMN,1974,
"Middle East, North Africa, Afghanistan & Pakistan (IDA & IBRD)",TMN,1973,
"Middle East, North Africa, Afghanistan & Pakistan (IDA & IBRD)",TMN,1972,
"Middle East, North Africa, Afghanistan & Pakistan (IDA & IBRD)",TMN,1971,
"Middle East, North Africa, Afghanistan & Pakistan (IDA & IBRD)",TMN,1970,
"Middle East, North Africa, Afghanistan & Pakistan (IDA & IBRD)",TMN,1969,
"Middle East, North Africa, Afghanistan & Pakistan (IDA & IBRD)",TMN,1968,
"Middle East, North Africa, Afghanistan & Pakistan (IDA & IBRD)",TMN,1967,
"Middle East, North Africa, Afghanistan & Pakistan (IDA & IBRD)",TMN,1966,
"Middle East, North Africa, Afghanistan & Pakistan (IDA & IBRD)",TMN,1965,
"Middle East, North Africa, Afghanistan & Pakistan (IDA & IBRD)",TMN,1964,
"Middle East, North Africa, Afghanistan & Pakistan (IDA & IBRD)",TMN,1963,
"Middle East, North Africa, Afghanistan & Pakistan (IDA & IBRD)",TMN,1962,
"Middle East, North Africa, Afghanistan & Pakistan (IDA & IBRD)",TMN,1961,
"Middle East, North Africa, Afghanistan & Pakistan (IDA & IBRD)",TMN,1960,
Middle income,MIC,2025,
Middle income,MIC,2024,26.1818063007917
Middle income,MIC,2023,26.8303914004396
Middle income,MIC,2022,27.2891085228376
Middle income,MIC,2021,27.6173561222001
Middle income,MIC,2020,27.8554299246045
Middle income,MIC,2019,27.9399320494158
Middle income,MIC,2018,28.5021502417225
Middle income,MIC,2017,28.6833881624851
Middle income,MIC,2016,29.5910982621596
Middle income,MIC,2015,30.6120960577314
Middle income,MIC,2014,31.3623729949195
Middle income,MIC,2013,32.6387867586089
Middle income,MIC,2012,33.6469042324015
Middle income,MIC,2011,35.2212814107862
Middle income,MIC,2010,36.5861579352607
Middle income,MIC,2009,37.8472943685616
Middle income,MIC,2008,39.4099559636348
Middle income,MIC,2007,40.8479954896818
Middle income,MIC,2006,42.4915113305192
Middle income,MIC,2005,44.2249950894515
Middle income,MIC,2004,46.1506919979913
Middle income,MIC,2003,47.9508370640507
Middle income,MIC,2002,49.8118711772298
Middle income,MIC,2001,51.663403986268
Middle income,MIC,2000,53.3106656895371
Middle income,MIC,1999,55.2756025567903
Middle income,MIC,1998,56.9322242447752
Middle income,MIC,1997,58.4900456872318
Middle income,MIC,1996,59.9699663909385
Middle income,MIC,1995,61.2918904261726
Middle income,MIC,1994,62.5950760465641
Middle income,MIC,1993,63.7842831970236
Middle income,MIC,1992,64.9510424925381
Middle income,MIC,1991,65.9522222486902
Middle income,MIC,1990,66.1571629987502
Middle income,MIC,1989,
Middle income,MIC,1988,
Middle income,MIC,1987,
Middle income,MIC,1986,
Middle income,MIC,1985,
Middle income,MIC,1984,
Middle income,MIC,1983,
Middle income,MIC,1982,
Middle income,MIC,1981,
Middle income,MIC,1980,
Middle income,MIC,1979,
Middle income,MIC,1978,
Middle income,MIC,1977,
Middle income,MIC,1976,
Middle income,MIC,1975,
Middle income,MIC,1974,
Middle income,MIC,1973,
Middle income,MIC,1972,
Middle income,MIC,1971,
Middle income,MIC,1970,
Middle income,MIC,1969,
Middle income,MIC,1968,
Middle income,MIC,1967,
Middle income,MIC,1966,
Middle income,MIC,1965,
Middle income,MIC,1964,
Middle income,MIC,1963,
Middle income,MIC,1962,
Middle income,MIC,1961,
Middle income,MIC,1960,
North America,NAC,2025,
North America,NAC,2024,5.4
North America,NAC,2023,5.4
North America,NAC,2022,5.4
North America,NAC,2021,5.4
North America,NAC,2020,5.4
North America,NAC,2019,5.4
North America,NAC,2018,5.5
North America,NAC,2017,5.5
North America,NAC,2016,5.6
North America,NAC,2015,5.7
North America,NAC,2014,5.7
North America,NAC,2013,5.8
North America,NAC,2012,5.9
North America,NAC,2011,6.0
North America,NAC,2010,6.1
North America,NAC,2009,6.2
North America,NAC,2008,6.4
North America,NAC,2007,6.5
North America,NAC,2006,6.6
North America,NAC,2005,6.6
North America,NAC,2004,6.7
North America,NAC,2003,6.8
North America,NAC,2002,6.8
North America,NAC,2001,6.9
North America,NAC,2000,7.0
North America,NAC,1999,7.1
North America,NAC,1998,7.2
North America,NAC,1997,7.3
North America,NAC,1996,7.5
North America,NAC,1995,7.7
North America,NAC,1994,8.0
North America,NAC,1993,8.3
North America,NAC,1992,8.6
North America,NAC,1991,8.9
North America,NAC,1990,9.2
North America,NAC,1989,
North America,NAC,1988,
North America,NAC,1987,
North America,NAC,1986,
North America,NAC,1985,
North America,NAC,1984,
North America,NAC,1983,
North America,NAC,1982,
North America,NAC,1981,
North America,NAC,1980,
North America,NAC,1979,
North America,NAC,1978,
North America,NAC,1977,
North America,NAC,1976,
North America,NAC,1975,
North America,NAC,1974,
North America,NAC,1973,
North America,NAC,1972,
North America,NAC,1971,
North America,NAC,1970,
North America,NAC,1969,
North America,NAC,1968,
North America,NAC,1967,
North America,NAC,1966,
North America,NAC,1965,
North America,NAC,1964,
North America,NAC,1963,
North America,NAC,1962,
North America,NAC,1961,
North America,NAC,1960,
Not classified,,2025,
Not classified,,2024,
Not classified,,2023,
Not classified,,2022,
Not classified,,2021,
Not classified,,2020,
Not classified,,2019,
Not classified,,2018,
Not classified,,2017,
Not classified,,2016,
Not classified,,2015,
Not classified,,2014,
Not classified,,2013,
Not classified,,2012,
Not classified,,2011,
Not classified,,2010,
Not classified,,2009,
Not classified,,2008,
Not classified,,2007,
Not classified,,2006,
Not classified,,2005,
Not classified,,2004,
Not classified,,2003,
Not classified,,2002,
Not classified,,2001,
Not classified,,2000,
Not classified,,1999,
Not classified,,1998,
Not classified,,1997,
Not classified,,1996,
Not classified,,1995,
Not classified,,1994,
Not classified,,1993,
Not classified,,1992,
Not classified,,1991,
Not classified,,1990,
Not classified,,1989,
Not classified,,1988,
Not classified,,1987,
Not classified,,1986,
Not classified,,1985,
Not classified,,1984,
Not classified,,1983,
Not classified,,1982,
Not classified,,1981,
Not classified,,1980,
Not classified,,1979,
Not classified,,1978,
Not classified,,1977,
Not classified,,1976,
Not classified,,1975,
Not classified,,1974,
Not classified,,1973,
Not classified,,1972,
Not classified,,1971,
Not classified,,1970,
Not classified,,1969,
Not classified,,1968,
Not classified,,1967,
Not classified,,1966,
Not classified,,1965,
Not classified,,1964,
Not classified,,1963,
Not classified,,1962,
Not classified,,1961,
Not classified,,1960,
OECD members,OED,2025,
OECD members,OED,2024,5.84271995128145
OECD members,OED,2023,6.05452960982659
OECD members,OED,2022,6.00274819668509
OECD members,OED,2021,6.06250471900368
OECD members,OED,2020,6.16574364465145
OECD members,OED,2019,6.24325876037331
OECD members,OED,2018,6.35181307348757
OECD members,OED,2017,6.44053838549282
OECD members,OED,2016,6.56538407233189
OECD members,OED,2015,6.73424613718391
OECD members,OED,2014,6.90425862464224
OECD members,OED,2013,7.10319850099227
OECD members,OED,2012,7.25440209299657
OECD members,OED,2011,7.44695808542711
OECD members,OED,2010,7.6484037783175
OECD members,OED,2009,7.92707917841232
OECD members,OED,2008,8.17965616207063
OECD members,OED,2007,8.48289379126494
OECD members,OED,2006,8.81917354680212
OECD members,OED,2005,9.20212317800109
OECD members,OED,2004,9.53796616287999
OECD members,OED,2003,9.96024603746905
OECD members,OED,2002,10.4377376018958
OECD members,OED,2001,10.8970336734802
OECD members,OED,2000,11.3833644664251
OECD members,OED,1999,12.0296870402202
OECD members,OED,1998,12.6304467888696
OECD members,OED,1997,13.2559554714353
OECD members,OED,1996,13.9287697844738
OECD members,OED,1995,14.6671627958395
OECD members,OED,1994,15.351523339129
OECD members,OED,1993,16.0704411306133
OECD members,OED,1992,16.6902541719363
OECD members,OED,1991,17.4473108853902
OECD members,OED,1990,18.2237994788435
OECD members,OED,1989,
OECD members,OED,1988,
OECD members,OED,1987,
OECD members,OED,1986,
OECD members,OED,1985,
OECD members,OED,1984,
OECD members,OED,1983,
OECD members,OED,1982,
OECD members,OED,1981,
OECD members,OED,1980,
OECD members,OED,1979,
OECD members,OED,1978,
OECD members,OED,1977,
OECD members,OED,1976,
OECD members,OED,1975,
OECD members,OED,1974,
OECD members,OED,1973,
OECD members,OED,1972,
OECD members,OED,1971,
OECD members,OED,1970,
OECD members,OED,1969,
OECD members,OED,1968,
OECD members,OED,1967,
OECD members,OED,1966,
OECD members,OED,1965,
OECD members,OED,1964,
OECD members,OED,1963,
OECD members,OED,1962,
OECD members,OED,1961,
OECD members,OED,1960,
Other small states,OSS,2025,
Other small states,OSS,2024,24.4935735362477
Other small states,OSS,2023,25.2972589405944
Other small states,OSS,2022,25.903903002656
Other small states,OSS,2021,26.1488411142242
Other small states,OSS,2020,26.842599403847
Other small states,OSS,2019,27.3682789590699
Other small states,OSS,2018,27.8833337377757
Other small states,OSS,2017,28.8792153998443
Other small states,OSS,2016,29.4232689813193
Other small states,OSS,2015,30.6358450787077
Other small states,OSS,2014,31.7591606317805
Other small states,OSS,2013,32.3844051750759
Other small states,OSS,2012,33.0091781226567
Other small states,OSS,2011,33.7776039924418
Other small states,OSS,2010,35.2274199984755
Other small states,OSS,2009,36.638245318952
Other small states,OSS,2008,38.0618399069755
Other small states,OSS,2007,39.0089748024492
Other small states,OSS,2006,40.2086626551743
Other small states,OSS,2005,43.0281154137645
Other small states,OSS,2004,44.5406500006746
Other small states,OSS,2003,46.1160129466761
Other small states,OSS,2002,47.2101035066638
Other small states,OSS,2001,48.2394612654961
Other small states,OSS,2000,48.8663033354543
Other small states,OSS,1999,59.9171990464839
Other small states,OSS,1998,58.9157518388573
Other small states,OSS,1997,59.0417040160536
Other small states,OSS,1996,59.9114577437192
Other small states,OSS,1995,61.055948081945
Other small states,OSS,1994,60.9581687193042
Other small states,OSS,1993,61.39656149748
Other small states,OSS,1992,62.2851417512002
Other small states,OSS,1991,63.8790168138729
Other small states,OSS,1990,64.5097535095657
Other small states,OSS,1989,
Other small states,OSS,1988,
Other small states,OSS,1987,
Other small states,OSS,1986,
Other small states,OSS,1985,
Other small states,OSS,1984,
Other small states,OSS,1983,
Other small states,OSS,1982,
Other small states,OSS,1981,
Other small states,OSS,1980,
Other small states,OSS,1979,
Other small states,OSS,1978,
Other small states,OSS,1977,
Other small states,OSS,1976,
Other small states,OSS,1975,
Other small states,OSS,1974,
Other small states,OSS,1973,
Other small states,OSS,1972,
Other small states,OSS,1971,
Other small states,OSS,1970,
Other small states,OSS,1969,
Other small states,OSS,1968,
Other small states,OSS,1967,
Other small states,OSS,1966,
Other small states,OSS,1965,
Other small states,OSS,1964,
Other small states,OSS,1963,
Other small states,OSS,1962,
Other small states,OSS,1961,
Other small states,OSS,1960,
Pacific island small states,PSS,2025,
Pacific island small states,PSS,2024,18.7181576263624
Pacific island small states,PSS,2023,19.0789703343776
Pacific island small states,PSS,2022,19.3452400688644
Pacific island small states,PSS,2021,19.4896732751784
Pacific island small states,PSS,2020,19.5113323609614
Pacific island small states,PSS,2019,19.4930674817628
Pacific island small states,PSS,2018,19.2835998936885
Pacific island small states,PSS,2017,19.0774590354896
Pacific island small states,PSS,2016,18.9539758553786
Pacific island small states,PSS,2015,18.9028566606833
Pacific island small states,PSS,2014,18.9580167190736
Pacific island small states,PSS,2013,19.0913349525828
Pacific island small states,PSS,2012,19.3863746237699
Pacific island small states,PSS,2011,19.7279972345307
Pacific island small states,PSS,2010,20.0557993779897
Pacific island small states,PSS,2009,20.6113055990386
Pacific island small states,PSS,2008,20.7178709636491
Pacific island small states,PSS,2007,20.9253063569058
Pacific island small states,PSS,2006,21.0823906752412
Pacific island small states,PSS,2005,21.1491068386469
Pacific island small states,PSS,2004,21.1897667738408
Pacific island small states,PSS,2003,21.249366714792
Pacific island small states,PSS,2002,21.5555344833273
Pacific island small states,PSS,2001,21.7117549586571
Pacific island small states,PSS,2000,22.0237819392426
Pacific island small states,PSS,1999,22.3733489976503
Pacific island small states,PSS,1998,22.7727657659159
Pacific island small states,PSS,1997,23.2257564391098
Pacific island small states,PSS,1996,23.6418897376287
Pacific island small states,PSS,1995,24.1800605889109
Pacific island small states,PSS,1994,24.7688495811947
Pacific island small states,PSS,1993,25.4316939982244
Pacific island small states,PSS,1992,26.2007707679132
Pacific island small states,PSS,1991,27.0177741616199
Pacific island small states,PSS,1990,27.9302150664003
Pacific island small states,PSS,1989,
Pacific island small states,PSS,1988,
Pacific island small states,PSS,1987,
Pacific island small states,PSS,1986,
Pacific island small states,PSS,1985,
Pacific island small states,PSS,1984,
Pacific island small states,PSS,1983,
Pacific island small states,PSS,1982,
Pacific island small states,PSS,1981,
Pacific island small states,PSS,1980,
Pacific island small states,PSS,1979,
Pacific island small states,PSS,1978,
Pacific island small states,PSS,1977,
Pacific island small states,PSS,1976,
Pacific island small states,PSS,1975,
Pacific island small states,PSS,1974,
Pacific island small states,PSS,1973,
Pacific island small states,PSS,1972,
Pacific island small states,PSS,1971,
Pacific island small states,PSS,1970,
Pacific island small states,PSS,1969,
Pacific island small states,PSS,1968,
Pacific island small states,PSS,1967,
Pacific island small states,PSS,1966,
Pacific island small states,PSS,1965,
Pacific island small states,PSS,1964,
Pacific island small states,PSS,1963,
Pacific island small states,PSS,1962,
Pacific island small states,PSS,1961,
Pacific island small states,PSS,1960,
Post-demographic dividend,PST,2025,
Post-demographic dividend,PST,2024,4.09735339069774
Post-demographic dividend,PST,2023,4.10730733839087
Post-demographic dividend,PST,2022,4.10429066637624
Post-demographic dividend,PST,2021,4.10447528221322
Post-demographic dividend,PST,2020,4.10746058799424
Post-demographic dividend,PST,2019,4.12166747078415
Post-demographic dividend,PST,2018,4.18577737798877
Post-demographic dividend,PST,2017,4.2096051400372
Post-demographic dividend,PST,2016,4.28378586192832
Post-demographic dividend,PST,2015,4.35678117098736
Post-demographic dividend,PST,2014,4.41450026396991
Post-demographic dividend,PST,2013,4.50824093483799
Post-demographic dividend,PST,2012,4.58398746115236
Post-demographic dividend,PST,2011,4.68540394619567
Post-demographic dividend,PST,2010,4.7919235293189
Post-demographic dividend,PST,2009,4.96850594855995
Post-demographic dividend,PST,2008,5.08868952843755
Post-demographic dividend,PST,2007,5.21226351283376
Post-demographic dividend,PST,2006,5.3325522657409
Post-demographic dividend,PST,2005,5.42570529126171
Post-demographic dividend,PST,2004,5.52209849592873
Post-demographic dividend,PST,2003,5.65754547405334
Post-demographic dividend,PST,2002,5.78670595315404
Post-demographic dividend,PST,2001,5.88596813389299
Post-demographic dividend,PST,2000,6.05988893920801
Post-demographic dividend,PST,1999,6.23145471978777
Post-demographic dividend,PST,1998,6.44454979719708
Post-demographic dividend,PST,1997,6.68846472129777
Post-demographic dividend,PST,1996,6.96053970227187
Post-demographic dividend,PST,1995,7.26949035303555
Post-demographic dividend,PST,1994,7.5857581590175
Post-demographic dividend,PST,1993,8.03321057816717
Post-demographic dividend,PST,1992,8.41341165003085
Post-demographic dividend,PST,1991,8.68524746635175
Post-demographic dividend,PST,1990,9.03328338849386
Post-demographic dividend,PST,1989,
Post-demographic dividend,PST,1988,
Post-demographic dividend,PST,1987,
Post-demographic dividend,PST,1986,
Post-demographic dividend,PST,1985,
Post-demographic dividend,PST,1984,
Post-demographic dividend,PST,1983,
Post-demographic dividend,PST,1982,
Post-demographic dividend,PST,1981,
Post-demographic dividend,PST,1980,
Post-demographic dividend,PST,1979,
Post-demographic dividend,PST,1978,
Post-demographic dividend,PST,1977,
Post-demographic dividend,PST,1976,
Post-demographic dividend,PST,1975,
Post-demographic dividend,PST,1974,
Post-demographic dividend,PST,1973,
Post-demographic dividend,PST,1972,
Post-demographic dividend,PST,1971,
Post-demographic dividend,PST,1970,
Post-demographic dividend,PST,1969,
Post-demographic dividend,PST,1968,
Post-demographic dividend,PST,1967,
Post-demographic dividend,PST,1966,
Post-demographic dividend,PST,1965,
Post-demographic dividend,PST,1964,
Post-demographic dividend,PST,1963,
Post-demographic dividend,PST,1962,
Post-demographic dividend,PST,1961,
Post-demographic dividend,PST,1960,
Pre-demographic dividend,PRE,2025,
Pre-demographic dividend,PRE,2024,48.9788397649421
Pre-demographic dividend,PRE,2023,49.8404360616042
Pre-demographic dividend,PRE,2022,51.70133633076
Pre-demographic dividend,PRE,2021,51.1623509512758
Pre-demographic dividend,PRE,2020,51.5352354471261
Pre-demographic dividend,PRE,2019,52.4421630353559
Pre-demographic dividend,PRE,2018,53.0125068089293
Pre-demographic dividend,PRE,2017,54.9009635136217
Pre-demographic dividend,PRE,2016,55.2834511967137
Pre-demographic dividend,PRE,2015,55.9215672831297
Pre-demographic dividend,PRE,2014,56.6951123578899
Pre-demographic dividend,PRE,2013,56.9876218491189
Pre-demographic dividend,PRE,2012,58.5885284058497
Pre-demographic dividend,PRE,2011,62.043525008577
Pre-demographic dividend,PRE,2010,61.8117712229254
Pre-demographic dividend,PRE,2009,64.2705194979514
Pre-demographic dividend,PRE,2008,65.327566723402
Pre-demographic dividend,PRE,2007,67.687898297891
Pre-demographic dividend,PRE,2006,70.3044111678617
Pre-demographic dividend,PRE,2005,73.3636005005767
Pre-demographic dividend,PRE,2004,77.9839671360782
Pre-demographic dividend,PRE,2003,81.0428036119945
Pre-demographic dividend,PRE,2002,84.3078719450049
Pre-demographic dividend,PRE,2001,88.5729586546513
Pre-demographic dividend,PRE,2000,90.7977906730906
Pre-demographic dividend,PRE,1999,93.7152639676045
Pre-demographic dividend,PRE,1998,98.5811336590385
Pre-demographic dividend,PRE,1997,98.7563717321827
Pre-demographic dividend,PRE,1996,100.645981895124
Pre-demographic dividend,PRE,1995,99.5742153072358
Pre-demographic dividend,PRE,1994,100.593979278272
Pre-demographic dividend,PRE,1993,103.751357103666
Pre-demographic dividend,PRE,1992,104.629326845435
Pre-demographic dividend,PRE,1991,105.487475882435
Pre-demographic dividend,PRE,1990,104.600297328753
Pre-demographic dividend,PRE,1989,
Pre-demographic dividend,PRE,1988,
Pre-demographic dividend,PRE,1987,
Pre-demographic dividend,PRE,1986,
Pre-demographic dividend,PRE,1985,
Pre-demographic dividend,PRE,1984,
Pre-demographic dividend,PRE,1983,
Pre-demographic dividend,PRE,1982,
Pre-demographic dividend,PRE,1981,
Pre-demographic dividend,PRE,1980,
Pre-demographic dividend,PRE,1979,
Pre-demographic dividend,PRE,1978,
Pre-demographic dividend,PRE,1977,
Pre-demographic dividend,PRE,1976,
Pre-demographic dividend,PRE,1975,
Pre-demographic dividend,PRE,1974,
Pre-demographic dividend,PRE,1973,
Pre-demographic dividend,PRE,1972,
Pre-demographic dividend,PRE,1971,
Pre-demographic dividend,PRE,1970,
Pre-demographic dividend,PRE,1969,
Pre-demographic dividend,PRE,1968,
Pre-demographic dividend,PRE,1967,
Pre-demographic dividend,PRE,1966,
Pre-demographic dividend,PRE,1965,
Pre-demographic dividend,PRE,1964,
Pre-demographic dividend,PRE,1963,
Pre-demographic dividend,PRE,1962,
Pre-demographic dividend,PRE,1961,
Pre-demographic dividend,PRE,1960,
Small states,SST,2025,
Small states,SST,2024,21.78651542672
Small states,SST,2023,22.4414144693519
Small states,SST,2022,22.9700556480149
Small states,SST,2021,23.2658505162397
Small states,SST,2020,23.7506663553416
Small states,SST,2019,24.1941993553849
Small states,SST,2018,24.4825080801933
Small states,SST,2017,25.1492688282222
Small states,SST,2016,25.5561762973401
Small states,SST,2015,26.3610123562287
Small states,SST,2014,27.1606864527123
Small states,SST,2013,27.6859663910708
Small states,SST,2012,28.2534690725269
Small states,SST,2011,28.8889148014744
Small states,SST,2010,29.9439287566428
Small states,SST,2009,30.9827449732228
Small states,SST,2008,31.9679952453784
Small states,SST,2007,32.6504137163638
Small states,SST,2006,33.5051160325721
Small states,SST,2005,35.3735160637554
Small states,SST,2004,36.4255089461327
Small states,SST,2003,37.4779253971587
Small states,SST,2002,38.2390816146115
Small states,SST,2001,38.8781133052331
Small states,SST,2000,39.4229621831045
Small states,SST,1999,46.6765886287625
Small states,SST,1998,46.2030452846322
Small states,SST,1997,46.4514792497528
Small states,SST,1996,47.2436226249031
Small states,SST,1995,48.1806332752428
Small states,SST,1994,48.5782246612895
Small states,SST,1993,49.1423044491205
Small states,SST,1992,50.1689785526733
Small states,SST,1991,51.3682544170672
Small states,SST,1990,51.9734960610678
Small states,SST,1989,
Small states,SST,1988,
Small states,SST,1987,
Small states,SST,1986,
Small states,SST,1985,
Small states,SST,1984,
Small states,SST,1983,
Small states,SST,1982,
Small states,SST,1981,
Small states,SST,1980,
Small states,SST,1979,
Small states,SST,1978,
Small states,SST,1977,
Small states,SST,1976,
Small states,SST,1975,
Small states,SST,1974,
Small states,SST,1973,
Small states,SST,1972,
Small states,SST,1971,
Small states,SST,1970,
Small states,SST,1969,
Small states,SST,1968,
Small states,SST,1967,
Small states,SST,1966,
Small states,SST,1965,
Small states,SST,1964,
Small states,SST,1963,
Small states,SST,1962,
Small states,SST,1961,
Small states,SST,1960,
South Asia,SAS,2025,
South Asia,SAS,2024,23.2
South Asia,SAS,2023,24.2
South Asia,SAS,2022,25.2
South Asia,SAS,2021,26.3
South Asia,SAS,2020,27.6
South Asia,SAS,2019,28.9
South Asia,SAS,2018,30.3
South Asia,SAS,2017,31.9
South Asia,SAS,2016,33.5
South Asia,SAS,2015,35.2
South Asia,SAS,2014,37.0
South Asia,SAS,2013,38.8
South Asia,SAS,2012,40.8
South Asia,SAS,2011,42.7
South Asia,SAS,2010,44.7
South Asia,SAS,2009,46.7
South Asia,SAS,2008,48.7
South Asia,SAS,2007,50.6
South Asia,SAS,2006,52.6
South Asia,SAS,2005,54.6
South Asia,SAS,2004,56.6
South Asia,SAS,2003,58.6
South Asia,SAS,2002,60.6
South Asia,SAS,2001,62.7
South Asia,SAS,2000,64.9
South Asia,SAS,1999,67.1
South Asia,SAS,1998,69.2
South Asia,SAS,1997,71.3
South Asia,SAS,1996,73.4
South Asia,SAS,1995,75.4
South Asia,SAS,1994,77.3
South Asia,SAS,1993,79.3
South Asia,SAS,1992,81.3
South Asia,SAS,1991,83.4
South Asia,SAS,1990,85.5
South Asia,SAS,1989,
South Asia,SAS,1988,
South Asia,SAS,1987,
South Asia,SAS,1986,
South Asia,SAS,1985,
South Asia,SAS,1984,
South Asia,SAS,1983,
South Asia,SAS,1982,
South Asia,SAS,1981,
South Asia,SAS,1980,
South Asia,SAS,1979,
South Asia,SAS,1978,
South Asia,SAS,1977,
South Asia,SAS,1976,
South Asia,SAS,1975,
South Asia,SAS,1974,
South Asia,SAS,1973,
South Asia,SAS,1972,
South Asia,SAS,1971,
South Asia,SAS,1970,
South Asia,SAS,1969,
South Asia,SAS,1968,
South Asia,SAS,1967,
South Asia,SAS,1966,
South Asia,SAS,1965,
South Asia,SAS,1964,
South Asia,SAS,1963,
South Asia,SAS,1962,
South Asia,SAS,1961,
South Asia,SAS,1960,
South Asia (IDA & IBRD),TSA,2025,
South Asia (IDA & IBRD),TSA,2024,23.1983353430041
South Asia (IDA & IBRD),TSA,2023,24.2252224457107
South Asia (IDA & IBRD),TSA,2022,25.2523801257881
South Asia (IDA & IBRD),TSA,2021,26.3863416373173
South Asia (IDA & IBRD),TSA,2020,27.5499051306387
South Asia (IDA & IBRD),TSA,2019,28.9424349682594
South Asia (IDA & IBRD),TSA,2018,30.358809839756
South Asia (IDA & IBRD),TSA,2017,31.8764606632544
South Asia (IDA & IBRD),TSA,2016,33.518229348411
South Asia (IDA & IBRD),TSA,2015,35.1486708224923
South Asia (IDA & IBRD),TSA,2014,36.9574455474911
South Asia (IDA & IBRD),TSA,2013,38.8067077706587
South Asia (IDA & IBRD),TSA,2012,40.8095163784819
South Asia (IDA & IBRD),TSA,2011,42.7279439424042
South Asia (IDA & IBRD),TSA,2010,44.7223591602732
South Asia (IDA & IBRD),TSA,2009,46.7484274089351
South Asia (IDA & IBRD),TSA,2008,48.6875970798976
South Asia (IDA & IBRD),TSA,2007,50.6084940011222
South Asia (IDA & IBRD),TSA,2006,52.592245840607
South Asia (IDA & IBRD),TSA,2005,54.605276788285
South Asia (IDA & IBRD),TSA,2004,56.6869693033503
South Asia (IDA & IBRD),TSA,2003,58.5857699136376
South Asia (IDA & IBRD),TSA,2002,60.6804728824951
South Asia (IDA & IBRD),TSA,2001,62.7240763004646
South Asia (IDA & IBRD),TSA,2000,64.8873124596295
South Asia (IDA & IBRD),TSA,1999,67.0939361827509
South Asia (IDA & IBRD),TSA,1998,69.2278876049604
South Asia (IDA & IBRD),TSA,1997,71.3564235788864
South Asia (IDA & IBRD),TSA,1996,73.3881234655001
South Asia (IDA & IBRD),TSA,1995,75.3487555016411
South Asia (IDA & IBRD),TSA,1994,77.3071863254552
South Asia (IDA & IBRD),TSA,1993,79.2823260339023
South Asia (IDA & IBRD),TSA,1992,81.2785693498466
South Asia (IDA & IBRD),TSA,1991,83.3533578125056
South Asia (IDA & IBRD),TSA,1990,85.5276494857301
South Asia (IDA & IBRD),TSA,1989,
South Asia (IDA & IBRD),TSA,1988,
South Asia (IDA & IBRD),TSA,1987,
South Asia (IDA & IBRD),TSA,1986,
South Asia (IDA & IBRD),TSA,1985,
South Asia (IDA & IBRD),TSA,1984,
South Asia (IDA & IBRD),TSA,1983,
South Asia (IDA & IBRD),TSA,1982,
South Asia (IDA & IBRD),TSA,1981,
South Asia (IDA & IBRD),TSA,1980,
South Asia (IDA & IBRD),TSA,1979,
South Asia (IDA & IBRD),TSA,1978,
South Asia (IDA & IBRD),TSA,1977,
South Asia (IDA & IBRD),TSA,1976,
South Asia (IDA & IBRD),TSA,1975,
South Asia (IDA & IBRD),TSA,1974,
South Asia (IDA & IBRD),TSA,1973,
South Asia (IDA & IBRD),TSA,1972,
South Asia (IDA & IBRD),TSA,1971,
South Asia (IDA & IBRD),TSA,1970,
South Asia (IDA & IBRD),TSA,1969,
South Asia (IDA & IBRD),TSA,1968,
South Asia (IDA & IBRD),TSA,1967,
South Asia (IDA & IBRD),TSA,1966,
South Asia (IDA & IBRD),TSA,1965,
South Asia (IDA & IBRD),TSA,1964,
South Asia (IDA & IBRD),TSA,1963,
South Asia (IDA & IBRD),TSA,1962,
South Asia (IDA & IBRD),TSA,1961,
South Asia (IDA & IBRD),TSA,1960,
Sub-Saharan Africa,SSF,2025,
Sub-Saharan Africa,SSF,2024,47.1
Sub-Saharan Africa,SSF,2023,48.2
Sub-Saharan Africa,SSF,2022,50.8
Sub-Saharan Africa,SSF,2021,50.4
Sub-Saharan Africa,SSF,2020,49.6
Sub-Saharan Africa,SSF,2019,50.5
Sub-Saharan Africa,SSF,2018,51.1
Sub-Saharan Africa,SSF,2017,53.0
Sub-Saharan Africa,SSF,2016,53.5
Sub-Saharan Africa,SSF,2015,54.2
Sub-Saharan Africa,SSF,2014,55.1
Sub-Saharan Africa,SSF,2013,55.6
Sub-Saharan Africa,SSF,2012,57.2
Sub-Saharan Africa,SSF,2011,60.5
Sub-Saharan Africa,SSF,2010,60.6
Sub-Saharan Africa,SSF,2009,63.0
Sub-Saharan Africa,SSF,2008,64.1
Sub-Saharan Africa,SSF,2007,66.5
Sub-Saharan Africa,SSF,2006,69.1
Sub-Saharan Africa,SSF,2005,72.1
Sub-Saharan Africa,SSF,2004,76.5
Sub-Saharan Africa,SSF,2003,79.4
Sub-Saharan Africa,SSF,2002,82.7
Sub-Saharan Africa,SSF,2001,86.7
Sub-Saharan Africa,SSF,2000,88.9
Sub-Saharan Africa,SSF,1999,91.7
Sub-Saharan Africa,SSF,1998,96.2
Sub-Saharan Africa,SSF,1997,96.6
Sub-Saharan Africa,SSF,1996,98.4
Sub-Saharan Africa,SSF,1995,97.6
Sub-Saharan Africa,SSF,1994,100.0
Sub-Saharan Africa,SSF,1993,101.4
Sub-Saharan Africa,SSF,1992,102.3
Sub-Saharan Africa,SSF,1991,102.9
Sub-Saharan Africa,SSF,1990,102.1
Sub-Saharan Africa,SSF,1989,
Sub-Saharan Africa,SSF,1988,
Sub-Saharan Africa,SSF,1987,
Sub-Saharan Africa,SSF,1986,
Sub-Saharan Africa,SSF,1985,
Sub-Saharan Africa,SSF,1984,
Sub-Saharan Africa,SSF,1983,
Sub-Saharan Africa,SSF,1982,
Sub-Saharan Africa,SSF,1981,
Sub-Saharan Africa,SSF,1980,
Sub-Saharan Africa,SSF,1979,
Sub-Saharan Africa,SSF,1978,
Sub-Saharan Africa,SSF,1977,
Sub-Saharan Africa,SSF,1976,
Sub-Saharan Africa,SSF,1975,
Sub-Saharan Africa,SSF,1974,
Sub-Saharan Africa,SSF,1973,
Sub-Saharan Africa,SSF,1972,
Sub-Saharan Africa,SSF,1971,
Sub-Saharan Africa,SSF,1970,
Sub-Saharan Africa,SSF,1969,
Sub-Saharan Africa,SSF,1968,
Sub-Saharan Africa,SSF,1967,
Sub-Saharan Africa,SSF,1966,
Sub-Saharan Africa,SSF,1965,
Sub-Saharan Africa,SSF,1964,
Sub-Saharan Africa,SSF,1963,
Sub-Saharan Africa,SSF,1962,
Sub-Saharan Africa,SSF,1961,
Sub-Saharan Africa,SSF,1960,
Sub-Saharan Africa (excluding high income),SSA,2025,
Sub-Saharan Africa (excluding high income),SSA,2024,47.1195528095233
Sub-Saharan Africa (excluding high income),SSA,2023,48.2421964668044
Sub-Saharan Africa (excluding high income),SSA,2022,50.7627321291086
Sub-Saharan Africa (excluding high income),SSA,2021,50.3661111495221
Sub-Saharan Africa (excluding high income),SSA,2020,49.5822183567434
Sub-Saharan Africa (excluding high income),SSA,2019,50.4792996755302
Sub-Saharan Africa (excluding high income),SSA,2018,51.1076169313005
Sub-Saharan Africa (excluding high income),SSA,2017,52.9519460931187
Sub-Saharan Africa (excluding high income),SSA,2016,53.4805129983289
Sub-Saharan Africa (excluding high income),SSA,2015,54.2432528602101
Sub-Saharan Africa (excluding high income),SSA,2014,55.135686215162
Sub-Saharan Africa (excluding high income),SSA,2013,55.6066507231575
Sub-Saharan Africa (excluding high income),SSA,2012,57.218908570703
Sub-Saharan Africa (excluding high income),SSA,2011,60.5458347580391
Sub-Saharan Africa (excluding high income),SSA,2010,60.5601514518328
Sub-Saharan Africa (excluding high income),SSA,2009,62.9608056080532
Sub-Saharan Africa (excluding high income),SSA,2008,64.1203151444688
Sub-Saharan Africa (excluding high income),SSA,2007,66.5246198405906
Sub-Saharan Africa (excluding high income),SSA,2006,69.1134722690309
Sub-Saharan Africa (excluding high income),SSA,2005,72.1166625494319
Sub-Saharan Africa (excluding high income),SSA,2004,76.4676304478169
Sub-Saharan Africa (excluding high income),SSA,2003,79.4616792045632
Sub-Saharan Africa (excluding high income),SSA,2002,82.6545485420266
Sub-Saharan Africa (excluding high income),SSA,2001,86.6948013993556
Sub-Saharan Africa (excluding high income),SSA,2000,88.9178393672323
Sub-Saharan Africa (excluding high income),SSA,1999,91.6690514660684
Sub-Saharan Africa (excluding high income),SSA,1998,96.1764773918709
Sub-Saharan Africa (excluding high income),SSA,1997,96.6325188389985
Sub-Saharan Africa (excluding high income),SSA,1996,98.4024189614712
Sub-Saharan Africa (excluding high income),SSA,1995,97.5905279406226
Sub-Saharan Africa (excluding high income),SSA,1994,100.063561345547
Sub-Saharan Africa (excluding high income),SSA,1993,101.464363556315
Sub-Saharan Africa (excluding high income),SSA,1992,102.298209388322
Sub-Saharan Africa (excluding high income),SSA,1991,102.879413277651
Sub-Saharan Africa (excluding high income),SSA,1990,102.103222762459
Sub-Saharan Africa (excluding high income),SSA,1989,
Sub-Saharan Africa (excluding high income),SSA,1988,
Sub-Saharan Africa (excluding high income),SSA,1987,
Sub-Saharan Africa (excluding high income),SSA,1986,
Sub-Saharan Africa (excluding high income),SSA,1985,
Sub-Saharan Africa (excluding high income),SSA,1984,
Sub-Saharan Africa (excluding high income),SSA,1983,
Sub-Saharan Africa (excluding high income),SSA,1982,
Sub-Saharan Africa (excluding high income),SSA,1981,
Sub-Saharan Africa (excluding high income),SSA,1980,
Sub-Saharan Africa (excluding high income),SSA,1979,
Sub-Saharan Africa (excluding high income),SSA,1978,
Sub-Saharan Africa (excluding high income),SSA,1977,
Sub-Saharan Africa (excluding high income),SSA,1976,
Sub-Saharan Africa (excluding high income),SSA,1975,
Sub-Saharan Africa (excluding high income),SSA,1974,
Sub-Saharan Africa (excluding high income),SSA,1973,
Sub-Saharan Africa (excluding high income),SSA,1972,
Sub-Saharan Africa (excluding high income),SSA,1971,
Sub-Saharan Africa (excluding high income),SSA,1970,
Sub-Saharan Africa (excluding high income),SSA,1969,
Sub-Saharan Africa (excluding high income),SSA,1968,
Sub-Saharan Africa (excluding high income),SSA,1967,
Sub-Saharan Africa (excluding high income),SSA,1966,
Sub-Saharan Africa (excluding high income),SSA,1965,
Sub-Saharan Africa (excluding high income),SSA,1964,
Sub-Saharan Africa (excluding high income),SSA,1963,
Sub-Saharan Africa (excluding high income),SSA,1962,
Sub-Saharan Africa (excluding high income),SSA,1961,
Sub-Saharan Africa (excluding high income),SSA,1960,
Sub-Saharan Africa (IDA & IBRD countries),TSS,2025,
Sub-Saharan Africa (IDA & IBRD countries),TSS,2024,47.1181350718033
Sub-Saharan Africa (IDA & IBRD countries),TSS,2023,48.2407285889682
Sub-Saharan Africa (IDA & IBRD countries),TSS,2022,50.7611487561002
Sub-Saharan Africa (IDA & IBRD countries),TSS,2021,50.3645082636277
Sub-Saharan Africa (IDA & IBRD countries),TSS,2020,49.5806155476004
Sub-Saharan Africa (IDA & IBRD countries),TSS,2019,50.4776217602032
Sub-Saharan Africa (IDA & IBRD countries),TSS,2018,51.1058761277368
Sub-Saharan Africa (IDA & IBRD countries),TSS,2017,52.9500908356839
Sub-Saharan Africa (IDA & IBRD countries),TSS,2016,53.4786404092455
Sub-Saharan Africa (IDA & IBRD countries),TSS,2015,54.2414061262112
Sub-Saharan Africa (IDA & IBRD countries),TSS,2014,55.1338468121156
Sub-Saharan Africa (IDA & IBRD countries),TSS,2013,55.6047620591435
Sub-Saharan Africa (IDA & IBRD countries),TSS,2012,57.2167475827182
Sub-Saharan Africa (IDA & IBRD countries),TSS,2011,60.5435511895491
Sub-Saharan Africa (IDA & IBRD countries),TSS,2010,60.5579962873256
Sub-Saharan Africa (IDA & IBRD countries),TSS,2009,62.9583131601283
Sub-Saharan Africa (IDA & IBRD countries),TSS,2008,64.1177671668983
Sub-Saharan Africa (IDA & IBRD countries),TSS,2007,66.5219938974587
Sub-Saharan Africa (IDA & IBRD countries),TSS,2006,69.1108122787121
Sub-Saharan Africa (IDA & IBRD countries),TSS,2005,72.1136858054593
Sub-Saharan Africa (IDA & IBRD countries),TSS,2004,76.4645741574351
Sub-Saharan Africa (IDA & IBRD countries),TSS,2003,79.4583951279433
Sub-Saharan Africa (IDA & IBRD countries),TSS,2002,82.6510737995907
Sub-Saharan Africa (IDA & IBRD countries),TSS,2001,86.6911576400567
Sub-Saharan Africa (IDA & IBRD countries),TSS,2000,88.9138731629461
Sub-Saharan Africa (IDA & IBRD countries),TSS,1999,91.6649387435408
Sub-Saharan Africa (IDA & IBRD countries),TSS,1998,96.1721068388801
Sub-Saharan Africa (IDA & IBRD countries),TSS,1997,96.6278756835758
Sub-Saharan Africa (IDA & IBRD countries),TSS,1996,98.3972463649438
Sub-Saharan Africa (IDA & IBRD countries),TSS,1995,97.5852414643314
Sub-Saharan Africa (IDA & IBRD countries),TSS,1994,100.057479363554
Sub-Saharan Africa (IDA & IBRD countries),TSS,1993,101.458190784212
Sub-Saharan Africa (IDA & IBRD countries),TSS,1992,102.292071191924
Sub-Saharan Africa (IDA & IBRD countries),TSS,1991,102.872808903389
Sub-Saharan Africa (IDA & IBRD countries),TSS,1990,102.096878666789
Sub-Saharan Africa (IDA & IBRD countries),TSS,1989,
Sub-Saharan Africa (IDA & IBRD countries),TSS,1988,
Sub-Saharan Africa (IDA & IBRD countries),TSS,1987,
Sub-Saharan Africa (IDA & IBRD countries),TSS,1986,
Sub-Saharan Africa (IDA & IBRD countries),TSS,1985,
Sub-Saharan Africa (IDA & IBRD countries),TSS,1984,
Sub-Saharan Africa (IDA & IBRD countries),TSS,1983,
Sub-Saharan Africa (IDA & IBRD countries),TSS,1982,
Sub-Saharan Africa (IDA & IBRD countries),TSS,1981,
Sub-Saharan Africa (IDA & IBRD countries),TSS,1980,
Sub-Saharan Africa (IDA & IBRD countries),TSS,1979,
Sub-Saharan Africa (IDA & IBRD countries),TSS,1978,
Sub-Saharan Africa (IDA & IBRD countries),TSS,1977,
Sub-Saharan Africa (IDA & IBRD countries),TSS,1976,
Sub-Saharan Africa (IDA & IBRD countries),TSS,1975,
Sub-Saharan Africa (IDA & IBRD countries),TSS,1974,
Sub-Saharan Africa (IDA & IBRD countries),TSS,1973,
Sub-Saharan Africa (IDA & IBRD countries),TSS,1972,
Sub-Saharan Africa (IDA & IBRD countries),TSS,1971,
Sub-Saharan Africa (IDA & IBRD countries),TSS,1970,
Sub-Saharan Africa (IDA & IBRD countries),TSS,1969,
Sub-Saharan Africa (IDA & IBRD countries),TSS,1968,
Sub-Saharan Africa (IDA & IBRD countries),TSS,1967,
Sub-Saharan Africa (IDA & IBRD countries),TSS,1966,
Sub-Saharan Africa (IDA & IBRD countries),TSS,1965,
Sub-Saharan Africa (IDA & IBRD countries),TSS,1964,
Sub-Saharan Africa (IDA & IBRD countries),TSS,1963,
Sub-Saharan Africa (IDA & IBRD countries),TSS,1962,
Sub-Saharan Africa (IDA & IBRD countries),TSS,1961,
Sub-Saharan Africa (IDA & IBRD countries),TSS,1960,
Upper middle income,,2025,
Upper middle income,,2024,10.9
Upper middle income,,2023,11.3
Upper middle income,,2022,11.4
Upper middle income,,2021,11.6
Upper middle income,,2020,11.7
Upper middle income,,2019,11.7
Upper middle income,,2018,12.0
Upper middle income,,2017,12.1
Upper middle income,,2016,12.8
Upper middle income,,2015,13.4
Upper middle income,,2014,13.9
Upper middle income,,2013,14.7
Upper middle income,,2012,15.3
Upper middle income,,2011,16.3
Upper middle income,,2010,17.1
Upper middle income,,2009,18.0
Upper middle income,,2008,19.1
Upper middle income,,2007,20.3
Upper middle income,,2006,21.6
Upper middle income,,2005,22.9
Upper middle income,,2004,24.6
Upper middle income,,2003,25.8
Upper middle income,,2002,27.3
Upper middle income,,2001,29.0
Upper middle income,,2000,30.6
Upper middle income,,1999,32.3
Upper middle income,,1998,34.0
Upper middle income,,1997,35.6
Upper middle income,,1996,37.2
Upper middle income,,1995,38.8
Upper middle income,,1994,40.4
Upper middle income,,1993,41.9
Upper middle income,,1992,43.2
Upper middle income,,1991,44.5
Upper middle income,,1990,45.5
Upper middle income,,1989,
Upper middle income,,1988,
Upper middle income,,1987,
Upper middle income,,1986,
Upper middle income,,1985,
Upper middle income,,1984,
Upper middle income,,1983,
Upper middle income,,1982,
Upper middle income,,1981,
Upper middle income,,1980,
Upper middle income,,1979,
Upper middle income,,1978,
Upper middle income,,1977,
Upper middle income,,1976,
Upper middle income,,1975,
Upper middle income,,1974,
Upper middle income,,1973,
Upper middle income,,1972,
Upper middle income,,1971,
Upper middle income,,1970,
Upper middle income,,1969,
Upper middle income,,1968,
Upper middle income,,1967,
Upper middle income,,1966,
Upper middle income,,1965,
Upper middle income,,1964,
Upper middle income,,1963,
Upper middle income,,1962,
Upper middle income,,1961,
Upper middle income,,1960,
World,WLD,2025,
World,WLD,2024,27.7
World,WLD,2023,28.4
World,WLD,2022,29.3
World,WLD,2021,29.3
World,WLD,2020,29.1
World,WLD,2019,29.2
World,WLD,2018,29.6
World,WLD,2017,30.0
World,WLD,2016,30.6
World,WLD,2015,31.5
World,WLD,2014,32.1
World,WLD,2013,33.1
World,WLD,2012,34.0
World,WLD,2011,35.9
World,WLD,2010,36.7
World,WLD,2009,38.0
World,WLD,2008,39.2
World,WLD,2007,40.7
World,WLD,2006,42.3
World,WLD,2005,44.1
World,WLD,2004,46.3
World,WLD,2003,48.0
World,WLD,2002,49.9
World,WLD,2001,51.9
World,WLD,2000,53.3
World,WLD,1999,55.1
World,WLD,1998,57.0
World,WLD,1997,58.1
World,WLD,1996,59.5
World,WLD,1995,60.2
World,WLD,1994,61.4
World,WLD,1993,62.5
World,WLD,1992,63.3
World,WLD,1991,64.0
World,WLD,1990,64.0
World,WLD,1989,
World,WLD,1988,
World,WLD,1987,
World,WLD,1986,
World,WLD,1985,
World,WLD,1984,
World,WLD,1983,
World,WLD,1982,
World,WLD,1981,
World,WLD,1980,
World,WLD,1979,
World,WLD,1978,
World,WLD,1977,
World,WLD,1976,
World,WLD,1975,
World,WLD,1974,
World,WLD,1973,
World,WLD,1972,
World,WLD,1971,
World,WLD,1970,
World,WLD,1969,
World,WLD,1968,
World,WLD,1967,
World,WLD,1966,
World,WLD,1965,
World,WLD,1964,
World,WLD,1963,
World,WLD,1962,
World,WLD,1961,
World,WLD,1960,
Afghanistan,AFG,2025,
Afghanistan,AFG,2024,48.3
Afghanistan,AFG,2023,49.9
Afghanistan,AFG,2022,51.6
Afghanistan,AFG,2021,53.2
Afghanistan,AFG,2020,54.9
Afghanistan,AFG,2019,56.6
Afghanistan,AFG,2018,58.3
Afghanistan,AFG,2017,60.1
Afghanistan,AFG,2016,61.9
Afghanistan,AFG,2015,64.0
Afghanistan,AFG,2014,66.2
Afghanistan,AFG,2013,68.6
Afghanistan,AFG,2012,71.2
Afghanistan,AFG,2011,74.0
Afghanistan,AFG,2010,76.9
Afghanistan,AFG,2009,80.1
Afghanistan,AFG,2008,83.4
Afghanistan,AFG,2007,86.8
Afghanistan,AFG,2006,90.3
Afghanistan,AFG,2005,93.8
Afghanistan,AFG,2004,97.4
Afghanistan,AFG,2003,100.8
Afghanistan,AFG,2002,104.3
Afghanistan,AFG,2001,107.5
Afghanistan,AFG,2000,110.6
Afghanistan,AFG,1999,113.6
Afghanistan,AFG,1998,116.6
Afghanistan,AFG,1997,119.6
Afghanistan,AFG,1996,122.7
Afghanistan,AFG,1995,126.0
Afghanistan,AFG,1994,129.4
Afghanistan,AFG,1993,133.1
Afghanistan,AFG,1992,137.2
Afghanistan,AFG,1991,141.4
Afghanistan,AFG,1990,145.9
Afghanistan,AFG,1989,150.4
Afghanistan,AFG,1988,155.0
Afghanistan,AFG,1987,176.9
Afghanistan,AFG,1986,181.3
Afghanistan,AFG,1985,201.7
Afghanistan,AFG,1984,206.6
Afghanistan,AFG,1983,195.0
Afghanistan,AFG,1982,199.1
Afghanistan,AFG,1981,185.6
Afghanistan,AFG,1980,189.6
Afghanistan,AFG,1979,193.5
Afghanistan,AFG,1978,197.2
Afghanistan,AFG,1977,201.1
Afghanistan,AFG,1976,204.8
Afghanistan,AFG,1975,208.3
Afghanistan,AFG,1974,211.6
Afghanistan,AFG,1973,214.8
Afghanistan,AFG,1972,245.2
Afghanistan,AFG,1971,249.0
Afghanistan,AFG,1970,223.8
Afghanistan,AFG,1969,226.6
Afghanistan,AFG,1968,229.6
Afghanistan,AFG,1967,232.4
Afghanistan,AFG,1966,235.0
Afghanistan,AFG,1965,237.7
Afghanistan,AFG,1964,240.6
Afghanistan,AFG,1963,243.6
Afghanistan,AFG,1962,246.4
Afghanistan,AFG,1961,249.2
Afghanistan,AFG,1960,252.4
Albania,ALB,2025,
Albania,ALB,2024,8.3
Albania,ALB,2023,8.3
Albania,ALB,2022,8.3
Albania,ALB,2021,8.3
Albania,ALB,2020,8.1
Albania,ALB,2019,8.0
Albania,ALB,2018,7.8
Albania,ALB,2017,7.7
Albania,ALB,2016,7.6
Albania,ALB,2015,7.6
Albania,ALB,2014,7.8
Albania,ALB,2013,8.0
Albania,ALB,2012,8.5
Albania,ALB,2011,9.0
Albania,ALB,2010,9.6
Albania,ALB,2009,10.3
Albania,ALB,2008,11.1
Albania,ALB,2007,11.9
Albania,ALB,2006,12.7
Albania,ALB,2005,13.5
Albania,ALB,2004,14.4
Albania,ALB,2003,15.2
Albania,ALB,2002,16.1
Albania,ALB,2001,17.0
Albania,ALB,2000,17.8
Albania,ALB,1999,18.7
Albania,ALB,1998,19.5
Albania,ALB,1997,20.4
Albania,ALB,1996,21.3
Albania,ALB,1995,22.2
Albania,ALB,1994,23.0
Albania,ALB,1993,23.9
Albania,ALB,1992,24.9
Albania,ALB,1991,26.0
Albania,ALB,1990,27.3
Albania,ALB,1989,28.7
Albania,ALB,1988,30.5
Albania,ALB,1987,32.5
Albania,ALB,1986,34.8
Albania,ALB,1985,37.4
Albania,ALB,1984,40.5
Albania,ALB,1983,43.9
Albania,ALB,1982,47.9
Albania,ALB,1981,52.3
Albania,ALB,1980,57.1
Albania,ALB,1979,62.4
Albania,ALB,1978,68.2
Albania,ALB,1977,
Albania,ALB,1976,
Albania,ALB,1975,
Albania,ALB,1974,
Albania,ALB,1973,
Albania,ALB,1972,
Albania,ALB,1971,
Albania,ALB,1970,
Albania,ALB,1969,
Albania,ALB,1968,
Albania,ALB,1967,
Albania,ALB,1966,
Albania,ALB,1965,
Albania,ALB,1964,
Albania,ALB,1963,
Albania,ALB,1962,
Albania,ALB,1961,
Albania,ALB,1960,
Algeria,DZA,2025,
Algeria,DZA,2024,19.5
Algeria,DZA,2023,19.7
Algeria,DZA,2022,20.0
Algeria,DZA,2021,20.2
Algeria,DZA,2020,20.4
Algeria,DZA,2019,20.7
Algeria,DZA,2018,21.0
Algeria,DZA,2017,21.3
Algeria,DZA,2016,21.6
Algeria,DZA,2015,21.9
Algeria,DZA,2014,22.3
Algeria,DZA,2013,22.7
Algeria,DZA,2012,23.2
Algeria,DZA,2011,23.8
Algeria,DZA,2010,24.4
Algeria,DZA,2009,25.1
Algeria,DZA,2008,25.9
Algeria,DZA,2007,26.9
Algeria,DZA,2006,27.9
Algeria,DZA,2005,29.0
Algeria,DZA,2004,30.1
Algeria,DZA,2003,31.3
Algeria,DZA,2002,32.5
Algeria,DZA,2001,33.7
Algeria,DZA,2000,34.8
Algeria,DZA,1999,35.8
Algeria,DZA,1998,36.7
Algeria,DZA,1997,37.6
Algeria,DZA,1996,38.2
Algeria,DZA,1995,38.8
Algeria,DZA,1994,39.2
Algeria,DZA,1993,39.4
Algeria,DZA,1992,39.5
Algeria,DZA,1991,39.5
Algeria,DZA,1990,39.8
Algeria,DZA,1989,40.4
Algeria,DZA,1988,41.8
Algeria,DZA,1987,44.4
Algeria,DZA,1986,48.9
Algeria,DZA,1985,55.5
Algeria,DZA,1984,64.3
Algeria,DZA,1983,75.1
Algeria,DZA,1982,86.8
Algeria,DZA,1981,97.9
Algeria,DZA,1980,107.5
Algeria,DZA,1979,115.5
Algeria,DZA,1978,122.2
Algeria,DZA,1977,128.1
Algeria,DZA,1976,133.6
Algeria,DZA,1975,138.9
Algeria,DZA,1974,143.8
Algeria,DZA,1973,148.4
Algeria,DZA,1972,152.5
Algeria,DZA,1971,156.1
Algeria,DZA,1970,158.9
Algeria,DZA,1969,160.9
Algeria,DZA,1968,162.0
Algeria,DZA,1967,162.4
Algeria,DZA,1966,162.4
Algeria,DZA,1965,162.1
Algeria,DZA,1964,161.7
Algeria,DZA,1963,161.5
Algeria,DZA,1962,161.3
Algeria,DZA,1961,161.5
Algeria,DZA,1960,162.0
American Samoa,ASM,2025,
American Samoa,ASM,2024,
American Samoa,ASM,2023,
American Samoa,ASM,2022,
American Samoa,ASM,2021,
American Samoa,ASM,2020,
American Samoa,ASM,2019,
American Samoa,ASM,2018,
American Samoa,ASM,2017,
American Samoa,ASM,2016,
American Samoa,ASM,2015,
American Samoa,ASM,2014,
American Samoa,ASM,2013,
American Samoa,ASM,2012,
American Samoa,ASM,2011,
American Samoa,ASM,2010,
American Samoa,ASM,2009,
American Samoa,ASM,2008,
American Samoa,ASM,2007,
American Samoa,ASM,2006,
American Samoa,ASM,2005,
American Samoa,ASM,2004,
American Samoa,ASM,2003,
American Samoa,ASM,2002,
American Samoa,ASM,2001,
American Samoa,ASM,2000,
American Samoa,ASM,1999,
American Samoa,ASM,1998,
American Samoa,ASM,1997,
American Samoa,ASM,1996,
American Samoa,ASM,1995,
American Samoa,ASM,1994,
American Samoa,ASM,1993,
American Samoa,ASM,1992,
American Samoa,ASM,1991,
American Samoa,ASM,1990,
American Samoa,ASM,1989,
American Samoa,ASM,1988,
American Samoa,ASM,1987,
American Samoa,ASM,1986,
American Samoa,ASM,1985,
American Samoa,ASM,1984,
American Samoa,ASM,1983,
American Samoa,ASM,1982,
American Samoa,ASM,1981,
American Samoa,ASM,1980,
American Samoa,ASM,1979,
American Samoa,ASM,1978,
American Samoa,ASM,1977,
American Samoa,ASM,1976,
American Samoa,ASM,1975,
American Samoa,ASM,1974,
American Samoa,ASM,1973,
American Samoa,ASM,1972,
American Samoa,ASM,1971,
American Samoa,ASM,1970,
American Samoa,ASM,1969,
American Samoa,ASM,1968,
American Samoa,ASM,1967,
American Samoa,ASM,1966,
American Samoa,ASM,1965,
American Samoa,ASM,1964,
American Samoa,ASM,1963,
American Samoa,ASM,1962,
American Samoa,ASM,1961,
American Samoa,ASM,1960,
Andorra,AND,2025,
Andorra,AND,2024,2.4
Andorra,AND,2023,2.5
Andorra,AND,2022,2.6
Andorra,AND,2021,2.7
Andorra,AND,2020,2.8
Andorra,AND,2019,2.9
Andorra,AND,2018,3.0
Andorra,AND,2017,3.1
Andorra,AND,2016,3.2
Andorra,AND,2015,3.3
Andorra,AND,2014,3.5
Andorra,AND,2013,3.7
Andorra,AND,2012,3.9
Andorra,AND,2011,4.0
Andorra,AND,2010,4.2
Andorra,AND,2009,4.4
Andorra,AND,2008,4.6
Andorra,AND,2007,4.9
Andorra,AND,2006,5.1
Andorra,AND,2005,5.3
Andorra,AND,2004,5.6
Andorra,AND,2003,5.8
Andorra,AND,2002,6.1
Andorra,AND,2001,6.3
Andorra,AND,2000,6.6
Andorra,AND,1999,6.8
Andorra,AND,1998,7.1
Andorra,AND,1997,7.3
Andorra,AND,1996,7.6
Andorra,AND,1995,7.8
Andorra,AND,1994,8.1
Andorra,AND,1993,8.3
Andorra,AND,1992,8.6
Andorra,AND,1991,8.8
Andorra,AND,1990,9.1
Andorra,AND,1989,9.3
Andorra,AND,1988,9.5
Andorra,AND,1987,9.8
Andorra,AND,1986,10.0
Andorra,AND,1985,10.2
Andorra,AND,1984,
Andorra,AND,1983,
Andorra,AND,1982,
Andorra,AND,1981,
Andorra,AND,1980,
Andorra,AND,1979,
Andorra,AND,1978,
Andorra,AND,1977,
Andorra,AND,1976,
Andorra,AND,1975,
Andorra,AND,1974,
Andorra,AND,1973,
Andorra,AND,1972,
Andorra,AND,1971,
Andorra,AND,1970,
Andorra,AND,1969,
Andorra,AND,1968,
Andorra,AND,1967,
Andorra,AND,1966,
Andorra,AND,1965,
Andorra,AND,1964,
Andorra,AND,1963,
Andorra,AND,1962,
Andorra,AND,1961,
Andorra,AND,1960,
Angola,AGO,2025,
Angola,AGO,2024,32.1
Angola,AGO,2023,33.0
Angola,AGO,2022,33.7
Angola,AGO,2021,34.4
Angola,AGO,2020,34.9
Angola,AGO,2019,35.5
Angola,AGO,2018,36.0
Angola,AGO,2017,36.7
Angola,AGO,2016,37.6
Angola,AGO,2015,38.8
Angola,AGO,2014,40.3
Angola,AGO,2013,42.2
Angola,AGO,2012,44.6
Angola,AGO,2011,47.6
Angola,AGO,2010,51.1
Angola,AGO,2009,55.4
Angola,AGO,2008,60.3
Angola,AGO,2007,66.0
Angola,AGO,2006,72.2
Angola,AGO,2005,78.9
Angola,AGO,2004,85.8
Angola,AGO,2003,92.5
Angola,AGO,2002,98.4
Angola,AGO,2001,103.8
Angola,AGO,2000,108.3
Angola,AGO,1999,111.9
Angola,AGO,1998,114.8
Angola,AGO,1997,117.2
Angola,AGO,1996,118.7
Angola,AGO,1995,119.4
Angola,AGO,1994,119.5
Angola,AGO,1993,119.3
Angola,AGO,1992,119.0
Angola,AGO,1991,118.5
Angola,AGO,1990,118.1
Angola,AGO,1989,117.9
Angola,AGO,1988,117.8
Angola,AGO,1987,117.8
Angola,AGO,1986,118.0
Angola,AGO,1985,118.5
Angola,AGO,1984,119.1
Angola,AGO,1983,120.2
Angola,AGO,1982,121.7
Angola,AGO,1981,123.0
Angola,AGO,1980,124.7
Angola,AGO,1979,
Angola,AGO,1978,
Angola,AGO,1977,
Angola,AGO,1976,
Angola,AGO,1975,
Angola,AGO,1974,
Angola,AGO,1973,
Angola,AGO,1972,
Angola,AGO,1971,
Angola,AGO,1970,
Angola,AGO,1969,
Angola,AGO,1968,
Angola,AGO,1967,
Angola,AGO,1966,
Angola,AGO,1965,
Angola,AGO,1964,
Angola,AGO,1963,
Angola,AGO,1962,
Angola,AGO,1961,
Angola,AGO,1960,
Antigua and Barbuda,ATG,2025,
Antigua and Barbuda,ATG,2024,7.0
Antigua and Barbuda,ATG,2023,7.2
Antigua and Barbuda,ATG,2022,7.4
Antigua and Barbuda,ATG,2021,7.6
Antigua and Barbuda,ATG,2020,7.8
Antigua and Barbuda,ATG,2019,8.0
Antigua and Barbuda,ATG,2018,8.1
Antigua and Barbuda,ATG,2017,8.3
Antigua and Barbuda,ATG,2016,8.4
Antigua and Barbuda,ATG,2015,8.6
Antigua and Barbuda,ATG,2014,8.7
Antigua and Barbuda,ATG,2013,8.9
Antigua and Barbuda,ATG,2012,9.1
Antigua and Barbuda,ATG,2011,9.3
Antigua and Barbuda,ATG,2010,9.5
Antigua and Barbuda,ATG,2009,9.7
Antigua and Barbuda,ATG,2008,10.0
Antigua and Barbuda,ATG,2007,10.2
Antigua and Barbuda,ATG,2006,10.5
Antigua and Barbuda,ATG,2005,10.7
Antigua and Barbuda,ATG,2004,11.0
Antigua and Barbuda,ATG,2003,11.3
Antigua and Barbuda,ATG,2002,11.6
Antigua and Barbuda,ATG,2001,11.9
Antigua and Barbuda,ATG,2000,12.1
Antigua and Barbuda,ATG,1999,12.4
Antigua and Barbuda,ATG,1998,12.6
Antigua and Barbuda,ATG,1997,12.7
Antigua and Barbuda,ATG,1996,12.7
Antigua and Barbuda,ATG,1995,12.6
Antigua and Barbuda,ATG,1994,12.3
Antigua and Barbuda,ATG,1993,12.0
Antigua and Barbuda,ATG,1992,11.7
Antigua and Barbuda,ATG,1991,11.4
Antigua and Barbuda,ATG,1990,11.1
Antigua and Barbuda,ATG,1989,10.8
Antigua and Barbuda,ATG,1988,10.6
Antigua and Barbuda,ATG,1987,10.5
Antigua and Barbuda,ATG,1986,10.5
Antigua and Barbuda,ATG,1985,10.5
Antigua and Barbuda,ATG,1984,10.7
Antigua and Barbuda,ATG,1983,11.1
Antigua and Barbuda,ATG,1982,11.6
Antigua and Barbuda,ATG,1981,12.2
Antigua and Barbuda,ATG,1980,13.0
Antigua and Barbuda,ATG,1979,13.9
Antigua and Barbuda,ATG,1978,14.9
Antigua and Barbuda,ATG,1977,15.9
Antigua and Barbuda,ATG,1976,17.0
Antigua and Barbuda,ATG,1975,18.1
Antigua and Barbuda,ATG,1974,19.2
Antigua and Barbuda,ATG,1973,20.4
Antigua and Barbuda,ATG,1972,21.8
Antigua and Barbuda,ATG,1971,23.5
Antigua and Barbuda,ATG,1970,25.5
Antigua and Barbuda,ATG,1969,27.8
Antigua and Barbuda,ATG,1968,30.7
Antigua and Barbuda,ATG,1967,34.0
Antigua and Barbuda,ATG,1966,37.7
Antigua and Barbuda,ATG,1965,41.8
Antigua and Barbuda,ATG,1964,46.1
Antigua and Barbuda,ATG,1963,50.4
Antigua and Barbuda,ATG,1962,54.7
Antigua and Barbuda,ATG,1961,58.6
Antigua and Barbuda,ATG,1960,62.2
Argentina,ARG,2025,
Argentina,ARG,2024,8.0
Argentina,ARG,2023,8.2
Argentina,ARG,2022,8.4
Argentina,ARG,2021,8.5
Argentina,ARG,2020,8.7
Argentina,ARG,2019,8.9
Argentina,ARG,2018,9.1
Argentina,ARG,2017,9.4
Argentina,ARG,2016,9.7
Argentina,ARG,2015,10.0
Argentina,ARG,2014,10.4
Argentina,ARG,2013,10.9
Argentina,ARG,2012,11.4
Argentina,ARG,2011,11.9
Argentina,ARG,2010,12.4
Argentina,ARG,2009,12.8
Argentina,ARG,2008,13.2
Argentina,ARG,2007,13.6
Argentina,ARG,2006,14.0
Argentina,ARG,2005,14.4
Argentina,ARG,2004,14.9
Argentina,ARG,2003,15.3
Argentina,ARG,2002,15.8
Argentina,ARG,2001,16.2
Argentina,ARG,2000,16.7
Argentina,ARG,1999,17.3
Argentina,ARG,1998,18.0
Argentina,ARG,1997,18.9
Argentina,ARG,1996,19.9
Argentina,ARG,1995,20.9
Argentina,ARG,1994,22.0
Argentina,ARG,1993,23.0
Argentina,ARG,1992,23.8
Argentina,ARG,1991,24.5
Argentina,ARG,1990,24.8
Argentina,ARG,1989,24.9
Argentina,ARG,1988,24.9
Argentina,ARG,1987,25.0
Argentina,ARG,1986,25.4
Argentina,ARG,1985,26.2
Argentina,ARG,1984,27.4
Argentina,ARG,1983,29.1
Argentina,ARG,1982,31.1
Argentina,ARG,1981,33.5
Argentina,ARG,1980,36.3
Argentina,ARG,1979,39.6
Argentina,ARG,1978,43.2
Argentina,ARG,1977,47.0
Argentina,ARG,1976,50.3
Argentina,ARG,1975,53.1
Argentina,ARG,1974,55.3
Argentina,ARG,1973,56.9
Argentina,ARG,1972,58.0
Argentina,ARG,1971,58.7
Argentina,ARG,1970,59.3
Argentina,ARG,1969,59.8
Argentina,ARG,1968,
Argentina,ARG,1967,
Argentina,ARG,1966,
Argentina,ARG,1965,
Argentina,ARG,1964,
Argentina,ARG,1963,
Argentina,ARG,1962,
Argentina,ARG,1961,
Argentina,ARG,1960,
Armenia,ARM,2025,
Armenia,ARM,2024,8.5
Armenia,ARM,2023,8.9
Armenia,ARM,2022,9.3
Armenia,ARM,2021,9.7
Armenia,ARM,2020,10.2
Armenia,ARM,2019,10.7
Armenia,ARM,2018,11.2
Armenia,ARM,2017,11.7
Armenia,ARM,2016,12.2
Armenia,ARM,2015,12.8
Armenia,ARM,2014,13.4
Armenia,ARM,2013,14.1
Armenia,ARM,2012,14.8
Armenia,ARM,2011,15.5
Armenia,ARM,2010,16.3
Armenia,ARM,2009,17.2
Armenia,ARM,2008,18.1
Armenia,ARM,2007,19.1
Armenia,ARM,2006,20.1
Armenia,ARM,2005,21.2
Armenia,ARM,2004,22.4
Armenia,ARM,2003,23.6
Armenia,ARM,2002,25.0
Armenia,ARM,2001,26.3
Armenia,ARM,2000,27.8
Armenia,ARM,1999,29.3
Armenia,ARM,1998,30.9
Armenia,ARM,1997,32.5
Armenia,ARM,1996,34.2
Armenia,ARM,1995,35.9
Armenia,ARM,1994,37.7
Armenia,ARM,1993,39.6
Armenia,ARM,1992,41.6
Armenia,ARM,1991,43.6
Armenia,ARM,1990,45.6
Armenia,ARM,1989,47.6
Armenia,ARM,1988,69.0
Armenia,ARM,1987,51.8
Armenia,ARM,1986,54.0
Armenia,ARM,1985,56.3
Armenia,ARM,1984,58.7
Armenia,ARM,1983,61.2
Armenia,ARM,1982,63.8
Armenia,ARM,1981,66.5
Armenia,ARM,1980,69.4
Armenia,ARM,1979,72.4
Armenia,ARM,1978,75.5
Armenia,ARM,1977,78.8
Armenia,ARM,1976,82.2
Armenia,ARM,1975,
Armenia,ARM,1974,
Armenia,ARM,1973,
Armenia,ARM,1972,
Armenia,ARM,1971,
Armenia,ARM,1970,
Armenia,ARM,1969,
Armenia,ARM,1968,
Armenia,ARM,1967,
Armenia,ARM,1966,
Armenia,ARM,1965,
Armenia,ARM,1964,
Armenia,ARM,1963,
Armenia,ARM,1962,
Armenia,ARM,1961,
Armenia,ARM,1960,
Aruba,ABW,2025,
Aruba,ABW,2024,
Aruba,ABW,2023,
Aruba,ABW,2022,
Aruba,ABW,2021,
Aruba,ABW,2020,
Aruba,ABW,2019,
Aruba,ABW,2018,
Aruba,ABW,2017,
Aruba,ABW,2016,
Aruba,ABW,2015,
Aruba,ABW,2014,
Aruba,ABW,2013,
Aruba,ABW,2012,
Aruba,ABW,2011,
Aruba,ABW,2010,
Aruba,ABW,2009,
Aruba,ABW,2008,
Aruba,ABW,2007,
Aruba,ABW,2006,
Aruba,ABW,2005,
Aruba,ABW,2004,
Aruba,ABW,2003,
Aruba,ABW,2002,
Aruba,ABW,2001,
Aruba,ABW,2000,
Aruba,ABW,1999,
Aruba,ABW,1998,
Aruba,ABW,1997,
Aruba,ABW,1996,
Aruba,ABW,1995,
Aruba,ABW,1994,
Aruba,ABW,1993,
Aruba,ABW,1992,
Aruba,ABW,1991,
Aruba,ABW,1990,
Aruba,ABW,1989,
Aruba,ABW,1988,
Aruba,ABW,1987,
Aruba,ABW,1986,
Aruba,ABW,1985,
Aruba,ABW,1984,
Aruba,ABW,1983,
Aruba,ABW,1982,
Aruba,ABW,1981,
Aruba,ABW,1980,
Aruba,ABW,1979,
Aruba,ABW,1978,
Aruba,ABW,1977,
Aruba,ABW,1976,
Aruba,ABW,1975,
Aruba,ABW,1974,
Aruba,ABW,1973,
Aruba,ABW,1972,
Aruba,ABW,1971,
Aruba,ABW,1970,
Aruba,ABW,1969,
Aruba,ABW,1968,
Aruba,ABW,1967,
Aruba,ABW,1966,
Aruba,ABW,1965,
Aruba,ABW,1964,
Aruba,ABW,1963,
Aruba,ABW,1962,
Aruba,ABW,1961,
Aruba,ABW,1960,
Australia,AUS,2025,
Australia,AUS,2024,3.1
Australia,AUS,2023,3.1
Australia,AUS,2022,3.2
Australia,AUS,2021,3.2
Australia,AUS,2020,3.2
Australia,AUS,2019,3.2
Australia,AUS,2018,3.2
Australia,AUS,2017,3.2
Australia,AUS,2016,3.2
Australia,AUS,2015,3.3
Australia,AUS,2014,3.4
Australia,AUS,2013,3.5
Australia,AUS,2012,3.6
Australia,AUS,2011,3.8
Australia,AUS,2010,4.0
Australia,AUS,2009,4.2
Australia,AUS,2008,4.4
Australia,AUS,2007,4.5
Australia,AUS,2006,4.7
Australia,AUS,2005,4.8
Australia,AUS,2004,4.8
Australia,AUS,2003,4.9
Australia,AUS,2002,4.9
Australia,AUS,2001,5.0
Australia,AUS,2000,5.1
Australia,AUS,1999,5.2
Australia,AUS,1998,5.3
Australia,AUS,1997,5.4
Australia,AUS,1996,5.6
Australia,AUS,1995,5.7
Australia,AUS,1994,6.0
Australia,AUS,1993,6.3
Australia,AUS,1992,6.7
Australia,AUS,1991,7.1
Australia,AUS,1990,7.6
Australia,AUS,1989,8.0
Australia,AUS,1988,8.4
Australia,AUS,1987,8.7
Australia,AUS,1986,9.1
Australia,AUS,1985,9.3
Australia,AUS,1984,9.6
Australia,AUS,1983,9.8
Australia,AUS,1982,10.1
Australia,AUS,1981,10.4
Australia,AUS,1980,10.8
Australia,AUS,1979,11.3
Australia,AUS,1978,11.9
Australia,AUS,1977,12.7
Australia,AUS,1976,13.5
Australia,AUS,1975,14.4
Australia,AUS,1974,15.3
Australia,AUS,1973,16.2
Australia,AUS,1972,16.9
Australia,AUS,1971,17.5
Australia,AUS,1970,17.9
Australia,AUS,1969,18.1
Australia,AUS,1968,18.2
Australia,AUS,1967,18.3
Australia,AUS,1966,18.4
Australia,AUS,1965,18.5
Australia,AUS,1964,18.8
Australia,AUS,1963,19.1
Australia,AUS,1962,19.5
Australia,AUS,1961,20.0
Australia,AUS,1960,20.4
Austria,AUT,2025,
Austria,AUT,2024,2.8
Austria,AUT,2023,2.8
Austria,AUT,2022,2.8
Austria,AUT,2021,2.8
Austria,AUT,2020,2.9
Austria,AUT,2019,2.9
Austria,AUT,2018,2.9
Austria,AUT,2017,3.0
Austria,AUT,2016,3.0
Austria,AUT,2015,3.1
Austria,AUT,2014,3.2
Austria,AUT,2013,3.3
Austria,AUT,2012,3.4
Austria,AUT,2011,3.5
Austria,AUT,2010,3.6
Austria,AUT,2009,3.7
Austria,AUT,2008,3.8
Austria,AUT,2007,3.9
Austria,AUT,2006,4.0
Austria,AUT,2005,4.1
Austria,AUT,2004,4.2
Austria,AUT,2003,4.3
Austria,AUT,2002,4.4
Austria,AUT,2001,4.5
Austria,AUT,2000,4.6
Austria,AUT,1999,4.7
Austria,AUT,1998,4.8
Austria,AUT,1997,5.0
Austria,AUT,1996,5.3
Austria,AUT,1995,5.7
Austria,AUT,1994,6.1
Austria,AUT,1993,6.6
Austria,AUT,1992,7.1
Austria,AUT,1991,7.5
Austria,AUT,1990,8.0
Austria,AUT,1989,8.4
Austria,AUT,1988,8.8
Austria,AUT,1987,9.4
Austria,AUT,1986,10.0
Austria,AUT,1985,10.7
Austria,AUT,1984,11.3
Austria,AUT,1983,11.9
Austria,AUT,1982,12.5
Austria,AUT,1981,13.2
Austria,AUT,1980,13.9
Austria,AUT,1979,14.6
Austria,AUT,1978,15.5
Austria,AUT,1977,16.7
Austria,AUT,1976,18.2
Austria,AUT,1975,19.9
Austria,AUT,1974,21.6
Austria,AUT,1973,23.1
Austria,AUT,1972,24.1
Austria,AUT,1971,24.8
Austria,AUT,1970,25.2
Austria,AUT,1969,25.5
Austria,AUT,1968,25.8
Austria,AUT,1967,26.4
Austria,AUT,1966,27.3
Austria,AUT,1965,28.4
Austria,AUT,1964,29.7
Austria,AUT,1963,31.2
Austria,AUT,1962,33.0
Austria,AUT,1961,35.0
Austria,AUT,1960,37.2
Azerbaijan,AZE,2025,
Azerbaijan,AZE,2024,12.5
Azerbaijan,AZE,2023,13.2
Azerbaijan,AZE,2022,13.9
Azerbaijan,AZE,2021,14.7
Azerbaijan,AZE,2020,15.6
Azerbaijan,AZE,2019,16.5
Azerbaijan,AZE,2018,17.5
Azerbaijan,AZE,2017,18.6
Azerbaijan,AZE,2016,19.8
Azerbaijan,AZE,2015,21.1
Azerbaijan,AZE,2014,22.6
Azerbaijan,AZE,2013,24.2
Azerbaijan,AZE,2012,25.9
Azerbaijan,AZE,2011,27.7
Azerbaijan,AZE,2010,29.7
Azerbaijan,AZE,2009,31.8
Azerbaijan,AZE,2008,34.1
Azerbaijan,AZE,2007,36.6
Azerbaijan,AZE,2006,39.2
Azerbaijan,AZE,2005,42.2
Azerbaijan,AZE,2004,45.4
Azerbaijan,AZE,2003,48.9
Azerbaijan,AZE,2002,52.7
Azerbaijan,AZE,2001,56.8
Azerbaijan,AZE,2000,61.1
Azerbaijan,AZE,1999,65.3
Azerbaijan,AZE,1998,69.1
Azerbaijan,AZE,1997,72.4
Azerbaijan,AZE,1996,75.0
Azerbaijan,AZE,1995,76.6
Azerbaijan,AZE,1994,77.3
Azerbaijan,AZE,1993,77.2
Azerbaijan,AZE,1992,76.5
Azerbaijan,AZE,1991,75.8
Azerbaijan,AZE,1990,75.1
Azerbaijan,AZE,1989,74.8
Azerbaijan,AZE,1988,75.1
Azerbaijan,AZE,1987,75.8
Azerbaijan,AZE,1986,76.7
Azerbaijan,AZE,1985,78.0
Azerbaijan,AZE,1984,79.4
Azerbaijan,AZE,1983,80.9
Azerbaijan,AZE,1982,82.5
Azerbaijan,AZE,1981,
Azerbaijan,AZE,1980,
Azerbaijan,AZE,1979,
Azerbaijan,AZE,1978,
Azerbaijan,AZE,1977,
Azerbaijan,AZE,1976,
Azerbaijan,AZE,1975,
Azerbaijan,AZE,1974,
Azerbaijan,AZE,1973,
Azerbaijan,AZE,1972,
Azerbaijan,AZE,1971,
Azerbaijan,AZE,1970,
Azerbaijan,AZE,1969,
Azerbaijan,AZE,1968,
Azerbaijan,AZE,1967,
Azerbaijan,AZE,1966,
Azerbaijan,AZE,1965,
Azerbaijan,AZE,1964,
Azerbaijan,AZE,1963,
Azerbaijan,AZE,1962,
Azerbaijan,AZE,1961,
Azerbaijan,AZE,1960,
"Bahamas, The",BHS,2025,
"Bahamas, The",BHS,2024,11.1
"Bahamas, The",BHS,2023,11.3
"Bahamas, The",BHS,2022,11.6
"Bahamas, The",BHS,2021,11.7
"Bahamas, The",BHS,2020,11.9
"Bahamas, The",BHS,2019,16.0
"Bahamas, The",BHS,2018,12.0
"Bahamas, The",BHS,2017,12.1
"Bahamas, The",BHS,2016,12.2
"Bahamas, The",BHS,2015,12.3
"Bahamas, The",BHS,2014,12.4
"Bahamas, The",BHS,2013,12.6
"Bahamas, The",BHS,2012,12.9
"Bahamas, The",BHS,2011,13.1
"Bahamas, The",BHS,2010,13.4
"Bahamas, The",BHS,2009,13.7
"Bahamas, The",BHS,2008,14.0
"Bahamas, The",BHS,2007,14.2
"Bahamas, The",BHS,2006,14.4
"Bahamas, The",BHS,2005,14.5
"Bahamas, The",BHS,2004,14.4
"Bahamas, The",BHS,2003,14.3
"Bahamas, The",BHS,2002,14.1
"Bahamas, The",BHS,2001,13.9
"Bahamas, The",BHS,2000,13.7
"Bahamas, The",BHS,1999,13.7
"Bahamas, The",BHS,1998,13.9
"Bahamas, The",BHS,1997,14.3
"Bahamas, The",BHS,1996,14.8
"Bahamas, The",BHS,1995,15.5
"Bahamas, The",BHS,1994,16.2
"Bahamas, The",BHS,1993,17.0
"Bahamas, The",BHS,1992,17.8
"Bahamas, The",BHS,1991,18.7
"Bahamas, The",BHS,1990,19.6
"Bahamas, The",BHS,1989,20.6
"Bahamas, The",BHS,1988,21.5
"Bahamas, The",BHS,1987,22.3
"Bahamas, The",BHS,1986,23.0
"Bahamas, The",BHS,1985,23.4
"Bahamas, The",BHS,1984,23.7
"Bahamas, The",BHS,1983,24.0
"Bahamas, The",BHS,1982,24.2
"Bahamas, The",BHS,1981,24.6
"Bahamas, The",BHS,1980,24.9
"Bahamas, The",BHS,1979,25.3
"Bahamas, The",BHS,1978,25.7
"Bahamas, The",BHS,1977,26.1
"Bahamas, The",BHS,1976,26.4
"Bahamas, The",BHS,1975,26.6
"Bahamas, The",BHS,1974,26.7
"Bahamas, The",BHS,1973,26.7
"Bahamas, The",BHS,1972,26.5
"Bahamas, The",BHS,1971,26.3
"Bahamas, The",BHS,1970,25.9
"Bahamas, The",BHS,1969,25.6
"Bahamas, The",BHS,1968,25.2
"Bahamas, The",BHS,1967,
"Bahamas, The",BHS,1966,
"Bahamas, The",BHS,1965,
"Bahamas, The",BHS,1964,
"Bahamas, The",BHS,1963,
"Bahamas, The",BHS,1962,
"Bahamas, The",BHS,1961,
"Bahamas, The",BHS,1960,
Bahrain,BHR,2025,
Bahrain,BHR,2024,7.3
Bahrain,BHR,2023,7.2
Bahrain,BHR,2022,7.0
Bahrain,BHR,2021,6.8
Bahrain,BHR,2020,6.6
Bahrain,BHR,2019,6.5
Bahrain,BHR,2018,6.4
Bahrain,BHR,2017,6.3
Bahrain,BHR,2016,6.3
Bahrain,BHR,2015,6.3
Bahrain,BHR,2014,6.4
Bahrain,BHR,2013,6.5
Bahrain,BHR,2012,6.6
Bahrain,BHR,2011,6.8
Bahrain,BHR,2010,7.1
Bahrain,BHR,2009,7.4
Bahrain,BHR,2008,7.8
Bahrain,BHR,2007,8.1
Bahrain,BHR,2006,8.5
Bahrain,BHR,2005,8.8
Bahrain,BHR,2004,9.1
Bahrain,BHR,2003,9.4
Bahrain,BHR,2002,9.7
Bahrain,BHR,2001,10.0
Bahrain,BHR,2000,10.5
Bahrain,BHR,1999,11.1
Bahrain,BHR,1998,11.9
Bahrain,BHR,1997,13.0
Bahrain,BHR,1996,14.2
Bahrain,BHR,1995,15.6
Bahrain,BHR,1994,16.9
Bahrain,BHR,1993,18.1
Bahrain,BHR,1992,19.1
Bahrain,BHR,1991,19.7
Bahrain,BHR,1990,20.0
Bahrain,BHR,1989,20.2
Bahrain,BHR,1988,20.4
Bahrain,BHR,1987,20.7
Bahrain,BHR,1986,21.3
Bahrain,BHR,1985,22.0
Bahrain,BHR,1984,22.9
Bahrain,BHR,1983,24.1
Bahrain,BHR,1982,25.4
Bahrain,BHR,1981,27.0
Bahrain,BHR,1980,28.8
Bahrain,BHR,1979,30.8
Bahrain,BHR,1978,33.1
Bahrain,BHR,1977,35.7
Bahrain,BHR,1976,38.5
Bahrain,BHR,1975,41.8
Bahrain,BHR,1974,45.5
Bahrain,BHR,1973,49.8
Bahrain,BHR,1972,54.7
Bahrain,BHR,1971,60.1
Bahrain,BHR,1970,66.2
Bahrain,BHR,1969,72.9
Bahrain,BHR,1968,80.1
Bahrain,BHR,1967,87.9
Bahrain,BHR,1966,96.3
Bahrain,BHR,1965,105.2
Bahrain,BHR,1964,114.7
Bahrain,BHR,1963,124.9
Bahrain,BHR,1962,135.7
Bahrain,BHR,1961,147.3
Bahrain,BHR,1960,159.7
Bangladesh,BGD,2025,
Bangladesh,BGD,2024,24.4
Bangladesh,BGD,2023,24.4
Bangladesh,BGD,2022,24.4
Bangladesh,BGD,2021,24.5
Bangladesh,BGD,2020,24.8
Bangladesh,BGD,2019,25.4
Bangladesh,BGD,2018,26.2
Bangladesh,BGD,2017,27.3
Bangladesh,BGD,2016,28.5
Bangladesh,BGD,2015,29.8
Bangladesh,BGD,2014,31.2
Bangladesh,BGD,2013,32.6
Bangladesh,BGD,2012,33.9
Bangladesh,BGD,2011,35.3
Bangladesh,BGD,2010,36.8
Bangladesh,BGD,2009,38.3
Bangladesh,BGD,2008,40.0
Bangladesh,BGD,2007,41.8
Bangladesh,BGD,2006,43.8
Bangladesh,BGD,2005,46.0
Bangladesh,BGD,2004,48.3
Bangladesh,BGD,2003,50.8
Bangladesh,BGD,2002,53.6
Bangladesh,BGD,2001,56.6
Bangladesh,BGD,2000,59.8
Bangladesh,BGD,1999,63.3
Bangladesh,BGD,1998,66.9
Bangladesh,BGD,1997,70.6
Bangladesh,BGD,1996,74.2
Bangladesh,BGD,1995,77.9
Bangladesh,BGD,1994,81.5
Bangladesh,BGD,1993,85.2
Bangladesh,BGD,1992,89.0
Bangladesh,BGD,1991,92.6
Bangladesh,BGD,1990,96.3
Bangladesh,BGD,1989,100.1
Bangladesh,BGD,1988,104.0
Bangladesh,BGD,1987,107.9
Bangladesh,BGD,1986,111.8
Bangladesh,BGD,1985,115.6
Bangladesh,BGD,1984,119.2
Bangladesh,BGD,1983,122.8
Bangladesh,BGD,1982,126.2
Bangladesh,BGD,1981,129.7
Bangladesh,BGD,1980,133.2
Bangladesh,BGD,1979,136.5
Bangladesh,BGD,1978,139.7
Bangladesh,BGD,1977,142.5
Bangladesh,BGD,1976,144.8
Bangladesh,BGD,1975,172.6
Bangladesh,BGD,1974,174.4
Bangladesh,BGD,1973,148.0
Bangladesh,BGD,1972,148.2
Bangladesh,BGD,1971,204.9
Bangladesh,BGD,1970,164.4
Bangladesh,BGD,1969,148.0
Bangladesh,BGD,1968,148.6
Bangladesh,BGD,1967,150.0
Bangladesh,BGD,1966,152.1
Bangladesh,BGD,1965,154.9
Bangladesh,BGD,1964,158.6
Bangladesh,BGD,1963,162.8
Bangladesh,BGD,1962,167.6
Bangladesh,BGD,1961,172.6
Bangladesh,BGD,1960,177.9
Barbados,BRB,2025,
Barbados,BRB,2024,9.1
Barbados,BRB,2023,9.4
Barbados,BRB,2022,9.6
Barbados,BRB,2021,9.9
Barbados,BRB,2020,10.2
Barbados,BRB,2019,10.6
Barbados,BRB,2018,10.9
Barbados,BRB,2017,11.2
Barbados,BRB,2016,11.5
Barbados,BRB,2015,11.7
Barbados,BRB,2014,12.0
Barbados,BRB,2013,12.2
Barbados,BRB,2012,12.4
Barbados,BRB,2011,12.5
Barbados,BRB,2010,12.7
Barbados,BRB,2009,12.9
Barbados,BRB,2008,13.0
Barbados,BRB,2007,13.2
Barbados,BRB,2006,13.4
Barbados,BRB,2005,13.5
Barbados,BRB,2004,13.5
Barbados,BRB,2003,13.4
Barbados,BRB,2002,13.3
Barbados,BRB,2001,13.1
Barbados,BRB,2000,13.0
Barbados,BRB,1999,12.9
Barbados,BRB,1998,12.8
Barbados,BRB,1997,12.9
Barbados,BRB,1996,13.1
Barbados,BRB,1995,13.4
Barbados,BRB,1994,13.8
Barbados,BRB,1993,14.3
Barbados,BRB,1992,14.8
Barbados,BRB,1991,15.5
Barbados,BRB,1990,16.2
Barbados,BRB,1989,16.9
Barbados,BRB,1988,17.6
Barbados,BRB,1987,18.2
Barbados,BRB,1986,18.8
Barbados,BRB,1985,19.4
Barbados,BRB,1984,20.0
Barbados,BRB,1983,20.7
Barbados,BRB,1982,21.5
Barbados,BRB,1981,22.5
Barbados,BRB,1980,23.7
Barbados,BRB,1979,25.0
Barbados,BRB,1978,26.6
Barbados,BRB,1977,28.2
Barbados,BRB,1976,29.9
Barbados,BRB,1975,31.6
Barbados,BRB,1974,33.4
Barbados,BRB,1973,35.3
Barbados,BRB,1972,37.2
Barbados,BRB,1971,39.1
Barbados,BRB,1970,41.1
Barbados,BRB,1969,43.0
Barbados,BRB,1968,44.9
Barbados,BRB,1967,46.9
Barbados,BRB,1966,49.0
Barbados,BRB,1965,51.4
Barbados,BRB,1964,54.2
Barbados,BRB,1963,57.4
Barbados,BRB,1962,61.1
Barbados,BRB,1961,65.3
Barbados,BRB,1960,70.3
Belarus,BLR,2025,
Belarus,BLR,2024,1.8
Belarus,BLR,2023,1.9
Belarus,BLR,2022,2.0
Belarus,BLR,2021,2.1
Belarus,BLR,2020,2.2
Belarus,BLR,2019,2.4
Belarus,BLR,2018,2.6
Belarus,BLR,2017,2.8
Belarus,BLR,2016,2.9
Belarus,BLR,2015,3.1
Belarus,BLR,2014,3.3
Belarus,BLR,2013,3.5
Belarus,BLR,2012,3.7
Belarus,BLR,2011,3.9
Belarus,BLR,2010,4.2
Belarus,BLR,2009,4.6
Belarus,BLR,2008,5.1
Belarus,BLR,2007,5.6
Belarus,BLR,2006,6.1
Belarus,BLR,2005,6.7
Belarus,BLR,2004,7.2
Belarus,BLR,2003,7.8
Belarus,BLR,2002,8.5
Belarus,BLR,2001,9.2
Belarus,BLR,2000,9.9
Belarus,BLR,1999,10.7
Belarus,BLR,1998,11.4
Belarus,BLR,1997,11.9
Belarus,BLR,1996,12.2
Belarus,BLR,1995,12.4
Belarus,BLR,1994,12.4
Belarus,BLR,1993,12.3
Belarus,BLR,1992,12.2
Belarus,BLR,1991,12.1
Belarus,BLR,1990,12.1
Belarus,BLR,1989,12.4
Belarus,BLR,1988,12.7
Belarus,BLR,1987,13.2
Belarus,BLR,1986,13.7
Belarus,BLR,1985,14.2
Belarus,BLR,1984,14.7
Belarus,BLR,1983,15.2
Belarus,BLR,1982,15.7
Belarus,BLR,1981,16.2
Belarus,BLR,1980,16.7
Belarus,BLR,1979,17.1
Belarus,BLR,1978,17.4
Belarus,BLR,1977,17.5
Belarus,BLR,1976,17.6
Belarus,BLR,1975,17.7
Belarus,BLR,1974,17.8
Belarus,BLR,1973,17.9
Belarus,BLR,1972,18.1
Belarus,BLR,1971,18.4
Belarus,BLR,1970,18.8
Belarus,BLR,1969,19.3
Belarus,BLR,1968,20.0
Belarus,BLR,1967,20.9
Belarus,BLR,1966,22.1
Belarus,BLR,1965,23.6
Belarus,BLR,1964,25.4
Belarus,BLR,1963,27.6
Belarus,BLR,1962,30.2
Belarus,BLR,1961,33.3
Belarus,BLR,1960,37.0
Belgium,BEL,2025,
Belgium,BEL,2024,3.1
Belgium,BEL,2023,3.2
Belgium,BEL,2022,3.2
Belgium,BEL,2021,3.2
Belgium,BEL,2020,3.2
Belgium,BEL,2019,3.3
Belgium,BEL,2018,3.3
Belgium,BEL,2017,3.3
Belgium,BEL,2016,3.4
Belgium,BEL,2015,3.4
Belgium,BEL,2014,3.4
Belgium,BEL,2013,3.5
Belgium,BEL,2012,3.5
Belgium,BEL,2011,3.6
Belgium,BEL,2010,3.7
Belgium,BEL,2009,3.8
Belgium,BEL,2008,3.8
Belgium,BEL,2007,3.9
Belgium,BEL,2006,4.0
Belgium,BEL,2005,4.1
Belgium,BEL,2004,4.2
Belgium,BEL,2003,4.4
Belgium,BEL,2002,4.5
Belgium,BEL,2001,4.7
Belgium,BEL,2000,4.8
Belgium,BEL,1999,5.0
Belgium,BEL,1998,5.3
Belgium,BEL,1997,5.6
Belgium,BEL,1996,5.9
Belgium,BEL,1995,6.4
Belgium,BEL,1994,6.8
Belgium,BEL,1993,7.3
Belgium,BEL,1992,7.7
Belgium,BEL,1991,8.0
Belgium,BEL,1990,8.3
Belgium,BEL,1989,8.6
Belgium,BEL,1988,8.9
Belgium,BEL,1987,9.2
Belgium,BEL,1986,9.5
Belgium,BEL,1985,9.8
Belgium,BEL,1984,10.2
Belgium,BEL,1983,10.6
Belgium,BEL,1982,11.1
Belgium,BEL,1981,11.6
Belgium,BEL,1980,12.2
Belgium,BEL,1979,12.7
Belgium,BEL,1978,13.4
Belgium,BEL,1977,14.1
Belgium,BEL,1976,14.9
Belgium,BEL,1975,15.7
Belgium,BEL,1974,16.6
Belgium,BEL,1973,17.6
Belgium,BEL,1972,18.6
Belgium,BEL,1971,19.6
Belgium,BEL,1970,20.5
Belgium,BEL,1969,21.2
Belgium,BEL,1968,21.9
Belgium,BEL,1967,22.6
Belgium,BEL,1966,23.3
Belgium,BEL,1965,24.1
Belgium,BEL,1964,25.0
Belgium,BEL,1963,26.0
Belgium,BEL,1962,27.1
Belgium,BEL,1961,28.3
Belgium,BEL,1960,29.6
Belize,BLZ,2025,
Belize,BLZ,2024,10.8
Belize,BLZ,2023,10.9
Belize,BLZ,2022,10.9
Belize,BLZ,2021,11.0
Belize,BLZ,2020,11.1
Belize,BLZ,2019,11.4
Belize,BLZ,2018,11.7
Belize,BLZ,2017,12.1
Belize,BLZ,2016,12.6
Belize,BLZ,2015,13.1
Belize,BLZ,2014,13.6
Belize,BLZ,2013,14.2
Belize,BLZ,2012,14.7
Belize,BLZ,2011,15.1
Belize,BLZ,2010,15.5
Belize,BLZ,2009,15.9
Belize,BLZ,2008,16.2
Belize,BLZ,2007,16.5
Belize,BLZ,2006,16.8
Belize,BLZ,2005,17.1
Belize,BLZ,2004,17.4
Belize,BLZ,2003,17.9
Belize,BLZ,2002,18.4
Belize,BLZ,2001,18.9
Belize,BLZ,2000,19.6
Belize,BLZ,1999,20.3
Belize,BLZ,1998,21.1
Belize,BLZ,1997,21.9
Belize,BLZ,1996,22.8
Belize,BLZ,1995,23.8
Belize,BLZ,1994,24.9
Belize,BLZ,1993,26.1
Belize,BLZ,1992,27.6
Belize,BLZ,1991,29.2
Belize,BLZ,1990,31.0
Belize,BLZ,1989,33.0
Belize,BLZ,1988,35.0
Belize,BLZ,1987,37.1
Belize,BLZ,1986,39.2
Belize,BLZ,1985,41.3
Belize,BLZ,1984,43.3
Belize,BLZ,1983,45.2
Belize,BLZ,1982,47.1
Belize,BLZ,1981,49.0
Belize,BLZ,1980,50.9
Belize,BLZ,1979,52.9
Belize,BLZ,1978,54.8
Belize,BLZ,1977,56.9
Belize,BLZ,1976,59.0
Belize,BLZ,1975,61.3
Belize,BLZ,1974,63.6
Belize,BLZ,1973,66.2
Belize,BLZ,1972,68.8
Belize,BLZ,1971,71.5
Belize,BLZ,1970,74.4
Belize,BLZ,1969,77.6
Belize,BLZ,1968,80.8
Belize,BLZ,1967,84.1
Belize,BLZ,1966,
Belize,BLZ,1965,
Belize,BLZ,1964,
Belize,BLZ,1963,
Belize,BLZ,1962,
Belize,BLZ,1961,
Belize,BLZ,1960,
Benin,BEN,2025,
Benin,BEN,2024,45.2
Benin,BEN,2023,46.5
Benin,BEN,2022,47.8
Benin,BEN,2021,49.1
Benin,BEN,2020,50.4
Benin,BEN,2019,51.8
Benin,BEN,2018,53.1
Benin,BEN,2017,54.4
Benin,BEN,2016,55.8
Benin,BEN,2015,57.0
Benin,BEN,2014,58.4
Benin,BEN,2013,59.8
Benin,BEN,2012,61.1
Benin,BEN,2011,62.4
Benin,BEN,2010,63.8
Benin,BEN,2009,65.1
Benin,BEN,2008,66.5
Benin,BEN,2007,67.9
Benin,BEN,2006,69.4
Benin,BEN,2005,71.0
Benin,BEN,2004,72.6
Benin,BEN,2003,74.3
Benin,BEN,2002,76.0
Benin,BEN,2001,77.8
Benin,BEN,2000,79.7
Benin,BEN,1999,81.5
Benin,BEN,1998,83.3
Benin,BEN,1997,85.0
Benin,BEN,1996,86.7
Benin,BEN,1995,88.4
Benin,BEN,1994,90.2
Benin,BEN,1993,92.1
Benin,BEN,1992,94.1
Benin,BEN,1991,96.1
Benin,BEN,1990,98.1
Benin,BEN,1989,100.1
Benin,BEN,1988,101.9
Benin,BEN,1987,103.7
Benin,BEN,1986,105.5
Benin,BEN,1985,107.2
Benin,BEN,1984,108.8
Benin,BEN,1983,110.5
Benin,BEN,1982,112.2
Benin,BEN,1981,113.9
Benin,BEN,1980,115.8
Benin,BEN,1979,117.8
Benin,BEN,1978,120.0
Benin,BEN,1977,122.3
Benin,BEN,1976,124.7
Benin,BEN,1975,127.1
Benin,BEN,1974,129.5
Benin,BEN,1973,131.8
Benin,BEN,1972,134.0
Benin,BEN,1971,136.1
Benin,BEN,1970,138.1
Benin,BEN,1969,140.1
Benin,BEN,1968,141.9
Benin,BEN,1967,144.0
Benin,BEN,1966,146.2
Benin,BEN,1965,148.4
Benin,BEN,1964,150.8
Benin,BEN,1963,153.1
Benin,BEN,1962,155.3
Benin,BEN,1961,157.4
Benin,BEN,1960,159.3
Bermuda,BMU,2025,
Bermuda,BMU,2024,
Bermuda,BMU,2023,
Bermuda,BMU,2022,
Bermuda,BMU,2021,
Bermuda,BMU,2020,
Bermuda,BMU,2019,
Bermuda,BMU,2018,
Bermuda,BMU,2017,
Bermuda,BMU,2016,
Bermuda,BMU,2015,
Bermuda,BMU,2014,
Bermuda,BMU,2013,
Bermuda,BMU,2012,
Bermuda,BMU,2011,
Bermuda,BMU,2010,
Bermuda,BMU,2009,
Bermuda,BMU,2008,
Bermuda,BMU,2007,
Bermuda,BMU,2006,
Bermuda,BMU,2005,
Bermuda,BMU,2004,
Bermuda,BMU,2003,
Bermuda,BMU,2002,
Bermuda,BMU,2001,
Bermuda,BMU,2000,
Bermuda,BMU,1999,
Bermuda,BMU,1998,
Bermuda,BMU,1997,
Bermuda,BMU,1996,
Bermuda,BMU,1995,
Bermuda,BMU,1994,
Bermuda,BMU,1993,
Bermuda,BMU,1992,
Bermuda,BMU,1991,
Bermuda,BMU,1990,
Bermuda,BMU,1989,
Bermuda,BMU,1988,
Bermuda,BMU,1987,
Bermuda,BMU,1986,
Bermuda,BMU,1985,
Bermuda,BMU,1984,
Bermuda,BMU,1983,
Bermuda,BMU,1982,
Bermuda,BMU,1981,
Bermuda,BMU,1980,
Bermuda,BMU,1979,
Bermuda,BMU,1978,
Bermuda,BMU,1977,
Bermuda,BMU,1976,
Bermuda,BMU,1975,
Bermuda,BMU,1974,
Bermuda,BMU,1973,
Bermuda,BMU,1972,
Bermuda,BMU,1971,
Bermuda,BMU,1970,
Bermuda,BMU,1969,
Bermuda,BMU,1968,
Bermuda,BMU,1967,
Bermuda,BMU,1966,
Bermuda,BMU,1965,
Bermuda,BMU,1964,
Bermuda,BMU,1963,
Bermuda,BMU,1962,
Bermuda,BMU,1961,
Bermuda,BMU,1960,
Bhutan,BTN,2025,
Bhutan,BTN,2024,13.7
Bhutan,BTN,2023,14.3
Bhutan,BTN,2022,15.1
Bhutan,BTN,2021,15.9
Bhutan,BTN,2020,16.9
Bhutan,BTN,2019,17.9
Bhutan,BTN,2018,19.1
Bhutan,BTN,2017,20.3
Bhutan,BTN,2016,21.6
Bhutan,BTN,2015,22.9
Bhutan,BTN,2014,24.4
Bhutan,BTN,2013,26.0
Bhutan,BTN,2012,27.7
Bhutan,BTN,2011,29.5
Bhutan,BTN,2010,31.5
Bhutan,BTN,2009,33.6
Bhutan,BTN,2008,35.8
Bhutan,BTN,2007,38.3
Bhutan,BTN,2006,40.9
Bhutan,BTN,2005,43.7
Bhutan,BTN,2004,46.6
Bhutan,BTN,2003,49.7
Bhutan,BTN,2002,52.8
Bhutan,BTN,2001,56.0
Bhutan,BTN,2000,59.4
Bhutan,BTN,1999,62.8
Bhutan,BTN,1998,66.3
Bhutan,BTN,1997,69.9
Bhutan,BTN,1996,73.4
Bhutan,BTN,1995,77.1
Bhutan,BTN,1994,80.7
Bhutan,BTN,1993,84.4
Bhutan,BTN,1992,87.9
Bhutan,BTN,1991,91.6
Bhutan,BTN,1990,95.4
Bhutan,BTN,1989,99.6
Bhutan,BTN,1988,103.8
Bhutan,BTN,1987,108.1
Bhutan,BTN,1986,112.7
Bhutan,BTN,1985,117.3
Bhutan,BTN,1984,122.0
Bhutan,BTN,1983,126.8
Bhutan,BTN,1982,131.5
Bhutan,BTN,1981,136.4
Bhutan,BTN,1980,141.5
Bhutan,BTN,1979,146.5
Bhutan,BTN,1978,151.2
Bhutan,BTN,1977,155.7
Bhutan,BTN,1976,160.3
Bhutan,BTN,1975,164.6
Bhutan,BTN,1974,169.0
Bhutan,BTN,1973,172.9
Bhutan,BTN,1972,176.8
Bhutan,BTN,1971,180.9
Bhutan,BTN,1970,184.6
Bhutan,BTN,1969,188.5
Bhutan,BTN,1968,192.6
Bhutan,BTN,1967,
Bhutan,BTN,1966,
Bhutan,BTN,1965,
Bhutan,BTN,1964,
Bhutan,BTN,1963,
Bhutan,BTN,1962,
Bhutan,BTN,1961,
Bhutan,BTN,1960,
Bolivia,BOL,2025,
Bolivia,BOL,2024,14.2
Bolivia,BOL,2023,14.9
Bolivia,BOL,2022,15.6
Bolivia,BOL,2021,16.4
Bolivia,BOL,2020,17.4
Bolivia,BOL,2019,18.4
Bolivia,BOL,2018,19.6
Bolivia,BOL,2017,20.8
Bolivia,BOL,2016,22.1
Bolivia,BOL,2015,23.5
Bolivia,BOL,2014,24.9
Bolivia,BOL,2013,26.4
Bolivia,BOL,2012,28.0
Bolivia,BOL,2011,29.7
Bolivia,BOL,2010,31.5
Bolivia,BOL,2009,33.4
Bolivia,BOL,2008,35.5
Bolivia,BOL,2007,37.7
Bolivia,BOL,2006,40.1
Bolivia,BOL,2005,42.6
Bolivia,BOL,2004,45.2
Bolivia,BOL,2003,48.0
Bolivia,BOL,2002,50.9
Bolivia,BOL,2001,54.0
Bolivia,BOL,2000,57.2
Bolivia,BOL,1999,60.5
Bolivia,BOL,1998,63.8
Bolivia,BOL,1997,67.1
Bolivia,BOL,1996,70.4
Bolivia,BOL,1995,73.6
Bolivia,BOL,1994,76.7
Bolivia,BOL,1993,79.7
Bolivia,BOL,1992,82.8
Bolivia,BOL,1991,85.9
Bolivia,BOL,1990,89.0
Bolivia,BOL,1989,92.1
Bolivia,BOL,1988,95.3
Bolivia,BOL,1987,98.5
Bolivia,BOL,1986,101.5
Bolivia,BOL,1985,104.5
Bolivia,BOL,1984,107.4
Bolivia,BOL,1983,110.1
Bolivia,BOL,1982,112.8
Bolivia,BOL,1981,115.5
Bolivia,BOL,1980,118.3
Bolivia,BOL,1979,121.3
Bolivia,BOL,1978,124.6
Bolivia,BOL,1977,128.2
Bolivia,BOL,1976,132.0
Bolivia,BOL,1975,135.9
Bolivia,BOL,1974,140.0
Bolivia,BOL,1973,144.0
Bolivia,BOL,1972,147.9
Bolivia,BOL,1971,151.7
Bolivia,BOL,1970,155.4
Bolivia,BOL,1969,159.0
Bolivia,BOL,1968,162.6
Bolivia,BOL,1967,165.9
Bolivia,BOL,1966,169.2
Bolivia,BOL,1965,172.4
Bolivia,BOL,1964,175.4
Bolivia,BOL,1963,178.4
Bolivia,BOL,1962,181.2
Bolivia,BOL,1961,183.8
Bolivia,BOL,1960,186.4
Bosnia and Herzegovina,BIH,2025,
Bosnia and Herzegovina,BIH,2024,5.5
Bosnia and Herzegovina,BIH,2023,5.3
Bosnia and Herzegovina,BIH,2022,5.5
Bosnia and Herzegovina,BIH,2021,5.7
Bosnia and Herzegovina,BIH,2020,5.8
Bosnia and Herzegovina,BIH,2019,5.9
Bosnia and Herzegovina,BIH,2018,6.0
Bosnia and Herzegovina,BIH,2017,6.0
Bosnia and Herzegovina,BIH,2016,5.9
Bosnia and Herzegovina,BIH,2015,5.9
Bosnia and Herzegovina,BIH,2014,5.9
Bosnia and Herzegovina,BIH,2013,5.9
Bosnia and Herzegovina,BIH,2012,5.9
Bosnia and Herzegovina,BIH,2011,5.9
Bosnia and Herzegovina,BIH,2010,6.0
Bosnia and Herzegovina,BIH,2009,6.0
Bosnia and Herzegovina,BIH,2008,6.1
Bosnia and Herzegovina,BIH,2007,6.2
Bosnia and Herzegovina,BIH,2006,6.3
Bosnia and Herzegovina,BIH,2005,6.4
Bosnia and Herzegovina,BIH,2004,6.6
Bosnia and Herzegovina,BIH,2003,6.9
Bosnia and Herzegovina,BIH,2002,7.3
Bosnia and Herzegovina,BIH,2001,7.8
Bosnia and Herzegovina,BIH,2000,8.3
Bosnia and Herzegovina,BIH,1999,8.9
Bosnia and Herzegovina,BIH,1998,9.6
Bosnia and Herzegovina,BIH,1997,10.2
Bosnia and Herzegovina,BIH,1996,10.9
Bosnia and Herzegovina,BIH,1995,14.3
Bosnia and Herzegovina,BIH,1994,12.3
Bosnia and Herzegovina,BIH,1993,32.4
Bosnia and Herzegovina,BIH,1992,32.4
Bosnia and Herzegovina,BIH,1991,14.9
Bosnia and Herzegovina,BIH,1990,16.1
Bosnia and Herzegovina,BIH,1989,17.4
Bosnia and Herzegovina,BIH,1988,18.8
Bosnia and Herzegovina,BIH,1987,20.4
Bosnia and Herzegovina,BIH,1986,22.1
Bosnia and Herzegovina,BIH,1985,24.1
Bosnia and Herzegovina,BIH,1984,26.3
Bosnia and Herzegovina,BIH,1983,
Bosnia and Herzegovina,BIH,1982,
Bosnia and Herzegovina,BIH,1981,
Bosnia and Herzegovina,BIH,1980,
Bosnia and Herzegovina,BIH,1979,
Bosnia and Herzegovina,BIH,1978,
Bosnia and Herzegovina,BIH,1977,
Bosnia and Herzegovina,BIH,1976,
Bosnia and Herzegovina,BIH,1975,
Bosnia and Herzegovina,BIH,1974,
Bosnia and Herzegovina,BIH,1973,
Bosnia and Herzegovina,BIH,1972,
Bosnia and Herzegovina,BIH,1971,
Bosnia and Herzegovina,BIH,1970,
Bosnia and Herzegovina,BIH,1969,
Bosnia and Herzegovina,BIH,1968,
Bosnia and Herzegovina,BIH,1967,
Bosnia and Herzegovina,BIH,1966,
Bosnia and Herzegovina,BIH,1965,
Bosnia and Herzegovina,BIH,1964,
Bosnia and Herzegovina,BIH,1963,
Bosnia and Herzegovina,BIH,1962,
Bosnia and Herzegovina,BIH,1961,
Bosnia and Herzegovina,BIH,1960,
Botswana,BWA,2025,
Botswana,BWA,2024,32.1
Botswana,BWA,2023,33.3
Botswana,BWA,2022,34.3
Botswana,BWA,2021,35.4
Botswana,BWA,2020,36.5
Botswana,BWA,2019,37.4
Botswana,BWA,2018,38.7
Botswana,BWA,2017,40.0
Botswana,BWA,2016,42.8
Botswana,BWA,2015,44.2
Botswana,BWA,2014,46.2
Botswana,BWA,2013,47.0
Botswana,BWA,2012,49.5
Botswana,BWA,2011,54.3
Botswana,BWA,2010,53.3
Botswana,BWA,2009,52.5
Botswana,BWA,2008,52.8
Botswana,BWA,2007,50.3
Botswana,BWA,2006,45.8
Botswana,BWA,2005,43.6
Botswana,BWA,2004,44.0
Botswana,BWA,2003,41.4
Botswana,BWA,2002,39.7
Botswana,BWA,2001,39.0
Botswana,BWA,2000,39.4
Botswana,BWA,1999,39.9
Botswana,BWA,1998,39.8
Botswana,BWA,1997,40.4
Botswana,BWA,1996,40.7
Botswana,BWA,1995,40.6
Botswana,BWA,1994,42.0
Botswana,BWA,1993,41.2
Botswana,BWA,1992,40.5
Botswana,BWA,1991,39.8
Botswana,BWA,1990,40.0
Botswana,BWA,1989,40.5
Botswana,BWA,1988,41.6
Botswana,BWA,1987,43.4
Botswana,BWA,1986,45.4
Botswana,BWA,1985,47.5
Botswana,BWA,1984,49.5
Botswana,BWA,1983,51.6
Botswana,BWA,1982,54.0
Botswana,BWA,1981,56.9
Botswana,BWA,1980,60.0
Botswana,BWA,1979,63.5
Botswana,BWA,1978,67.3
Botswana,BWA,1977,71.2
Botswana,BWA,1976,75.4
Botswana,BWA,1975,79.2
Botswana,BWA,1974,82.9
Botswana,BWA,1973,86.3
Botswana,BWA,1972,89.4
Botswana,BWA,1971,92.3
Botswana,BWA,1970,95.2
Botswana,BWA,1969,97.8
Botswana,BWA,1968,100.2
Botswana,BWA,1967,102.6
Botswana,BWA,1966,104.6
Botswana,BWA,1965,106.5
Botswana,BWA,1964,108.6
Botswana,BWA,1963,110.9
Botswana,BWA,1962,113.1
Botswana,BWA,1961,115.4
Botswana,BWA,1960,118.0
Brazil,BRA,2025,
Brazil,BRA,2024,12.3
Brazil,BRA,2023,12.4
Brazil,BRA,2022,12.6
Brazil,BRA,2021,12.7
Brazil,BRA,2020,12.8
Brazil,BRA,2019,12.9
Brazil,BRA,2018,13.1
Brazil,BRA,2017,13.3
Brazil,BRA,2016,14.6
Brazil,BRA,2015,13.7
Brazil,BRA,2014,14.0
Brazil,BRA,2013,14.4
Brazil,BRA,2012,14.8
Brazil,BRA,2011,15.3
Brazil,BRA,2010,16.0
Brazil,BRA,2009,16.7
Brazil,BRA,2008,17.6
Brazil,BRA,2007,18.6
Brazil,BRA,2006,19.7
Brazil,BRA,2005,21.0
Brazil,BRA,2004,22.4
Brazil,BRA,2003,24.0
Brazil,BRA,2002,25.6
Brazil,BRA,2001,27.3
Brazil,BRA,2000,29.1
Brazil,BRA,1999,31.1
Brazil,BRA,1998,33.1
Brazil,BRA,1997,35.2
Brazil,BRA,1996,37.5
Brazil,BRA,1995,39.9
Brazil,BRA,1994,42.4
Brazil,BRA,1993,44.9
Brazil,BRA,1992,47.4
Brazil,BRA,1991,49.8
Brazil,BRA,1990,51.9
Brazil,BRA,1989,54.0
Brazil,BRA,1988,56.0
Brazil,BRA,1987,58.1
Brazil,BRA,1986,60.1
Brazil,BRA,1985,62.3
Brazil,BRA,1984,64.8
Brazil,BRA,1983,67.4
Brazil,BRA,1982,70.4
Brazil,BRA,1981,73.6
Brazil,BRA,1980,76.7
Brazil,BRA,1979,79.9
Brazil,BRA,1978,82.9
Brazil,BRA,1977,85.7
Brazil,BRA,1976,88.4
Brazil,BRA,1975,90.9
Brazil,BRA,1974,93.3
Brazil,BRA,1973,95.6
Brazil,BRA,1972,97.9
Brazil,BRA,1971,100.1
Brazil,BRA,1970,102.2
Brazil,BRA,1969,104.3
Brazil,BRA,1968,106.4
Brazil,BRA,1967,108.5
Brazil,BRA,1966,110.7
Brazil,BRA,1965,113.0
Brazil,BRA,1964,115.4
Brazil,BRA,1963,118.0
Brazil,BRA,1962,120.8
Brazil,BRA,1961,124.0
Brazil,BRA,1960,127.2
British Virgin Islands,VGB,2025,
British Virgin Islands,VGB,2024,11.4
British Virgin Islands,VGB,2023,11.7
British Virgin Islands,VGB,2022,12.1
British Virgin Islands,VGB,2021,12.4
British Virgin Islands,VGB,2020,12.7
British Virgin Islands,VGB,2019,13.0
British Virgin Islands,VGB,2018,13.4
British Virgin Islands,VGB,2017,13.6
British Virgin Islands,VGB,2016,13.9
British Virgin Islands,VGB,2015,14.1
British Virgin Islands,VGB,2014,14.2
British Virgin Islands,VGB,2013,14.1
British Virgin Islands,VGB,2012,14.1
British Virgin Islands,VGB,2011,14.1
British Virgin Islands,VGB,2010,14.0
British Virgin Islands,VGB,2009,14.0
British Virgin Islands,VGB,2008,14.0
British Virgin Islands,VGB,2007,13.9
British Virgin Islands,VGB,2006,13.9
British Virgin Islands,VGB,2005,14.0
British Virgin Islands,VGB,2004,14.1
British Virgin Islands,VGB,2003,14.2
British Virgin Islands,VGB,2002,14.3
British Virgin Islands,VGB,2001,14.4
British Virgin Islands,VGB,2000,14.6
British Virgin Islands,VGB,1999,14.8
British Virgin Islands,VGB,1998,15.1
British Virgin Islands,VGB,1997,15.3
British Virgin Islands,VGB,1996,15.7
British Virgin Islands,VGB,1995,16.0
British Virgin Islands,VGB,1994,16.5
British Virgin Islands,VGB,1993,17.0
British Virgin Islands,VGB,1992,17.7
British Virgin Islands,VGB,1991,18.4
British Virgin Islands,VGB,1990,19.2
British Virgin Islands,VGB,1989,20.1
British Virgin Islands,VGB,1988,21.0
British Virgin Islands,VGB,1987,22.0
British Virgin Islands,VGB,1986,22.9
British Virgin Islands,VGB,1985,23.9
British Virgin Islands,VGB,1984,24.8
British Virgin Islands,VGB,1983,25.6
British Virgin Islands,VGB,1982,26.5
British Virgin Islands,VGB,1981,27.2
British Virgin Islands,VGB,1980,27.9
British Virgin Islands,VGB,1979,28.5
British Virgin Islands,VGB,1978,29.1
British Virgin Islands,VGB,1977,29.7
British Virgin Islands,VGB,1976,30.4
British Virgin Islands,VGB,1975,31.2
British Virgin Islands,VGB,1974,32.2
British Virgin Islands,VGB,1973,33.3
British Virgin Islands,VGB,1972,34.7
British Virgin Islands,VGB,1971,36.4
British Virgin Islands,VGB,1970,38.3
British Virgin Islands,VGB,1969,40.5
British Virgin Islands,VGB,1968,43.0
British Virgin Islands,VGB,1967,45.6
British Virgin Islands,VGB,1966,48.6
British Virgin Islands,VGB,1965,51.8
British Virgin Islands,VGB,1964,55.1
British Virgin Islands,VGB,1963,58.7
British Virgin Islands,VGB,1962,62.5
British Virgin Islands,VGB,1961,66.4
British Virgin Islands,VGB,1960,70.6
Brunei Darussalam,BRN,2025,
Brunei Darussalam,BRN,2024,8.6
Brunei Darussalam,BRN,2023,8.7
Brunei Darussalam,BRN,2022,8.7
Brunei Darussalam,BRN,2021,8.8
Brunei Darussalam,BRN,2020,8.9
Brunei Darussalam,BRN,2019,9.0
Brunei Darussalam,BRN,2018,9.1
Brunei Darussalam,BRN,2017,9.1
Brunei Darussalam,BRN,2016,9.1
Brunei Darussalam,BRN,2015,9.0
Brunei Darussalam,BRN,2014,8.9
Brunei Darussalam,BRN,2013,8.7
Brunei Darussalam,BRN,2012,8.6
Brunei Darussalam,BRN,2011,8.4
Brunei Darussalam,BRN,2010,8.2
Brunei Darussalam,BRN,2009,8.1
Brunei Darussalam,BRN,2008,8.0
Brunei Darussalam,BRN,2007,7.9
Brunei Darussalam,BRN,2006,7.8
Brunei Darussalam,BRN,2005,7.8
Brunei Darussalam,BRN,2004,7.8
Brunei Darussalam,BRN,2003,7.9
Brunei Darussalam,BRN,2002,8.0
Brunei Darussalam,BRN,2001,8.1
Brunei Darussalam,BRN,2000,8.3
Brunei Darussalam,BRN,1999,8.5
Brunei Darussalam,BRN,1998,8.8
Brunei Darussalam,BRN,1997,9.1
Brunei Darussalam,BRN,1996,9.4
Brunei Darussalam,BRN,1995,9.7
Brunei Darussalam,BRN,1994,10.0
Brunei Darussalam,BRN,1993,10.1
Brunei Darussalam,BRN,1992,10.2
Brunei Darussalam,BRN,1991,10.3
Brunei Darussalam,BRN,1990,10.3
Brunei Darussalam,BRN,1989,10.3
Brunei Darussalam,BRN,1988,10.5
Brunei Darussalam,BRN,1987,10.8
Brunei Darussalam,BRN,1986,11.2
Brunei Darussalam,BRN,1985,11.8
Brunei Darussalam,BRN,1984,12.5
Brunei Darussalam,BRN,1983,13.3
Brunei Darussalam,BRN,1982,14.3
Brunei Darussalam,BRN,1981,15.5
Brunei Darussalam,BRN,1980,16.7
Brunei Darussalam,BRN,1979,18.1
Brunei Darussalam,BRN,1978,19.7
Brunei Darussalam,BRN,1977,21.3
Brunei Darussalam,BRN,1976,23.1
Brunei Darussalam,BRN,1975,25.0
Brunei Darussalam,BRN,1974,26.9
Brunei Darussalam,BRN,1973,28.8
Brunei Darussalam,BRN,1972,30.7
Brunei Darussalam,BRN,1971,32.5
Brunei Darussalam,BRN,1970,34.2
Brunei Darussalam,BRN,1969,35.8
Brunei Darussalam,BRN,1968,37.4
Brunei Darussalam,BRN,1967,39.1
Brunei Darussalam,BRN,1966,40.9
Brunei Darussalam,BRN,1965,42.9
Brunei Darussalam,BRN,1964,45.3
Brunei Darussalam,BRN,1963,48.2
Brunei Darussalam,BRN,1962,51.4
Brunei Darussalam,BRN,1961,55.2
Brunei Darussalam,BRN,1960,59.4
Bulgaria,BGR,2025,
Bulgaria,BGR,2024,4.6
Bulgaria,BGR,2023,4.8
Bulgaria,BGR,2022,5.0
Bulgaria,BGR,2021,5.2
Bulgaria,BGR,2020,5.3
Bulgaria,BGR,2019,5.5
Bulgaria,BGR,2018,5.8
Bulgaria,BGR,2017,6.1
Bulgaria,BGR,2016,6.4
Bulgaria,BGR,2015,6.8
Bulgaria,BGR,2014,7.3
Bulgaria,BGR,2013,7.8
Bulgaria,BGR,2012,8.3
Bulgaria,BGR,2011,8.7
Bulgaria,BGR,2010,9.1
Bulgaria,BGR,2009,9.3
Bulgaria,BGR,2008,9.5
Bulgaria,BGR,2007,9.9
Bulgaria,BGR,2006,10.4
Bulgaria,BGR,2005,11.0
Bulgaria,BGR,2004,11.8
Bulgaria,BGR,2003,12.5
Bulgaria,BGR,2002,13.2
Bulgaria,BGR,2001,13.7
Bulgaria,BGR,2000,14.3
Bulgaria,BGR,1999,14.9
Bulgaria,BGR,1998,15.4
Bulgaria,BGR,1997,15.6
Bulgaria,BGR,1996,15.6
Bulgaria,BGR,1995,15.5
Bulgaria,BGR,1994,15.4
Bulgaria,BGR,1993,15.4
Bulgaria,BGR,1992,15.3
Bulgaria,BGR,1991,15.0
Bulgaria,BGR,1990,14.6
Bulgaria,BGR,1989,14.3
Bulgaria,BGR,1988,14.1
Bulgaria,BGR,1987,14.4
Bulgaria,BGR,1986,15.0
Bulgaria,BGR,1985,15.8
Bulgaria,BGR,1984,16.6
Bulgaria,BGR,1983,17.4
Bulgaria,BGR,1982,18.1
Bulgaria,BGR,1981,18.8
Bulgaria,BGR,1980,19.6
Bulgaria,BGR,1979,20.7
Bulgaria,BGR,1978,21.8
Bulgaria,BGR,1977,22.7
Bulgaria,BGR,1976,23.5
Bulgaria,BGR,1975,24.1
Bulgaria,BGR,1974,24.7
Bulgaria,BGR,1973,25.2
Bulgaria,BGR,1972,25.7
Bulgaria,BGR,1971,26.4
Bulgaria,BGR,1970,27.5
Bulgaria,BGR,1969,28.9
Bulgaria,BGR,1968,30.2
Bulgaria,BGR,1967,30.9
Bulgaria,BGR,1966,31.1
Bulgaria,BGR,1965,31.4
Bulgaria,BGR,1964,32.4
Bulgaria,BGR,1963,34.2
Bulgaria,BGR,1962,36.8
Bulgaria,BGR,1961,40.4
Bulgaria,BGR,1960,44.9
Burkina Faso,BFA,2025,
Burkina Faso,BFA,2024,43.6
Burkina Faso,BFA,2023,44.9
Burkina Faso,BFA,2022,46.1
Burkina Faso,BFA,2021,47.4
Burkina Faso,BFA,2020,48.7
Burkina Faso,BFA,2019,50.2
Burkina Faso,BFA,2018,51.7
Burkina Faso,BFA,2017,53.1
Burkina Faso,BFA,2016,54.7
Burkina Faso,BFA,2015,56.3
Burkina Faso,BFA,2014,58.0
Burkina Faso,BFA,2013,59.8
Burkina Faso,BFA,2012,61.7
Burkina Faso,BFA,2011,63.8
Burkina Faso,BFA,2010,66.0
Burkina Faso,BFA,2009,68.5
Burkina Faso,BFA,2008,71.2
Burkina Faso,BFA,2007,74.1
Burkina Faso,BFA,2006,77.1
Burkina Faso,BFA,2005,80.2
Burkina Faso,BFA,2004,83.1
Burkina Faso,BFA,2003,85.8
Burkina Faso,BFA,2002,88.2
Burkina Faso,BFA,2001,90.4
Burkina Faso,BFA,2000,92.4
Burkina Faso,BFA,1999,94.3
Burkina Faso,BFA,1998,96.1
Burkina Faso,BFA,1997,97.7
Burkina Faso,BFA,1996,99.2
Burkina Faso,BFA,1995,100.5
Burkina Faso,BFA,1994,101.3
Burkina Faso,BFA,1993,101.8
Burkina Faso,BFA,1992,102.1
Burkina Faso,BFA,1991,102.3
Burkina Faso,BFA,1990,102.8
Burkina Faso,BFA,1989,103.6
Burkina Faso,BFA,1988,104.9
Burkina Faso,BFA,1987,106.7
Burkina Faso,BFA,1986,108.9
Burkina Faso,BFA,1985,111.1
Burkina Faso,BFA,1984,113.4
Burkina Faso,BFA,1983,115.7
Burkina Faso,BFA,1982,118.0
Burkina Faso,BFA,1981,120.5
Burkina Faso,BFA,1980,123.3
Burkina Faso,BFA,1979,126.7
Burkina Faso,BFA,1978,130.7
Burkina Faso,BFA,1977,135.2
Burkina Faso,BFA,1976,139.9
Burkina Faso,BFA,1975,145.0
Burkina Faso,BFA,1974,149.6
Burkina Faso,BFA,1973,153.4
Burkina Faso,BFA,1972,156.3
Burkina Faso,BFA,1971,158.5
Burkina Faso,BFA,1970,160.1
Burkina Faso,BFA,1969,161.2
Burkina Faso,BFA,1968,162.4
Burkina Faso,BFA,1967,163.3
Burkina Faso,BFA,1966,164.2
Burkina Faso,BFA,1965,165.2
Burkina Faso,BFA,1964,166.2
Burkina Faso,BFA,1963,167.5
Burkina Faso,BFA,1962,168.8
Burkina Faso,BFA,1961,170.0
Burkina Faso,BFA,1960,171.5
Burundi,BDI,2025,
Burundi,BDI,2024,30.5
Burundi,BDI,2023,31.4
Burundi,BDI,2022,32.4
Burundi,BDI,2021,33.5
Burundi,BDI,2020,34.6
Burundi,BDI,2019,35.7
Burundi,BDI,2018,37.0
Burundi,BDI,2017,38.4
Burundi,BDI,2016,40.0
Burundi,BDI,2015,41.8
Burundi,BDI,2014,43.9
Burundi,BDI,2013,46.4
Burundi,BDI,2012,49.1
Burundi,BDI,2011,52.0
Burundi,BDI,2010,55.1
Burundi,BDI,2009,58.4
Burundi,BDI,2008,62.1
Burundi,BDI,2007,66.0
Burundi,BDI,2006,69.9
Burundi,BDI,2005,73.8
Burundi,BDI,2004,77.4
Burundi,BDI,2003,80.6
Burundi,BDI,2002,83.5
Burundi,BDI,2001,86.1
Burundi,BDI,2000,88.4
Burundi,BDI,1999,90.5
Burundi,BDI,1998,92.3
Burundi,BDI,1997,93.7
Burundi,BDI,1996,103.7
Burundi,BDI,1995,94.9
Burundi,BDI,1994,95.0
Burundi,BDI,1993,99.7
Burundi,BDI,1992,94.0
Burundi,BDI,1991,93.2
Burundi,BDI,1990,92.2
Burundi,BDI,1989,91.3
Burundi,BDI,1988,90.6
Burundi,BDI,1987,90.5
Burundi,BDI,1986,91.3
Burundi,BDI,1985,93.1
Burundi,BDI,1984,96.0
Burundi,BDI,1983,99.8
Burundi,BDI,1982,104.2
Burundi,BDI,1981,108.8
Burundi,BDI,1980,113.1
Burundi,BDI,1979,116.6
Burundi,BDI,1978,119.5
Burundi,BDI,1977,121.4
Burundi,BDI,1976,122.2
Burundi,BDI,1975,122.2
Burundi,BDI,1974,121.8
Burundi,BDI,1973,121.4
Burundi,BDI,1972,136.6
Burundi,BDI,1971,120.4
Burundi,BDI,1970,119.9
Burundi,BDI,1969,119.1
Burundi,BDI,1968,118.2
Burundi,BDI,1967,116.9
Burundi,BDI,1966,115.6
Burundi,BDI,1965,114.2
Burundi,BDI,1964,
Burundi,BDI,1963,
Burundi,BDI,1962,
Burundi,BDI,1961,
Burundi,BDI,1960,
Cabo Verde,CPV,2025,
Cabo Verde,CPV,2024,10.6
Cabo Verde,CPV,2023,11.0
Cabo Verde,CPV,2022,11.5
Cabo Verde,CPV,2021,12.0
Cabo Verde,CPV,2020,12.5
Cabo Verde,CPV,2019,13.2
Cabo Verde,CPV,2018,14.1
Cabo Verde,CPV,2017,15.1
Cabo Verde,CPV,2016,16.2
Cabo Verde,CPV,2015,17.6
Cabo Verde,CPV,2014,19.1
Cabo Verde,CPV,2013,20.5
Cabo Verde,CPV,2012,21.9
Cabo Verde,CPV,2011,23.0
Cabo Verde,CPV,2010,23.8
Cabo Verde,CPV,2009,24.3
Cabo Verde,CPV,2008,24.5
Cabo Verde,CPV,2007,24.4
Cabo Verde,CPV,2006,24.1
Cabo Verde,CPV,2005,23.9
Cabo Verde,CPV,2004,23.9
Cabo Verde,CPV,2003,24.3
Cabo Verde,CPV,2002,25.3
Cabo Verde,CPV,2001,27.0
Cabo Verde,CPV,2000,29.4
Cabo Verde,CPV,1999,32.3
Cabo Verde,CPV,1998,35.5
Cabo Verde,CPV,1997,38.4
Cabo Verde,CPV,1996,40.6
Cabo Verde,CPV,1995,41.7
Cabo Verde,CPV,1994,42.0
Cabo Verde,CPV,1993,41.7
Cabo Verde,CPV,1992,41.3
Cabo Verde,CPV,1991,41.3
Cabo Verde,CPV,1990,42.0
Cabo Verde,CPV,1989,43.6
Cabo Verde,CPV,1988,45.8
Cabo Verde,CPV,1987,48.3
Cabo Verde,CPV,1986,50.7
Cabo Verde,CPV,1985,52.6
Cabo Verde,CPV,1984,53.8
Cabo Verde,CPV,1983,54.4
Cabo Verde,CPV,1982,54.6
Cabo Verde,CPV,1981,54.7
Cabo Verde,CPV,1980,55.2
Cabo Verde,CPV,1979,56.2
Cabo Verde,CPV,1978,57.8
Cabo Verde,CPV,1977,60.0
Cabo Verde,CPV,1976,62.8
Cabo Verde,CPV,1975,66.1
Cabo Verde,CPV,1974,69.8
Cabo Verde,CPV,1973,73.7
Cabo Verde,CPV,1972,77.7
Cabo Verde,CPV,1971,81.7
Cabo Verde,CPV,1970,85.6
Cabo Verde,CPV,1969,89.5
Cabo Verde,CPV,1968,93.1
Cabo Verde,CPV,1967,96.4
Cabo Verde,CPV,1966,99.4
Cabo Verde,CPV,1965,102.1
Cabo Verde,CPV,1964,104.6
Cabo Verde,CPV,1963,106.8
Cabo Verde,CPV,1962,108.6
Cabo Verde,CPV,1961,110.5
Cabo Verde,CPV,1960,112.3
Cambodia,KHM,2025,
Cambodia,KHM,2024,16.4
Cambodia,KHM,2023,17.0
Cambodia,KHM,2022,17.7
Cambodia,KHM,2021,18.4
Cambodia,KHM,2020,19.2
Cambodia,KHM,2019,20.1
Cambodia,KHM,2018,21.2
Cambodia,KHM,2017,22.5
Cambodia,KHM,2016,24.1
Cambodia,KHM,2015,25.8
Cambodia,KHM,2014,27.8
Cambodia,KHM,2013,29.8
Cambodia,KHM,2012,32.1
Cambodia,KHM,2011,34.5
Cambodia,KHM,2010,37.2
Cambodia,KHM,2009,40.0
Cambodia,KHM,2008,43.1
Cambodia,KHM,2007,46.3
Cambodia,KHM,2006,49.8
Cambodia,KHM,2005,53.8
Cambodia,KHM,2004,58.6
Cambodia,KHM,2003,64.2
Cambodia,KHM,2002,71.0
Cambodia,KHM,2001,78.6
Cambodia,KHM,2000,85.8
Cambodia,KHM,1999,90.9
Cambodia,KHM,1998,94.0
Cambodia,KHM,1997,95.3
Cambodia,KHM,1996,95.2
Cambodia,KHM,1995,94.2
Cambodia,KHM,1994,92.8
Cambodia,KHM,1993,91.4
Cambodia,KHM,1992,90.2
Cambodia,KHM,1991,89.5
Cambodia,KHM,1990,88.8
Cambodia,KHM,1989,88.0
Cambodia,KHM,1988,87.3
Cambodia,KHM,1987,86.9
Cambodia,KHM,1986,87.1
Cambodia,KHM,1985,87.8
Cambodia,KHM,1984,89.5
Cambodia,KHM,1983,93.0
Cambodia,KHM,1982,99.7
Cambodia,KHM,1981,110.4
Cambodia,KHM,1980,124.2
Cambodia,KHM,1979,139.9
Cambodia,KHM,1978,229.0
Cambodia,KHM,1977,244.1
Cambodia,KHM,1976,253.1
Cambodia,KHM,1975,
Cambodia,KHM,1974,
Cambodia,KHM,1973,
Cambodia,KHM,1972,
Cambodia,KHM,1971,
Cambodia,KHM,1970,
Cambodia,KHM,1969,
Cambodia,KHM,1968,
Cambodia,KHM,1967,
Cambodia,KHM,1966,
Cambodia,KHM,1965,
Cambodia,KHM,1964,
Cambodia,KHM,1963,
Cambodia,KHM,1962,
Cambodia,KHM,1961,
Cambodia,KHM,1960,
Cameroon,CMR,2025,
Cameroon,CMR,2024,40.2
Cameroon,CMR,2023,41.3
Cameroon,CMR,2022,42.7
Cameroon,CMR,2021,44.1
Cameroon,CMR,2020,45.5
Cameroon,CMR,2019,46.9
Cameroon,CMR,2018,48.0
Cameroon,CMR,2017,49.6
Cameroon,CMR,2016,51.4
Cameroon,CMR,2015,53.3
Cameroon,CMR,2014,55.3
Cameroon,CMR,2013,57.3
Cameroon,CMR,2012,59.6
Cameroon,CMR,2011,61.8
Cameroon,CMR,2010,63.9
Cameroon,CMR,2009,66.3
Cameroon,CMR,2008,68.0
Cameroon,CMR,2007,69.9
Cameroon,CMR,2006,71.6
Cameroon,CMR,2005,73.5
Cameroon,CMR,2004,75.2
Cameroon,CMR,2003,77.2
Cameroon,CMR,2002,79.1
Cameroon,CMR,2001,81.2
Cameroon,CMR,2000,83.1
Cameroon,CMR,1999,84.7
Cameroon,CMR,1998,85.8
Cameroon,CMR,1997,86.4
Cameroon,CMR,1996,86.6
Cameroon,CMR,1995,86.2
Cameroon,CMR,1994,85.5
Cameroon,CMR,1993,84.4
Cameroon,CMR,1992,83.3
Cameroon,CMR,1991,82.2
Cameroon,CMR,1990,81.5
Cameroon,CMR,1989,81.5
Cameroon,CMR,1988,82.3
Cameroon,CMR,1987,84.0
Cameroon,CMR,1986,86.6
Cameroon,CMR,1985,89.8
Cameroon,CMR,1984,93.4
Cameroon,CMR,1983,97.3
Cameroon,CMR,1982,101.2
Cameroon,CMR,1981,104.8
Cameroon,CMR,1980,107.8
Cameroon,CMR,1979,110.4
Cameroon,CMR,1978,112.3
Cameroon,CMR,1977,113.5
Cameroon,CMR,1976,114.3
Cameroon,CMR,1975,115.0
Cameroon,CMR,1974,116.0
Cameroon,CMR,1973,117.6
Cameroon,CMR,1972,120.1
Cameroon,CMR,1971,123.6
Cameroon,CMR,1970,128.2
Cameroon,CMR,1969,133.6
Cameroon,CMR,1968,139.3
Cameroon,CMR,1967,145.1
Cameroon,CMR,1966,150.4
Cameroon,CMR,1965,155.3
Cameroon,CMR,1964,159.7
Cameroon,CMR,1963,163.7
Cameroon,CMR,1962,167.6
Cameroon,CMR,1961,172.1
Cameroon,CMR,1960,177.3
Canada,CAN,2025,
Canada,CAN,2024,4.7
Canada,CAN,2023,4.7
Canada,CAN,2022,4.6
Canada,CAN,2021,4.6
Canada,CAN,2020,4.5
Canada,CAN,2019,4.5
Canada,CAN,2018,4.5
Canada,CAN,2017,4.5
Canada,CAN,2016,4.6
Canada,CAN,2015,4.6
Canada,CAN,2014,4.7
Canada,CAN,2013,4.8
Canada,CAN,2012,4.8
Canada,CAN,2011,4.9
Canada,CAN,2010,5.0
Canada,CAN,2009,5.0
Canada,CAN,2008,5.1
Canada,CAN,2007,5.2
Canada,CAN,2006,5.2
Canada,CAN,2005,5.2
Canada,CAN,2004,5.3
Canada,CAN,2003,5.3
Canada,CAN,2002,5.3
Canada,CAN,2001,5.3
Canada,CAN,2000,5.3
Canada,CAN,1999,5.3
Canada,CAN,1998,5.4
Canada,CAN,1997,5.5
Canada,CAN,1996,5.6
Canada,CAN,1995,5.8
Canada,CAN,1994,6.0
Canada,CAN,1993,6.2
Canada,CAN,1992,6.4
Canada,CAN,1991,6.6
Canada,CAN,1990,6.8
Canada,CAN,1989,7.0
Canada,CAN,1988,7.3
Canada,CAN,1987,7.5
Canada,CAN,1986,7.7
Canada,CAN,1985,8.0
Canada,CAN,1984,8.3
Canada,CAN,1983,8.7
Canada,CAN,1982,9.2
Canada,CAN,1981,9.7
Canada,CAN,1980,10.3
Canada,CAN,1979,11.0
Canada,CAN,1978,11.7
Canada,CAN,1977,12.5
Canada,CAN,1976,13.3
Canada,CAN,1975,14.1
Canada,CAN,1974,15.0
Canada,CAN,1973,15.9
Canada,CAN,1972,16.7
Canada,CAN,1971,17.6
Canada,CAN,1970,18.5
Canada,CAN,1969,19.4
Canada,CAN,1968,20.3
Canada,CAN,1967,21.2
Canada,CAN,1966,22.1
Canada,CAN,1965,23.1
Canada,CAN,1964,24.1
Canada,CAN,1963,25.1
Canada,CAN,1962,26.0
Canada,CAN,1961,27.0
Canada,CAN,1960,27.8
Cayman Islands,CYM,2025,
Cayman Islands,CYM,2024,
Cayman Islands,CYM,2023,
Cayman Islands,CYM,2022,
Cayman Islands,CYM,2021,
Cayman Islands,CYM,2020,
Cayman Islands,CYM,2019,
Cayman Islands,CYM,2018,
Cayman Islands,CYM,2017,
Cayman Islands,CYM,2016,
Cayman Islands,CYM,2015,
Cayman Islands,CYM,2014,
Cayman Islands,CYM,2013,
Cayman Islands,CYM,2012,
Cayman Islands,CYM,2011,
Cayman Islands,CYM,2010,
Cayman Islands,CYM,2009,
Cayman Islands,CYM,2008,
Cayman Islands,CYM,2007,
Cayman Islands,CYM,2006,
Cayman Islands,CYM,2005,
Cayman Islands,CYM,2004,
Cayman Islands,CYM,2003,
Cayman Islands,CYM,2002,
Cayman Islands,CYM,2001,
Cayman Islands,CYM,2000,
Cayman Islands,CYM,1999,
Cayman Islands,CYM,1998,
Cayman Islands,CYM,1997,
Cayman Islands,CYM,1996,
Cayman Islands,CYM,1995,
Cayman Islands,CYM,1994,
Cayman Islands,CYM,1993,
Cayman Islands,CYM,1992,
Cayman Islands,CYM,1991,
Cayman Islands,CYM,1990,
Cayman Islands,CYM,1989,
Cayman Islands,CYM,1988,
Cayman Islands,CYM,1987,
Cayman Islands,CYM,1986,
Cayman Islands,CYM,1985,
Cayman Islands,CYM,1984,
Cayman Islands,CYM,1983,
Cayman Islands,CYM,1982,
Cayman Islands,CYM,1981,
Cayman Islands,CYM,1980,
Cayman Islands,CYM,1979,
Cayman Islands,CYM,1978,
Cayman Islands,CYM,1977,
Cayman Islands,CYM,1976,
Cayman Islands,CYM,1975,
Cayman Islands,CYM,1974,
Cayman Islands,CYM,1973,
Cayman Islands,CYM,1972,
Cayman Islands,CYM,1971,
Cayman Islands,CYM,1970,
Cayman Islands,CYM,1969,
Cayman Islands,CYM,1968,
Cayman Islands,CYM,1967,
Cayman Islands,CYM,1966,
Cayman Islands,CYM,1965,
Cayman Islands,CYM,1964,
Cayman Islands,CYM,1963,
Cayman Islands,CYM,1962,
Cayman Islands,CYM,1961,
Cayman Islands,CYM,1960,
Central African Republic,CAF,2025,
Central African Republic,CAF,2024,58.8
Central African Republic,CAF,2023,60.8
Central African Republic,CAF,2022,206.8
Central African Republic,CAF,2021,96.3
Central African Republic,CAF,2020,74.7
Central African Republic,CAF,2019,128.9
Central African Republic,CAF,2018,73.9
Central African Republic,CAF,2017,88.4
Central African Republic,CAF,2016,77.1
Central African Republic,CAF,2015,72.0
Central African Republic,CAF,2014,101.7
Central African Republic,CAF,2013,81.0
Central African Republic,CAF,2012,76.1
Central African Republic,CAF,2011,77.7
Central African Republic,CAF,2010,88.5
Central African Republic,CAF,2009,239.9
Central African Republic,CAF,2008,83.4
Central African Republic,CAF,2007,85.3
Central African Republic,CAF,2006,87.4
Central African Republic,CAF,2005,90.0
Central African Republic,CAF,2004,92.2
Central African Republic,CAF,2003,94.3
Central African Republic,CAF,2002,96.1
Central African Republic,CAF,2001,97.9
Central African Republic,CAF,2000,99.6
Central African Republic,CAF,1999,101.1
Central African Republic,CAF,1998,102.3
Central African Republic,CAF,1997,103.5
Central African Republic,CAF,1996,104.5
Central African Republic,CAF,1995,105.5
Central African Republic,CAF,1994,106.2
Central African Republic,CAF,1993,106.9
Central African Republic,CAF,1992,107.7
Central African Republic,CAF,1991,108.5
Central African Republic,CAF,1990,109.0
Central African Republic,CAF,1989,109.4
Central African Republic,CAF,1988,109.7
Central African Republic,CAF,1987,110.1
Central African Republic,CAF,1986,110.3
Central African Republic,CAF,1985,110.6
Central African Republic,CAF,1984,110.9
Central African Republic,CAF,1983,111.4
Central African Republic,CAF,1982,112.0
Central African Republic,CAF,1981,112.7
Central African Republic,CAF,1980,113.9
Central African Republic,CAF,1979,115.1
Central African Republic,CAF,1978,116.6
Central African Republic,CAF,1977,118.2
Central African Republic,CAF,1976,119.9
Central African Republic,CAF,1975,121.6
Central African Republic,CAF,1974,123.5
Central African Republic,CAF,1973,125.4
Central African Republic,CAF,1972,127.5
Central African Republic,CAF,1971,129.6
Central African Republic,CAF,1970,132.0
Central African Republic,CAF,1969,134.6
Central African Republic,CAF,1968,137.4
Central African Republic,CAF,1967,140.2
Central African Republic,CAF,1966,143.1
Central African Republic,CAF,1965,146.2
Central African Republic,CAF,1964,148.8
Central African Republic,CAF,1963,151.6
Central African Republic,CAF,1962,154.0
Central African Republic,CAF,1961,156.4
Central African Republic,CAF,1960,158.8
Chad,TCD,2025,
Chad,TCD,2024,56.3
Chad,TCD,2023,58.0
Chad,TCD,2022,59.6
Chad,TCD,2021,61.3
Chad,TCD,2020,62.9
Chad,TCD,2019,64.6
Chad,TCD,2018,66.4
Chad,TCD,2017,68.3
Chad,TCD,2016,70.2
Chad,TCD,2015,72.1
Chad,TCD,2014,74.0
Chad,TCD,2013,75.9
Chad,TCD,2012,77.8
Chad,TCD,2011,79.9
Chad,TCD,2010,82.0
Chad,TCD,2009,84.1
Chad,TCD,2008,86.2
Chad,TCD,2007,88.3
Chad,TCD,2006,90.4
Chad,TCD,2005,92.4
Chad,TCD,2004,94.3
Chad,TCD,2003,96.2
Chad,TCD,2002,98.0
Chad,TCD,2001,99.9
Chad,TCD,2000,101.7
Chad,TCD,1999,103.5
Chad,TCD,1998,105.1
Chad,TCD,1997,106.7
Chad,TCD,1996,108.1
Chad,TCD,1995,109.5
Chad,TCD,1994,110.9
Chad,TCD,1993,112.2
Chad,TCD,1992,113.6
Chad,TCD,1991,115.2
Chad,TCD,1990,116.8
Chad,TCD,1989,118.3
Chad,TCD,1988,119.9
Chad,TCD,1987,121.5
Chad,TCD,1986,123.0
Chad,TCD,1985,124.4
Chad,TCD,1984,125.9
Chad,TCD,1983,127.3
Chad,TCD,1982,128.6
Chad,TCD,1981,129.7
Chad,TCD,1980,130.8
Chad,TCD,1979,131.8
Chad,TCD,1978,132.6
Chad,TCD,1977,133.4
Chad,TCD,1976,134.1
Chad,TCD,1975,134.9
Chad,TCD,1974,135.5
Chad,TCD,1973,136.1
Chad,TCD,1972,136.7
Chad,TCD,1971,137.3
Chad,TCD,1970,137.8
Chad,TCD,1969,138.5
Chad,TCD,1968,139.0
Chad,TCD,1967,139.5
Chad,TCD,1966,140.1
Chad,TCD,1965,140.5
Chad,TCD,1964,141.0
Chad,TCD,1963,141.3
Chad,TCD,1962,141.7
Chad,TCD,1961,142.1
Chad,TCD,1960,142.4
Channel Islands,CHI,2025,
Channel Islands,CHI,2024,
Channel Islands,CHI,2023,
Channel Islands,CHI,2022,
Channel Islands,CHI,2021,
Channel Islands,CHI,2020,
Channel Islands,CHI,2019,
Channel Islands,CHI,2018,
Channel Islands,CHI,2017,
Channel Islands,CHI,2016,
Channel Islands,CHI,2015,
Channel Islands,CHI,2014,
Channel Islands,CHI,2013,
Channel Islands,CHI,2012,
Channel Islands,CHI,2011,
Channel Islands,CHI,2010,
Channel Islands,CHI,2009,
Channel Islands,CHI,2008,
Channel Islands,CHI,2007,
Channel Islands,CHI,2006,
Channel Islands,CHI,2005,
Channel Islands,CHI,2004,
Channel Islands,CHI,2003,
Channel Islands,CHI,2002,
Channel Islands,CHI,2001,
Channel Islands,CHI,2000,
Channel Islands,CHI,1999,
Channel Islands,CHI,1998,
Channel Islands,CHI,1997,
Channel Islands,CHI,1996,
Channel Islands,CHI,1995,
Channel Islands,CHI,1994,
Channel Islands,CHI,1993,
Channel Islands,CHI,1992,
Channel Islands,CHI,1991,
Channel Islands,CHI,1990,
Channel Islands,CHI,1989,
Channel Islands,CHI,1988,
Channel Islands,CHI,1987,
Channel Islands,CHI,1986,
Channel Islands,CHI,1985,
Channel Islands,CHI,1984,
Channel Islands,CHI,1983,
Channel Islands,CHI,1982,
Channel Islands,CHI,1981,
Channel Islands,CHI,1980,
Channel Islands,CHI,1979,
Channel Islands,CHI,1978,
Channel Islands,CHI,1977,
Channel Islands,CHI,1976,
Channel Islands,CHI,1975,
Channel Islands,CHI,1974,
Channel Islands,CHI,1973,
Channel Islands,CHI,1972,
Channel Islands,CHI,1971,
Channel Islands,CHI,1970,
Channel Islands,CHI,1969,
Channel Islands,CHI,1968,
Channel Islands,CHI,1967,
Channel Islands,CHI,1966,
Channel Islands,CHI,1965,
Channel Islands,CHI,1964,
Channel Islands,CHI,1963,
Channel Islands,CHI,1962,
Channel Islands,CHI,1961,
Channel Islands,CHI,1960,
Chile,CHL,2025,
Chile,CHL,2024,5.8
Chile,CHL,2023,5.9
Chile,CHL,2022,5.9
Chile,CHL,2021,5.8
Chile,CHL,2020,5.8
Chile,CHL,2019,6.0
Chile,CHL,2018,6.3
Chile,CHL,2017,6.5
Chile,CHL,2016,6.7
Chile,CHL,2015,6.8
Chile,CHL,2014,6.9
Chile,CHL,2013,7.1
Chile,CHL,2012,7.3
Chile,CHL,2011,7.4
Chile,CHL,2010,7.5
Chile,CHL,2009,7.5
Chile,CHL,2008,7.6
Chile,CHL,2007,7.6
Chile,CHL,2006,7.7
Chile,CHL,2005,7.7
Chile,CHL,2004,7.8
Chile,CHL,2003,8.0
Chile,CHL,2002,8.3
Chile,CHL,2001,8.7
Chile,CHL,2000,9.2
Chile,CHL,1999,9.6
Chile,CHL,1998,10.0
Chile,CHL,1997,10.3
Chile,CHL,1996,10.5
Chile,CHL,1995,10.9
Chile,CHL,1994,11.6
Chile,CHL,1993,12.5
Chile,CHL,1992,13.6
Chile,CHL,1991,14.7
Chile,CHL,1990,15.9
Chile,CHL,1989,17.1
Chile,CHL,1988,18.0
Chile,CHL,1987,18.4
Chile,CHL,1986,18.6
Chile,CHL,1985,18.8
Chile,CHL,1984,19.6
Chile,CHL,1983,20.9
Chile,CHL,1982,22.8
Chile,CHL,1981,25.4
Chile,CHL,1980,28.3
Chile,CHL,1979,31.5
Chile,CHL,1978,35.6
Chile,CHL,1977,41.4
Chile,CHL,1976,48.6
Chile,CHL,1975,55.6
Chile,CHL,1974,60.7
Chile,CHL,1973,63.9
Chile,CHL,1972,66.0
Chile,CHL,1971,67.4
Chile,CHL,1970,68.5
Chile,CHL,1969,69.7
Chile,CHL,1968,72.5
Chile,CHL,1967,78.4
Chile,CHL,1966,87.0
Chile,CHL,1965,96.5
Chile,CHL,1964,104.8
Chile,CHL,1963,111.9
Chile,CHL,1962,117.4
Chile,CHL,1961,121.4
Chile,CHL,1960,123.7
China,CHN,2025,
China,CHN,2024,4.1
China,CHN,2023,4.4
China,CHN,2022,4.8
China,CHN,2021,5.1
China,CHN,2020,5.5
China,CHN,2019,6.0
China,CHN,2018,6.4
China,CHN,2017,7.0
China,CHN,2016,7.6
China,CHN,2015,8.2
China,CHN,2014,8.9
China,CHN,2013,9.7
China,CHN,2012,10.5
China,CHN,2011,11.4
China,CHN,2010,12.4
China,CHN,2009,13.5
China,CHN,2008,14.8
China,CHN,2007,16.1
China,CHN,2006,17.7
China,CHN,2005,19.4
China,CHN,2004,21.3
China,CHN,2003,23.4
China,CHN,2002,25.6
China,CHN,2001,27.8
China,CHN,2000,29.9
China,CHN,1999,31.9
China,CHN,1998,33.8
China,CHN,1997,35.5
China,CHN,1996,37.2
China,CHN,1995,38.7
China,CHN,1994,40.1
China,CHN,1993,41.3
China,CHN,1992,42.3
China,CHN,1991,43.0
China,CHN,1990,43.3
China,CHN,1989,43.4
China,CHN,1988,43.2
China,CHN,1987,43.1
China,CHN,1986,43.0
China,CHN,1985,43.1
China,CHN,1984,43.5
China,CHN,1983,44.2
China,CHN,1982,45.3
China,CHN,1981,46.8
China,CHN,1980,48.8
China,CHN,1979,51.3
China,CHN,1978,54.1
China,CHN,1977,57.3
China,CHN,1976,60.9
China,CHN,1975,64.7
China,CHN,1974,68.6
China,CHN,1973,72.6
China,CHN,1972,76.6
China,CHN,1971,80.5
China,CHN,1970,84.6
China,CHN,1969,88.8
China,CHN,1968,
China,CHN,1967,
China,CHN,1966,
China,CHN,1965,
China,CHN,1964,
China,CHN,1963,
China,CHN,1962,
China,CHN,1961,
China,CHN,1960,
Colombia,COL,2025,
Colombia,COL,2024,10.5
Colombia,COL,2023,10.8
Colombia,COL,2022,11.2
Colombia,COL,2021,11.5
Colombia,COL,2020,11.9
Colombia,COL,2019,12.3
Colombia,COL,2018,12.7
Colombia,COL,2017,13.1
Colombia,COL,2016,13.5
Colombia,COL,2015,13.9
Colombia,COL,2014,14.3
Colombia,COL,2013,14.8
Colombia,COL,2012,15.2
Colombia,COL,2011,15.7
Colombia,COL,2010,16.2
Colombia,COL,2009,16.7
Colombia,COL,2008,17.2
Colombia,COL,2007,17.7
Colombia,COL,2006,18.2
Colombia,COL,2005,18.7
Colombia,COL,2004,19.3
Colombia,COL,2003,19.8
Colombia,COL,2002,20.4
Colombia,COL,2001,21.0
Colombia,COL,2000,21.6
Colombia,COL,1999,22.2
Colombia,COL,1998,23.0
Colombia,COL,1997,23.7
Colombia,COL,1996,24.5
Colombia,COL,1995,25.3
Colombia,COL,1994,26.2
Colombia,COL,1993,27.0
Colombia,COL,1992,27.9
Colombia,COL,1991,28.8
Colombia,COL,1990,29.6
Colombia,COL,1989,30.6
Colombia,COL,1988,31.6
Colombia,COL,1987,32.8
Colombia,COL,1986,34.1
Colombia,COL,1985,37.7
Colombia,COL,1984,37.4
Colombia,COL,1983,39.3
Colombia,COL,1982,41.5
Colombia,COL,1981,43.9
Colombia,COL,1980,46.4
Colombia,COL,1979,49.0
Colombia,COL,1978,51.8
Colombia,COL,1977,54.7
Colombia,COL,1976,57.6
Colombia,COL,1975,60.5
Colombia,COL,1974,63.3
Colombia,COL,1973,66.0
Colombia,COL,1972,68.5
Colombia,COL,1971,71.0
Colombia,COL,1970,73.3
Colombia,COL,1969,75.6
Colombia,COL,1968,77.9
Colombia,COL,1967,80.0
Colombia,COL,1966,82.2
Colombia,COL,1965,84.4
Colombia,COL,1964,86.6
Colombia,COL,1963,88.8
Colombia,COL,1962,91.3
Colombia,COL,1961,93.9
Colombia,COL,1960,96.6
Comoros,COM,2025,
Comoros,COM,2024,35.0
Comoros,COM,2023,36.0
Comoros,COM,2022,37.0
Comoros,COM,2021,38.0
Comoros,COM,2020,38.9
Comoros,COM,2019,39.8
Comoros,COM,2018,40.6
Comoros,COM,2017,41.3
Comoros,COM,2016,42.0
Comoros,COM,2015,42.8
Comoros,COM,2014,43.6
Comoros,COM,2013,44.4
Comoros,COM,2012,45.4
Comoros,COM,2011,46.4
Comoros,COM,2010,47.6
Comoros,COM,2009,48.9
Comoros,COM,2008,50.2
Comoros,COM,2007,51.7
Comoros,COM,2006,53.3
Comoros,COM,2005,55.1
Comoros,COM,2004,56.9
Comoros,COM,2003,58.9
Comoros,COM,2002,60.9
Comoros,COM,2001,63.0
Comoros,COM,2000,65.2
Comoros,COM,1999,67.5
Comoros,COM,1998,69.9
Comoros,COM,1997,72.4
Comoros,COM,1996,75.0
Comoros,COM,1995,77.8
Comoros,COM,1994,80.8
Comoros,COM,1993,83.8
Comoros,COM,1992,87.1
Comoros,COM,1991,90.2
Comoros,COM,1990,93.5
Comoros,COM,1989,96.7
Comoros,COM,1988,99.8
Comoros,COM,1987,103.0
Comoros,COM,1986,106.2
Comoros,COM,1985,109.5
Comoros,COM,1984,112.9
Comoros,COM,1983,116.3
Comoros,COM,1982,119.8
Comoros,COM,1981,123.3
Comoros,COM,1980,126.7
Comoros,COM,1979,130.0
Comoros,COM,1978,133.4
Comoros,COM,1977,136.7
Comoros,COM,1976,139.8
Comoros,COM,1975,142.8
Comoros,COM,1974,145.8
Comoros,COM,1973,148.9
Comoros,COM,1972,
Comoros,COM,1971,
Comoros,COM,1970,
Comoros,COM,1969,
Comoros,COM,1968,
Comoros,COM,1967,
Comoros,COM,1966,
Comoros,COM,1965,
Comoros,COM,1964,
Comoros,COM,1963,
Comoros,COM,1962,
Comoros,COM,1961,
Comoros,COM,1960,
"Congo, Dem. Rep.",COD,2025,
"Congo, Dem. Rep.",COD,2024,56.4
"Congo, Dem. Rep.",COD,2023,57.2
"Congo, Dem. Rep.",COD,2022,57.6
"Congo, Dem. Rep.",COD,2021,57.6
"Congo, Dem. Rep.",COD,2020,57.2
"Congo, Dem. Rep.",COD,2019,56.5
"Congo, Dem. Rep.",COD,2018,55.8
"Congo, Dem. Rep.",COD,2017,55.4
"Congo, Dem. Rep.",COD,2016,55.1
"Congo, Dem. Rep.",COD,2015,55.1
"Congo, Dem. Rep.",COD,2014,55.3
"Congo, Dem. Rep.",COD,2013,55.8
"Congo, Dem. Rep.",COD,2012,56.7
"Congo, Dem. Rep.",COD,2011,57.9
"Congo, Dem. Rep.",COD,2010,59.5
"Congo, Dem. Rep.",COD,2009,61.4
"Congo, Dem. Rep.",COD,2008,63.7
"Congo, Dem. Rep.",COD,2007,66.2
"Congo, Dem. Rep.",COD,2006,69.0
"Congo, Dem. Rep.",COD,2005,72.0
"Congo, Dem. Rep.",COD,2004,91.7
"Congo, Dem. Rep.",COD,2003,95.2
"Congo, Dem. Rep.",COD,2002,98.5
"Congo, Dem. Rep.",COD,2001,101.8
"Congo, Dem. Rep.",COD,2000,105.0
"Congo, Dem. Rep.",COD,1999,107.9
"Congo, Dem. Rep.",COD,1998,110.5
"Congo, Dem. Rep.",COD,1997,116.5
"Congo, Dem. Rep.",COD,1996,118.1
"Congo, Dem. Rep.",COD,1995,94.3
"Congo, Dem. Rep.",COD,1994,95.0
"Congo, Dem. Rep.",COD,1993,95.7
"Congo, Dem. Rep.",COD,1992,96.5
"Congo, Dem. Rep.",COD,1991,97.5
"Congo, Dem. Rep.",COD,1990,98.5
"Congo, Dem. Rep.",COD,1989,99.6
"Congo, Dem. Rep.",COD,1988,100.6
"Congo, Dem. Rep.",COD,1987,101.7
"Congo, Dem. Rep.",COD,1986,102.8
"Congo, Dem. Rep.",COD,1985,103.8
"Congo, Dem. Rep.",COD,1984,105.0
"Congo, Dem. Rep.",COD,1983,106.1
"Congo, Dem. Rep.",COD,1982,107.5
"Congo, Dem. Rep.",COD,1981,109.0
"Congo, Dem. Rep.",COD,1980,110.6
"Congo, Dem. Rep.",COD,1979,112.2
"Congo, Dem. Rep.",COD,1978,113.9
"Congo, Dem. Rep.",COD,1977,115.9
"Congo, Dem. Rep.",COD,1976,117.6
"Congo, Dem. Rep.",COD,1975,119.4
"Congo, Dem. Rep.",COD,1974,121.1
"Congo, Dem. Rep.",COD,1973,122.8
"Congo, Dem. Rep.",COD,1972,124.4
"Congo, Dem. Rep.",COD,1971,125.9
"Congo, Dem. Rep.",COD,1970,127.2
"Congo, Dem. Rep.",COD,1969,128.3
"Congo, Dem. Rep.",COD,1968,
"Congo, Dem. Rep.",COD,1967,
"Congo, Dem. Rep.",COD,1966,
"Congo, Dem. Rep.",COD,1965,
"Congo, Dem. Rep.",COD,1964,
"Congo, Dem. Rep.",COD,1963,
"Congo, Dem. Rep.",COD,1962,
"Congo, Dem. Rep.",COD,1961,
"Congo, Dem. Rep.",COD,1960,
"Congo, Rep.",COG,2025,
"Congo, Rep.",COG,2024,27.0
"Congo, Rep.",COG,2023,27.7
"Congo, Rep.",COG,2022,28.5
"Congo, Rep.",COG,2021,29.4
"Congo, Rep.",COG,2020,30.3
"Congo, Rep.",COG,2019,33.2
"Congo, Rep.",COG,2018,32.2
"Congo, Rep.",COG,2017,33.2
"Congo, Rep.",COG,2016,34.2
"Congo, Rep.",COG,2015,35.3
"Congo, Rep.",COG,2014,36.4
"Congo, Rep.",COG,2013,37.4
"Congo, Rep.",COG,2012,38.5
"Congo, Rep.",COG,2011,39.7
"Congo, Rep.",COG,2010,41.2
"Congo, Rep.",COG,2009,43.1
"Congo, Rep.",COG,2008,45.5
"Congo, Rep.",COG,2007,48.5
"Congo, Rep.",COG,2006,52.1
"Congo, Rep.",COG,2005,56.1
"Congo, Rep.",COG,2004,60.3
"Congo, Rep.",COG,2003,64.6
"Congo, Rep.",COG,2002,68.2
"Congo, Rep.",COG,2001,71.1
"Congo, Rep.",COG,2000,73.0
"Congo, Rep.",COG,1999,73.7
"Congo, Rep.",COG,1998,73.2
"Congo, Rep.",COG,1997,71.6
"Congo, Rep.",COG,1996,69.4
"Congo, Rep.",COG,1995,67.0
"Congo, Rep.",COG,1994,64.7
"Congo, Rep.",COG,1993,62.4
"Congo, Rep.",COG,1992,60.5
"Congo, Rep.",COG,1991,58.8
"Congo, Rep.",COG,1990,57.6
"Congo, Rep.",COG,1989,56.8
"Congo, Rep.",COG,1988,56.5
"Congo, Rep.",COG,1987,56.7
"Congo, Rep.",COG,1986,57.2
"Congo, Rep.",COG,1985,58.0
"Congo, Rep.",COG,1984,59.0
"Congo, Rep.",COG,1983,60.3
"Congo, Rep.",COG,1982,61.5
"Congo, Rep.",COG,1981,62.6
"Congo, Rep.",COG,1980,63.6
"Congo, Rep.",COG,1979,64.7
"Congo, Rep.",COG,1978,65.7
"Congo, Rep.",COG,1977,66.7
"Congo, Rep.",COG,1976,67.9
"Congo, Rep.",COG,1975,68.9
"Congo, Rep.",COG,1974,70.0
"Congo, Rep.",COG,1973,71.3
"Congo, Rep.",COG,1972,72.4
"Congo, Rep.",COG,1971,73.7
"Congo, Rep.",COG,1970,74.9
"Congo, Rep.",COG,1969,76.5
"Congo, Rep.",COG,1968,78.2
"Congo, Rep.",COG,1967,80.0
"Congo, Rep.",COG,1966,81.9
"Congo, Rep.",COG,1965,83.9
"Congo, Rep.",COG,1964,85.9
"Congo, Rep.",COG,1963,88.2
"Congo, Rep.",COG,1962,90.5
"Congo, Rep.",COG,1961,92.9
"Congo, Rep.",COG,1960,95.5
Costa Rica,CRI,2025,
Costa Rica,CRI,2024,9.1
Costa Rica,CRI,2023,8.8
Costa Rica,CRI,2022,8.6
Costa Rica,CRI,2021,8.3
Costa Rica,CRI,2020,8.1
Costa Rica,CRI,2019,7.9
Costa Rica,CRI,2018,7.8
Costa Rica,CRI,2017,7.7
Costa Rica,CRI,2016,7.7
Costa Rica,CRI,2015,7.8
Costa Rica,CRI,2014,8.0
Costa Rica,CRI,2013,8.2
Costa Rica,CRI,2012,8.5
Costa Rica,CRI,2011,8.8
Costa Rica,CRI,2010,9.0
Costa Rica,CRI,2009,9.2
Costa Rica,CRI,2008,9.4
Costa Rica,CRI,2007,9.5
Costa Rica,CRI,2006,9.6
Costa Rica,CRI,2005,9.7
Costa Rica,CRI,2004,9.9
Costa Rica,CRI,2003,10.1
Costa Rica,CRI,2002,10.4
Costa Rica,CRI,2001,10.8
Costa Rica,CRI,2000,11.2
Costa Rica,CRI,1999,11.7
Costa Rica,CRI,1998,12.1
Costa Rica,CRI,1997,12.4
Costa Rica,CRI,1996,12.6
Costa Rica,CRI,1995,12.7
Costa Rica,CRI,1994,12.9
Costa Rica,CRI,1993,13.1
Costa Rica,CRI,1992,13.4
Costa Rica,CRI,1991,13.8
Costa Rica,CRI,1990,14.4
Costa Rica,CRI,1989,15.2
Costa Rica,CRI,1988,16.0
Costa Rica,CRI,1987,17.0
Costa Rica,CRI,1986,17.9
Costa Rica,CRI,1985,18.6
Costa Rica,CRI,1984,19.0
Costa Rica,CRI,1983,19.2
Costa Rica,CRI,1982,19.3
Costa Rica,CRI,1981,19.6
Costa Rica,CRI,1980,20.5
Costa Rica,CRI,1979,22.1
Costa Rica,CRI,1978,24.6
Costa Rica,CRI,1977,28.1
Costa Rica,CRI,1976,32.4
Costa Rica,CRI,1975,37.4
Costa Rica,CRI,1974,42.5
Costa Rica,CRI,1973,47.5
Costa Rica,CRI,1972,52.2
Costa Rica,CRI,1971,56.3
Costa Rica,CRI,1970,59.6
Costa Rica,CRI,1969,62.0
Costa Rica,CRI,1968,64.0
Costa Rica,CRI,1967,65.8
Costa Rica,CRI,1966,67.6
Costa Rica,CRI,1965,68.8
Costa Rica,CRI,1964,69.3
Costa Rica,CRI,1963,69.3
Costa Rica,CRI,1962,69.2
Costa Rica,CRI,1961,69.4
Costa Rica,CRI,1960,70.8
Cote d'Ivoire,CIV,2025,
Cote d'Ivoire,CIV,2024,44.8
Cote d'Ivoire,CIV,2023,46.2
Cote d'Ivoire,CIV,2022,47.4
Cote d'Ivoire,CIV,2021,48.7
Cote d'Ivoire,CIV,2020,50.3
Cote d'Ivoire,CIV,2019,51.8
Cote d'Ivoire,CIV,2018,53.5
Cote d'Ivoire,CIV,2017,55.2
Cote d'Ivoire,CIV,2016,56.9
Cote d'Ivoire,CIV,2015,58.4
Cote d'Ivoire,CIV,2014,60.3
Cote d'Ivoire,CIV,2013,62.4
Cote d'Ivoire,CIV,2012,64.5
Cote d'Ivoire,CIV,2011,66.6
Cote d'Ivoire,CIV,2010,68.4
Cote d'Ivoire,CIV,2009,70.5
Cote d'Ivoire,CIV,2008,72.6
Cote d'Ivoire,CIV,2007,75.3
Cote d'Ivoire,CIV,2006,77.8
Cote d'Ivoire,CIV,2005,80.0
Cote d'Ivoire,CIV,2004,82.5
Cote d'Ivoire,CIV,2003,84.8
Cote d'Ivoire,CIV,2002,87.1
Cote d'Ivoire,CIV,2001,89.3
Cote d'Ivoire,CIV,2000,91.4
Cote d'Ivoire,CIV,1999,93.3
Cote d'Ivoire,CIV,1998,94.9
Cote d'Ivoire,CIV,1997,96.5
Cote d'Ivoire,CIV,1996,97.8
Cote d'Ivoire,CIV,1995,98.9
Cote d'Ivoire,CIV,1994,99.7
Cote d'Ivoire,CIV,1993,100.3
Cote d'Ivoire,CIV,1992,100.8
Cote d'Ivoire,CIV,1991,101.1
Cote d'Ivoire,CIV,1990,101.2
Cote d'Ivoire,CIV,1989,101.4
Cote d'Ivoire,CIV,1988,101.5
Cote d'Ivoire,CIV,1987,101.7
Cote d'Ivoire,CIV,1986,102.3
Cote d'Ivoire,CIV,1985,103.2
Cote d'Ivoire,CIV,1984,104.3
Cote d'Ivoire,CIV,1983,105.8
Cote d'Ivoire,CIV,1982,107.7
Cote d'Ivoire,CIV,1981,110.1
Cote d'Ivoire,CIV,1980,113.0
Cote d'Ivoire,CIV,1979,116.4
Cote d'Ivoire,CIV,1978,120.3
Cote d'Ivoire,CIV,1977,124.9
Cote d'Ivoire,CIV,1976,130.0
Cote d'Ivoire,CIV,1975,135.5
Cote d'Ivoire,CIV,1974,141.2
Cote d'Ivoire,CIV,1973,146.9
Cote d'Ivoire,CIV,1972,152.3
Cote d'Ivoire,CIV,1971,157.5
Cote d'Ivoire,CIV,1970,162.4
Cote d'Ivoire,CIV,1969,166.9
Cote d'Ivoire,CIV,1968,171.4
Cote d'Ivoire,CIV,1967,175.9
Cote d'Ivoire,CIV,1966,180.4
Cote d'Ivoire,CIV,1965,184.9
Cote d'Ivoire,CIV,1964,189.5
Cote d'Ivoire,CIV,1963,194.2
Cote d'Ivoire,CIV,1962,199.2
Cote d'Ivoire,CIV,1961,204.2
Cote d'Ivoire,CIV,1960,209.5
Croatia,HRV,2025,
Croatia,HRV,2024,4.1
Croatia,HRV,2023,4.0
Croatia,HRV,2022,3.9
Croatia,HRV,2021,3.9
Croatia,HRV,2020,4.0
Croatia,HRV,2019,4.0
Croatia,HRV,2018,4.1
Croatia,HRV,2017,4.1
Croatia,HRV,2016,4.1
Croatia,HRV,2015,4.2
Croatia,HRV,2014,4.2
Croatia,HRV,2013,4.3
Croatia,HRV,2012,4.4
Croatia,HRV,2011,4.5
Croatia,HRV,2010,4.7
Croatia,HRV,2009,4.8
Croatia,HRV,2008,5.0
Croatia,HRV,2007,5.3
Croatia,HRV,2006,5.5
Croatia,HRV,2005,5.8
Croatia,HRV,2004,6.1
Croatia,HRV,2003,6.6
Croatia,HRV,2002,6.6
Croatia,HRV,2001,6.9
Croatia,HRV,2000,7.2
Croatia,HRV,1999,7.5
Croatia,HRV,1998,7.7
Croatia,HRV,1997,8.0
Croatia,HRV,1996,8.3
Croatia,HRV,1995,8.6
Croatia,HRV,1994,9.0
Croatia,HRV,1993,9.4
Croatia,HRV,1992,9.9
Croatia,HRV,1991,11.4
Croatia,HRV,1990,11.2
Croatia,HRV,1989,12.0
Croatia,HRV,1988,12.9
Croatia,HRV,1987,13.8
Croatia,HRV,1986,14.8
Croatia,HRV,1985,15.8
Croatia,HRV,1984,16.7
Croatia,HRV,1983,17.5
Croatia,HRV,1982,18.4
Croatia,HRV,1981,19.2
Croatia,HRV,1980,
Croatia,HRV,1979,
Croatia,HRV,1978,
Croatia,HRV,1977,
Croatia,HRV,1976,
Croatia,HRV,1975,
Croatia,HRV,1974,
Croatia,HRV,1973,
Croatia,HRV,1972,
Croatia,HRV,1971,
Croatia,HRV,1970,
Croatia,HRV,1969,
Croatia,HRV,1968,
Croatia,HRV,1967,
Croatia,HRV,1966,
Croatia,HRV,1965,
Croatia,HRV,1964,
Croatia,HRV,1963,
Croatia,HRV,1962,
Croatia,HRV,1961,
Croatia,HRV,1960,
Cuba,CUB,2025,
Cuba,CUB,2024,6.8
Cuba,CUB,2023,6.5
Cuba,CUB,2022,6.2
Cuba,CUB,2021,5.9
Cuba,CUB,2020,5.7
Cuba,CUB,2019,5.4
Cuba,CUB,2018,5.2
Cuba,CUB,2017,5.1
Cuba,CUB,2016,4.9
Cuba,CUB,2015,4.8
Cuba,CUB,2014,4.8
Cuba,CUB,2013,4.8
Cuba,CUB,2012,4.8
Cuba,CUB,2011,4.8
Cuba,CUB,2010,4.9
Cuba,CUB,2009,5.0
Cuba,CUB,2008,5.1
Cuba,CUB,2007,5.2
Cuba,CUB,2006,5.4
Cuba,CUB,2005,5.6
Cuba,CUB,2004,5.8
Cuba,CUB,2003,6.0
Cuba,CUB,2002,6.3
Cuba,CUB,2001,6.5
Cuba,CUB,2000,6.8
Cuba,CUB,1999,7.1
Cuba,CUB,1998,7.4
Cuba,CUB,1997,7.8
Cuba,CUB,1996,8.1
Cuba,CUB,1995,8.5
Cuba,CUB,1994,8.9
Cuba,CUB,1993,9.3
Cuba,CUB,1992,9.8
Cuba,CUB,1991,10.3
Cuba,CUB,1990,10.8
Cuba,CUB,1989,11.4
Cuba,CUB,1988,12.0
Cuba,CUB,1987,12.7
Cuba,CUB,1986,13.4
Cuba,CUB,1985,14.1
Cuba,CUB,1984,14.8
Cuba,CUB,1983,15.6
Cuba,CUB,1982,16.4
Cuba,CUB,1981,17.3
Cuba,CUB,1980,18.2
Cuba,CUB,1979,19.3
Cuba,CUB,1978,20.4
Cuba,CUB,1977,21.6
Cuba,CUB,1976,22.9
Cuba,CUB,1975,24.3
Cuba,CUB,1974,25.8
Cuba,CUB,1973,27.3
Cuba,CUB,1972,28.8
Cuba,CUB,1971,30.3
Cuba,CUB,1970,31.7
Cuba,CUB,1969,32.9
Cuba,CUB,1968,34.1
Cuba,CUB,1967,35.0
Cuba,CUB,1966,35.7
Cuba,CUB,1965,36.3
Cuba,CUB,1964,36.7
Cuba,CUB,1963,36.9
Cuba,CUB,1962,36.9
Cuba,CUB,1961,36.8
Cuba,CUB,1960,36.6
Curacao,CUW,2025,
Curacao,CUW,2024,
Curacao,CUW,2023,
Curacao,CUW,2022,
Curacao,CUW,2021,
Curacao,CUW,2020,
Curacao,CUW,2019,
Curacao,CUW,2018,
Curacao,CUW,2017,
Curacao,CUW,2016,
Curacao,CUW,2015,
Curacao,CUW,2014,
Curacao,CUW,2013,
Curacao,CUW,2012,
Curacao,CUW,2011,
Curacao,CUW,2010,
Curacao,CUW,2009,
Curacao,CUW,2008,
Curacao,CUW,2007,
Curacao,CUW,2006,
Curacao,CUW,2005,
Curacao,CUW,2004,
Curacao,CUW,2003,
Curacao,CUW,2002,
Curacao,CUW,2001,
Curacao,CUW,2000,
Curacao,CUW,1999,
Curacao,CUW,1998,
Curacao,CUW,1997,
Curacao,CUW,1996,
Curacao,CUW,1995,
Curacao,CUW,1994,
Curacao,CUW,1993,
Curacao,CUW,1992,
Curacao,CUW,1991,
Curacao,CUW,1990,
Curacao,CUW,1989,
Curacao,CUW,1988,
Curacao,CUW,1987,
Curacao,CUW,1986,
Curacao,CUW,1985,
Curacao,CUW,1984,
Curacao,CUW,1983,
Curacao,CUW,1982,
Curacao,CUW,1981,
Curacao,CUW,1980,
Curacao,CUW,1979,
Curacao,CUW,1978,
Curacao,CUW,1977,
Curacao,CUW,1976,
Curacao,CUW,1975,
Curacao,CUW,1974,
Curacao,CUW,1973,
Curacao,CUW,1972,
Curacao,CUW,1971,
Curacao,CUW,1970,
Curacao,CUW,1969,
Curacao,CUW,1968,
Curacao,CUW,1967,
Curacao,CUW,1966,
Curacao,CUW,1965,
Curacao,CUW,1964,
Curacao,CUW,1963,
Curacao,CUW,1962,
Curacao,CUW,1961,
Curacao,CUW,1960,
Cyprus,CYP,2025,
Cyprus,CYP,2024,4.1
Cyprus,CYP,2023,3.8
Cyprus,CYP,2022,3.4
Cyprus,CYP,2021,3.0
Cyprus,CYP,2020,2.7
Cyprus,CYP,2019,2.5
Cyprus,CYP,2018,2.3
Cyprus,CYP,2017,2.2
Cyprus,CYP,2016,2.1
Cyprus,CYP,2015,2.1
Cyprus,CYP,2014,2.2
Cyprus,CYP,2013,2.3
Cyprus,CYP,2012,2.4
Cyprus,CYP,2011,2.6
Cyprus,CYP,2010,2.7
Cyprus,CYP,2009,3.0
Cyprus,CYP,2008,3.2
Cyprus,CYP,2007,3.5
Cyprus,CYP,2006,3.8
Cyprus,CYP,2005,4.1
Cyprus,CYP,2004,4.4
Cyprus,CYP,2003,4.7
Cyprus,CYP,2002,5.0
Cyprus,CYP,2001,5.3
Cyprus,CYP,2000,5.7
Cyprus,CYP,1999,6.1
Cyprus,CYP,1998,6.5
Cyprus,CYP,1997,7.0
Cyprus,CYP,1996,7.5
Cyprus,CYP,1995,8.0
Cyprus,CYP,1994,8.5
Cyprus,CYP,1993,9.1
Cyprus,CYP,1992,9.6
Cyprus,CYP,1991,9.9
Cyprus,CYP,1990,10.0
Cyprus,CYP,1989,10.0
Cyprus,CYP,1988,10.0
Cyprus,CYP,1987,10.3
Cyprus,CYP,1986,10.8
Cyprus,CYP,1985,11.8
Cyprus,CYP,1984,13.2
Cyprus,CYP,1983,14.7
Cyprus,CYP,1982,16.2
Cyprus,CYP,1981,17.9
Cyprus,CYP,1980,19.7
Cyprus,CYP,1979,21.8
Cyprus,CYP,1978,24.4
Cyprus,CYP,1977,27.1
Cyprus,CYP,1976,29.6
Cyprus,CYP,1975,31.5
Cyprus,CYP,1974,32.7
Cyprus,CYP,1973,33.4
Cyprus,CYP,1972,33.9
Cyprus,CYP,1971,34.3
Cyprus,CYP,1970,
Cyprus,CYP,1969,
Cyprus,CYP,1968,
Cyprus,CYP,1967,
Cyprus,CYP,1966,
Cyprus,CYP,1965,
Cyprus,CYP,1964,
Cyprus,CYP,1963,
Cyprus,CYP,1962,
Cyprus,CYP,1961,
Cyprus,CYP,1960,
Czechia,CZE,2025,
Czechia,CZE,2024,2.1
Czechia,CZE,2023,2.1
Czechia,CZE,2022,2.2
Czechia,CZE,2021,2.3
Czechia,CZE,2020,2.4
Czechia,CZE,2019,2.4
Czechia,CZE,2018,2.5
Czechia,CZE,2017,2.6
Czechia,CZE,2016,2.6
Czechia,CZE,2015,2.6
Czechia,CZE,2014,2.5
Czechia,CZE,2013,2.5
Czechia,CZE,2012,2.6
Czechia,CZE,2011,2.6
Czechia,CZE,2010,2.7
Czechia,CZE,2009,2.9
Czechia,CZE,2008,3.0
Czechia,CZE,2007,3.2
Czechia,CZE,2006,3.3
Czechia,CZE,2005,3.5
Czechia,CZE,2004,3.7
Czechia,CZE,2003,3.9
Czechia,CZE,2002,4.0
Czechia,CZE,2001,4.2
Czechia,CZE,2000,4.5
Czechia,CZE,1999,4.8
Czechia,CZE,1998,5.2
Czechia,CZE,1997,5.7
Czechia,CZE,1996,6.4
Czechia,CZE,1995,7.1
Czechia,CZE,1994,7.9
Czechia,CZE,1993,8.6
Czechia,CZE,1992,9.3
Czechia,CZE,1991,9.9
Czechia,CZE,1990,10.4
Czechia,CZE,1989,10.8
Czechia,CZE,1988,11.1
Czechia,CZE,1987,11.5
Czechia,CZE,1986,11.9
Czechia,CZE,1985,12.2
Czechia,CZE,1984,12.4
Czechia,CZE,1983,12.7
Czechia,CZE,1982,13.2
Czechia,CZE,1981,13.9
Czechia,CZE,1980,14.7
Czechia,CZE,1979,15.6
Czechia,CZE,1978,16.4
Czechia,CZE,1977,17.3
Czechia,CZE,1976,18.1
Czechia,CZE,1975,18.8
Czechia,CZE,1974,19.4
Czechia,CZE,1973,19.9
Czechia,CZE,1972,20.4
Czechia,CZE,1971,20.7
Czechia,CZE,1970,21.0
Czechia,CZE,1969,21.3
Czechia,CZE,1968,21.4
Czechia,CZE,1967,21.4
Czechia,CZE,1966,21.3
Czechia,CZE,1965,21.2
Czechia,CZE,1964,21.0
Czechia,CZE,1963,20.9
Czechia,CZE,1962,20.8
Czechia,CZE,1961,20.9
Czechia,CZE,1960,21.2
Denmark,DNK,2025,
Denmark,DNK,2024,3.5
Denmark,DNK,2023,3.4
Denmark,DNK,2022,3.3
Denmark,DNK,2021,3.3
Denmark,DNK,2020,3.3
Denmark,DNK,2019,3.3
Denmark,DNK,2018,3.4
Denmark,DNK,2017,3.4
Denmark,DNK,2016,3.5
Denmark,DNK,2015,3.5
Denmark,DNK,2014,3.5
Denmark,DNK,2013,3.5
Denmark,DNK,2012,3.5
Denmark,DNK,2011,3.5
Denmark,DNK,2010,3.5
Denmark,DNK,2009,3.6
Denmark,DNK,2008,3.7
Denmark,DNK,2007,3.8
Denmark,DNK,2006,3.9
Denmark,DNK,2005,4.1
Denmark,DNK,2004,4.2
Denmark,DNK,2003,4.4
Denmark,DNK,2002,4.5
Denmark,DNK,2001,4.6
Denmark,DNK,2000,4.7
Denmark,DNK,1999,4.7
Denmark,DNK,1998,4.8
Denmark,DNK,1997,5.0
Denmark,DNK,1996,5.1
Denmark,DNK,1995,5.4
Denmark,DNK,1994,5.7
Denmark,DNK,1993,6.0
Denmark,DNK,1992,6.4
Denmark,DNK,1991,6.9
Denmark,DNK,1990,7.3
Denmark,DNK,1989,7.7
Denmark,DNK,1988,7.9
Denmark,DNK,1987,8.0
Denmark,DNK,1986,8.0
Denmark,DNK,1985,7.9
Denmark,DNK,1984,7.9
Denmark,DNK,1983,7.8
Denmark,DNK,1982,7.9
Denmark,DNK,1981,8.0
Denmark,DNK,1980,8.2
Denmark,DNK,1979,8.4
Denmark,DNK,1978,8.8
Denmark,DNK,1977,9.2
Denmark,DNK,1976,9.6
Denmark,DNK,1975,10.2
Denmark,DNK,1974,10.9
Denmark,DNK,1973,11.6
Denmark,DNK,1972,12.4
Denmark,DNK,1971,13.2
Denmark,DNK,1970,14.0
Denmark,DNK,1969,14.6
Denmark,DNK,1968,15.3
Denmark,DNK,1967,16.0
Denmark,DNK,1966,17.0
Denmark,DNK,1965,17.9
Denmark,DNK,1964,18.8
Denmark,DNK,1963,19.6
Denmark,DNK,1962,20.3
Denmark,DNK,1961,20.9
Denmark,DNK,1960,21.4
Djibouti,DJI,2025,
Djibouti,DJI,2024,43.0
Djibouti,DJI,2023,44.4
Djibouti,DJI,2022,45.8
Djibouti,DJI,2021,47.3
Djibouti,DJI,2020,48.7
Djibouti,DJI,2019,50.2
Djibouti,DJI,2018,51.8
Djibouti,DJI,2017,53.3
Djibouti,DJI,2016,55.0
Djibouti,DJI,2015,56.6
Djibouti,DJI,2014,58.2
Djibouti,DJI,2013,59.8
Djibouti,DJI,2012,61.5
Djibouti,DJI,2011,63.1
Djibouti,DJI,2010,64.6
Djibouti,DJI,2009,66.2
Djibouti,DJI,2008,67.8
Djibouti,DJI,2007,69.5
Djibouti,DJI,2006,71.1
Djibouti,DJI,2005,72.7
Djibouti,DJI,2004,74.4
Djibouti,DJI,2003,75.9
Djibouti,DJI,2002,77.5
Djibouti,DJI,2001,79.0
Djibouti,DJI,2000,80.3
Djibouti,DJI,1999,81.5
Djibouti,DJI,1998,82.5
Djibouti,DJI,1997,83.4
Djibouti,DJI,1996,84.0
Djibouti,DJI,1995,84.6
Djibouti,DJI,1994,85.1
Djibouti,DJI,1993,85.5
Djibouti,DJI,1992,86.1
Djibouti,DJI,1991,86.9
Djibouti,DJI,1990,87.9
Djibouti,DJI,1989,89.2
Djibouti,DJI,1988,90.7
Djibouti,DJI,1987,92.2
Djibouti,DJI,1986,93.8
Djibouti,DJI,1985,95.5
Djibouti,DJI,1984,97.4
Djibouti,DJI,1983,99.3
Djibouti,DJI,1982,101.1
Djibouti,DJI,1981,102.9
Djibouti,DJI,1980,104.6
Djibouti,DJI,1979,106.4
Djibouti,DJI,1978,108.2
Djibouti,DJI,1977,
Djibouti,DJI,1976,
Djibouti,DJI,1975,
Djibouti,DJI,1974,
Djibouti,DJI,1973,
Djibouti,DJI,1972,
Djibouti,DJI,1971,
Djibouti,DJI,1970,
Djibouti,DJI,1969,
Djibouti,DJI,1968,
Djibouti,DJI,1967,
Djibouti,DJI,1966,
Djibouti,DJI,1965,
Djibouti,DJI,1964,
Djibouti,DJI,1963,
Djibouti,DJI,1962,
Djibouti,DJI,1961,
Djibouti,DJI,1960,
Dominica,DMA,2025,
Dominica,DMA,2024,33.3
Dominica,DMA,2023,33.1
Dominica,DMA,2022,32.7
Dominica,DMA,2021,32.1
Dominica,DMA,2020,31.4
Dominica,DMA,2019,30.6
Dominica,DMA,2018,29.7
Dominica,DMA,2017,28.7
Dominica,DMA,2016,27.8
Dominica,DMA,2015,26.8
Dominica,DMA,2014,25.8
Dominica,DMA,2013,24.9
Dominica,DMA,2012,24.1
Dominica,DMA,2011,23.2
Dominica,DMA,2010,22.4
Dominica,DMA,2009,21.7
Dominica,DMA,2008,21.0
Dominica,DMA,2007,20.3
Dominica,DMA,2006,19.6
Dominica,DMA,2005,19.0
Dominica,DMA,2004,18.5
Dominica,DMA,2003,18.0
Dominica,DMA,2002,17.5
Dominica,DMA,2001,17.0
Dominica,DMA,2000,16.6
Dominica,DMA,1999,16.3
Dominica,DMA,1998,16.0
Dominica,DMA,1997,15.7
Dominica,DMA,1996,15.4
Dominica,DMA,1995,15.3
Dominica,DMA,1994,15.1
Dominica,DMA,1993,15.0
Dominica,DMA,1992,14.9
Dominica,DMA,1991,14.9
Dominica,DMA,1990,14.9
Dominica,DMA,1989,15.0
Dominica,DMA,1988,15.2
Dominica,DMA,1987,15.4
Dominica,DMA,1986,15.7
Dominica,DMA,1985,16.0
Dominica,DMA,1984,16.5
Dominica,DMA,1983,17.0
Dominica,DMA,1982,17.6
Dominica,DMA,1981,18.4
Dominica,DMA,1980,19.2
Dominica,DMA,1979,22.4
Dominica,DMA,1978,21.3
Dominica,DMA,1977,22.6
Dominica,DMA,1976,24.1
Dominica,DMA,1975,25.7
Dominica,DMA,1974,27.5
Dominica,DMA,1973,29.6
Dominica,DMA,1972,31.8
Dominica,DMA,1971,34.3
Dominica,DMA,1970,37.0
Dominica,DMA,1969,40.0
Dominica,DMA,1968,43.3
Dominica,DMA,1967,46.8
Dominica,DMA,1966,50.6
Dominica,DMA,1965,54.8
Dominica,DMA,1964,59.4
Dominica,DMA,1963,64.3
Dominica,DMA,1962,69.7
Dominica,DMA,1961,75.6
Dominica,DMA,1960,81.8
Dominican Republic,DOM,2025,
Dominican Republic,DOM,2024,27.7
Dominican Republic,DOM,2023,28.4
Dominican Republic,DOM,2022,29.1
Dominican Republic,DOM,2021,29.8
Dominican Republic,DOM,2020,30.4
Dominican Republic,DOM,2019,30.9
Dominican Republic,DOM,2018,31.1
Dominican Republic,DOM,2017,31.2
Dominican Republic,DOM,2016,31.2
Dominican Republic,DOM,2015,31.0
Dominican Republic,DOM,2014,30.9
Dominican Republic,DOM,2013,30.8
Dominican Republic,DOM,2012,30.6
Dominican Republic,DOM,2011,30.6
Dominican Republic,DOM,2010,30.5
Dominican Republic,DOM,2009,30.5
Dominican Republic,DOM,2008,30.5
Dominican Republic,DOM,2007,30.6
Dominican Republic,DOM,2006,30.8
Dominican Republic,DOM,2005,31.0
Dominican Republic,DOM,2004,31.3
Dominican Republic,DOM,2003,31.7
Dominican Republic,DOM,2002,32.1
Dominican Republic,DOM,2001,32.7
Dominican Republic,DOM,2000,33.5
Dominican Republic,DOM,1999,34.3
Dominican Republic,DOM,1998,35.4
Dominican Republic,DOM,1997,36.6
Dominican Republic,DOM,1996,37.9
Dominican Republic,DOM,1995,39.4
Dominican Republic,DOM,1994,41.0
Dominican Republic,DOM,1993,42.7
Dominican Republic,DOM,1992,44.5
Dominican Republic,DOM,1991,46.2
Dominican Republic,DOM,1990,48.0
Dominican Republic,DOM,1989,49.7
Dominican Republic,DOM,1988,51.5
Dominican Republic,DOM,1987,53.2
Dominican Republic,DOM,1986,55.0
Dominican Republic,DOM,1985,56.8
Dominican Republic,DOM,1984,58.6
Dominican Republic,DOM,1983,60.5
Dominican Republic,DOM,1982,62.5
Dominican Republic,DOM,1981,64.5
Dominican Republic,DOM,1980,66.6
Dominican Republic,DOM,1979,68.8
Dominican Republic,DOM,1978,71.0
Dominican Republic,DOM,1977,73.4
Dominican Republic,DOM,1976,75.8
Dominican Republic,DOM,1975,78.3
Dominican Republic,DOM,1974,81.0
Dominican Republic,DOM,1973,83.5
Dominican Republic,DOM,1972,86.0
Dominican Republic,DOM,1971,88.3
Dominican Republic,DOM,1970,90.3
Dominican Republic,DOM,1969,92.3
Dominican Republic,DOM,1968,93.9
Dominican Republic,DOM,1967,95.6
Dominican Republic,DOM,1966,97.3
Dominican Republic,DOM,1965,98.9
Dominican Republic,DOM,1964,100.3
Dominican Republic,DOM,1963,101.6
Dominican Republic,DOM,1962,102.6
Dominican Republic,DOM,1961,103.4
Dominican Republic,DOM,1960,103.8
Ecuador,ECU,2025,
Ecuador,ECU,2024,10.9
Ecuador,ECU,2023,11.1
Ecuador,ECU,2022,11.2
Ecuador,ECU,2021,11.3
Ecuador,ECU,2020,11.5
Ecuador,ECU,2019,11.7
Ecuador,ECU,2018,11.9
Ecuador,ECU,2017,12.2
Ecuador,ECU,2016,12.5
Ecuador,ECU,2015,12.9
Ecuador,ECU,2014,13.4
Ecuador,ECU,2013,14.0
Ecuador,ECU,2012,14.6
Ecuador,ECU,2011,15.3
Ecuador,ECU,2010,16.0
Ecuador,ECU,2009,16.7
Ecuador,ECU,2008,17.4
Ecuador,ECU,2007,18.1
Ecuador,ECU,2006,18.8
Ecuador,ECU,2005,19.5
Ecuador,ECU,2004,20.2
Ecuador,ECU,2003,21.0
Ecuador,ECU,2002,21.9
Ecuador,ECU,2001,22.9
Ecuador,ECU,2000,24.1
Ecuador,ECU,1999,25.5
Ecuador,ECU,1998,27.1
Ecuador,ECU,1997,28.8
Ecuador,ECU,1996,30.7
Ecuador,ECU,1995,32.7
Ecuador,ECU,1994,34.7
Ecuador,ECU,1993,36.7
Ecuador,ECU,1992,38.7
Ecuador,ECU,1991,40.7
Ecuador,ECU,1990,42.7
Ecuador,ECU,1989,44.7
Ecuador,ECU,1988,46.9
Ecuador,ECU,1987,49.2
Ecuador,ECU,1986,51.6
Ecuador,ECU,1985,54.4
Ecuador,ECU,1984,57.3
Ecuador,ECU,1983,60.6
Ecuador,ECU,1982,63.8
Ecuador,ECU,1981,67.0
Ecuador,ECU,1980,70.3
Ecuador,ECU,1979,73.5
Ecuador,ECU,1978,76.7
Ecuador,ECU,1977,80.1
Ecuador,ECU,1976,83.6
Ecuador,ECU,1975,87.3
Ecuador,ECU,1974,91.1
Ecuador,ECU,1973,94.6
Ecuador,ECU,1972,97.8
Ecuador,ECU,1971,100.5
Ecuador,ECU,1970,102.9
Ecuador,ECU,1969,105.0
Ecuador,ECU,1968,106.8
Ecuador,ECU,1967,108.7
Ecuador,ECU,1966,110.8
Ecuador,ECU,1965,113.2
Ecuador,ECU,1964,115.9
Ecuador,ECU,1963,118.9
Ecuador,ECU,1962,122.2
Ecuador,ECU,1961,125.6
Ecuador,ECU,1960,129.5
"Egypt, Arab Rep.",EGY,2025,
"Egypt, Arab Rep.",EGY,2024,20.8
"Egypt, Arab Rep.",EGY,2023,21.3
"Egypt, Arab Rep.",EGY,2022,21.8
"Egypt, Arab Rep.",EGY,2021,22.2
"Egypt, Arab Rep.",EGY,2020,22.6
"Egypt, Arab Rep.",EGY,2019,22.9
"Egypt, Arab Rep.",EGY,2018,23.1
"Egypt, Arab Rep.",EGY,2017,23.4
"Egypt, Arab Rep.",EGY,2016,23.7
"Egypt, Arab Rep.",EGY,2015,24.1
"Egypt, Arab Rep.",EGY,2014,24.5
"Egypt, Arab Rep.",EGY,2013,25.1
"Egypt, Arab Rep.",EGY,2012,25.7
"Egypt, Arab Rep.",EGY,2011,26.4
"Egypt, Arab Rep.",EGY,2010,27.2
"Egypt, Arab Rep.",EGY,2009,28.1
"Egypt, Arab Rep.",EGY,2008,29.0
"Egypt, Arab Rep.",EGY,2007,30.1
"Egypt, Arab Rep.",EGY,2006,31.1
"Egypt, Arab Rep.",EGY,2005,32.3
"Egypt, Arab Rep.",EGY,2004,33.5
"Egypt, Arab Rep.",EGY,2003,34.9
"Egypt, Arab Rep.",EGY,2002,36.5
"Egypt, Arab Rep.",EGY,2001,38.2
"Egypt, Arab Rep.",EGY,2000,40.1
"Egypt, Arab Rep.",EGY,1999,42.3
"Egypt, Arab Rep.",EGY,1998,44.7
"Egypt, Arab Rep.",EGY,1997,47.4
"Egypt, Arab Rep.",EGY,1996,50.2
"Egypt, Arab Rep.",EGY,1995,53.2
"Egypt, Arab Rep.",EGY,1994,56.2
"Egypt, Arab Rep.",EGY,1993,59.2
"Egypt, Arab Rep.",EGY,1992,62.0
"Egypt, Arab Rep.",EGY,1991,64.8
"Egypt, Arab Rep.",EGY,1990,67.7
"Egypt, Arab Rep.",EGY,1989,70.8
"Egypt, Arab Rep.",EGY,1988,74.4
"Egypt, Arab Rep.",EGY,1987,78.8
"Egypt, Arab Rep.",EGY,1986,83.9
"Egypt, Arab Rep.",EGY,1985,89.8
"Egypt, Arab Rep.",EGY,1984,96.2
"Egypt, Arab Rep.",EGY,1983,102.7
"Egypt, Arab Rep.",EGY,1982,108.8
"Egypt, Arab Rep.",EGY,1981,114.6
"Egypt, Arab Rep.",EGY,1980,120.0
"Egypt, Arab Rep.",EGY,1979,125.1
"Egypt, Arab Rep.",EGY,1978,129.9
"Egypt, Arab Rep.",EGY,1977,134.6
"Egypt, Arab Rep.",EGY,1976,139.0
"Egypt, Arab Rep.",EGY,1975,143.0
"Egypt, Arab Rep.",EGY,1974,146.2
"Egypt, Arab Rep.",EGY,1973,148.4
"Egypt, Arab Rep.",EGY,1972,149.6
"Egypt, Arab Rep.",EGY,1971,150.0
"Egypt, Arab Rep.",EGY,1970,150.0
"Egypt, Arab Rep.",EGY,1969,150.0
"Egypt, Arab Rep.",EGY,1968,150.3
"Egypt, Arab Rep.",EGY,1967,151.0
"Egypt, Arab Rep.",EGY,1966,152.4
"Egypt, Arab Rep.",EGY,1965,154.5
"Egypt, Arab Rep.",EGY,1964,157.4
"Egypt, Arab Rep.",EGY,1963,160.8
"Egypt, Arab Rep.",EGY,1962,164.7
"Egypt, Arab Rep.",EGY,1961,168.7
"Egypt, Arab Rep.",EGY,1960,172.7
El Salvador,SLV,2025,
El Salvador,SLV,2024,8.8
El Salvador,SLV,2023,9.2
El Salvador,SLV,2022,9.5
El Salvador,SLV,2021,9.8
El Salvador,SLV,2020,10.2
El Salvador,SLV,2019,10.6
El Salvador,SLV,2018,11.1
El Salvador,SLV,2017,11.5
El Salvador,SLV,2016,12.0
El Salvador,SLV,2015,12.6
El Salvador,SLV,2014,13.1
El Salvador,SLV,2013,13.7
El Salvador,SLV,2012,14.3
El Salvador,SLV,2011,14.9
El Salvador,SLV,2010,15.6
El Salvador,SLV,2009,16.4
El Salvador,SLV,2008,17.2
El Salvador,SLV,2007,18.1
El Salvador,SLV,2006,19.0
El Salvador,SLV,2005,20.0
El Salvador,SLV,2004,21.1
El Salvador,SLV,2003,22.3
El Salvador,SLV,2002,23.6
El Salvador,SLV,2001,25.0
El Salvador,SLV,2000,26.4
El Salvador,SLV,1999,28.0
El Salvador,SLV,1998,29.8
El Salvador,SLV,1997,31.6
El Salvador,SLV,1996,33.6
El Salvador,SLV,1995,35.7
El Salvador,SLV,1994,37.9
El Salvador,SLV,1993,40.1
El Salvador,SLV,1992,42.4
El Salvador,SLV,1991,44.8
El Salvador,SLV,1990,47.2
El Salvador,SLV,1989,49.8
El Salvador,SLV,1988,52.6
El Salvador,SLV,1987,55.5
El Salvador,SLV,1986,58.8
El Salvador,SLV,1985,62.2
El Salvador,SLV,1984,66.0
El Salvador,SLV,1983,69.9
El Salvador,SLV,1982,73.8
El Salvador,SLV,1981,77.8
El Salvador,SLV,1980,89.9
El Salvador,SLV,1979,85.8
El Salvador,SLV,1978,89.7
El Salvador,SLV,1977,93.5
El Salvador,SLV,1976,97.2
El Salvador,SLV,1975,100.8
El Salvador,SLV,1974,104.2
El Salvador,SLV,1973,107.2
El Salvador,SLV,1972,110.1
El Salvador,SLV,1971,112.8
El Salvador,SLV,1970,115.3
El Salvador,SLV,1969,117.7
El Salvador,SLV,1968,120.0
El Salvador,SLV,1967,122.1
El Salvador,SLV,1966,124.4
El Salvador,SLV,1965,126.5
El Salvador,SLV,1964,128.4
El Salvador,SLV,1963,130.4
El Salvador,SLV,1962,132.5
El Salvador,SLV,1961,134.3
El Salvador,SLV,1960,136.3
Equatorial Guinea,GNQ,2025,
Equatorial Guinea,GNQ,2024,47.6
Equatorial Guinea,GNQ,2023,49.2
Equatorial Guinea,GNQ,2022,50.7
Equatorial Guinea,GNQ,2021,52.2
Equatorial Guinea,GNQ,2020,53.9
Equatorial Guinea,GNQ,2019,55.7
Equatorial Guinea,GNQ,2018,57.2
Equatorial Guinea,GNQ,2017,59.1
Equatorial Guinea,GNQ,2016,60.9
Equatorial Guinea,GNQ,2015,62.9
Equatorial Guinea,GNQ,2014,65.0
Equatorial Guinea,GNQ,2013,67.1
Equatorial Guinea,GNQ,2012,69.3
Equatorial Guinea,GNQ,2011,71.7
Equatorial Guinea,GNQ,2010,74.3
Equatorial Guinea,GNQ,2009,77.1
Equatorial Guinea,GNQ,2008,80.3
Equatorial Guinea,GNQ,2007,83.6
Equatorial Guinea,GNQ,2006,87.2
Equatorial Guinea,GNQ,2005,90.7
Equatorial Guinea,GNQ,2004,94.0
Equatorial Guinea,GNQ,2003,97.2
Equatorial Guinea,GNQ,2002,100.3
Equatorial Guinea,GNQ,2001,103.3
Equatorial Guinea,GNQ,2000,106.2
Equatorial Guinea,GNQ,1999,109.0
Equatorial Guinea,GNQ,1998,111.4
Equatorial Guinea,GNQ,1997,113.3
Equatorial Guinea,GNQ,1996,114.7
Equatorial Guinea,GNQ,1995,115.7
Equatorial Guinea,GNQ,1994,116.3
Equatorial Guinea,GNQ,1993,116.9
Equatorial Guinea,GNQ,1992,117.3
Equatorial Guinea,GNQ,1991,117.8
Equatorial Guinea,GNQ,1990,118.2
Equatorial Guinea,GNQ,1989,118.6
Equatorial Guinea,GNQ,1988,119.2
Equatorial Guinea,GNQ,1987,119.9
Equatorial Guinea,GNQ,1986,121.0
Equatorial Guinea,GNQ,1985,122.4
Equatorial Guinea,GNQ,1984,124.2
Equatorial Guinea,GNQ,1983,126.5
Equatorial Guinea,GNQ,1982,128.7
Equatorial Guinea,GNQ,1981,
Equatorial Guinea,GNQ,1980,
Equatorial Guinea,GNQ,1979,
Equatorial Guinea,GNQ,1978,
Equatorial Guinea,GNQ,1977,
Equatorial Guinea,GNQ,1976,
Equatorial Guinea,GNQ,1975,
Equatorial Guinea,GNQ,1974,
Equatorial Guinea,GNQ,1973,
Equatorial Guinea,GNQ,1972,
Equatorial Guinea,GNQ,1971,
Equatorial Guinea,GNQ,1970,
Equatorial Guinea,GNQ,1969,
Equatorial Guinea,GNQ,1968,
Equatorial Guinea,GNQ,1967,
Equatorial Guinea,GNQ,1966,
Equatorial Guinea,GNQ,1965,
Equatorial Guinea,GNQ,1964,
Equatorial Guinea,GNQ,1963,
Equatorial Guinea,GNQ,1962,
Equatorial Guinea,GNQ,1961,
Equatorial Guinea,GNQ,1960,
Eritrea,ERI,2025,
Eritrea,ERI,2024,24.7
Eritrea,ERI,2023,25.4
Eritrea,ERI,2022,26.2
Eritrea,ERI,2021,27.0
Eritrea,ERI,2020,27.8
Eritrea,ERI,2019,28.7
Eritrea,ERI,2018,29.6
Eritrea,ERI,2017,30.5
Eritrea,ERI,2016,31.3
Eritrea,ERI,2015,32.4
Eritrea,ERI,2014,33.4
Eritrea,ERI,2013,34.4
Eritrea,ERI,2012,35.4
Eritrea,ERI,2011,36.4
Eritrea,ERI,2010,37.5
Eritrea,ERI,2009,38.5
Eritrea,ERI,2008,39.7
Eritrea,ERI,2007,40.8
Eritrea,ERI,2006,42.0
Eritrea,ERI,2005,43.2
Eritrea,ERI,2004,44.5
Eritrea,ERI,2003,45.9
Eritrea,ERI,2002,47.4
Eritrea,ERI,2001,49.1
Eritrea,ERI,2000,50.8
Eritrea,ERI,1999,60.9
Eritrea,ERI,1998,55.1
Eritrea,ERI,1997,57.7
Eritrea,ERI,1996,60.6
Eritrea,ERI,1995,63.9
Eritrea,ERI,1994,67.5
Eritrea,ERI,1993,71.1
Eritrea,ERI,1992,74.6
Eritrea,ERI,1991,77.9
Eritrea,ERI,1990,80.8
Eritrea,ERI,1989,83.4
Eritrea,ERI,1988,85.5
Eritrea,ERI,1987,87.2
Eritrea,ERI,1986,88.7
Eritrea,ERI,1985,144.4
Eritrea,ERI,1984,146.3
Eritrea,ERI,1983,147.8
Eritrea,ERI,1982,92.3
Eritrea,ERI,1981,93.0
Eritrea,ERI,1980,93.6
Eritrea,ERI,1979,94.3
Eritrea,ERI,1978,95.1
Eritrea,ERI,1977,96.2
Eritrea,ERI,1976,97.4
Eritrea,ERI,1975,121.3
Eritrea,ERI,1974,
Eritrea,ERI,1973,
Eritrea,ERI,1972,
Eritrea,ERI,1971,
Eritrea,ERI,1970,
Eritrea,ERI,1969,
Eritrea,ERI,1968,
Eritrea,ERI,1967,
Eritrea,ERI,1966,
Eritrea,ERI,1965,
Eritrea,ERI,1964,
Eritrea,ERI,1963,
Eritrea,ERI,1962,
Eritrea,ERI,1961,
Eritrea,ERI,1960,
Estonia,EST,2025,
Estonia,EST,2024,1.5
Estonia,EST,2023,1.6
Estonia,EST,2022,1.7
Estonia,EST,2021,1.8
Estonia,EST,2020,1.8
Estonia,EST,2019,1.9
Estonia,EST,2018,2.0
Estonia,EST,2017,2.2
Estonia,EST,2016,2.3
Estonia,EST,2015,2.4
Estonia,EST,2014,2.6
Estonia,EST,2013,2.8
Estonia,EST,2012,3.0
Estonia,EST,2011,3.3
Estonia,EST,2010,3.6
Estonia,EST,2009,3.9
Estonia,EST,2008,4.3
Estonia,EST,2007,4.7
Estonia,EST,2006,5.1
Estonia,EST,2005,5.6
Estonia,EST,2004,6.2
Estonia,EST,2003,6.7
Estonia,EST,2002,7.4
Estonia,EST,2001,8.1
Estonia,EST,2000,8.8
Estonia,EST,1999,9.5
Estonia,EST,1998,10.3
Estonia,EST,1997,11.0
Estonia,EST,1996,11.8
Estonia,EST,1995,12.4
Estonia,EST,1994,13.0
Estonia,EST,1993,13.4
Estonia,EST,1992,13.7
Estonia,EST,1991,13.9
Estonia,EST,1990,14.0
Estonia,EST,1989,14.1
Estonia,EST,1988,14.3
Estonia,EST,1987,14.5
Estonia,EST,1986,14.8
Estonia,EST,1985,15.1
Estonia,EST,1984,15.5
Estonia,EST,1983,16.0
Estonia,EST,1982,16.4
Estonia,EST,1981,16.8
Estonia,EST,1980,17.0
Estonia,EST,1979,17.2
Estonia,EST,1978,17.3
Estonia,EST,1977,17.4
Estonia,EST,1976,17.3
Estonia,EST,1975,17.3
Estonia,EST,1974,17.2
Estonia,EST,1973,17.2
Estonia,EST,1972,17.3
Estonia,EST,1971,17.5
Estonia,EST,1970,17.8
Estonia,EST,1969,18.2
Estonia,EST,1968,18.8
Estonia,EST,1967,19.5
Estonia,EST,1966,20.4
Estonia,EST,1965,21.5
Estonia,EST,1964,22.7
Estonia,EST,1963,24.1
Estonia,EST,1962,25.6
Estonia,EST,1961,27.2
Estonia,EST,1960,29.0
Eswatini,SWZ,2025,
Eswatini,SWZ,2024,42.2
Eswatini,SWZ,2023,44.7
Eswatini,SWZ,2022,45.9
Eswatini,SWZ,2021,46.2
Eswatini,SWZ,2020,47.3
Eswatini,SWZ,2019,47.6
Eswatini,SWZ,2018,47.7
Eswatini,SWZ,2017,51.1
Eswatini,SWZ,2016,51.3
Eswatini,SWZ,2015,54.1
Eswatini,SWZ,2014,56.5
Eswatini,SWZ,2013,55.4
Eswatini,SWZ,2012,56.0
Eswatini,SWZ,2011,55.3
Eswatini,SWZ,2010,60.4
Eswatini,SWZ,2009,63.8
Eswatini,SWZ,2008,66.1
Eswatini,SWZ,2007,63.7
Eswatini,SWZ,2006,63.0
Eswatini,SWZ,2005,72.2
Eswatini,SWZ,2004,73.2
Eswatini,SWZ,2003,73.7
Eswatini,SWZ,2002,73.1
Eswatini,SWZ,2001,72.6
Eswatini,SWZ,2000,71.7
Eswatini,SWZ,1999,70.7
Eswatini,SWZ,1998,69.1
Eswatini,SWZ,1997,67.5
Eswatini,SWZ,1996,65.2
Eswatini,SWZ,1995,62.1
Eswatini,SWZ,1994,60.0
Eswatini,SWZ,1993,57.8
Eswatini,SWZ,1992,56.4
Eswatini,SWZ,1991,56.0
Eswatini,SWZ,1990,56.7
Eswatini,SWZ,1989,58.4
Eswatini,SWZ,1988,60.6
Eswatini,SWZ,1987,63.4
Eswatini,SWZ,1986,66.5
Eswatini,SWZ,1985,70.0
Eswatini,SWZ,1984,73.7
Eswatini,SWZ,1983,83.7
Eswatini,SWZ,1982,81.4
Eswatini,SWZ,1981,85.2
Eswatini,SWZ,1980,88.7
Eswatini,SWZ,1979,92.1
Eswatini,SWZ,1978,95.6
Eswatini,SWZ,1977,98.9
Eswatini,SWZ,1976,102.3
Eswatini,SWZ,1975,105.9
Eswatini,SWZ,1974,109.4
Eswatini,SWZ,1973,112.8
Eswatini,SWZ,1972,115.9
Eswatini,SWZ,1971,118.7
Eswatini,SWZ,1970,121.1
Eswatini,SWZ,1969,123.4
Eswatini,SWZ,1968,125.4
Eswatini,SWZ,1967,127.1
Eswatini,SWZ,1966,128.8
Eswatini,SWZ,1965,130.4
Eswatini,SWZ,1964,131.9
Eswatini,SWZ,1963,133.3
Eswatini,SWZ,1962,134.7
Eswatini,SWZ,1961,135.9
Eswatini,SWZ,1960,136.8
Ethiopia,ETH,2025,
Ethiopia,ETH,2024,34.5
Ethiopia,ETH,2023,38.7
Ethiopia,ETH,2022,48.3
Ethiopia,ETH,2021,49.9
Ethiopia,ETH,2020,39.4
Ethiopia,ETH,2019,40.8
Ethiopia,ETH,2018,42.3
Ethiopia,ETH,2017,44.0
Ethiopia,ETH,2016,45.9
Ethiopia,ETH,2015,47.9
Ethiopia,ETH,2014,50.0
Ethiopia,ETH,2013,52.2
Ethiopia,ETH,2012,54.4
Ethiopia,ETH,2011,56.8
Ethiopia,ETH,2010,59.2
Ethiopia,ETH,2009,61.8
Ethiopia,ETH,2008,64.7
Ethiopia,ETH,2007,67.7
Ethiopia,ETH,2006,70.9
Ethiopia,ETH,2005,74.4
Ethiopia,ETH,2004,78.0
Ethiopia,ETH,2003,81.7
Ethiopia,ETH,2002,85.3
Ethiopia,ETH,2001,88.9
Ethiopia,ETH,2000,92.3
Ethiopia,ETH,1999,95.7
Ethiopia,ETH,1998,99.1
Ethiopia,ETH,1997,102.8
Ethiopia,ETH,1996,106.5
Ethiopia,ETH,1995,110.3
Ethiopia,ETH,1994,114.1
Ethiopia,ETH,1993,117.9
Ethiopia,ETH,1992,121.3
Ethiopia,ETH,1991,124.4
Ethiopia,ETH,1990,127.2
Ethiopia,ETH,1989,129.7
Ethiopia,ETH,1988,132.1
Ethiopia,ETH,1987,134.3
Ethiopia,ETH,1986,182.5
Ethiopia,ETH,1985,186.1
Ethiopia,ETH,1984,192.4
Ethiopia,ETH,1983,195.6
Ethiopia,ETH,1982,144.9
Ethiopia,ETH,1981,146.3
Ethiopia,ETH,1980,147.3
Ethiopia,ETH,1979,147.9
Ethiopia,ETH,1978,148.3
Ethiopia,ETH,1977,148.0
Ethiopia,ETH,1976,147.6
Ethiopia,ETH,1975,168.4
Ethiopia,ETH,1974,168.4
Ethiopia,ETH,1973,168.6
Ethiopia,ETH,1972,168.6
Ethiopia,ETH,1971,145.3
Ethiopia,ETH,1970,144.7
Ethiopia,ETH,1969,144.3
Ethiopia,ETH,1968,143.7
Ethiopia,ETH,1967,143.2
Ethiopia,ETH,1966,142.9
Ethiopia,ETH,1965,
Ethiopia,ETH,1964,
Ethiopia,ETH,1963,
Ethiopia,ETH,1962,
Ethiopia,ETH,1961,
Ethiopia,ETH,1960,
Faroe Islands,FRO,2025,
Faroe Islands,FRO,2024,
Faroe Islands,FRO,2023,
Faroe Islands,FRO,2022,
Faroe Islands,FRO,2021,
Faroe Islands,FRO,2020,
Faroe Islands,FRO,2019,
Faroe Islands,FRO,2018,
Faroe Islands,FRO,2017,
Faroe Islands,FRO,2016,
Faroe Islands,FRO,2015,
Faroe Islands,FRO,2014,
Faroe Islands,FRO,2013,
Faroe Islands,FRO,2012,
Faroe Islands,FRO,2011,
Faroe Islands,FRO,2010,
Faroe Islands,FRO,2009,
Faroe Islands,FRO,2008,
Faroe Islands,FRO,2007,
Faroe Islands,FRO,2006,
Faroe Islands,FRO,2005,
Faroe Islands,FRO,2004,
Faroe Islands,FRO,2003,
Faroe Islands,FRO,2002,
Faroe Islands,FRO,2001,
Faroe Islands,FRO,2000,
Faroe Islands,FRO,1999,
Faroe Islands,FRO,1998,
Faroe Islands,FRO,1997,
Faroe Islands,FRO,1996,
Faroe Islands,FRO,1995,
Faroe Islands,FRO,1994,
Faroe Islands,FRO,1993,
Faroe Islands,FRO,1992,
Faroe Islands,FRO,1991,
Faroe Islands,FRO,1990,
Faroe Islands,FRO,1989,
Faroe Islands,FRO,1988,
Faroe Islands,FRO,1987,
Faroe Islands,FRO,1986,
Faroe Islands,FRO,1985,
Faroe Islands,FRO,1984,
Faroe Islands,FRO,1983,
Faroe Islands,FRO,1982,
Faroe Islands,FRO,1981,
Faroe Islands,FRO,1980,
Faroe Islands,FRO,1979,
Faroe Islands,FRO,1978,
Faroe Islands,FRO,1977,
Faroe Islands,FRO,1976,
Faroe Islands,FRO,1975,
Faroe Islands,FRO,1974,
Faroe Islands,FRO,1973,
Faroe Islands,FRO,1972,
Faroe Islands,FRO,1971,
Faroe Islands,FRO,1970,
Faroe Islands,FRO,1969,
Faroe Islands,FRO,1968,
Faroe Islands,FRO,1967,
Faroe Islands,FRO,1966,
Faroe Islands,FRO,1965,
Faroe Islands,FRO,1964,
Faroe Islands,FRO,1963,
Faroe Islands,FRO,1962,
Faroe Islands,FRO,1961,
Faroe Islands,FRO,1960,
Fiji,FJI,2025,
Fiji,FJI,2024,23.5
Fiji,FJI,2023,23.5
Fiji,FJI,2022,23.2
Fiji,FJI,2021,22.6
Fiji,FJI,2020,21.6
Fiji,FJI,2019,20.3
Fiji,FJI,2018,19.0
Fiji,FJI,2017,17.7
Fiji,FJI,2016,16.8
Fiji,FJI,2015,16.1
Fiji,FJI,2014,15.8
Fiji,FJI,2013,15.7
Fiji,FJI,2012,15.9
Fiji,FJI,2011,16.2
Fiji,FJI,2010,16.6
Fiji,FJI,2009,17.0
Fiji,FJI,2008,17.3
Fiji,FJI,2007,17.4
Fiji,FJI,2006,17.4
Fiji,FJI,2005,17.3
Fiji,FJI,2004,17.0
Fiji,FJI,2003,16.8
Fiji,FJI,2002,16.7
Fiji,FJI,2001,16.6
Fiji,FJI,2000,16.6
Fiji,FJI,1999,16.7
Fiji,FJI,1998,16.9
Fiji,FJI,1997,17.2
Fiji,FJI,1996,17.5
Fiji,FJI,1995,18.0
Fiji,FJI,1994,18.5
Fiji,FJI,1993,19.1
Fiji,FJI,1992,19.8
Fiji,FJI,1991,20.6
Fiji,FJI,1990,21.5
Fiji,FJI,1989,22.4
Fiji,FJI,1988,23.3
Fiji,FJI,1987,24.3
Fiji,FJI,1986,25.4
Fiji,FJI,1985,26.5
Fiji,FJI,1984,27.7
Fiji,FJI,1983,29.1
Fiji,FJI,1982,30.6
Fiji,FJI,1981,32.3
Fiji,FJI,1980,34.0
Fiji,FJI,1979,35.8
Fiji,FJI,1978,37.5
Fiji,FJI,1977,39.1
Fiji,FJI,1976,40.5
Fiji,FJI,1975,41.7
Fiji,FJI,1974,42.5
Fiji,FJI,1973,43.1
Fiji,FJI,1972,43.5
Fiji,FJI,1971,43.8
Fiji,FJI,1970,44.1
Fiji,FJI,1969,44.6
Fiji,FJI,1968,45.3
Fiji,FJI,1967,46.3
Fiji,FJI,1966,47.7
Fiji,FJI,1965,49.4
Fiji,FJI,1964,51.5
Fiji,FJI,1963,53.8
Fiji,FJI,1962,56.2
Fiji,FJI,1961,58.8
Fiji,FJI,1960,61.6
Finland,FIN,2025,
Finland,FIN,2024,1.9
Finland,FIN,2023,1.9
Finland,FIN,2022,1.9
Finland,FIN,2021,1.9
Finland,FIN,2020,1.9
Finland,FIN,2019,1.9
Finland,FIN,2018,1.9
Finland,FIN,2017,1.9
Finland,FIN,2016,2.0
Finland,FIN,2015,2.0
Finland,FIN,2014,2.1
Finland,FIN,2013,2.1
Finland,FIN,2012,2.2
Finland,FIN,2011,2.3
Finland,FIN,2010,2.4
Finland,FIN,2009,2.6
Finland,FIN,2008,2.7
Finland,FIN,2007,2.8
Finland,FIN,2006,2.9
Finland,FIN,2005,3.0
Finland,FIN,2004,3.1
Finland,FIN,2003,3.2
Finland,FIN,2002,3.3
Finland,FIN,2001,3.4
Finland,FIN,2000,3.5
Finland,FIN,1999,3.6
Finland,FIN,1998,3.7
Finland,FIN,1997,3.9
Finland,FIN,1996,4.1
Finland,FIN,1995,4.3
Finland,FIN,1994,4.5
Finland,FIN,1993,4.8
Finland,FIN,1992,5.1
Finland,FIN,1991,5.3
Finland,FIN,1990,5.6
Finland,FIN,1989,5.8
Finland,FIN,1988,5.9
Finland,FIN,1987,6.0
Finland,FIN,1986,6.0
Finland,FIN,1985,6.1
Finland,FIN,1984,6.2
Finland,FIN,1983,6.3
Finland,FIN,1982,6.5
Finland,FIN,1981,6.8
Finland,FIN,1980,7.2
Finland,FIN,1979,7.6
Finland,FIN,1978,8.2
Finland,FIN,1977,8.8
Finland,FIN,1976,9.4
Finland,FIN,1975,10.1
Finland,FIN,1974,10.8
Finland,FIN,1973,11.4
Finland,FIN,1972,12.0
Finland,FIN,1971,12.6
Finland,FIN,1970,13.2
Finland,FIN,1969,13.8
Finland,FIN,1968,14.4
Finland,FIN,1967,15.1
Finland,FIN,1966,15.8
Finland,FIN,1965,16.6
Finland,FIN,1964,17.5
Finland,FIN,1963,18.4
Finland,FIN,1962,19.5
Finland,FIN,1961,20.6
Finland,FIN,1960,21.9
France,FRA,2025,
France,FRA,2024,3.4
France,FRA,2023,3.4
France,FRA,2022,3.4
France,FRA,2021,3.4
France,FRA,2020,3.3
France,FRA,2019,3.3
France,FRA,2018,3.3
France,FRA,2017,3.3
France,FRA,2016,3.2
France,FRA,2015,3.2
France,FRA,2014,3.1
France,FRA,2013,3.1
France,FRA,2012,3.1
France,FRA,2011,3.1
France,FRA,2010,3.1
France,FRA,2009,3.1
France,FRA,2008,3.2
France,FRA,2007,3.2
France,FRA,2006,3.3
France,FRA,2005,3.3
France,FRA,2004,3.5
France,FRA,2003,3.6
France,FRA,2002,3.8
France,FRA,2001,3.9
France,FRA,2000,4.1
France,FRA,1999,4.2
France,FRA,1998,4.4
France,FRA,1997,4.6
France,FRA,1996,4.9
France,FRA,1995,5.3
France,FRA,1994,5.7
France,FRA,1993,6.2
France,FRA,1992,6.7
France,FRA,1991,7.1
France,FRA,1990,7.5
France,FRA,1989,7.7
France,FRA,1988,7.9
France,FRA,1987,8.1
France,FRA,1986,8.3
France,FRA,1985,8.5
France,FRA,1984,8.8
France,FRA,1983,9.1
France,FRA,1982,9.4
France,FRA,1981,9.8
France,FRA,1980,10.1
France,FRA,1979,10.5
France,FRA,1978,11.0
France,FRA,1977,11.4
France,FRA,1976,11.8
France,FRA,1975,12.3
France,FRA,1974,12.7
France,FRA,1973,13.1
France,FRA,1972,13.7
France,FRA,1971,14.3
France,FRA,1970,15.1
France,FRA,1969,15.8
France,FRA,1968,16.5
France,FRA,1967,17.1
France,FRA,1966,17.8
France,FRA,1965,18.6
France,FRA,1964,19.4
France,FRA,1963,20.3
France,FRA,1962,21.3
France,FRA,1961,22.4
France,FRA,1960,23.7
French Polynesia,PYF,2025,
French Polynesia,PYF,2024,
French Polynesia,PYF,2023,
French Polynesia,PYF,2022,
French Polynesia,PYF,2021,
French Polynesia,PYF,2020,
French Polynesia,PYF,2019,
French Polynesia,PYF,2018,
French Polynesia,PYF,2017,
French Polynesia,PYF,2016,
French Polynesia,PYF,2015,
French Polynesia,PYF,2014,
French Polynesia,PYF,2013,
French Polynesia,PYF,2012,
French Polynesia,PYF,2011,
French Polynesia,PYF,2010,
French Polynesia,PYF,2009,
French Polynesia,PYF,2008,
French Polynesia,PYF,2007,
French Polynesia,PYF,2006,
French Polynesia,PYF,2005,
French Polynesia,PYF,2004,
French Polynesia,PYF,2003,
French Polynesia,PYF,2002,
French Polynesia,PYF,2001,
French Polynesia,PYF,2000,
French Polynesia,PYF,1999,
French Polynesia,PYF,1998,
French Polynesia,PYF,1997,
French Polynesia,PYF,1996,
French Polynesia,PYF,1995,
French Polynesia,PYF,1994,
French Polynesia,PYF,1993,
French Polynesia,PYF,1992,
French Polynesia,PYF,1991,
French Polynesia,PYF,1990,
French Polynesia,PYF,1989,
French Polynesia,PYF,1988,
French Polynesia,PYF,1987,
French Polynesia,PYF,1986,
French Polynesia,PYF,1985,
French Polynesia,PYF,1984,
French Polynesia,PYF,1983,
French Polynesia,PYF,1982,
French Polynesia,PYF,1981,
French Polynesia,PYF,1980,
French Polynesia,PYF,1979,
French Polynesia,PYF,1978,
French Polynesia,PYF,1977,
French Polynesia,PYF,1976,
French Polynesia,PYF,1975,
French Polynesia,PYF,1974,
French Polynesia,PYF,1973,
French Polynesia,PYF,1972,
French Polynesia,PYF,1971,
French Polynesia,PYF,1970,
French Polynesia,PYF,1969,
French Polynesia,PYF,1968,
French Polynesia,PYF,1967,
French Polynesia,PYF,1966,
French Polynesia,PYF,1965,
French Polynesia,PYF,1964,
French Polynesia,PYF,1963,
French Polynesia,PYF,1962,
French Polynesia,PYF,1961,
French Polynesia,PYF,1960,
Gabon,GAB,2025,
Gabon,GAB,2024,25.9
Gabon,GAB,2023,26.9
Gabon,GAB,2022,27.5
Gabon,GAB,2021,28.5
Gabon,GAB,2020,28.8
Gabon,GAB,2019,30.1
Gabon,GAB,2018,31.1
Gabon,GAB,2017,32.0
Gabon,GAB,2016,32.6
Gabon,GAB,2015,33.7
Gabon,GAB,2014,34.7
Gabon,GAB,2013,35.3
Gabon,GAB,2012,36.4
Gabon,GAB,2011,37.5
Gabon,GAB,2010,38.8
Gabon,GAB,2009,40.0
Gabon,GAB,2008,40.8
Gabon,GAB,2007,41.9
Gabon,GAB,2006,43.2
Gabon,GAB,2005,44.3
Gabon,GAB,2004,45.5
Gabon,GAB,2003,46.8
Gabon,GAB,2002,48.1
Gabon,GAB,2001,49.4
Gabon,GAB,2000,50.7
Gabon,GAB,1999,51.9
Gabon,GAB,1998,53.0
Gabon,GAB,1997,54.0
Gabon,GAB,1996,54.8
Gabon,GAB,1995,55.6
Gabon,GAB,1994,56.2
Gabon,GAB,1993,56.8
Gabon,GAB,1992,57.4
Gabon,GAB,1991,58.1
Gabon,GAB,1990,58.8
Gabon,GAB,1989,59.7
Gabon,GAB,1988,60.6
Gabon,GAB,1987,61.6
Gabon,GAB,1986,62.7
Gabon,GAB,1985,64.1
Gabon,GAB,1984,65.5
Gabon,GAB,1983,67.1
Gabon,GAB,1982,68.7
Gabon,GAB,1981,70.5
Gabon,GAB,1980,72.4
Gabon,GAB,1979,74.2
Gabon,GAB,1978,76.2
Gabon,GAB,1977,78.1
Gabon,GAB,1976,80.1
Gabon,GAB,1975,82.0
Gabon,GAB,1974,84.0
Gabon,GAB,1973,86.1
Gabon,GAB,1972,88.0
Gabon,GAB,1971,90.0
Gabon,GAB,1970,92.0
Gabon,GAB,1969,94.0
Gabon,GAB,1968,96.1
Gabon,GAB,1967,98.1
Gabon,GAB,1966,100.2
Gabon,GAB,1965,102.3
Gabon,GAB,1964,104.4
Gabon,GAB,1963,106.6
Gabon,GAB,1962,108.6
Gabon,GAB,1961,110.7
Gabon,GAB,1960,112.8
"Gambia, The",GMB,2025,
"Gambia, The",GMB,2024,32.7
"Gambia, The",GMB,2023,33.7
"Gambia, The",GMB,2022,34.7
"Gambia, The",GMB,2021,35.9
"Gambia, The",GMB,2020,37.0
"Gambia, The",GMB,2019,38.2
"Gambia, The",GMB,2018,39.4
"Gambia, The",GMB,2017,40.7
"Gambia, The",GMB,2016,42.1
"Gambia, The",GMB,2015,43.5
"Gambia, The",GMB,2014,45.0
"Gambia, The",GMB,2013,46.5
"Gambia, The",GMB,2012,48.1
"Gambia, The",GMB,2011,49.8
"Gambia, The",GMB,2010,51.5
"Gambia, The",GMB,2009,53.4
"Gambia, The",GMB,2008,55.3
"Gambia, The",GMB,2007,57.3
"Gambia, The",GMB,2006,59.4
"Gambia, The",GMB,2005,61.5
"Gambia, The",GMB,2004,63.8
"Gambia, The",GMB,2003,66.1
"Gambia, The",GMB,2002,68.5
"Gambia, The",GMB,2001,70.9
"Gambia, The",GMB,2000,73.3
"Gambia, The",GMB,1999,75.8
"Gambia, The",GMB,1998,78.3
"Gambia, The",GMB,1997,80.9
"Gambia, The",GMB,1996,83.5
"Gambia, The",GMB,1995,86.2
"Gambia, The",GMB,1994,88.9
"Gambia, The",GMB,1993,91.6
"Gambia, The",GMB,1992,94.3
"Gambia, The",GMB,1991,96.9
"Gambia, The",GMB,1990,99.5
"Gambia, The",GMB,1989,102.1
"Gambia, The",GMB,1988,104.8
"Gambia, The",GMB,1987,107.5
"Gambia, The",GMB,1986,110.3
"Gambia, The",GMB,1985,113.2
"Gambia, The",GMB,1984,116.0
"Gambia, The",GMB,1983,118.7
"Gambia, The",GMB,1982,121.3
"Gambia, The",GMB,1981,123.9
"Gambia, The",GMB,1980,126.2
"Gambia, The",GMB,1979,128.4
"Gambia, The",GMB,1978,130.4
"Gambia, The",GMB,1977,132.5
"Gambia, The",GMB,1976,134.5
"Gambia, The",GMB,1975,136.6
"Gambia, The",GMB,1974,138.7
"Gambia, The",GMB,1973,140.6
"Gambia, The",GMB,1972,142.4
"Gambia, The",GMB,1971,144.1
"Gambia, The",GMB,1970,145.6
"Gambia, The",GMB,1969,147.1
"Gambia, The",GMB,1968,148.2
"Gambia, The",GMB,1967,149.3
"Gambia, The",GMB,1966,150.6
"Gambia, The",GMB,1965,151.8
"Gambia, The",GMB,1964,152.8
"Gambia, The",GMB,1963,153.8
"Gambia, The",GMB,1962,154.9
"Gambia, The",GMB,1961,156.0
"Gambia, The",GMB,1960,157.2
Georgia,GEO,2025,
Georgia,GEO,2024,7.5
Georgia,GEO,2023,7.6
Georgia,GEO,2022,7.7
Georgia,GEO,2021,7.9
Georgia,GEO,2020,8.0
Georgia,GEO,2019,8.2
Georgia,GEO,2018,8.3
Georgia,GEO,2017,8.5
Georgia,GEO,2016,8.7
Georgia,GEO,2015,8.9
Georgia,GEO,2014,9.2
Georgia,GEO,2013,9.6
Georgia,GEO,2012,10.2
Georgia,GEO,2011,10.9
Georgia,GEO,2010,11.8
Georgia,GEO,2009,12.9
Georgia,GEO,2008,14.1
Georgia,GEO,2007,15.6
Georgia,GEO,2006,17.3
Georgia,GEO,2005,19.1
Georgia,GEO,2004,21.1
Georgia,GEO,2003,23.2
Georgia,GEO,2002,25.2
Georgia,GEO,2001,27.3
Georgia,GEO,2000,29.2
Georgia,GEO,1999,31.0
Georgia,GEO,1998,32.7
Georgia,GEO,1997,34.0
Georgia,GEO,1996,35.2
Georgia,GEO,1995,36.2
Georgia,GEO,1994,36.9
Georgia,GEO,1993,37.4
Georgia,GEO,1992,37.9
Georgia,GEO,1991,38.2
Georgia,GEO,1990,38.5
Georgia,GEO,1989,38.8
Georgia,GEO,1988,39.2
Georgia,GEO,1987,39.6
Georgia,GEO,1986,40.2
Georgia,GEO,1985,41.0
Georgia,GEO,1984,42.0
Georgia,GEO,1983,43.3
Georgia,GEO,1982,44.8
Georgia,GEO,1981,46.4
Georgia,GEO,1980,48.1
Georgia,GEO,1979,49.9
Georgia,GEO,1978,51.8
Georgia,GEO,1977,53.7
Georgia,GEO,1976,55.8
Georgia,GEO,1975,57.9
Georgia,GEO,1974,
Georgia,GEO,1973,
Georgia,GEO,1972,
Georgia,GEO,1971,
Georgia,GEO,1970,
Georgia,GEO,1969,
Georgia,GEO,1968,
Georgia,GEO,1967,
Georgia,GEO,1966,
Georgia,GEO,1965,
Georgia,GEO,1964,
Georgia,GEO,1963,
Georgia,GEO,1962,
Georgia,GEO,1961,
Georgia,GEO,1960,
Germany,DEU,2025,
Germany,DEU,2024,3.1
Germany,DEU,2023,3.1
Germany,DEU,2022,3.1
Germany,DEU,2021,3.1
Germany,DEU,2020,3.1
Germany,DEU,2019,3.1
Germany,DEU,2018,3.2
Germany,DEU,2017,3.2
Germany,DEU,2016,3.3
Germany,DEU,2015,3.3
Germany,DEU,2014,3.3
Germany,DEU,2013,3.3
Germany,DEU,2012,3.4
Germany,DEU,2011,3.4
Germany,DEU,2010,3.5
Germany,DEU,2009,3.5
Germany,DEU,2008,3.6
Germany,DEU,2007,3.7
Germany,DEU,2006,3.8
Germany,DEU,2005,3.9
Germany,DEU,2004,4.0
Germany,DEU,2003,4.1
Germany,DEU,2002,4.2
Germany,DEU,2001,4.3
Germany,DEU,2000,4.4
Germany,DEU,1999,4.5
Germany,DEU,1998,4.7
Germany,DEU,1997,4.8
Germany,DEU,1996,5.0
Germany,DEU,1995,5.3
Germany,DEU,1994,5.5
Germany,DEU,1993,5.8
Germany,DEU,1992,6.2
Germany,DEU,1991,6.6
Germany,DEU,1990,7.0
Germany,DEU,1989,7.4
Germany,DEU,1988,7.8
Germany,DEU,1987,8.3
Germany,DEU,1986,8.7
Germany,DEU,1985,9.2
Germany,DEU,1984,9.7
Germany,DEU,1983,10.3
Germany,DEU,1982,11.0
Germany,DEU,1981,11.8
Germany,DEU,1980,12.6
Germany,DEU,1979,13.5
Germany,DEU,1978,14.4
Germany,DEU,1977,15.5
Germany,DEU,1976,16.6
Germany,DEU,1975,17.7
Germany,DEU,1974,18.8
Germany,DEU,1973,19.7
Germany,DEU,1972,20.6
Germany,DEU,1971,21.4
Germany,DEU,1970,22.1
Germany,DEU,1969,22.7
Germany,DEU,1968,23.4
Germany,DEU,1967,
Germany,DEU,1966,
Germany,DEU,1965,
Germany,DEU,1964,
Germany,DEU,1963,
Germany,DEU,1962,
Germany,DEU,1961,
Germany,DEU,1960,
Ghana,GHA,2025,
Ghana,GHA,2024,27.5
Ghana,GHA,2023,28.4
Ghana,GHA,2022,29.4
Ghana,GHA,2021,30.5
Ghana,GHA,2020,31.7
Ghana,GHA,2019,32.9
Ghana,GHA,2018,34.1
Ghana,GHA,2017,35.4
Ghana,GHA,2016,36.6
Ghana,GHA,2015,37.9
Ghana,GHA,2014,39.3
Ghana,GHA,2013,40.7
Ghana,GHA,2012,42.3
Ghana,GHA,2011,44.0
Ghana,GHA,2010,45.8
Ghana,GHA,2009,47.5
Ghana,GHA,2008,49.2
Ghana,GHA,2007,50.7
Ghana,GHA,2006,52.1
Ghana,GHA,2005,53.4
Ghana,GHA,2004,54.7
Ghana,GHA,2003,56.2
Ghana,GHA,2002,57.8
Ghana,GHA,2001,59.7
Ghana,GHA,2000,61.7
Ghana,GHA,1999,63.7
Ghana,GHA,1998,65.2
Ghana,GHA,1997,66.5
Ghana,GHA,1996,67.3
Ghana,GHA,1995,67.8
Ghana,GHA,1994,68.3
Ghana,GHA,1993,68.8
Ghana,GHA,1992,69.6
Ghana,GHA,1991,70.9
Ghana,GHA,1990,72.7
Ghana,GHA,1989,75.0
Ghana,GHA,1988,77.6
Ghana,GHA,1987,80.3
Ghana,GHA,1986,82.8
Ghana,GHA,1985,85.1
Ghana,GHA,1984,86.9
Ghana,GHA,1983,88.1
Ghana,GHA,1982,88.8
Ghana,GHA,1981,89.3
Ghana,GHA,1980,89.9
Ghana,GHA,1979,90.9
Ghana,GHA,1978,92.6
Ghana,GHA,1977,95.1
Ghana,GHA,1976,98.1
Ghana,GHA,1975,101.3
Ghana,GHA,1974,104.7
Ghana,GHA,1973,107.9
Ghana,GHA,1972,110.8
Ghana,GHA,1971,113.1
Ghana,GHA,1970,114.8
Ghana,GHA,1969,116.1
Ghana,GHA,1968,116.9
Ghana,GHA,1967,117.4
Ghana,GHA,1966,117.8
Ghana,GHA,1965,118.2
Ghana,GHA,1964,118.7
Ghana,GHA,1963,119.3
Ghana,GHA,1962,120.0
Ghana,GHA,1961,121.0
Ghana,GHA,1960,122.0
Gibraltar,GIB,2025,
Gibraltar,GIB,2024,
Gibraltar,GIB,2023,
Gibraltar,GIB,2022,
Gibraltar,GIB,2021,
Gibraltar,GIB,2020,
Gibraltar,GIB,2019,
Gibraltar,GIB,2018,
Gibraltar,GIB,2017,
Gibraltar,GIB,2016,
Gibraltar,GIB,2015,
Gibraltar,GIB,2014,
Gibraltar,GIB,2013,
Gibraltar,GIB,2012,
Gibraltar,GIB,2011,
Gibraltar,GIB,2010,
Gibraltar,GIB,2009,
Gibraltar,GIB,2008,
Gibraltar,GIB,2007,
Gibraltar,GIB,2006,
Gibraltar,GIB,2005,
Gibraltar,GIB,2004,
Gibraltar,GIB,2003,
Gibraltar,GIB,2002,
Gibraltar,GIB,2001,
Gibraltar,GIB,2000,
Gibraltar,GIB,1999,
Gibraltar,GIB,1998,
Gibraltar,GIB,1997,
Gibraltar,GIB,1996,
Gibraltar,GIB,1995,
Gibraltar,GIB,1994,
Gibraltar,GIB,1993,
Gibraltar,GIB,1992,
Gibraltar,GIB,1991,
Gibraltar,GIB,1990,
Gibraltar,GIB,1989,
Gibraltar,GIB,1988,
Gibraltar,GIB,1987,
Gibraltar,GIB,1986,
Gibraltar,GIB,1985,
Gibraltar,GIB,1984,
Gibraltar,GIB,1983,
Gibraltar,GIB,1982,
Gibraltar,GIB,1981,
Gibraltar,GIB,1980,
Gibraltar,GIB,1979,
Gibraltar,GIB,1978,
Gibraltar,GIB,1977,
Gibraltar,GIB,1976,
Gibraltar,GIB,1975,
Gibraltar,GIB,1974,
Gibraltar,GIB,1973,
Gibraltar,GIB,1972,
Gibraltar,GIB,1971,
Gibraltar,GIB,1970,
Gibraltar,GIB,1969,
Gibraltar,GIB,1968,
Gibraltar,GIB,1967,
Gibraltar,GIB,1966,
Gibraltar,GIB,1965,
Gibraltar,GIB,1964,
Gibraltar,GIB,1963,
Gibraltar,GIB,1962,
Gibraltar,GIB,1961,
Gibraltar,GIB,1960,
Greece,GRC,2025,
Greece,GRC,2024,3.2
Greece,GRC,2023,3.3
Greece,GRC,2022,3.3
Greece,GRC,2021,3.4
Greece,GRC,2020,3.4
Greece,GRC,2019,3.5
Greece,GRC,2018,3.6
Greece,GRC,2017,3.6
Greece,GRC,2016,3.6
Greece,GRC,2015,3.6
Greece,GRC,2014,3.6
Greece,GRC,2013,3.5
Greece,GRC,2012,3.4
Greece,GRC,2011,3.4
Greece,GRC,2010,3.3
Greece,GRC,2009,3.3
Greece,GRC,2008,3.4
Greece,GRC,2007,3.5
Greece,GRC,2006,3.7
Greece,GRC,2005,3.9
Greece,GRC,2004,4.1
Greece,GRC,2003,4.4
Greece,GRC,2002,4.8
Greece,GRC,2001,5.1
Greece,GRC,2000,5.5
Greece,GRC,1999,5.9
Greece,GRC,1998,6.3
Greece,GRC,1997,6.7
Greece,GRC,1996,7.0
Greece,GRC,1995,7.4
Greece,GRC,1994,7.7
Greece,GRC,1993,8.0
Greece,GRC,1992,8.3
Greece,GRC,1991,8.7
Greece,GRC,1990,9.2
Greece,GRC,1989,9.8
Greece,GRC,1988,10.5
Greece,GRC,1987,11.3
Greece,GRC,1986,12.1
Greece,GRC,1985,12.9
Greece,GRC,1984,13.7
Greece,GRC,1983,14.4
Greece,GRC,1982,15.3
Greece,GRC,1981,16.3
Greece,GRC,1980,17.4
Greece,GRC,1979,18.6
Greece,GRC,1978,19.9
Greece,GRC,1977,21.1
Greece,GRC,1976,22.2
Greece,GRC,1975,23.2
Greece,GRC,1974,23.9
Greece,GRC,1973,24.5
Greece,GRC,1972,25.1
Greece,GRC,1971,26.2
Greece,GRC,1970,27.6
Greece,GRC,1969,29.3
Greece,GRC,1968,30.9
Greece,GRC,1967,32.4
Greece,GRC,1966,33.5
Greece,GRC,1965,34.4
Greece,GRC,1964,35.3
Greece,GRC,1963,36.3
Greece,GRC,1962,37.3
Greece,GRC,1961,38.1
Greece,GRC,1960,38.7
Greenland,GRL,2025,
Greenland,GRL,2024,
Greenland,GRL,2023,
Greenland,GRL,2022,
Greenland,GRL,2021,
Greenland,GRL,2020,
Greenland,GRL,2019,
Greenland,GRL,2018,
Greenland,GRL,2017,
Greenland,GRL,2016,
Greenland,GRL,2015,
Greenland,GRL,2014,
Greenland,GRL,2013,
Greenland,GRL,2012,
Greenland,GRL,2011,
Greenland,GRL,2010,
Greenland,GRL,2009,
Greenland,GRL,2008,
Greenland,GRL,2007,
Greenland,GRL,2006,
Greenland,GRL,2005,
Greenland,GRL,2004,
Greenland,GRL,2003,
Greenland,GRL,2002,
Greenland,GRL,2001,
Greenland,GRL,2000,
Greenland,GRL,1999,
Greenland,GRL,1998,
Greenland,GRL,1997,
Greenland,GRL,1996,
Greenland,GRL,1995,
Greenland,GRL,1994,
Greenland,GRL,1993,
Greenland,GRL,1992,
Greenland,GRL,1991,
Greenland,GRL,1990,
Greenland,GRL,1989,
Greenland,GRL,1988,
Greenland,GRL,1987,
Greenland,GRL,1986,
Greenland,GRL,1985,
Greenland,GRL,1984,
Greenland,GRL,1983,
Greenland,GRL,1982,
Greenland,GRL,1981,
Greenland,GRL,1980,
Greenland,GRL,1979,
Greenland,GRL,1978,
Greenland,GRL,1977,
Greenland,GRL,1976,
Greenland,GRL,1975,
Greenland,GRL,1974,
Greenland,GRL,1973,
Greenland,GRL,1972,
Greenland,GRL,1971,
Greenland,GRL,1970,
Greenland,GRL,1969,
Greenland,GRL,1968,
Greenland,GRL,1967,
Greenland,GRL,1966,
Greenland,GRL,1965,
Greenland,GRL,1964,
Greenland,GRL,1963,
Greenland,GRL,1962,
Greenland,GRL,1961,
Greenland,GRL,1960,
Grenada,GRD,2025,
Grenada,GRD,2024,16.4
Grenada,GRD,2023,16.7
Grenada,GRD,2022,16.9
Grenada,GRD,2021,17.0
Grenada,GRD,2020,17.0
Grenada,GRD,2019,16.8
Grenada,GRD,2018,16.6
Grenada,GRD,2017,16.3
Grenada,GRD,2016,16.1
Grenada,GRD,2015,15.7
Grenada,GRD,2014,15.4
Grenada,GRD,2013,15.0
Grenada,GRD,2012,14.6
Grenada,GRD,2011,14.2
Grenada,GRD,2010,13.9
Grenada,GRD,2009,13.6
Grenada,GRD,2008,13.3
Grenada,GRD,2007,13.1
Grenada,GRD,2006,13.0
Grenada,GRD,2005,12.9
Grenada,GRD,2004,12.9
Grenada,GRD,2003,12.9
Grenada,GRD,2002,13.0
Grenada,GRD,2001,13.2
Grenada,GRD,2000,13.3
Grenada,GRD,1999,13.6
Grenada,GRD,1998,13.9
Grenada,GRD,1997,14.2
Grenada,GRD,1996,14.6
Grenada,GRD,1995,15.1
Grenada,GRD,1994,15.7
Grenada,GRD,1993,16.3
Grenada,GRD,1992,17.0
Grenada,GRD,1991,17.7
Grenada,GRD,1990,18.5
Grenada,GRD,1989,19.3
Grenada,GRD,1988,20.1
Grenada,GRD,1987,20.9
Grenada,GRD,1986,21.9
Grenada,GRD,1985,22.8
Grenada,GRD,1984,23.9
Grenada,GRD,1983,24.9
Grenada,GRD,1982,26.0
Grenada,GRD,1981,27.0
Grenada,GRD,1980,28.0
Grenada,GRD,1979,29.0
Grenada,GRD,1978,29.8
Grenada,GRD,1977,30.5
Grenada,GRD,1976,31.1
Grenada,GRD,1975,31.6
Grenada,GRD,1974,32.1
Grenada,GRD,1973,32.6
Grenada,GRD,1972,33.1
Grenada,GRD,1971,33.7
Grenada,GRD,1970,34.5
Grenada,GRD,1969,35.4
Grenada,GRD,1968,36.7
Grenada,GRD,1967,38.4
Grenada,GRD,1966,40.4
Grenada,GRD,1965,43.0
Grenada,GRD,1964,46.0
Grenada,GRD,1963,49.5
Grenada,GRD,1962,53.3
Grenada,GRD,1961,57.1
Grenada,GRD,1960,60.9
Guam,GUM,2025,
Guam,GUM,2024,
Guam,GUM,2023,
Guam,GUM,2022,
Guam,GUM,2021,
Guam,GUM,2020,
Guam,GUM,2019,
Guam,GUM,2018,
Guam,GUM,2017,
Guam,GUM,2016,
Guam,GUM,2015,
Guam,GUM,2014,
Guam,GUM,2013,
Guam,GUM,2012,
Guam,GUM,2011,
Guam,GUM,2010,
Guam,GUM,2009,
Guam,GUM,2008,
Guam,GUM,2007,
Guam,GUM,2006,
Guam,GUM,2005,
Guam,GUM,2004,
Guam,GUM,2003,
Guam,GUM,2002,
Guam,GUM,2001,
Guam,GUM,2000,
Guam,GUM,1999,
Guam,GUM,1998,
Guam,GUM,1997,
Guam,GUM,1996,
Guam,GUM,1995,
Guam,GUM,1994,
Guam,GUM,1993,
Guam,GUM,1992,
Guam,GUM,1991,
Guam,GUM,1990,
Guam,GUM,1989,
Guam,GUM,1988,
Guam,GUM,1987,
Guam,GUM,1986,
Guam,GUM,1985,
Guam,GUM,1984,
Guam,GUM,1983,
Guam,GUM,1982,
Guam,GUM,1981,
Guam,GUM,1980,
Guam,GUM,1979,
Guam,GUM,1978,
Guam,GUM,1977,
Guam,GUM,1976,
Guam,GUM,1975,
Guam,GUM,1974,
Guam,GUM,1973,
Guam,GUM,1972,
Guam,GUM,1971,
Guam,GUM,1970,
Guam,GUM,1969,
Guam,GUM,1968,
Guam,GUM,1967,
Guam,GUM,1966,
Guam,GUM,1965,
Guam,GUM,1964,
Guam,GUM,1963,
Guam,GUM,1962,
Guam,GUM,1961,
Guam,GUM,1960,
Guatemala,GTM,2025,
Guatemala,GTM,2024,17.2
Guatemala,GTM,2023,17.7
Guatemala,GTM,2022,18.3
Guatemala,GTM,2021,18.9
Guatemala,GTM,2020,19.5
Guatemala,GTM,2019,20.2
Guatemala,GTM,2018,20.8
Guatemala,GTM,2017,21.6
Guatemala,GTM,2016,22.3
Guatemala,GTM,2015,23.1
Guatemala,GTM,2014,24.0
Guatemala,GTM,2013,24.9
Guatemala,GTM,2012,26.0
Guatemala,GTM,2011,27.0
Guatemala,GTM,2010,28.0
Guatemala,GTM,2009,29.2
Guatemala,GTM,2008,30.3
Guatemala,GTM,2007,31.5
Guatemala,GTM,2006,32.7
Guatemala,GTM,2005,33.9
Guatemala,GTM,2004,35.1
Guatemala,GTM,2003,36.4
Guatemala,GTM,2002,37.8
Guatemala,GTM,2001,39.2
Guatemala,GTM,2000,40.7
Guatemala,GTM,1999,42.3
Guatemala,GTM,1998,43.9
Guatemala,GTM,1997,45.6
Guatemala,GTM,1996,47.4
Guatemala,GTM,1995,49.3
Guatemala,GTM,1994,51.3
Guatemala,GTM,1993,53.5
Guatemala,GTM,1992,55.7
Guatemala,GTM,1991,58.1
Guatemala,GTM,1990,60.6
Guatemala,GTM,1989,63.2
Guatemala,GTM,1988,65.8
Guatemala,GTM,1987,68.6
Guatemala,GTM,1986,71.4
Guatemala,GTM,1985,74.3
Guatemala,GTM,1984,77.2
Guatemala,GTM,1983,80.2
Guatemala,GTM,1982,92.5
Guatemala,GTM,1981,86.3
Guatemala,GTM,1980,89.4
Guatemala,GTM,1979,92.6
Guatemala,GTM,1978,95.7
Guatemala,GTM,1977,99.0
Guatemala,GTM,1976,112.1
Guatemala,GTM,1975,105.6
Guatemala,GTM,1974,109.0
Guatemala,GTM,1973,112.4
Guatemala,GTM,1972,115.9
Guatemala,GTM,1971,119.5
Guatemala,GTM,1970,122.9
Guatemala,GTM,1969,126.3
Guatemala,GTM,1968,129.7
Guatemala,GTM,1967,133.1
Guatemala,GTM,1966,136.4
Guatemala,GTM,1965,139.6
Guatemala,GTM,1964,142.9
Guatemala,GTM,1963,146.1
Guatemala,GTM,1962,149.3
Guatemala,GTM,1961,152.4
Guatemala,GTM,1960,155.7
Guinea,GIN,2025,
Guinea,GIN,2024,59.8
Guinea,GIN,2023,61.4
Guinea,GIN,2022,62.9
Guinea,GIN,2021,64.4
Guinea,GIN,2020,65.7
Guinea,GIN,2019,67.0
Guinea,GIN,2018,68.1
Guinea,GIN,2017,69.0
Guinea,GIN,2016,69.9
Guinea,GIN,2015,71.2
Guinea,GIN,2014,72.0
Guinea,GIN,2013,72.1
Guinea,GIN,2012,72.9
Guinea,GIN,2011,73.6
Guinea,GIN,2010,74.4
Guinea,GIN,2009,75.4
Guinea,GIN,2008,76.6
Guinea,GIN,2007,77.9
Guinea,GIN,2006,79.6
Guinea,GIN,2005,81.7
Guinea,GIN,2004,84.1
Guinea,GIN,2003,87.0
Guinea,GIN,2002,90.1
Guinea,GIN,2001,93.6
Guinea,GIN,2000,97.3
Guinea,GIN,1999,101.2
Guinea,GIN,1998,105.1
Guinea,GIN,1997,108.9
Guinea,GIN,1996,112.6
Guinea,GIN,1995,116.4
Guinea,GIN,1994,120.3
Guinea,GIN,1993,124.0
Guinea,GIN,1992,127.7
Guinea,GIN,1991,131.2
Guinea,GIN,1990,134.5
Guinea,GIN,1989,137.4
Guinea,GIN,1988,140.1
Guinea,GIN,1987,142.8
Guinea,GIN,1986,145.3
Guinea,GIN,1985,147.8
Guinea,GIN,1984,150.4
Guinea,GIN,1983,152.9
Guinea,GIN,1982,155.5
Guinea,GIN,1981,158.1
Guinea,GIN,1980,160.7
Guinea,GIN,1979,163.3
Guinea,GIN,1978,165.9
Guinea,GIN,1977,168.4
Guinea,GIN,1976,170.7
Guinea,GIN,1975,172.8
Guinea,GIN,1974,174.5
Guinea,GIN,1973,176.0
Guinea,GIN,1972,177.7
Guinea,GIN,1971,179.2
Guinea,GIN,1970,180.7
Guinea,GIN,1969,182.0
Guinea,GIN,1968,183.2
Guinea,GIN,1967,184.4
Guinea,GIN,1966,185.5
Guinea,GIN,1965,186.7
Guinea,GIN,1964,187.6
Guinea,GIN,1963,188.5
Guinea,GIN,1962,189.3
Guinea,GIN,1961,190.0
Guinea,GIN,1960,190.7
Guinea-Bissau,GNB,2025,
Guinea-Bissau,GNB,2024,42.1
Guinea-Bissau,GNB,2023,43.4
Guinea-Bissau,GNB,2022,44.7
Guinea-Bissau,GNB,2021,45.9
Guinea-Bissau,GNB,2020,47.2
Guinea-Bissau,GNB,2019,48.6
Guinea-Bissau,GNB,2018,50.1
Guinea-Bissau,GNB,2017,51.7
Guinea-Bissau,GNB,2016,53.4
Guinea-Bissau,GNB,2015,55.2
Guinea-Bissau,GNB,2014,57.1
Guinea-Bissau,GNB,2013,59.3
Guinea-Bissau,GNB,2012,61.8
Guinea-Bissau,GNB,2011,64.6
Guinea-Bissau,GNB,2010,67.9
Guinea-Bissau,GNB,2009,71.2
Guinea-Bissau,GNB,2008,74.7
Guinea-Bissau,GNB,2007,78.2
Guinea-Bissau,GNB,2006,81.7
Guinea-Bissau,GNB,2005,85.1
Guinea-Bissau,GNB,2004,88.5
Guinea-Bissau,GNB,2003,91.8
Guinea-Bissau,GNB,2002,94.8
Guinea-Bissau,GNB,2001,97.9
Guinea-Bissau,GNB,2000,100.7
Guinea-Bissau,GNB,1999,103.3
Guinea-Bissau,GNB,1998,105.9
Guinea-Bissau,GNB,1997,108.4
Guinea-Bissau,GNB,1996,110.8
Guinea-Bissau,GNB,1995,113.3
Guinea-Bissau,GNB,1994,115.6
Guinea-Bissau,GNB,1993,117.8
Guinea-Bissau,GNB,1992,120.0
Guinea-Bissau,GNB,1991,121.9
Guinea-Bissau,GNB,1990,123.9
Guinea-Bissau,GNB,1989,125.6
Guinea-Bissau,GNB,1988,127.3
Guinea-Bissau,GNB,1987,129.1
Guinea-Bissau,GNB,1986,130.8
Guinea-Bissau,GNB,1985,132.6
Guinea-Bissau,GNB,1984,
Guinea-Bissau,GNB,1983,
Guinea-Bissau,GNB,1982,
Guinea-Bissau,GNB,1981,
Guinea-Bissau,GNB,1980,
Guinea-Bissau,GNB,1979,
Guinea-Bissau,GNB,1978,
Guinea-Bissau,GNB,1977,
Guinea-Bissau,GNB,1976,
Guinea-Bissau,GNB,1975,
Guinea-Bissau,GNB,1974,
Guinea-Bissau,GNB,1973,
Guinea-Bissau,GNB,1972,
Guinea-Bissau,GNB,1971,
Guinea-Bissau,GNB,1970,
Guinea-Bissau,GNB,1969,
Guinea-Bissau,GNB,1968,
Guinea-Bissau,GNB,1967,
Guinea-Bissau,GNB,1966,
Guinea-Bissau,GNB,1965,
Guinea-Bissau,GNB,1964,
Guinea-Bissau,GNB,1963,
Guinea-Bissau,GNB,1962,
Guinea-Bissau,GNB,1961,
Guinea-Bissau,GNB,1960,
Guyana,GUY,2025,
Guyana,GUY,2024,23.2
Guyana,GUY,2023,24.0
Guyana,GUY,2022,24.8
Guyana,GUY,2021,25.5
Guyana,GUY,2020,26.3
Guyana,GUY,2019,27.1
Guyana,GUY,2018,27.9
Guyana,GUY,2017,28.8
Guyana,GUY,2016,29.6
Guyana,GUY,2015,30.4
Guyana,GUY,2014,31.3
Guyana,GUY,2013,32.1
Guyana,GUY,2012,32.8
Guyana,GUY,2011,33.4
Guyana,GUY,2010,34.0
Guyana,GUY,2009,34.6
Guyana,GUY,2008,35.3
Guyana,GUY,2007,35.9
Guyana,GUY,2006,36.6
Guyana,GUY,2005,37.3
Guyana,GUY,2004,38.0
Guyana,GUY,2003,38.8
Guyana,GUY,2002,39.7
Guyana,GUY,2001,40.5
Guyana,GUY,2000,41.5
Guyana,GUY,1999,42.5
Guyana,GUY,1998,43.5
Guyana,GUY,1997,44.6
Guyana,GUY,1996,45.7
Guyana,GUY,1995,46.8
Guyana,GUY,1994,48.1
Guyana,GUY,1993,49.4
Guyana,GUY,1992,50.7
Guyana,GUY,1991,52.0
Guyana,GUY,1990,53.3
Guyana,GUY,1989,54.5
Guyana,GUY,1988,55.6
Guyana,GUY,1987,56.5
Guyana,GUY,1986,57.2
Guyana,GUY,1985,57.8
Guyana,GUY,1984,58.3
Guyana,GUY,1983,58.8
Guyana,GUY,1982,59.1
Guyana,GUY,1981,59.5
Guyana,GUY,1980,59.8
Guyana,GUY,1979,60.0
Guyana,GUY,1978,60.3
Guyana,GUY,1977,60.5
Guyana,GUY,1976,60.6
Guyana,GUY,1975,60.6
Guyana,GUY,1974,60.6
Guyana,GUY,1973,60.5
Guyana,GUY,1972,60.4
Guyana,GUY,1971,60.3
Guyana,GUY,1970,60.3
Guyana,GUY,1969,60.4
Guyana,GUY,1968,60.6
Guyana,GUY,1967,61.0
Guyana,GUY,1966,61.6
Guyana,GUY,1965,62.4
Guyana,GUY,1964,63.5
Guyana,GUY,1963,65.0
Guyana,GUY,1962,66.8
Guyana,GUY,1961,69.0
Guyana,GUY,1960,71.7
Haiti,HTI,2025,
Haiti,HTI,2024,39.0
Haiti,HTI,2023,40.1
Haiti,HTI,2022,41.3
Haiti,HTI,2021,42.5
Haiti,HTI,2020,43.6
Haiti,HTI,2019,44.7
Haiti,HTI,2018,46.0
Haiti,HTI,2017,47.2
Haiti,HTI,2016,48.5
Haiti,HTI,2015,49.7
Haiti,HTI,2014,50.9
Haiti,HTI,2013,52.0
Haiti,HTI,2012,53.2
Haiti,HTI,2011,54.4
Haiti,HTI,2010,79.3
Haiti,HTI,2009,56.8
Haiti,HTI,2008,58.0
Haiti,HTI,2007,59.1
Haiti,HTI,2006,60.4
Haiti,HTI,2005,61.8
Haiti,HTI,2004,63.2
Haiti,HTI,2003,64.9
Haiti,HTI,2002,66.7
Haiti,HTI,2001,68.8
Haiti,HTI,2000,71.1
Haiti,HTI,1999,73.5
Haiti,HTI,1998,76.1
Haiti,HTI,1997,78.8
Haiti,HTI,1996,81.6
Haiti,HTI,1995,84.4
Haiti,HTI,1994,87.3
Haiti,HTI,1993,90.1
Haiti,HTI,1992,93.0
Haiti,HTI,1991,95.7
Haiti,HTI,1990,98.6
Haiti,HTI,1989,101.4
Haiti,HTI,1988,104.4
Haiti,HTI,1987,107.3
Haiti,HTI,1986,110.4
Haiti,HTI,1985,113.6
Haiti,HTI,1984,116.9
Haiti,HTI,1983,120.2
Haiti,HTI,1982,123.8
Haiti,HTI,1981,127.3
Haiti,HTI,1980,130.8
Haiti,HTI,1979,134.4
Haiti,HTI,1978,138.2
Haiti,HTI,1977,141.9
Haiti,HTI,1976,145.7
Haiti,HTI,1975,149.7
Haiti,HTI,1974,153.6
Haiti,HTI,1973,157.4
Haiti,HTI,1972,161.2
Haiti,HTI,1971,164.8
Haiti,HTI,1970,168.0
Haiti,HTI,1969,171.1
Haiti,HTI,1968,174.3
Haiti,HTI,1967,177.2
Haiti,HTI,1966,180.1
Haiti,HTI,1965,182.8
Haiti,HTI,1964,185.3
Haiti,HTI,1963,187.9
Haiti,HTI,1962,190.2
Haiti,HTI,1961,192.8
Haiti,HTI,1960,195.4
Honduras,HND,2025,
Honduras,HND,2024,12.8
Honduras,HND,2023,13.2
Honduras,HND,2022,13.6
Honduras,HND,2021,14.0
Honduras,HND,2020,14.5
Honduras,HND,2019,14.9
Honduras,HND,2018,15.4
Honduras,HND,2017,15.9
Honduras,HND,2016,16.5
Honduras,HND,2015,17.0
Honduras,HND,2014,17.6
Honduras,HND,2013,18.2
Honduras,HND,2012,18.8
Honduras,HND,2011,19.4
Honduras,HND,2010,20.1
Honduras,HND,2009,20.8
Honduras,HND,2008,21.5
Honduras,HND,2007,22.3
Honduras,HND,2006,23.2
Honduras,HND,2005,24.1
Honduras,HND,2004,25.1
Honduras,HND,2003,26.1
Honduras,HND,2002,27.2
Honduras,HND,2001,28.4
Honduras,HND,2000,29.6
Honduras,HND,1999,30.9
Honduras,HND,1998,41.5
Honduras,HND,1997,33.5
Honduras,HND,1996,34.8
Honduras,HND,1995,36.2
Honduras,HND,1994,37.7
Honduras,HND,1993,39.2
Honduras,HND,1992,40.9
Honduras,HND,1991,42.7
Honduras,HND,1990,44.7
Honduras,HND,1989,46.7
Honduras,HND,1988,48.9
Honduras,HND,1987,51.3
Honduras,HND,1986,53.7
Honduras,HND,1985,56.3
Honduras,HND,1984,59.0
Honduras,HND,1983,61.8
Honduras,HND,1982,64.7
Honduras,HND,1981,67.8
Honduras,HND,1980,70.9
Honduras,HND,1979,74.2
Honduras,HND,1978,77.4
Honduras,HND,1977,80.7
Honduras,HND,1976,84.1
Honduras,HND,1975,87.5
Honduras,HND,1974,100.6
Honduras,HND,1973,94.5
Honduras,HND,1972,98.0
Honduras,HND,1971,101.6
Honduras,HND,1970,105.2
Honduras,HND,1969,108.8
Honduras,HND,1968,112.5
Honduras,HND,1967,116.1
Honduras,HND,1966,119.8
Honduras,HND,1965,123.5
Honduras,HND,1964,127.1
Honduras,HND,1963,130.8
Honduras,HND,1962,134.4
Honduras,HND,1961,138.0
Honduras,HND,1960,141.8
"Hong Kong SAR, China",HKG,2025,
"Hong Kong SAR, China",HKG,2024,
"Hong Kong SAR, China",HKG,2023,
"Hong Kong SAR, China",HKG,2022,
"Hong Kong SAR, China",HKG,2021,
"Hong Kong SAR, China",HKG,2020,
"Hong Kong SAR, China",HKG,2019,
"Hong Kong SAR, China",HKG,2018,
"Hong Kong SAR, China",HKG,2017,
"Hong Kong SAR, China",HKG,2016,
"Hong Kong SAR, China",HKG,2015,
"Hong Kong SAR, China",HKG,2014,
"Hong Kong SAR, China",HKG,2013,
"Hong Kong SAR, China",HKG,2012,
"Hong Kong SAR, China",HKG,2011,
"Hong Kong SAR, China",HKG,2010,
"Hong Kong SAR, China",HKG,2009,
"Hong Kong SAR, China",HKG,2008,
"Hong Kong SAR, China",HKG,2007,
"Hong Kong SAR, China",HKG,2006,
"Hong Kong SAR, China",HKG,2005,
"Hong Kong SAR, China",HKG,2004,
"Hong Kong SAR, China",HKG,2003,
"Hong Kong SAR, China",HKG,2002,
"Hong Kong SAR, China",HKG,2001,
"Hong Kong SAR, China",HKG,2000,
"Hong Kong SAR, China",HKG,1999,
"Hong Kong SAR, China",HKG,1998,
"Hong Kong SAR, China",HKG,1997,
"Hong Kong SAR, China",HKG,1996,
"Hong Kong SAR, China",HKG,1995,
"Hong Kong SAR, China",HKG,1994,
"Hong Kong SAR, China",HKG,1993,
"Hong Kong SAR, China",HKG,1992,
"Hong Kong SAR, China",HKG,1991,
"Hong Kong SAR, China",HKG,1990,
"Hong Kong SAR, China",HKG,1989,
"Hong Kong SAR, China",HKG,1988,
"Hong Kong SAR, China",HKG,1987,
"Hong Kong SAR, China",HKG,1986,
"Hong Kong SAR, China",HKG,1985,
"Hong Kong SAR, China",HKG,1984,
"Hong Kong SAR, China",HKG,1983,
"Hong Kong SAR, China",HKG,1982,
"Hong Kong SAR, China",HKG,1981,
"Hong Kong SAR, China",HKG,1980,
"Hong Kong SAR, China",HKG,1979,
"Hong Kong SAR, China",HKG,1978,
"Hong Kong SAR, China",HKG,1977,
"Hong Kong SAR, China",HKG,1976,
"Hong Kong SAR, China",HKG,1975,
"Hong Kong SAR, China",HKG,1974,
"Hong Kong SAR, China",HKG,1973,
"Hong Kong SAR, China",HKG,1972,
"Hong Kong SAR, China",HKG,1971,
"Hong Kong SAR, China",HKG,1970,
"Hong Kong SAR, China",HKG,1969,
"Hong Kong SAR, China",HKG,1968,
"Hong Kong SAR, China",HKG,1967,
"Hong Kong SAR, China",HKG,1966,
"Hong Kong SAR, China",HKG,1965,
"Hong Kong SAR, China",HKG,1964,
"Hong Kong SAR, China",HKG,1963,
"Hong Kong SAR, China",HKG,1962,
"Hong Kong SAR, China",HKG,1961,
"Hong Kong SAR, China",HKG,1960,
Hungary,HUN,2025,
Hungary,HUN,2024,3.1
Hungary,HUN,2023,3.2
Hungary,HUN,2022,3.2
Hungary,HUN,2021,3.3
Hungary,HUN,2020,3.4
Hungary,HUN,2019,3.4
Hungary,HUN,2018,3.6
Hungary,HUN,2017,3.7
Hungary,HUN,2016,4.0
Hungary,HUN,2015,4.2
Hungary,HUN,2014,4.5
Hungary,HUN,2013,4.7
Hungary,HUN,2012,4.8
Hungary,HUN,2011,5.0
Hungary,HUN,2010,5.1
Hungary,HUN,2009,5.3
Hungary,HUN,2008,5.5
Hungary,HUN,2007,5.8
Hungary,HUN,2006,6.1
Hungary,HUN,2005,6.4
Hungary,HUN,2004,6.8
Hungary,HUN,2003,7.2
Hungary,HUN,2002,7.6
Hungary,HUN,2001,8.1
Hungary,HUN,2000,8.7
Hungary,HUN,1999,9.1
Hungary,HUN,1998,9.5
Hungary,HUN,1997,9.9
Hungary,HUN,1996,10.3
Hungary,HUN,1995,10.9
Hungary,HUN,1994,11.6
Hungary,HUN,1993,12.7
Hungary,HUN,1992,13.7
Hungary,HUN,1991,14.6
Hungary,HUN,1990,15.2
Hungary,HUN,1989,15.8
Hungary,HUN,1988,16.6
Hungary,HUN,1987,17.5
Hungary,HUN,1986,18.5
Hungary,HUN,1985,19.3
Hungary,HUN,1984,19.7
Hungary,HUN,1983,19.7
Hungary,HUN,1982,19.8
Hungary,HUN,1981,20.4
Hungary,HUN,1980,21.4
Hungary,HUN,1979,22.8
Hungary,HUN,1978,24.5
Hungary,HUN,1977,26.6
Hungary,HUN,1976,29.3
Hungary,HUN,1975,32.2
Hungary,HUN,1974,34.2
Hungary,HUN,1973,34.8
Hungary,HUN,1972,34.6
Hungary,HUN,1971,34.7
Hungary,HUN,1970,35.2
Hungary,HUN,1969,35.9
Hungary,HUN,1968,36.8
Hungary,HUN,1967,37.8
Hungary,HUN,1966,38.9
Hungary,HUN,1965,39.9
Hungary,HUN,1964,41.1
Hungary,HUN,1963,42.5
Hungary,HUN,1962,44.0
Hungary,HUN,1961,45.9
Hungary,HUN,1960,48.0
Iceland,ISL,2025,
Iceland,ISL,2024,2.1
Iceland,ISL,2023,2.1
Iceland,ISL,2022,2.2
Iceland,ISL,2021,2.1
Iceland,ISL,2020,2.1
Iceland,ISL,2019,2.1
Iceland,ISL,2018,2.1
Iceland,ISL,2017,2.0
Iceland,ISL,2016,2.0
Iceland,ISL,2015,2.0
Iceland,ISL,2014,2.0
Iceland,ISL,2013,2.0
Iceland,ISL,2012,2.0
Iceland,ISL,2011,2.0
Iceland,ISL,2010,2.0
Iceland,ISL,2009,2.1
Iceland,ISL,2008,2.1
Iceland,ISL,2007,2.2
Iceland,ISL,2006,2.3
Iceland,ISL,2005,2.4
Iceland,ISL,2004,2.5
Iceland,ISL,2003,2.6
Iceland,ISL,2002,2.8
Iceland,ISL,2001,2.9
Iceland,ISL,2000,3.1
Iceland,ISL,1999,3.3
Iceland,ISL,1998,3.5
Iceland,ISL,1997,3.7
Iceland,ISL,1996,3.9
Iceland,ISL,1995,4.1
Iceland,ISL,1994,4.3
Iceland,ISL,1993,4.6
Iceland,ISL,1992,4.8
Iceland,ISL,1991,5.0
Iceland,ISL,1990,5.2
Iceland,ISL,1989,5.4
Iceland,ISL,1988,5.5
Iceland,ISL,1987,5.7
Iceland,ISL,1986,5.9
Iceland,ISL,1985,6.2
Iceland,ISL,1984,6.4
Iceland,ISL,1983,6.7
Iceland,ISL,1982,7.0
Iceland,ISL,1981,7.4
Iceland,ISL,1980,7.8
Iceland,ISL,1979,8.3
Iceland,ISL,1978,8.8
Iceland,ISL,1977,9.3
Iceland,ISL,1976,9.9
Iceland,ISL,1975,10.4
Iceland,ISL,1974,10.9
Iceland,ISL,1973,11.4
Iceland,ISL,1972,11.9
Iceland,ISL,1971,12.4
Iceland,ISL,1970,12.9
Iceland,ISL,1969,13.4
Iceland,ISL,1968,13.9
Iceland,ISL,1967,14.4
Iceland,ISL,1966,14.9
Iceland,ISL,1965,15.5
Iceland,ISL,1964,15.9
Iceland,ISL,1963,16.3
Iceland,ISL,1962,16.7
Iceland,ISL,1961,17.0
Iceland,ISL,1960,17.3
India,IND,2025,
India,IND,2024,23.3
India,IND,2023,24.5
India,IND,2022,25.7
India,IND,2021,27.0
India,IND,2020,28.3
India,IND,2019,29.8
India,IND,2018,31.3
India,IND,2017,32.9
India,IND,2016,34.6
India,IND,2015,36.3
India,IND,2014,38.2
India,IND,2013,40.1
India,IND,2012,42.2
India,IND,2011,44.2
India,IND,2010,46.3
India,IND,2009,48.4
India,IND,2008,50.5
India,IND,2007,52.5
India,IND,2006,54.5
India,IND,2005,56.5
India,IND,2004,58.5
India,IND,2003,60.4
India,IND,2002,62.4
India,IND,2001,64.3
India,IND,2000,66.3
India,IND,1999,68.3
India,IND,1998,70.2
India,IND,1997,72.1
India,IND,1996,73.9
India,IND,1995,75.6
India,IND,1994,77.3
India,IND,1993,79.0
India,IND,1992,80.7
India,IND,1991,82.5
India,IND,1990,84.4
India,IND,1989,86.4
India,IND,1988,88.6
India,IND,1987,90.8
India,IND,1986,93.0
India,IND,1985,95.2
India,IND,1984,97.5
India,IND,1983,99.8
India,IND,1982,102.4
India,IND,1981,105.2
India,IND,1980,108.2
India,IND,1979,111.4
India,IND,1978,114.7
India,IND,1977,117.9
India,IND,1976,121.1
India,IND,1975,124.0
India,IND,1974,126.7
India,IND,1973,129.0
India,IND,1972,131.2
India,IND,1971,133.1
India,IND,1970,134.8
India,IND,1969,136.4
India,IND,1968,137.9
India,IND,1967,139.2
India,IND,1966,140.5
India,IND,1965,142.0
India,IND,1964,143.5
India,IND,1963,145.0
India,IND,1962,146.6
India,IND,1961,148.4
India,IND,1960,150.4
Indonesia,IDN,2025,
Indonesia,IDN,2024,15.2
Indonesia,IDN,2023,15.7
Indonesia,IDN,2022,16.3
Indonesia,IDN,2021,17.0
Indonesia,IDN,2020,17.7
Indonesia,IDN,2019,18.5
Indonesia,IDN,2018,19.3
Indonesia,IDN,2017,20.1
Indonesia,IDN,2016,21.0
Indonesia,IDN,2015,21.9
Indonesia,IDN,2014,22.9
Indonesia,IDN,2013,23.9
Indonesia,IDN,2012,24.9
Indonesia,IDN,2011,25.9
Indonesia,IDN,2010,27.0
Indonesia,IDN,2009,28.2
Indonesia,IDN,2008,29.4
Indonesia,IDN,2007,30.6
Indonesia,IDN,2006,31.9
Indonesia,IDN,2005,33.3
Indonesia,IDN,2004,36.9
Indonesia,IDN,2003,36.3
Indonesia,IDN,2002,37.9
Indonesia,IDN,2001,39.6
Indonesia,IDN,2000,41.4
Indonesia,IDN,1999,43.4
Indonesia,IDN,1998,45.4
Indonesia,IDN,1997,47.5
Indonesia,IDN,1996,49.7
Indonesia,IDN,1995,52.0
Indonesia,IDN,1994,54.3
Indonesia,IDN,1993,56.8
Indonesia,IDN,1992,59.3
Indonesia,IDN,1991,61.8
Indonesia,IDN,1990,64.4
Indonesia,IDN,1989,66.9
Indonesia,IDN,1988,69.4
Indonesia,IDN,1987,71.8
Indonesia,IDN,1986,74.1
Indonesia,IDN,1985,76.3
Indonesia,IDN,1984,78.5
Indonesia,IDN,1983,80.6
Indonesia,IDN,1982,82.7
Indonesia,IDN,1981,84.8
Indonesia,IDN,1980,86.9
Indonesia,IDN,1979,89.0
Indonesia,IDN,1978,91.1
Indonesia,IDN,1977,93.3
Indonesia,IDN,1976,95.6
Indonesia,IDN,1975,98.0
Indonesia,IDN,1974,100.6
Indonesia,IDN,1973,103.3
Indonesia,IDN,1972,106.1
Indonesia,IDN,1971,109.1
Indonesia,IDN,1970,112.2
Indonesia,IDN,1969,115.4
Indonesia,IDN,1968,118.6
Indonesia,IDN,1967,122.0
Indonesia,IDN,1966,125.4
Indonesia,IDN,1965,142.7
Indonesia,IDN,1964,132.3
Indonesia,IDN,1963,135.7
Indonesia,IDN,1962,139.3
Indonesia,IDN,1961,142.9
Indonesia,IDN,1960,146.7
"Iran, Islamic Rep.",IRN,2025,
"Iran, Islamic Rep.",IRN,2024,10.3
"Iran, Islamic Rep.",IRN,2023,10.6
"Iran, Islamic Rep.",IRN,2022,11.0
"Iran, Islamic Rep.",IRN,2021,11.4
"Iran, Islamic Rep.",IRN,2020,11.8
"Iran, Islamic Rep.",IRN,2019,12.1
"Iran, Islamic Rep.",IRN,2018,12.6
"Iran, Islamic Rep.",IRN,2017,13.0
"Iran, Islamic Rep.",IRN,2016,13.5
"Iran, Islamic Rep.",IRN,2015,14.0
"Iran, Islamic Rep.",IRN,2014,14.5
"Iran, Islamic Rep.",IRN,2013,15.1
"Iran, Islamic Rep.",IRN,2012,15.7
"Iran, Islamic Rep.",IRN,2011,16.5
"Iran, Islamic Rep.",IRN,2010,17.3
"Iran, Islamic Rep.",IRN,2009,18.2
"Iran, Islamic Rep.",IRN,2008,19.3
"Iran, Islamic Rep.",IRN,2007,20.6
"Iran, Islamic Rep.",IRN,2006,22.0
"Iran, Islamic Rep.",IRN,2005,23.4
"Iran, Islamic Rep.",IRN,2004,25.0
"Iran, Islamic Rep.",IRN,2003,26.6
"Iran, Islamic Rep.",IRN,2002,28.3
"Iran, Islamic Rep.",IRN,2001,30.0
"Iran, Islamic Rep.",IRN,2000,31.7
"Iran, Islamic Rep.",IRN,1999,33.4
"Iran, Islamic Rep.",IRN,1998,35.1
"Iran, Islamic Rep.",IRN,1997,36.7
"Iran, Islamic Rep.",IRN,1996,38.3
"Iran, Islamic Rep.",IRN,1995,39.8
"Iran, Islamic Rep.",IRN,1994,41.4
"Iran, Islamic Rep.",IRN,1993,43.0
"Iran, Islamic Rep.",IRN,1992,44.7
"Iran, Islamic Rep.",IRN,1991,46.8
"Iran, Islamic Rep.",IRN,1990,49.0
"Iran, Islamic Rep.",IRN,1989,51.5
"Iran, Islamic Rep.",IRN,1988,54.3
"Iran, Islamic Rep.",IRN,1987,57.2
"Iran, Islamic Rep.",IRN,1986,60.4
"Iran, Islamic Rep.",IRN,1985,63.8
"Iran, Islamic Rep.",IRN,1984,67.6
"Iran, Islamic Rep.",IRN,1983,71.8
"Iran, Islamic Rep.",IRN,1982,76.8
"Iran, Islamic Rep.",IRN,1981,82.3
"Iran, Islamic Rep.",IRN,1980,88.5
"Iran, Islamic Rep.",IRN,1979,95.0
"Iran, Islamic Rep.",IRN,1978,101.8
"Iran, Islamic Rep.",IRN,1977,108.5
"Iran, Islamic Rep.",IRN,1976,115.1
"Iran, Islamic Rep.",IRN,1975,121.2
"Iran, Islamic Rep.",IRN,1974,127.2
"Iran, Islamic Rep.",IRN,1973,132.9
"Iran, Islamic Rep.",IRN,1972,138.5
"Iran, Islamic Rep.",IRN,1971,144.4
"Iran, Islamic Rep.",IRN,1970,
"Iran, Islamic Rep.",IRN,1969,
"Iran, Islamic Rep.",IRN,1968,
"Iran, Islamic Rep.",IRN,1967,
"Iran, Islamic Rep.",IRN,1966,
"Iran, Islamic Rep.",IRN,1965,
"Iran, Islamic Rep.",IRN,1964,
"Iran, Islamic Rep.",IRN,1963,
"Iran, Islamic Rep.",IRN,1962,
"Iran, Islamic Rep.",IRN,1961,
"Iran, Islamic Rep.",IRN,1960,
Iraq,IRQ,2025,
Iraq,IRQ,2024,20.1
Iraq,IRQ,2023,20.7
Iraq,IRQ,2022,21.4
Iraq,IRQ,2021,22.1
Iraq,IRQ,2020,22.8
Iraq,IRQ,2019,23.5
Iraq,IRQ,2018,24.3
Iraq,IRQ,2017,25.1
Iraq,IRQ,2016,25.9
Iraq,IRQ,2015,26.6
Iraq,IRQ,2014,27.5
Iraq,IRQ,2013,28.3
Iraq,IRQ,2012,29.2
Iraq,IRQ,2011,30.0
Iraq,IRQ,2010,30.9
Iraq,IRQ,2009,31.8
Iraq,IRQ,2008,32.7
Iraq,IRQ,2007,33.5
Iraq,IRQ,2006,34.3
Iraq,IRQ,2005,35.0
Iraq,IRQ,2004,35.7
Iraq,IRQ,2003,36.4
Iraq,IRQ,2002,37.1
Iraq,IRQ,2001,37.8
Iraq,IRQ,2000,38.4
Iraq,IRQ,1999,39.1
Iraq,IRQ,1998,39.8
Iraq,IRQ,1997,40.4
Iraq,IRQ,1996,41.0
Iraq,IRQ,1995,41.6
Iraq,IRQ,1994,42.2
Iraq,IRQ,1993,42.8
Iraq,IRQ,1992,43.4
Iraq,IRQ,1991,49.1
Iraq,IRQ,1990,55.6
Iraq,IRQ,1989,56.5
Iraq,IRQ,1988,51.7
Iraq,IRQ,1987,47.3
Iraq,IRQ,1986,48.3
Iraq,IRQ,1985,49.5
Iraq,IRQ,1984,50.8
Iraq,IRQ,1983,52.3
Iraq,IRQ,1982,53.8
Iraq,IRQ,1981,55.6
Iraq,IRQ,1980,57.4
Iraq,IRQ,1979,59.4
Iraq,IRQ,1978,61.6
Iraq,IRQ,1977,64.0
Iraq,IRQ,1976,66.6
Iraq,IRQ,1975,69.3
Iraq,IRQ,1974,72.2
Iraq,IRQ,1973,75.3
Iraq,IRQ,1972,78.4
Iraq,IRQ,1971,81.8
Iraq,IRQ,1970,85.3
Iraq,IRQ,1969,89.0
Iraq,IRQ,1968,92.9
Iraq,IRQ,1967,97.1
Iraq,IRQ,1966,101.7
Iraq,IRQ,1965,106.6
Iraq,IRQ,1964,111.9
Iraq,IRQ,1963,117.8
Iraq,IRQ,1962,124.0
Iraq,IRQ,1961,130.8
Iraq,IRQ,1960,138.1
Ireland,IRL,2025,
Ireland,IRL,2024,3.4
Ireland,IRL,2023,3.4
Ireland,IRL,2022,3.3
Ireland,IRL,2021,3.2
Ireland,IRL,2020,3.1
Ireland,IRL,2019,3.0
Ireland,IRL,2018,3.0
Ireland,IRL,2017,3.0
Ireland,IRL,2016,3.1
Ireland,IRL,2015,3.2
Ireland,IRL,2014,3.3
Ireland,IRL,2013,3.3
Ireland,IRL,2012,3.4
Ireland,IRL,2011,3.5
Ireland,IRL,2010,3.6
Ireland,IRL,2009,3.7
Ireland,IRL,2008,3.8
Ireland,IRL,2007,3.9
Ireland,IRL,2006,4.1
Ireland,IRL,2005,4.4
Ireland,IRL,2004,4.7
Ireland,IRL,2003,5.1
Ireland,IRL,2002,5.5
Ireland,IRL,2001,5.8
Ireland,IRL,2000,6.0
Ireland,IRL,1999,6.1
Ireland,IRL,1998,6.1
Ireland,IRL,1997,6.1
Ireland,IRL,1996,6.1
Ireland,IRL,1995,6.1
Ireland,IRL,1994,6.1
Ireland,IRL,1993,6.4
Ireland,IRL,1992,6.7
Ireland,IRL,1991,7.2
Ireland,IRL,1990,7.6
Ireland,IRL,1989,8.0
Ireland,IRL,1988,8.2
Ireland,IRL,1987,8.4
Ireland,IRL,1986,8.6
Ireland,IRL,1985,8.9
Ireland,IRL,1984,9.3
Ireland,IRL,1983,9.7
Ireland,IRL,1982,10.3
Ireland,IRL,1981,11.0
Ireland,IRL,1980,11.9
Ireland,IRL,1979,13.0
Ireland,IRL,1978,14.2
Ireland,IRL,1977,15.2
Ireland,IRL,1976,16.1
Ireland,IRL,1975,16.9
Ireland,IRL,1974,17.5
Ireland,IRL,1973,18.0
Ireland,IRL,1972,18.3
Ireland,IRL,1971,18.6
Ireland,IRL,1970,19.1
Ireland,IRL,1969,19.8
Ireland,IRL,1968,20.7
Ireland,IRL,1967,22.0
Ireland,IRL,1966,23.5
Ireland,IRL,1965,24.8
Ireland,IRL,1964,26.0
Ireland,IRL,1963,27.1
Ireland,IRL,1962,28.1
Ireland,IRL,1961,29.2
Ireland,IRL,1960,30.4
Isle of Man,IMN,2025,
Isle of Man,IMN,2024,
Isle of Man,IMN,2023,
Isle of Man,IMN,2022,
Isle of Man,IMN,2021,
Isle of Man,IMN,2020,
Isle of Man,IMN,2019,
Isle of Man,IMN,2018,
Isle of Man,IMN,2017,
Isle of Man,IMN,2016,
Isle of Man,IMN,2015,
Isle of Man,IMN,2014,
Isle of Man,IMN,2013,
Isle of Man,IMN,2012,
Isle of Man,IMN,2011,
Isle of Man,IMN,2010,
Isle of Man,IMN,2009,
Isle of Man,IMN,2008,
Isle of Man,IMN,2007,
Isle of Man,IMN,2006,
Isle of Man,IMN,2005,
Isle of Man,IMN,2004,
Isle of Man,IMN,2003,
Isle of Man,IMN,2002,
Isle of Man,IMN,2001,
Isle of Man,IMN,2000,
Isle of Man,IMN,1999,
Isle of Man,IMN,1998,
Isle of Man,IMN,1997,
Isle of Man,IMN,1996,
Isle of Man,IMN,1995,
Isle of Man,IMN,1994,
Isle of Man,IMN,1993,
Isle of Man,IMN,1992,
Isle of Man,IMN,1991,
Isle of Man,IMN,1990,
Isle of Man,IMN,1989,
Isle of Man,IMN,1988,
Isle of Man,IMN,1987,
Isle of Man,IMN,1986,
Isle of Man,IMN,1985,
Isle of Man,IMN,1984,
Isle of Man,IMN,1983,
Isle of Man,IMN,1982,
Isle of Man,IMN,1981,
Isle of Man,IMN,1980,
Isle of Man,IMN,1979,
Isle of Man,IMN,1978,
Isle of Man,IMN,1977,
Isle of Man,IMN,1976,
Isle of Man,IMN,1975,
Isle of Man,IMN,1974,
Isle of Man,IMN,1973,
Isle of Man,IMN,1972,
Isle of Man,IMN,1971,
Isle of Man,IMN,1970,
Isle of Man,IMN,1969,
Isle of Man,IMN,1968,
Isle of Man,IMN,1967,
Isle of Man,IMN,1966,
Isle of Man,IMN,1965,
Isle of Man,IMN,1964,
Isle of Man,IMN,1963,
Isle of Man,IMN,1962,
Isle of Man,IMN,1961,
Isle of Man,IMN,1960,
Israel,ISR,2025,
Israel,ISR,2024,2.7
Israel,ISR,2023,2.7
Israel,ISR,2022,2.7
Israel,ISR,2021,2.8
Israel,ISR,2020,2.8
Israel,ISR,2019,2.9
Israel,ISR,2018,2.9
Israel,ISR,2017,3.0
Israel,ISR,2016,3.1
Israel,ISR,2015,3.1
Israel,ISR,2014,3.2
Israel,ISR,2013,3.3
Israel,ISR,2012,3.4
Israel,ISR,2011,3.5
Israel,ISR,2010,3.7
Israel,ISR,2009,3.8
Israel,ISR,2008,3.9
Israel,ISR,2007,4.1
Israel,ISR,2006,4.3
Israel,ISR,2005,4.5
Israel,ISR,2004,4.7
Israel,ISR,2003,4.9
Israel,ISR,2002,5.1
Israel,ISR,2001,5.4
Israel,ISR,2000,5.6
Israel,ISR,1999,5.8
Israel,ISR,1998,6.1
Israel,ISR,1997,6.4
Israel,ISR,1996,6.7
Israel,ISR,1995,7.2
Israel,ISR,1994,7.6
Israel,ISR,1993,8.1
Israel,ISR,1992,8.7
Israel,ISR,1991,9.2
Israel,ISR,1990,9.6
Israel,ISR,1989,10.1
Israel,ISR,1988,10.5
Israel,ISR,1987,11.0
Israel,ISR,1986,11.6
Israel,ISR,1985,12.2
Israel,ISR,1984,12.8
Israel,ISR,1983,13.4
Israel,ISR,1982,14.1
Israel,ISR,1981,14.7
Israel,ISR,1980,15.5
Israel,ISR,1979,16.4
Israel,ISR,1978,17.4
Israel,ISR,1977,18.6
Israel,ISR,1976,19.9
Israel,ISR,1975,21.1
Israel,ISR,1974,22.2
Israel,ISR,1973,23.1
Israel,ISR,1972,23.9
Israel,ISR,1971,24.6
Israel,ISR,1970,25.4
Israel,ISR,1969,26.2
Israel,ISR,1968,27.1
Israel,ISR,1967,28.2
Israel,ISR,1966,29.4
Israel,ISR,1965,30.7
Israel,ISR,1964,32.1
Israel,ISR,1963,33.5
Israel,ISR,1962,35.1
Israel,ISR,1961,36.7
Israel,ISR,1960,38.4
Italy,ITA,2025,
Italy,ITA,2024,2.3
Italy,ITA,2023,2.3
Italy,ITA,2022,2.4
Italy,ITA,2021,2.5
Italy,ITA,2020,2.5
Italy,ITA,2019,2.6
Italy,ITA,2018,2.7
Italy,ITA,2017,2.8
Italy,ITA,2016,2.9
Italy,ITA,2015,3.0
Italy,ITA,2014,3.1
Italy,ITA,2013,3.1
Italy,ITA,2012,3.2
Italy,ITA,2011,3.3
Italy,ITA,2010,3.4
Italy,ITA,2009,3.4
Italy,ITA,2008,3.5
Italy,ITA,2007,3.6
Italy,ITA,2006,3.7
Italy,ITA,2005,3.8
Italy,ITA,2004,3.9
Italy,ITA,2003,4.1
Italy,ITA,2002,4.3
Italy,ITA,2001,4.5
Italy,ITA,2000,4.7
Italy,ITA,1999,5.0
Italy,ITA,1998,5.3
Italy,ITA,1997,5.6
Italy,ITA,1996,6.0
Italy,ITA,1995,6.4
Italy,ITA,1994,6.8
Italy,ITA,1993,7.3
Italy,ITA,1992,7.7
Italy,ITA,1991,8.1
Italy,ITA,1990,8.4
Italy,ITA,1989,8.7
Italy,ITA,1988,9.0
Italy,ITA,1987,9.5
Italy,ITA,1986,9.9
Italy,ITA,1985,10.5
Italy,ITA,1984,11.2
Italy,ITA,1983,11.9
Italy,ITA,1982,12.6
Italy,ITA,1981,13.4
Italy,ITA,1980,14.2
Italy,ITA,1979,15.1
Italy,ITA,1978,16.1
Italy,ITA,1977,17.3
Italy,ITA,1976,18.8
Italy,ITA,1975,20.5
Italy,ITA,1974,22.4
Italy,ITA,1973,24.5
Italy,ITA,1972,26.4
Italy,ITA,1971,28.2
Italy,ITA,1970,29.7
Italy,ITA,1969,30.9
Italy,ITA,1968,32.0
Italy,ITA,1967,33.1
Italy,ITA,1966,34.4
Italy,ITA,1965,35.8
Italy,ITA,1964,37.4
Italy,ITA,1963,39.1
Italy,ITA,1962,40.9
Italy,ITA,1961,42.6
Italy,ITA,1960,44.2
Jamaica,JAM,2025,
Jamaica,JAM,2024,16.4
Jamaica,JAM,2023,16.7
Jamaica,JAM,2022,16.9
Jamaica,JAM,2021,17.1
Jamaica,JAM,2020,17.2
Jamaica,JAM,2019,17.2
Jamaica,JAM,2018,17.2
Jamaica,JAM,2017,17.2
Jamaica,JAM,2016,17.1
Jamaica,JAM,2015,17.2
Jamaica,JAM,2014,17.2
Jamaica,JAM,2013,17.3
Jamaica,JAM,2012,17.3
Jamaica,JAM,2011,17.3
Jamaica,JAM,2010,17.4
Jamaica,JAM,2009,17.4
Jamaica,JAM,2008,17.4
Jamaica,JAM,2007,17.4
Jamaica,JAM,2006,17.3
Jamaica,JAM,2005,17.3
Jamaica,JAM,2004,17.4
Jamaica,JAM,2003,17.5
Jamaica,JAM,2002,17.7
Jamaica,JAM,2001,18.0
Jamaica,JAM,2000,18.5
Jamaica,JAM,1999,19.0
Jamaica,JAM,1998,19.6
Jamaica,JAM,1997,20.3
Jamaica,JAM,1996,21.0
Jamaica,JAM,1995,21.7
Jamaica,JAM,1994,22.3
Jamaica,JAM,1993,22.9
Jamaica,JAM,1992,23.5
Jamaica,JAM,1991,24.1
Jamaica,JAM,1990,24.7
Jamaica,JAM,1989,25.3
Jamaica,JAM,1988,25.9
Jamaica,JAM,1987,26.5
Jamaica,JAM,1986,27.2
Jamaica,JAM,1985,27.9
Jamaica,JAM,1984,28.6
Jamaica,JAM,1983,29.5
Jamaica,JAM,1982,30.3
Jamaica,JAM,1981,31.2
Jamaica,JAM,1980,32.2
Jamaica,JAM,1979,33.3
Jamaica,JAM,1978,34.3
Jamaica,JAM,1977,35.5
Jamaica,JAM,1976,36.7
Jamaica,JAM,1975,38.0
Jamaica,JAM,1974,39.6
Jamaica,JAM,1973,41.2
Jamaica,JAM,1972,43.0
Jamaica,JAM,1971,44.8
Jamaica,JAM,1970,46.6
Jamaica,JAM,1969,48.3
Jamaica,JAM,1968,49.9
Jamaica,JAM,1967,51.4
Jamaica,JAM,1966,52.9
Jamaica,JAM,1965,54.4
Jamaica,JAM,1964,56.0
Jamaica,JAM,1963,57.9
Jamaica,JAM,1962,60.0
Jamaica,JAM,1961,62.4
Jamaica,JAM,1960,65.3
Japan,JPN,2025,
Japan,JPN,2024,1.8
Japan,JPN,2023,1.8
Japan,JPN,2022,1.8
Japan,JPN,2021,1.8
Japan,JPN,2020,1.8
Japan,JPN,2019,1.8
Japan,JPN,2018,1.9
Japan,JPN,2017,1.9
Japan,JPN,2016,2.0
Japan,JPN,2015,2.0
Japan,JPN,2014,2.1
Japan,JPN,2013,2.2
Japan,JPN,2012,2.2
Japan,JPN,2011,2.3
Japan,JPN,2010,2.4
Japan,JPN,2009,2.5
Japan,JPN,2008,2.5
Japan,JPN,2007,2.6
Japan,JPN,2006,2.7
Japan,JPN,2005,2.7
Japan,JPN,2004,2.8
Japan,JPN,2003,2.9
Japan,JPN,2002,3.0
Japan,JPN,2001,3.1
Japan,JPN,2000,3.3
Japan,JPN,1999,3.4
Japan,JPN,1998,3.6
Japan,JPN,1997,3.8
Japan,JPN,1996,4.0
Japan,JPN,1995,4.1
Japan,JPN,1994,4.3
Japan,JPN,1993,4.4
Japan,JPN,1992,4.4
Japan,JPN,1991,4.5
Japan,JPN,1990,4.6
Japan,JPN,1989,4.7
Japan,JPN,1988,4.8
Japan,JPN,1987,5.0
Japan,JPN,1986,5.2
Japan,JPN,1985,5.5
Japan,JPN,1984,5.8
Japan,JPN,1983,6.2
Japan,JPN,1982,6.5
Japan,JPN,1981,7.0
Japan,JPN,1980,7.4
Japan,JPN,1979,7.8
Japan,JPN,1978,8.3
Japan,JPN,1977,8.8
Japan,JPN,1976,9.4
Japan,JPN,1975,10.0
Japan,JPN,1974,10.6
Japan,JPN,1973,11.3
Japan,JPN,1972,11.9
Japan,JPN,1971,12.6
Japan,JPN,1970,13.4
Japan,JPN,1969,14.2
Japan,JPN,1968,15.1
Japan,JPN,1967,16.2
Japan,JPN,1966,17.5
Japan,JPN,1965,19.1
Japan,JPN,1964,21.0
Japan,JPN,1963,23.1
Japan,JPN,1962,25.4
Japan,JPN,1961,27.9
Japan,JPN,1960,30.4
Jordan,JOR,2025,
Jordan,JOR,2024,12.0
Jordan,JOR,2023,12.3
Jordan,JOR,2022,12.6
Jordan,JOR,2021,13.0
Jordan,JOR,2020,13.3
Jordan,JOR,2019,13.7
Jordan,JOR,2018,14.0
Jordan,JOR,2017,14.3
Jordan,JOR,2016,14.7
Jordan,JOR,2015,15.0
Jordan,JOR,2014,15.4
Jordan,JOR,2013,15.8
Jordan,JOR,2012,16.2
Jordan,JOR,2011,16.6
Jordan,JOR,2010,17.0
Jordan,JOR,2009,17.5
Jordan,JOR,2008,18.0
Jordan,JOR,2007,18.5
Jordan,JOR,2006,19.0
Jordan,JOR,2005,19.6
Jordan,JOR,2004,20.2
Jordan,JOR,2003,20.8
Jordan,JOR,2002,21.5
Jordan,JOR,2001,22.1
Jordan,JOR,2000,22.8
Jordan,JOR,1999,23.5
Jordan,JOR,1998,24.2
Jordan,JOR,1997,24.9
Jordan,JOR,1996,25.7
Jordan,JOR,1995,26.4
Jordan,JOR,1994,27.2
Jordan,JOR,1993,28.1
Jordan,JOR,1992,29.0
Jordan,JOR,1991,29.9
Jordan,JOR,1990,30.9
Jordan,JOR,1989,32.1
Jordan,JOR,1988,33.3
Jordan,JOR,1987,34.6
Jordan,JOR,1986,36.0
Jordan,JOR,1985,37.6
Jordan,JOR,1984,39.3
Jordan,JOR,1983,41.0
Jordan,JOR,1982,42.8
Jordan,JOR,1981,44.7
Jordan,JOR,1980,46.6
Jordan,JOR,1979,48.6
Jordan,JOR,1978,50.8
Jordan,JOR,1977,53.0
Jordan,JOR,1976,55.3
Jordan,JOR,1975,57.7
Jordan,JOR,1974,60.2
Jordan,JOR,1973,62.8
Jordan,JOR,1972,65.5
Jordan,JOR,1971,68.2
Jordan,JOR,1970,71.1
Jordan,JOR,1969,74.1
Jordan,JOR,1968,77.2
Jordan,JOR,1967,80.5
Jordan,JOR,1966,84.1
Jordan,JOR,1965,87.8
Jordan,JOR,1964,91.8
Jordan,JOR,1963,96.1
Jordan,JOR,1962,100.7
Jordan,JOR,1961,105.6
Jordan,JOR,1960,110.6
Kazakhstan,KAZ,2025,
Kazakhstan,KAZ,2024,7.4
Kazakhstan,KAZ,2023,7.6
Kazakhstan,KAZ,2022,7.7
Kazakhstan,KAZ,2021,7.9
Kazakhstan,KAZ,2020,8.0
Kazakhstan,KAZ,2019,8.1
Kazakhstan,KAZ,2018,8.2
Kazakhstan,KAZ,2017,8.4
Kazakhstan,KAZ,2016,8.8
Kazakhstan,KAZ,2015,9.5
Kazakhstan,KAZ,2014,10.5
Kazakhstan,KAZ,2013,11.7
Kazakhstan,KAZ,2012,13.3
Kazakhstan,KAZ,2011,14.9
Kazakhstan,KAZ,2010,16.7
Kazakhstan,KAZ,2009,18.5
Kazakhstan,KAZ,2008,20.4
Kazakhstan,KAZ,2007,22.3
Kazakhstan,KAZ,2006,24.1
Kazakhstan,KAZ,2005,25.9
Kazakhstan,KAZ,2004,27.7
Kazakhstan,KAZ,2003,29.6
Kazakhstan,KAZ,2002,31.5
Kazakhstan,KAZ,2001,33.6
Kazakhstan,KAZ,2000,35.8
Kazakhstan,KAZ,1999,38.1
Kazakhstan,KAZ,1998,40.3
Kazakhstan,KAZ,1997,42.2
Kazakhstan,KAZ,1996,43.7
Kazakhstan,KAZ,1995,44.6
Kazakhstan,KAZ,1994,44.9
Kazakhstan,KAZ,1993,44.6
Kazakhstan,KAZ,1992,44.2
Kazakhstan,KAZ,1991,44.0
Kazakhstan,KAZ,1990,44.3
Kazakhstan,KAZ,1989,45.1
Kazakhstan,KAZ,1988,46.3
Kazakhstan,KAZ,1987,48.0
Kazakhstan,KAZ,1986,49.7
Kazakhstan,KAZ,1985,51.7
Kazakhstan,KAZ,1984,53.8
Kazakhstan,KAZ,1983,55.8
Kazakhstan,KAZ,1982,57.8
Kazakhstan,KAZ,1981,59.9
Kazakhstan,KAZ,1980,61.8
Kazakhstan,KAZ,1979,63.6
Kazakhstan,KAZ,1978,65.0
Kazakhstan,KAZ,1977,66.5
Kazakhstan,KAZ,1976,67.7
Kazakhstan,KAZ,1975,69.1
Kazakhstan,KAZ,1974,70.7
Kazakhstan,KAZ,1973,72.5
Kazakhstan,KAZ,1972,74.3
Kazakhstan,KAZ,1971,76.3
Kazakhstan,KAZ,1970,
Kazakhstan,KAZ,1969,
Kazakhstan,KAZ,1968,
Kazakhstan,KAZ,1967,
Kazakhstan,KAZ,1966,
Kazakhstan,KAZ,1965,
Kazakhstan,KAZ,1964,
Kazakhstan,KAZ,1963,
Kazakhstan,KAZ,1962,
Kazakhstan,KAZ,1961,
Kazakhstan,KAZ,1960,
Kenya,KEN,2025,
Kenya,KEN,2024,34.2
Kenya,KEN,2023,34.7
Kenya,KEN,2022,35.5
Kenya,KEN,2021,36.0
Kenya,KEN,2020,36.5
Kenya,KEN,2019,37.0
Kenya,KEN,2018,37.5
Kenya,KEN,2017,38.2
Kenya,KEN,2016,38.4
Kenya,KEN,2015,38.9
Kenya,KEN,2014,40.0
Kenya,KEN,2013,40.7
Kenya,KEN,2012,41.1
Kenya,KEN,2011,41.0
Kenya,KEN,2010,41.5
Kenya,KEN,2009,42.1
Kenya,KEN,2008,42.6
Kenya,KEN,2007,45.0
Kenya,KEN,2006,47.0
Kenya,KEN,2005,49.5
Kenya,KEN,2004,52.6
Kenya,KEN,2003,55.5
Kenya,KEN,2002,58.3
Kenya,KEN,2001,61.2
Kenya,KEN,2000,63.7
Kenya,KEN,1999,66.0
Kenya,KEN,1998,67.7
Kenya,KEN,1997,69.1
Kenya,KEN,1996,70.2
Kenya,KEN,1995,70.9
Kenya,KEN,1994,71.3
Kenya,KEN,1993,71.2
Kenya,KEN,1992,70.4
Kenya,KEN,1991,69.1
Kenya,KEN,1990,67.5
Kenya,KEN,1989,65.8
Kenya,KEN,1988,64.3
Kenya,KEN,1987,63.3
Kenya,KEN,1986,62.9
Kenya,KEN,1985,63.0
Kenya,KEN,1984,63.5
Kenya,KEN,1983,64.4
Kenya,KEN,1982,65.7
Kenya,KEN,1981,67.1
Kenya,KEN,1980,68.8
Kenya,KEN,1979,70.5
Kenya,KEN,1978,72.5
Kenya,KEN,1977,74.6
Kenya,KEN,1976,76.6
Kenya,KEN,1975,78.7
Kenya,KEN,1974,80.6
Kenya,KEN,1973,82.5
Kenya,KEN,1972,84.3
Kenya,KEN,1971,86.0
Kenya,KEN,1970,87.6
Kenya,KEN,1969,89.2
Kenya,KEN,1968,90.8
Kenya,KEN,1967,92.4
Kenya,KEN,1966,94.0
Kenya,KEN,1965,95.7
Kenya,KEN,1964,97.9
Kenya,KEN,1963,100.7
Kenya,KEN,1962,104.1
Kenya,KEN,1961,108.1
Kenya,KEN,1960,112.7
Kiribati,KIR,2025,
Kiribati,KIR,2024,38.8
Kiribati,KIR,2023,39.8
Kiribati,KIR,2022,40.7
Kiribati,KIR,2021,41.6
Kiribati,KIR,2020,42.3
Kiribati,KIR,2019,42.9
Kiribati,KIR,2018,43.2
Kiribati,KIR,2017,43.2
Kiribati,KIR,2016,42.9
Kiribati,KIR,2015,42.6
Kiribati,KIR,2014,42.2
Kiribati,KIR,2013,42.0
Kiribati,KIR,2012,41.9
Kiribati,KIR,2011,42.0
Kiribati,KIR,2010,42.3
Kiribati,KIR,2009,42.7
Kiribati,KIR,2008,43.2
Kiribati,KIR,2007,43.6
Kiribati,KIR,2006,44.1
Kiribati,KIR,2005,44.5
Kiribati,KIR,2004,45.0
Kiribati,KIR,2003,45.6
Kiribati,KIR,2002,46.6
Kiribati,KIR,2001,47.8
Kiribati,KIR,2000,49.2
Kiribati,KIR,1999,50.8
Kiribati,KIR,1998,52.5
Kiribati,KIR,1997,54.1
Kiribati,KIR,1996,55.8
Kiribati,KIR,1995,57.5
Kiribati,KIR,1994,59.4
Kiribati,KIR,1993,61.5
Kiribati,KIR,1992,63.8
Kiribati,KIR,1991,66.4
Kiribati,KIR,1990,69.2
Kiribati,KIR,1989,72.1
Kiribati,KIR,1988,75.0
Kiribati,KIR,1987,77.7
Kiribati,KIR,1986,80.2
Kiribati,KIR,1985,82.3
Kiribati,KIR,1984,84.2
Kiribati,KIR,1983,85.8
Kiribati,KIR,1982,87.4
Kiribati,KIR,1981,88.7
Kiribati,KIR,1980,89.8
Kiribati,KIR,1979,90.8
Kiribati,KIR,1978,91.6
Kiribati,KIR,1977,92.3
Kiribati,KIR,1976,93.0
Kiribati,KIR,1975,93.8
Kiribati,KIR,1974,95.1
Kiribati,KIR,1973,96.6
Kiribati,KIR,1972,98.8
Kiribati,KIR,1971,101.6
Kiribati,KIR,1970,104.9
Kiribati,KIR,1969,108.4
Kiribati,KIR,1968,112.3
Kiribati,KIR,1967,116.6
Kiribati,KIR,1966,121.0
Kiribati,KIR,1965,125.4
Kiribati,KIR,1964,129.9
Kiribati,KIR,1963,134.2
Kiribati,KIR,1962,138.3
Kiribati,KIR,1961,142.0
Kiribati,KIR,1960,145.1
"Korea, Dem. People's Rep.",PRK,2025,
"Korea, Dem. People's Rep.",PRK,2024,13.3
"Korea, Dem. People's Rep.",PRK,2023,14.5
"Korea, Dem. People's Rep.",PRK,2022,14.3
"Korea, Dem. People's Rep.",PRK,2021,14.1
"Korea, Dem. People's Rep.",PRK,2020,14.1
"Korea, Dem. People's Rep.",PRK,2019,14.3
"Korea, Dem. People's Rep.",PRK,2018,14.8
"Korea, Dem. People's Rep.",PRK,2017,15.4
"Korea, Dem. People's Rep.",PRK,2016,16.5
"Korea, Dem. People's Rep.",PRK,2015,17.2
"Korea, Dem. People's Rep.",PRK,2014,18.2
"Korea, Dem. People's Rep.",PRK,2013,19.3
"Korea, Dem. People's Rep.",PRK,2012,20.6
"Korea, Dem. People's Rep.",PRK,2011,21.7
"Korea, Dem. People's Rep.",PRK,2010,22.9
"Korea, Dem. People's Rep.",PRK,2009,23.9
"Korea, Dem. People's Rep.",PRK,2008,24.7
"Korea, Dem. People's Rep.",PRK,2007,25.6
"Korea, Dem. People's Rep.",PRK,2006,25.9
"Korea, Dem. People's Rep.",PRK,2005,26.3
"Korea, Dem. People's Rep.",PRK,2004,26.8
"Korea, Dem. People's Rep.",PRK,2003,27.3
"Korea, Dem. People's Rep.",PRK,2002,57.7
"Korea, Dem. People's Rep.",PRK,2001,58.6
"Korea, Dem. People's Rep.",PRK,2000,59.4
"Korea, Dem. People's Rep.",PRK,1999,60.4
"Korea, Dem. People's Rep.",PRK,1998,61.4
"Korea, Dem. People's Rep.",PRK,1997,62.3
"Korea, Dem. People's Rep.",PRK,1996,63.4
"Korea, Dem. People's Rep.",PRK,1995,64.3
"Korea, Dem. People's Rep.",PRK,1994,33.3
"Korea, Dem. People's Rep.",PRK,1993,33.4
"Korea, Dem. People's Rep.",PRK,1992,33.2
"Korea, Dem. People's Rep.",PRK,1991,32.7
"Korea, Dem. People's Rep.",PRK,1990,32.0
"Korea, Dem. People's Rep.",PRK,1989,31.0
"Korea, Dem. People's Rep.",PRK,1988,30.2
"Korea, Dem. People's Rep.",PRK,1987,29.6
"Korea, Dem. People's Rep.",PRK,1986,29.0
"Korea, Dem. People's Rep.",PRK,1985,29.0
"Korea, Dem. People's Rep.",PRK,1984,29.3
"Korea, Dem. People's Rep.",PRK,1983,29.9
"Korea, Dem. People's Rep.",PRK,1982,30.7
"Korea, Dem. People's Rep.",PRK,1981,31.8
"Korea, Dem. People's Rep.",PRK,1980,33.0
"Korea, Dem. People's Rep.",PRK,1979,34.3
"Korea, Dem. People's Rep.",PRK,1978,35.7
"Korea, Dem. People's Rep.",PRK,1977,37.3
"Korea, Dem. People's Rep.",PRK,1976,38.9
"Korea, Dem. People's Rep.",PRK,1975,40.7
"Korea, Dem. People's Rep.",PRK,1974,42.7
"Korea, Dem. People's Rep.",PRK,1973,44.8
"Korea, Dem. People's Rep.",PRK,1972,47.2
"Korea, Dem. People's Rep.",PRK,1971,49.8
"Korea, Dem. People's Rep.",PRK,1970,52.6
"Korea, Dem. People's Rep.",PRK,1969,55.7
"Korea, Dem. People's Rep.",PRK,1968,58.9
"Korea, Dem. People's Rep.",PRK,1967,62.3
"Korea, Dem. People's Rep.",PRK,1966,65.6
"Korea, Dem. People's Rep.",PRK,1965,68.7
"Korea, Dem. People's Rep.",PRK,1964,71.7
"Korea, Dem. People's Rep.",PRK,1963,74.4
"Korea, Dem. People's Rep.",PRK,1962,76.9
"Korea, Dem. People's Rep.",PRK,1961,79.3
"Korea, Dem. People's Rep.",PRK,1960,81.8
"Korea, Rep.",KOR,2025,
"Korea, Rep.",KOR,2024,2.3
"Korea, Rep.",KOR,2023,2.4
"Korea, Rep.",KOR,2022,2.4
"Korea, Rep.",KOR,2021,2.5
"Korea, Rep.",KOR,2020,2.5
"Korea, Rep.",KOR,2019,2.6
"Korea, Rep.",KOR,2018,2.6
"Korea, Rep.",KOR,2017,2.7
"Korea, Rep.",KOR,2016,2.8
"Korea, Rep.",KOR,2015,2.9
"Korea, Rep.",KOR,2014,2.9
"Korea, Rep.",KOR,2013,3.0
"Korea, Rep.",KOR,2012,3.1
"Korea, Rep.",KOR,2011,3.2
"Korea, Rep.",KOR,2010,3.3
"Korea, Rep.",KOR,2009,3.4
"Korea, Rep.",KOR,2008,3.6
"Korea, Rep.",KOR,2007,3.8
"Korea, Rep.",KOR,2006,4.1
"Korea, Rep.",KOR,2005,4.3
"Korea, Rep.",KOR,2004,4.7
"Korea, Rep.",KOR,2003,4.9
"Korea, Rep.",KOR,2002,5.2
"Korea, Rep.",KOR,2001,5.5
"Korea, Rep.",KOR,2000,5.8
"Korea, Rep.",KOR,1999,6.1
"Korea, Rep.",KOR,1998,6.5
"Korea, Rep.",KOR,1997,7.0
"Korea, Rep.",KOR,1996,7.5
"Korea, Rep.",KOR,1995,8.1
"Korea, Rep.",KOR,1994,8.7
"Korea, Rep.",KOR,1993,9.4
"Korea, Rep.",KOR,1992,10.2
"Korea, Rep.",KOR,1991,11.1
"Korea, Rep.",KOR,1990,12.0
"Korea, Rep.",KOR,1989,13.1
"Korea, Rep.",KOR,1988,14.3
"Korea, Rep.",KOR,1987,15.7
"Korea, Rep.",KOR,1986,17.2
"Korea, Rep.",KOR,1985,18.9
"Korea, Rep.",KOR,1984,20.6
"Korea, Rep.",KOR,1983,22.5
"Korea, Rep.",KOR,1982,24.3
"Korea, Rep.",KOR,1981,26.1
"Korea, Rep.",KOR,1980,27.8
"Korea, Rep.",KOR,1979,29.4
"Korea, Rep.",KOR,1978,30.9
"Korea, Rep.",KOR,1977,32.3
"Korea, Rep.",KOR,1976,33.6
"Korea, Rep.",KOR,1975,35.0
"Korea, Rep.",KOR,1974,36.5
"Korea, Rep.",KOR,1973,38.1
"Korea, Rep.",KOR,1972,40.1
"Korea, Rep.",KOR,1971,42.5
"Korea, Rep.",KOR,1970,45.3
"Korea, Rep.",KOR,1969,48.4
"Korea, Rep.",KOR,1968,51.7
"Korea, Rep.",KOR,1967,55.1
"Korea, Rep.",KOR,1966,58.4
"Korea, Rep.",KOR,1965,61.5
"Korea, Rep.",KOR,1964,64.4
"Korea, Rep.",KOR,1963,67.0
"Korea, Rep.",KOR,1962,69.4
"Korea, Rep.",KOR,1961,71.8
"Korea, Rep.",KOR,1960,74.4
Kosovo,XKX,2025,
Kosovo,XKX,2024,8.0
Kosovo,XKX,2023,8.3
Kosovo,XKX,2022,8.7
Kosovo,XKX,2021,9.1
Kosovo,XKX,2020,9.6
Kosovo,XKX,2019,10.2
Kosovo,XKX,2018,10.8
Kosovo,XKX,2017,11.5
Kosovo,XKX,2016,12.3
Kosovo,XKX,2015,13.1
Kosovo,XKX,2014,13.9
Kosovo,XKX,2013,14.8
Kosovo,XKX,2012,15.9
Kosovo,XKX,2011,17.0
Kosovo,XKX,2010,18.3
Kosovo,XKX,2009,19.8
Kosovo,XKX,2008,21.5
Kosovo,XKX,2007,23.4
Kosovo,XKX,2006,25.4
Kosovo,XKX,2005,27.8
Kosovo,XKX,2004,30.3
Kosovo,XKX,2003,33.2
Kosovo,XKX,2002,36.4
Kosovo,XKX,2001,39.8
Kosovo,XKX,2000,43.6
Kosovo,XKX,1999,47.5
Kosovo,XKX,1998,51.6
Kosovo,XKX,1997,56.0
Kosovo,XKX,1996,60.5
Kosovo,XKX,1995,65.2
Kosovo,XKX,1994,70.1
Kosovo,XKX,1993,75.1
Kosovo,XKX,1992,80.4
Kosovo,XKX,1991,85.8
Kosovo,XKX,1990,91.5
Kosovo,XKX,1989,97.8
Kosovo,XKX,1988,104.6
Kosovo,XKX,1987,111.7
Kosovo,XKX,1986,119.4
Kosovo,XKX,1985,127.8
Kosovo,XKX,1984,
Kosovo,XKX,1983,
Kosovo,XKX,1982,
Kosovo,XKX,1981,
Kosovo,XKX,1980,
Kosovo,XKX,1979,
Kosovo,XKX,1978,
Kosovo,XKX,1977,
Kosovo,XKX,1976,
Kosovo,XKX,1975,
Kosovo,XKX,1974,
Kosovo,XKX,1973,
Kosovo,XKX,1972,
Kosovo,XKX,1971,
Kosovo,XKX,1970,
Kosovo,XKX,1969,
Kosovo,XKX,1968,
Kosovo,XKX,1967,
Kosovo,XKX,1966,
Kosovo,XKX,1965,
Kosovo,XKX,1964,
Kosovo,XKX,1963,
Kosovo,XKX,1962,
Kosovo,XKX,1961,
Kosovo,XKX,1960,
Kuwait,KWT,2025,
Kuwait,KWT,2024,7.0
Kuwait,KWT,2023,7.2
Kuwait,KWT,2022,7.4
Kuwait,KWT,2021,7.5
Kuwait,KWT,2020,7.6
Kuwait,KWT,2019,7.6
Kuwait,KWT,2018,7.6
Kuwait,KWT,2017,7.7
Kuwait,KWT,2016,7.7
Kuwait,KWT,2015,7.8
Kuwait,KWT,2014,8.0
Kuwait,KWT,2013,8.2
Kuwait,KWT,2012,8.5
Kuwait,KWT,2011,8.8
Kuwait,KWT,2010,9.1
Kuwait,KWT,2009,9.3
Kuwait,KWT,2008,9.5
Kuwait,KWT,2007,9.6
Kuwait,KWT,2006,9.8
Kuwait,KWT,2005,9.9
Kuwait,KWT,2004,10.0
Kuwait,KWT,2003,10.2
Kuwait,KWT,2002,10.3
Kuwait,KWT,2001,10.5
Kuwait,KWT,2000,10.6
Kuwait,KWT,1999,10.9
Kuwait,KWT,1998,11.2
Kuwait,KWT,1997,11.5
Kuwait,KWT,1996,11.9
Kuwait,KWT,1995,12.2
Kuwait,KWT,1994,12.4
Kuwait,KWT,1993,12.7
Kuwait,KWT,1992,13.2
Kuwait,KWT,1991,13.7
Kuwait,KWT,1990,14.5
Kuwait,KWT,1989,15.4
Kuwait,KWT,1988,16.3
Kuwait,KWT,1987,17.3
Kuwait,KWT,1986,18.2
Kuwait,KWT,1985,19.4
Kuwait,KWT,1984,21.0
Kuwait,KWT,1983,23.0
Kuwait,KWT,1982,25.4
Kuwait,KWT,1981,27.9
Kuwait,KWT,1980,30.5
Kuwait,KWT,1979,33.0
Kuwait,KWT,1978,35.4
Kuwait,KWT,1977,37.9
Kuwait,KWT,1976,40.5
Kuwait,KWT,1975,43.2
Kuwait,KWT,1974,46.0
Kuwait,KWT,1973,49.0
Kuwait,KWT,1972,52.0
Kuwait,KWT,1971,55.3
Kuwait,KWT,1970,58.9
Kuwait,KWT,1969,62.7
Kuwait,KWT,1968,66.9
Kuwait,KWT,1967,71.5
Kuwait,KWT,1966,76.6
Kuwait,KWT,1965,82.2
Kuwait,KWT,1964,88.4
Kuwait,KWT,1963,95.0
Kuwait,KWT,1962,101.9
Kuwait,KWT,1961,109.1
Kuwait,KWT,1960,117.0
Kyrgyz Republic,KGZ,2025,
Kyrgyz Republic,KGZ,2024,14.8
Kyrgyz Republic,KGZ,2023,15.0
Kyrgyz Republic,KGZ,2022,15.1
Kyrgyz Republic,KGZ,2021,15.3
Kyrgyz Republic,KGZ,2020,15.6
Kyrgyz Republic,KGZ,2019,16.0
Kyrgyz Republic,KGZ,2018,16.6
Kyrgyz Republic,KGZ,2017,17.4
Kyrgyz Republic,KGZ,2016,18.4
Kyrgyz Republic,KGZ,2015,19.4
Kyrgyz Republic,KGZ,2014,20.5
Kyrgyz Republic,KGZ,2013,21.5
Kyrgyz Republic,KGZ,2012,22.6
Kyrgyz Republic,KGZ,2011,23.9
Kyrgyz Republic,KGZ,2010,25.6
Kyrgyz Republic,KGZ,2009,27.4
Kyrgyz Republic,KGZ,2008,29.3
Kyrgyz Republic,KGZ,2007,31.1
Kyrgyz Republic,KGZ,2006,32.6
Kyrgyz Republic,KGZ,2005,33.9
Kyrgyz Republic,KGZ,2004,35.4
Kyrgyz Republic,KGZ,2003,37.2
Kyrgyz Republic,KGZ,2002,39.4
Kyrgyz Republic,KGZ,2001,41.6
Kyrgyz Republic,KGZ,2000,44.0
Kyrgyz Republic,KGZ,1999,46.4
Kyrgyz Republic,KGZ,1998,48.9
Kyrgyz Republic,KGZ,1997,51.3
Kyrgyz Republic,KGZ,1996,53.7
Kyrgyz Republic,KGZ,1995,55.6
Kyrgyz Republic,KGZ,1994,56.7
Kyrgyz Republic,KGZ,1993,57.0
Kyrgyz Republic,KGZ,1992,56.7
Kyrgyz Republic,KGZ,1991,56.3
Kyrgyz Republic,KGZ,1990,56.2
Kyrgyz Republic,KGZ,1989,57.1
Kyrgyz Republic,KGZ,1988,59.2
Kyrgyz Republic,KGZ,1987,62.1
Kyrgyz Republic,KGZ,1986,65.7
Kyrgyz Republic,KGZ,1985,69.6
Kyrgyz Republic,KGZ,1984,73.6
Kyrgyz Republic,KGZ,1983,77.7
Kyrgyz Republic,KGZ,1982,81.5
Kyrgyz Republic,KGZ,1981,84.9
Kyrgyz Republic,KGZ,1980,88.2
Kyrgyz Republic,KGZ,1979,91.0
Kyrgyz Republic,KGZ,1978,93.3
Kyrgyz Republic,KGZ,1977,
Kyrgyz Republic,KGZ,1976,
Kyrgyz Republic,KGZ,1975,
Kyrgyz Republic,KGZ,1974,
Kyrgyz Republic,KGZ,1973,
Kyrgyz Republic,KGZ,1972,
Kyrgyz Republic,KGZ,1971,
Kyrgyz Republic,KGZ,1970,
Kyrgyz Republic,KGZ,1969,
Kyrgyz Republic,KGZ,1968,
Kyrgyz Republic,KGZ,1967,
Kyrgyz Republic,KGZ,1966,
Kyrgyz Republic,KGZ,1965,
Kyrgyz Republic,KGZ,1964,
Kyrgyz Republic,KGZ,1963,
Kyrgyz Republic,KGZ,1962,
Kyrgyz Republic,KGZ,1961,
Kyrgyz Republic,KGZ,1960,
Lao PDR,LAO,2025,
Lao PDR,LAO,2024,27.2
Lao PDR,LAO,2023,28.2
Lao PDR,LAO,2022,29.3
Lao PDR,LAO,2021,30.5
Lao PDR,LAO,2020,31.9
Lao PDR,LAO,2019,33.3
Lao PDR,LAO,2018,34.8
Lao PDR,LAO,2017,36.4
Lao PDR,LAO,2016,38.1
Lao PDR,LAO,2015,39.9
Lao PDR,LAO,2014,41.9
Lao PDR,LAO,2013,44.0
Lao PDR,LAO,2012,46.2
Lao PDR,LAO,2011,48.6
Lao PDR,LAO,2010,51.2
Lao PDR,LAO,2009,53.9
Lao PDR,LAO,2008,56.8
Lao PDR,LAO,2007,59.9
Lao PDR,LAO,2006,63.0
Lao PDR,LAO,2005,66.2
Lao PDR,LAO,2004,69.5
Lao PDR,LAO,2003,72.8
Lao PDR,LAO,2002,76.0
Lao PDR,LAO,2001,79.2
Lao PDR,LAO,2000,82.2
Lao PDR,LAO,1999,85.2
Lao PDR,LAO,1998,88.1
Lao PDR,LAO,1997,90.9
Lao PDR,LAO,1996,93.7
Lao PDR,LAO,1995,96.6
Lao PDR,LAO,1994,99.4
Lao PDR,LAO,1993,102.4
Lao PDR,LAO,1992,105.3
Lao PDR,LAO,1991,108.2
Lao PDR,LAO,1990,111.0
Lao PDR,LAO,1989,113.7
Lao PDR,LAO,1988,116.2
Lao PDR,LAO,1987,118.6
Lao PDR,LAO,1986,120.6
Lao PDR,LAO,1985,122.7
Lao PDR,LAO,1984,124.6
Lao PDR,LAO,1983,126.3
Lao PDR,LAO,1982,128.1
Lao PDR,LAO,1981,129.9
Lao PDR,LAO,1980,131.5
Lao PDR,LAO,1979,133.4
Lao PDR,LAO,1978,135.1
Lao PDR,LAO,1977,
Lao PDR,LAO,1976,
Lao PDR,LAO,1975,
Lao PDR,LAO,1974,
Lao PDR,LAO,1973,
Lao PDR,LAO,1972,
Lao PDR,LAO,1971,
Lao PDR,LAO,1970,
Lao PDR,LAO,1969,
Lao PDR,LAO,1968,
Lao PDR,LAO,1967,
Lao PDR,LAO,1966,
Lao PDR,LAO,1965,
Lao PDR,LAO,1964,
Lao PDR,LAO,1963,
Lao PDR,LAO,1962,
Lao PDR,LAO,1961,
Lao PDR,LAO,1960,
Latvia,LVA,2025,
Latvia,LVA,2024,2.2
Latvia,LVA,2023,2.4
Latvia,LVA,2022,2.6
Latvia,LVA,2021,2.9
Latvia,LVA,2020,3.1
Latvia,LVA,2019,3.3
Latvia,LVA,2018,3.6
Latvia,LVA,2017,3.8
Latvia,LVA,2016,4.0
Latvia,LVA,2015,4.3
Latvia,LVA,2014,4.7
Latvia,LVA,2013,5.1
Latvia,LVA,2012,5.5
Latvia,LVA,2011,6.0
Latvia,LVA,2010,6.4
Latvia,LVA,2009,6.9
Latvia,LVA,2008,7.3
Latvia,LVA,2007,7.7
Latvia,LVA,2006,8.1
Latvia,LVA,2005,8.6
Latvia,LVA,2004,9.1
Latvia,LVA,2003,9.7
Latvia,LVA,2002,10.3
Latvia,LVA,2001,10.9
Latvia,LVA,2000,11.6
Latvia,LVA,1999,12.4
Latvia,LVA,1998,13.4
Latvia,LVA,1997,14.4
Latvia,LVA,1996,15.2
Latvia,LVA,1995,15.7
Latvia,LVA,1994,15.8
Latvia,LVA,1993,15.7
Latvia,LVA,1992,15.1
Latvia,LVA,1991,14.2
Latvia,LVA,1990,13.1
Latvia,LVA,1989,12.3
Latvia,LVA,1988,11.9
Latvia,LVA,1987,12.0
Latvia,LVA,1986,12.5
Latvia,LVA,1985,13.2
Latvia,LVA,1984,14.0
Latvia,LVA,1983,14.7
Latvia,LVA,1982,15.3
Latvia,LVA,1981,15.7
Latvia,LVA,1980,16.0
Latvia,LVA,1979,16.4
Latvia,LVA,1978,16.7
Latvia,LVA,1977,17.0
Latvia,LVA,1976,17.0
Latvia,LVA,1975,16.9
Latvia,LVA,1974,16.7
Latvia,LVA,1973,16.4
Latvia,LVA,1972,16.3
Latvia,LVA,1971,16.3
Latvia,LVA,1970,16.6
Latvia,LVA,1969,16.9
Latvia,LVA,1968,17.4
Latvia,LVA,1967,18.1
Latvia,LVA,1966,18.9
Latvia,LVA,1965,19.8
Latvia,LVA,1964,21.0
Latvia,LVA,1963,22.2
Latvia,LVA,1962,23.6
Latvia,LVA,1961,25.1
Latvia,LVA,1960,26.7
Lebanon,LBN,2025,
Lebanon,LBN,2024,15.3
Lebanon,LBN,2023,14.7
Lebanon,LBN,2022,14.2
Lebanon,LBN,2021,13.6
Lebanon,LBN,2020,13.1
Lebanon,LBN,2019,12.6
Lebanon,LBN,2018,12.2
Lebanon,LBN,2017,11.8
Lebanon,LBN,2016,11.5
Lebanon,LBN,2015,11.3
Lebanon,LBN,2014,11.2
Lebanon,LBN,2013,11.1
Lebanon,LBN,2012,11.1
Lebanon,LBN,2011,11.2
Lebanon,LBN,2010,11.4
Lebanon,LBN,2009,11.6
Lebanon,LBN,2008,11.9
Lebanon,LBN,2007,12.3
Lebanon,LBN,2006,12.9
Lebanon,LBN,2005,13.5
Lebanon,LBN,2004,14.2
Lebanon,LBN,2003,15.0
Lebanon,LBN,2002,15.8
Lebanon,LBN,2001,16.7
Lebanon,LBN,2000,17.6
Lebanon,LBN,1999,18.5
Lebanon,LBN,1998,19.5
Lebanon,LBN,1997,20.4
Lebanon,LBN,1996,21.3
Lebanon,LBN,1995,22.3
Lebanon,LBN,1994,23.3
Lebanon,LBN,1993,24.5
Lebanon,LBN,1992,25.6
Lebanon,LBN,1991,26.9
Lebanon,LBN,1990,28.3
Lebanon,LBN,1989,29.7
Lebanon,LBN,1988,39.6
Lebanon,LBN,1987,41.4
Lebanon,LBN,1986,38.1
Lebanon,LBN,1985,40.0
Lebanon,LBN,1984,41.9
Lebanon,LBN,1983,43.7
Lebanon,LBN,1982,73.3
Lebanon,LBN,1981,52.9
Lebanon,LBN,1980,54.6
Lebanon,LBN,1979,56.3
Lebanon,LBN,1978,57.8
Lebanon,LBN,1977,59.3
Lebanon,LBN,1976,112.4
Lebanon,LBN,1975,50.7
Lebanon,LBN,1974,51.4
Lebanon,LBN,1973,52.0
Lebanon,LBN,1972,52.4
Lebanon,LBN,1971,52.8
Lebanon,LBN,1970,53.2
Lebanon,LBN,1969,53.7
Lebanon,LBN,1968,54.2
Lebanon,LBN,1967,54.9
Lebanon,LBN,1966,55.7
Lebanon,LBN,1965,56.8
Lebanon,LBN,1964,58.1
Lebanon,LBN,1963,59.6
Lebanon,LBN,1962,61.4
Lebanon,LBN,1961,63.3
Lebanon,LBN,1960,65.5
Lesotho,LSO,2025,
Lesotho,LSO,2024,56.3
Lesotho,LSO,2023,58.4
Lesotho,LSO,2022,59.9
Lesotho,LSO,2021,61.1
Lesotho,LSO,2020,62.1
Lesotho,LSO,2019,63.5
Lesotho,LSO,2018,65.2
Lesotho,LSO,2017,68.0
Lesotho,LSO,2016,68.2
Lesotho,LSO,2015,69.0
Lesotho,LSO,2014,70.3
Lesotho,LSO,2013,71.4
Lesotho,LSO,2012,71.0
Lesotho,LSO,2011,70.9
Lesotho,LSO,2010,73.6
Lesotho,LSO,2009,77.6
Lesotho,LSO,2008,83.9
Lesotho,LSO,2007,79.0
Lesotho,LSO,2006,79.6
Lesotho,LSO,2005,78.9
Lesotho,LSO,2004,77.8
Lesotho,LSO,2003,77.1
Lesotho,LSO,2002,76.4
Lesotho,LSO,2001,75.5
Lesotho,LSO,2000,74.8
Lesotho,LSO,1999,74.4
Lesotho,LSO,1998,74.3
Lesotho,LSO,1997,74.8
Lesotho,LSO,1996,75.1
Lesotho,LSO,1995,75.3
Lesotho,LSO,1994,75.1
Lesotho,LSO,1993,74.8
Lesotho,LSO,1992,74.8
Lesotho,LSO,1991,75.1
Lesotho,LSO,1990,75.9
Lesotho,LSO,1989,77.2
Lesotho,LSO,1988,78.9
Lesotho,LSO,1987,81.0
Lesotho,LSO,1986,83.4
Lesotho,LSO,1985,86.2
Lesotho,LSO,1984,89.4
Lesotho,LSO,1983,92.9
Lesotho,LSO,1982,96.7
Lesotho,LSO,1981,101.0
Lesotho,LSO,1980,105.5
Lesotho,LSO,1979,110.1
Lesotho,LSO,1978,114.8
Lesotho,LSO,1977,119.3
Lesotho,LSO,1976,123.8
Lesotho,LSO,1975,128.0
Lesotho,LSO,1974,131.6
Lesotho,LSO,1973,134.6
Lesotho,LSO,1972,137.2
Lesotho,LSO,1971,139.5
Lesotho,LSO,1970,141.8
Lesotho,LSO,1969,143.9
Lesotho,LSO,1968,145.2
Lesotho,LSO,1967,145.9
Lesotho,LSO,1966,145.9
Lesotho,LSO,1965,145.1
Lesotho,LSO,1964,143.7
Lesotho,LSO,1963,141.9
Lesotho,LSO,1962,140.1
Lesotho,LSO,1961,138.9
Lesotho,LSO,1960,138.4
Liberia,LBR,2025,
Liberia,LBR,2024,63.2
Liberia,LBR,2023,63.6
Liberia,LBR,2022,63.6
Liberia,LBR,2021,63.5
Liberia,LBR,2020,63.4
Liberia,LBR,2019,63.3
Liberia,LBR,2018,63.4
Liberia,LBR,2017,63.7
Liberia,LBR,2016,64.2
Liberia,LBR,2015,65.1
Liberia,LBR,2014,68.0
Liberia,LBR,2013,67.0
Liberia,LBR,2012,68.3
Liberia,LBR,2011,69.9
Liberia,LBR,2010,71.7
Liberia,LBR,2009,73.8
Liberia,LBR,2008,76.5
Liberia,LBR,2007,79.8
Liberia,LBR,2006,83.8
Liberia,LBR,2005,89.0
Liberia,LBR,2004,95.0
Liberia,LBR,2003,102.0
Liberia,LBR,2002,109.5
Liberia,LBR,2001,117.5
Liberia,LBR,2000,125.5
Liberia,LBR,1999,133.4
Liberia,LBR,1998,141.0
Liberia,LBR,1997,148.3
Liberia,LBR,1996,155.1
Liberia,LBR,1995,161.0
Liberia,LBR,1994,166.1
Liberia,LBR,1993,169.8
Liberia,LBR,1992,171.9
Liberia,LBR,1991,172.3
Liberia,LBR,1990,170.9
Liberia,LBR,1989,168.0
Liberia,LBR,1988,164.3
Liberia,LBR,1987,160.5
Liberia,LBR,1986,157.2
Liberia,LBR,1985,154.7
Liberia,LBR,1984,153.4
Liberia,LBR,1983,153.3
Liberia,LBR,1982,154.2
Liberia,LBR,1981,155.7
Liberia,LBR,1980,157.5
Liberia,LBR,1979,159.7
Liberia,LBR,1978,162.1
Liberia,LBR,1977,164.6
Liberia,LBR,1976,167.2
Liberia,LBR,1975,169.9
Liberia,LBR,1974,172.8
Liberia,LBR,1973,175.7
Liberia,LBR,1972,178.6
Liberia,LBR,1971,181.6
Liberia,LBR,1970,184.5
Liberia,LBR,1969,187.6
Liberia,LBR,1968,190.5
Liberia,LBR,1967,193.1
Liberia,LBR,1966,195.2
Liberia,LBR,1965,196.7
Liberia,LBR,1964,197.7
Liberia,LBR,1963,198.5
Liberia,LBR,1962,198.9
Liberia,LBR,1961,198.9
Liberia,LBR,1960,198.3
Libya,LBY,2025,
Libya,LBY,2024,7.9
Libya,LBY,2023,16.3
Libya,LBY,2022,8.4
Libya,LBY,2021,8.7
Libya,LBY,2020,9.0
Libya,LBY,2019,9.2
Libya,LBY,2018,9.5
Libya,LBY,2017,9.8
Libya,LBY,2016,10.2
Libya,LBY,2015,10.6
Libya,LBY,2014,10.9
Libya,LBY,2013,11.4
Libya,LBY,2012,11.9
Libya,LBY,2011,13.9
Libya,LBY,2010,13.0
Libya,LBY,2009,13.7
Libya,LBY,2008,14.6
Libya,LBY,2007,15.7
Libya,LBY,2006,16.8
Libya,LBY,2005,17.9
Libya,LBY,2004,18.8
Libya,LBY,2003,19.6
Libya,LBY,2002,20.3
Libya,LBY,2001,20.9
Libya,LBY,2000,21.5
Libya,LBY,1999,22.1
Libya,LBY,1998,22.7
Libya,LBY,1997,23.4
Libya,LBY,1996,24.2
Libya,LBY,1995,25.2
Libya,LBY,1994,26.2
Libya,LBY,1993,27.4
Libya,LBY,1992,28.7
Libya,LBY,1991,30.1
Libya,LBY,1990,31.8
Libya,LBY,1989,33.5
Libya,LBY,1988,35.3
Libya,LBY,1987,37.3
Libya,LBY,1986,39.3
Libya,LBY,1985,41.4
Libya,LBY,1984,43.6
Libya,LBY,1983,45.9
Libya,LBY,1982,48.3
Libya,LBY,1981,50.8
Libya,LBY,1980,53.3
Libya,LBY,1979,56.2
Libya,LBY,1978,59.2
Libya,LBY,1977,62.5
Libya,LBY,1976,66.4
Libya,LBY,1975,70.6
Libya,LBY,1974,75.2
Libya,LBY,1973,80.3
Libya,LBY,1972,86.1
Libya,LBY,1971,92.4
Libya,LBY,1970,99.3
Libya,LBY,1969,106.6
Libya,LBY,1968,114.4
Libya,LBY,1967,122.8
Libya,LBY,1966,131.7
Libya,LBY,1965,141.1
Libya,LBY,1964,150.6
Libya,LBY,1963,160.6
Libya,LBY,1962,171.4
Libya,LBY,1961,182.3
Libya,LBY,1960,194.0
Liechtenstein,LIE,2025,
Liechtenstein,LIE,2024,
Liechtenstein,LIE,2023,
Liechtenstein,LIE,2022,
Liechtenstein,LIE,2021,
Liechtenstein,LIE,2020,
Liechtenstein,LIE,2019,
Liechtenstein,LIE,2018,
Liechtenstein,LIE,2017,
Liechtenstein,LIE,2016,
Liechtenstein,LIE,2015,
Liechtenstein,LIE,2014,
Liechtenstein,LIE,2013,
Liechtenstein,LIE,2012,
Liechtenstein,LIE,2011,
Liechtenstein,LIE,2010,
Liechtenstein,LIE,2009,
Liechtenstein,LIE,2008,
Liechtenstein,LIE,2007,
Liechtenstein,LIE,2006,
Liechtenstein,LIE,2005,
Liechtenstein,LIE,2004,
Liechtenstein,LIE,2003,
Liechtenstein,LIE,2002,
Liechtenstein,LIE,2001,
Liechtenstein,LIE,2000,
Liechtenstein,LIE,1999,
Liechtenstein,LIE,1998,
Liechtenstein,LIE,1997,
Liechtenstein,LIE,1996,
Liechtenstein,LIE,1995,
Liechtenstein,LIE,1994,
Liechtenstein,LIE,1993,
Liechtenstein,LIE,1992,
Liechtenstein,LIE,1991,
Liechtenstein,LIE,1990,
Liechtenstein,LIE,1989,
Liechtenstein,LIE,1988,
Liechtenstein,LIE,1987,
Liechtenstein,LIE,1986,
Liechtenstein,LIE,1985,
Liechtenstein,LIE,1984,
Liechtenstein,LIE,1983,
Liechtenstein,LIE,1982,
Liechtenstein,LIE,1981,
Liechtenstein,LIE,1980,
Liechtenstein,LIE,1979,
Liechtenstein,LIE,1978,
Liechtenstein,LIE,1977,
Liechtenstein,LIE,1976,
Liechtenstein,LIE,1975,
Liechtenstein,LIE,1974,
Liechtenstein,LIE,1973,
Liechtenstein,LIE,1972,
Liechtenstein,LIE,1971,
Liechtenstein,LIE,1970,
Liechtenstein,LIE,1969,
Liechtenstein,LIE,1968,
Liechtenstein,LIE,1967,
Liechtenstein,LIE,1966,
Liechtenstein,LIE,1965,
Liechtenstein,LIE,1964,
Liechtenstein,LIE,1963,
Liechtenstein,LIE,1962,
Liechtenstein,LIE,1961,
Liechtenstein,LIE,1960,
Lithuania,LTU,2025,
Lithuania,LTU,2024,2.8
Lithuania,LTU,2023,2.9
Lithuania,LTU,2022,2.9
Lithuania,LTU,2021,3.0
Lithuania,LTU,2020,3.1
Lithuania,LTU,2019,3.3
Lithuania,LTU,2018,3.5
Lithuania,LTU,2017,3.7
Lithuania,LTU,2016,4.0
Lithuania,LTU,2015,4.1
Lithuania,LTU,2014,4.2
Lithuania,LTU,2013,4.2
Lithuania,LTU,2012,4.3
Lithuania,LTU,2011,4.6
Lithuania,LTU,2010,4.9
Lithuania,LTU,2009,5.4
Lithuania,LTU,2008,6.0
Lithuania,LTU,2007,6.5
Lithuania,LTU,2006,6.9
Lithuania,LTU,2005,7.3
Lithuania,LTU,2004,7.5
Lithuania,LTU,2003,7.7
Lithuania,LTU,2002,7.9
Lithuania,LTU,2001,8.2
Lithuania,LTU,2000,8.6
Lithuania,LTU,1999,8.9
Lithuania,LTU,1998,9.3
Lithuania,LTU,1997,9.9
Lithuania,LTU,1996,10.8
Lithuania,LTU,1995,12.0
Lithuania,LTU,1994,13.3
Lithuania,LTU,1993,14.3
Lithuania,LTU,1992,14.2
Lithuania,LTU,1991,13.1
Lithuania,LTU,1990,11.8
Lithuania,LTU,1989,11.2
Lithuania,LTU,1988,11.3
Lithuania,LTU,1987,11.9
Lithuania,LTU,1986,12.7
Lithuania,LTU,1985,13.5
Lithuania,LTU,1984,14.2
Lithuania,LTU,1983,14.6
Lithuania,LTU,1982,15.0
Lithuania,LTU,1981,15.4
Lithuania,LTU,1980,15.9
Lithuania,LTU,1979,16.5
Lithuania,LTU,1978,17.0
Lithuania,LTU,1977,17.5
Lithuania,LTU,1976,17.9
Lithuania,LTU,1975,17.9
Lithuania,LTU,1974,17.4
Lithuania,LTU,1973,16.8
Lithuania,LTU,1972,16.7
Lithuania,LTU,1971,17.2
Lithuania,LTU,1970,18.3
Lithuania,LTU,1969,19.6
Lithuania,LTU,1968,21.0
Lithuania,LTU,1967,22.4
Lithuania,LTU,1966,23.8
Lithuania,LTU,1965,25.3
Lithuania,LTU,1964,27.2
Lithuania,LTU,1963,29.8
Lithuania,LTU,1962,32.8
Lithuania,LTU,1961,36.2
Lithuania,LTU,1960,40.5
Luxembourg,LUX,2025,
Luxembourg,LUX,2024,1.9
Luxembourg,LUX,2023,1.9
Luxembourg,LUX,2022,2.0
Luxembourg,LUX,2021,2.0
Luxembourg,LUX,2020,2.0
Luxembourg,LUX,2019,2.0
Luxembourg,LUX,2018,2.1
Luxembourg,LUX,2017,2.1
Luxembourg,LUX,2016,2.1
Luxembourg,LUX,2015,2.1
Luxembourg,LUX,2014,2.2
Luxembourg,LUX,2013,2.2
Luxembourg,LUX,2012,2.2
Luxembourg,LUX,2011,2.3
Luxembourg,LUX,2010,2.4
Luxembourg,LUX,2009,2.4
Luxembourg,LUX,2008,2.5
Luxembourg,LUX,2007,2.6
Luxembourg,LUX,2006,2.7
Luxembourg,LUX,2005,2.9
Luxembourg,LUX,2004,3.1
Luxembourg,LUX,2003,3.3
Luxembourg,LUX,2002,3.5
Luxembourg,LUX,2001,3.7
Luxembourg,LUX,2000,3.9
Luxembourg,LUX,1999,4.2
Luxembourg,LUX,1998,4.4
Luxembourg,LUX,1997,4.7
Luxembourg,LUX,1996,5.0
Luxembourg,LUX,1995,5.3
Luxembourg,LUX,1994,5.7
Luxembourg,LUX,1993,6.1
Luxembourg,LUX,1992,6.5
Luxembourg,LUX,1991,6.9
Luxembourg,LUX,1990,7.3
Luxembourg,LUX,1989,7.7
Luxembourg,LUX,1988,8.2
Luxembourg,LUX,1987,8.6
Luxembourg,LUX,1986,9.0
Luxembourg,LUX,1985,9.4
Luxembourg,LUX,1984,9.8
Luxembourg,LUX,1983,10.1
Luxembourg,LUX,1982,10.5
Luxembourg,LUX,1981,10.9
Luxembourg,LUX,1980,11.3
Luxembourg,LUX,1979,11.7
Luxembourg,LUX,1978,12.2
Luxembourg,LUX,1977,12.7
Luxembourg,LUX,1976,13.4
Luxembourg,LUX,1975,14.1
Luxembourg,LUX,1974,15.0
Luxembourg,LUX,1973,15.9
Luxembourg,LUX,1972,16.9
Luxembourg,LUX,1971,17.9
Luxembourg,LUX,1970,19.0
Luxembourg,LUX,1969,20.1
Luxembourg,LUX,1968,21.1
Luxembourg,LUX,1967,22.3
Luxembourg,LUX,1966,23.4
Luxembourg,LUX,1965,24.6
Luxembourg,LUX,1964,25.9
Luxembourg,LUX,1963,27.2
Luxembourg,LUX,1962,28.7
Luxembourg,LUX,1961,30.2
Luxembourg,LUX,1960,31.7
"Macao SAR, China",MAC,2025,
"Macao SAR, China",MAC,2024,
"Macao SAR, China",MAC,2023,
"Macao SAR, China",MAC,2022,
"Macao SAR, China",MAC,2021,
"Macao SAR, China",MAC,2020,
"Macao SAR, China",MAC,2019,
"Macao SAR, China",MAC,2018,
"Macao SAR, China",MAC,2017,
"Macao SAR, China",MAC,2016,
"Macao SAR, China",MAC,2015,
"Macao SAR, China",MAC,2014,
"Macao SAR, China",MAC,2013,
"Macao SAR, China",MAC,2012,
"Macao SAR, China",MAC,2011,
"Macao SAR, China",MAC,2010,
"Macao SAR, China",MAC,2009,
"Macao SAR, China",MAC,2008,
"Macao SAR, China",MAC,2007,
"Macao SAR, China",MAC,2006,
"Macao SAR, China",MAC,2005,
"Macao SAR, China",MAC,2004,
"Macao SAR, China",MAC,2003,
"Macao SAR, China",MAC,2002,
"Macao SAR, China",MAC,2001,
"Macao SAR, China",MAC,2000,
"Macao SAR, China",MAC,1999,
"Macao SAR, China",MAC,1998,
"Macao SAR, China",MAC,1997,
"Macao SAR, China",MAC,1996,
"Macao SAR, China",MAC,1995,
"Macao SAR, China",MAC,1994,
"Macao SAR, China",MAC,1993,
"Macao SAR, China",MAC,1992,
"Macao SAR, China",MAC,1991,
"Macao SAR, China",MAC,1990,
"Macao SAR, China",MAC,1989,
"Macao SAR, China",MAC,1988,
"Macao SAR, China",MAC,1987,
"Macao SAR, China",MAC,1986,
"Macao SAR, China",MAC,1985,
"Macao SAR, China",MAC,1984,
"Macao SAR, China",MAC,1983,
"Macao SAR, China",MAC,1982,
"Macao SAR, China",MAC,1981,
"Macao SAR, China",MAC,1980,
"Macao SAR, China",MAC,1979,
"Macao SAR, China",MAC,1978,
"Macao SAR, China",MAC,1977,
"Macao SAR, China",MAC,1976,
"Macao SAR, China",MAC,1975,
"Macao SAR, China",MAC,1974,
"Macao SAR, China",MAC,1973,
"Macao SAR, China",MAC,1972,
"Macao SAR, China",MAC,1971,
"Macao SAR, China",MAC,1970,
"Macao SAR, China",MAC,1969,
"Macao SAR, China",MAC,1968,
"Macao SAR, China",MAC,1967,
"Macao SAR, China",MAC,1966,
"Macao SAR, China",MAC,1965,
"Macao SAR, China",MAC,1964,
"Macao SAR, China",MAC,1963,
"Macao SAR, China",MAC,1962,
"Macao SAR, China",MAC,1961,
"Macao SAR, China",MAC,1960,
Madagascar,MDG,2025,
Madagascar,MDG,2024,43.0
Madagascar,MDG,2023,43.7
Madagascar,MDG,2022,44.1
Madagascar,MDG,2021,44.4
Madagascar,MDG,2020,44.3
Madagascar,MDG,2019,44.1
Madagascar,MDG,2018,43.9
Madagascar,MDG,2017,43.7
Madagascar,MDG,2016,43.6
Madagascar,MDG,2015,43.6
Madagascar,MDG,2014,43.8
Madagascar,MDG,2013,44.1
Madagascar,MDG,2012,44.5
Madagascar,MDG,2011,45.2
Madagascar,MDG,2010,46.2
Madagascar,MDG,2009,47.3
Madagascar,MDG,2008,48.7
Madagascar,MDG,2007,50.3
Madagascar,MDG,2006,52.2
Madagascar,MDG,2005,54.1
Madagascar,MDG,2004,56.2
Madagascar,MDG,2003,58.3
Madagascar,MDG,2002,60.5
Madagascar,MDG,2001,62.9
Madagascar,MDG,2000,65.4
Madagascar,MDG,1999,68.1
Madagascar,MDG,1998,70.9
Madagascar,MDG,1997,73.7
Madagascar,MDG,1996,76.4
Madagascar,MDG,1995,78.9
Madagascar,MDG,1994,81.4
Madagascar,MDG,1993,83.8
Madagascar,MDG,1992,86.1
Madagascar,MDG,1991,88.6
Madagascar,MDG,1990,91.2
Madagascar,MDG,1989,93.9
Madagascar,MDG,1988,96.5
Madagascar,MDG,1987,98.7
Madagascar,MDG,1986,100.3
Madagascar,MDG,1985,101.1
Madagascar,MDG,1984,101.2
Madagascar,MDG,1983,136.1
Madagascar,MDG,1982,174.0
Madagascar,MDG,1981,139.0
Madagascar,MDG,1980,138.1
Madagascar,MDG,1979,94.1
Madagascar,MDG,1978,92.5
Madagascar,MDG,1977,90.9
Madagascar,MDG,1976,89.3
Madagascar,MDG,1975,87.6
Madagascar,MDG,1974,85.8
Madagascar,MDG,1973,83.9
Madagascar,MDG,1972,82.2
Madagascar,MDG,1971,
Madagascar,MDG,1970,
Madagascar,MDG,1969,
Madagascar,MDG,1968,
Madagascar,MDG,1967,
Madagascar,MDG,1966,
Madagascar,MDG,1965,
Madagascar,MDG,1964,
Madagascar,MDG,1963,
Madagascar,MDG,1962,
Madagascar,MDG,1961,
Madagascar,MDG,1960,
Malawi,MWI,2025,
Malawi,MWI,2024,38.0
Malawi,MWI,2023,38.4
Malawi,MWI,2022,38.6
Malawi,MWI,2021,38.3
Malawi,MWI,2020,38.2
Malawi,MWI,2019,38.3
Malawi,MWI,2018,38.0
Malawi,MWI,2017,38.5
Malawi,MWI,2016,39.1
Malawi,MWI,2015,39.7
Malawi,MWI,2014,41.1
Malawi,MWI,2013,42.6
Malawi,MWI,2012,45.1
Malawi,MWI,2011,48.0
Malawi,MWI,2010,51.5
Malawi,MWI,2009,53.7
Malawi,MWI,2008,56.0
Malawi,MWI,2007,59.1
Malawi,MWI,2006,61.6
Malawi,MWI,2005,65.1
Malawi,MWI,2004,70.1
Malawi,MWI,2003,76.4
Malawi,MWI,2002,83.8
Malawi,MWI,2001,138.5
Malawi,MWI,2000,98.9
Malawi,MWI,1999,104.5
Malawi,MWI,1998,109.0
Malawi,MWI,1997,111.7
Malawi,MWI,1996,113.6
Malawi,MWI,1995,115.8
Malawi,MWI,1994,119.1
Malawi,MWI,1993,122.6
Malawi,MWI,1992,126.4
Malawi,MWI,1991,130.5
Malawi,MWI,1990,134.0
Malawi,MWI,1989,136.7
Malawi,MWI,1988,138.4
Malawi,MWI,1987,138.3
Malawi,MWI,1986,137.1
Malawi,MWI,1985,134.6
Malawi,MWI,1984,131.7
Malawi,MWI,1983,129.5
Malawi,MWI,1982,128.9
Malawi,MWI,1981,130.0
Malawi,MWI,1980,132.5
Malawi,MWI,1979,136.0
Malawi,MWI,1978,140.1
Malawi,MWI,1977,144.2
Malawi,MWI,1976,148.1
Malawi,MWI,1975,151.8
Malawi,MWI,1974,155.4
Malawi,MWI,1973,158.7
Malawi,MWI,1972,161.4
Malawi,MWI,1971,163.6
Malawi,MWI,1970,165.1
Malawi,MWI,1969,165.9
Malawi,MWI,1968,165.7
Malawi,MWI,1967,165.7
Malawi,MWI,1966,165.4
Malawi,MWI,1965,165.2
Malawi,MWI,1964,164.7
Malawi,MWI,1963,164.5
Malawi,MWI,1962,164.1
Malawi,MWI,1961,163.8
Malawi,MWI,1960,
Malaysia,MYS,2025,
Malaysia,MYS,2024,7.0
Malaysia,MYS,2023,6.9
Malaysia,MYS,2022,6.9
Malaysia,MYS,2021,6.8
Malaysia,MYS,2020,6.8
Malaysia,MYS,2019,6.8
Malaysia,MYS,2018,6.8
Malaysia,MYS,2017,6.7
Malaysia,MYS,2016,6.7
Malaysia,MYS,2015,6.7
Malaysia,MYS,2014,6.6
Malaysia,MYS,2013,6.5
Malaysia,MYS,2012,6.5
Malaysia,MYS,2011,6.5
Malaysia,MYS,2010,6.5
Malaysia,MYS,2009,6.5
Malaysia,MYS,2008,6.5
Malaysia,MYS,2007,6.5
Malaysia,MYS,2006,6.5
Malaysia,MYS,2005,6.5
Malaysia,MYS,2004,6.5
Malaysia,MYS,2003,6.6
Malaysia,MYS,2002,6.8
Malaysia,MYS,2001,7.1
Malaysia,MYS,2000,7.5
Malaysia,MYS,1999,8.1
Malaysia,MYS,1998,8.8
Malaysia,MYS,1997,9.3
Malaysia,MYS,1996,9.7
Malaysia,MYS,1995,10.0
Malaysia,MYS,1994,10.4
Malaysia,MYS,1993,10.8
Malaysia,MYS,1992,11.3
Malaysia,MYS,1991,11.8
Malaysia,MYS,1990,12.4
Malaysia,MYS,1989,13.0
Malaysia,MYS,1988,13.7
Malaysia,MYS,1987,14.4
Malaysia,MYS,1986,15.2
Malaysia,MYS,1985,16.2
Malaysia,MYS,1984,17.2
Malaysia,MYS,1983,18.4
Malaysia,MYS,1982,19.7
Malaysia,MYS,1981,21.0
Malaysia,MYS,1980,22.5
Malaysia,MYS,1979,24.1
Malaysia,MYS,1978,25.8
Malaysia,MYS,1977,27.6
Malaysia,MYS,1976,29.4
Malaysia,MYS,1975,31.4
Malaysia,MYS,1974,33.3
Malaysia,MYS,1973,35.4
Malaysia,MYS,1972,37.3
Malaysia,MYS,1971,39.2
Malaysia,MYS,1970,40.9
Malaysia,MYS,1969,42.5
Malaysia,MYS,1968,44.1
Malaysia,MYS,1967,45.9
Malaysia,MYS,1966,47.9
Malaysia,MYS,1965,50.2
Malaysia,MYS,1964,53.0
Malaysia,MYS,1963,56.2
Malaysia,MYS,1962,59.8
Malaysia,MYS,1961,63.9
Malaysia,MYS,1960,68.3
Maldives,MDV,2025,
Maldives,MDV,2024,4.7
Maldives,MDV,2023,5.0
Maldives,MDV,2022,5.3
Maldives,MDV,2021,5.6
Maldives,MDV,2020,6.0
Maldives,MDV,2019,6.4
Maldives,MDV,2018,6.9
Maldives,MDV,2017,7.4
Maldives,MDV,2016,8.0
Maldives,MDV,2015,8.5
Maldives,MDV,2014,9.1
Maldives,MDV,2013,9.8
Maldives,MDV,2012,10.4
Maldives,MDV,2011,11.1
Maldives,MDV,2010,11.9
Maldives,MDV,2009,12.8
Maldives,MDV,2008,13.9
Maldives,MDV,2007,15.2
Maldives,MDV,2006,16.7
Maldives,MDV,2005,18.6
Maldives,MDV,2004,21.9
Maldives,MDV,2003,23.6
Maldives,MDV,2002,26.7
Maldives,MDV,2001,30.1
Maldives,MDV,2000,33.8
Maldives,MDV,1999,37.7
Maldives,MDV,1998,41.7
Maldives,MDV,1997,45.7
Maldives,MDV,1996,49.6
Maldives,MDV,1995,53.6
Maldives,MDV,1994,57.6
Maldives,MDV,1993,61.4
Maldives,MDV,1992,65.2
Maldives,MDV,1991,69.0
Maldives,MDV,1990,72.8
Maldives,MDV,1989,76.8
Maldives,MDV,1988,80.9
Maldives,MDV,1987,85.2
Maldives,MDV,1986,89.8
Maldives,MDV,1985,94.5
Maldives,MDV,1984,99.4
Maldives,MDV,1983,104.5
Maldives,MDV,1982,109.9
Maldives,MDV,1981,115.7
Maldives,MDV,1980,121.6
Maldives,MDV,1979,128.0
Maldives,MDV,1978,134.9
Maldives,MDV,1977,142.1
Maldives,MDV,1976,149.8
Maldives,MDV,1975,158.0
Maldives,MDV,1974,166.3
Maldives,MDV,1973,174.5
Maldives,MDV,1972,182.4
Maldives,MDV,1971,189.9
Maldives,MDV,1970,196.5
Maldives,MDV,1969,202.8
Maldives,MDV,1968,208.7
Maldives,MDV,1967,214.6
Maldives,MDV,1966,220.1
Maldives,MDV,1965,225.3
Maldives,MDV,1964,230.4
Maldives,MDV,1963,235.2
Maldives,MDV,1962,240.0
Maldives,MDV,1961,
Maldives,MDV,1960,
Mali,MLI,2025,
Mali,MLI,2024,47.5
Mali,MLI,2023,49.3
Mali,MLI,2022,51.2
Mali,MLI,2021,53.3
Mali,MLI,2020,55.4
Mali,MLI,2019,57.6
Mali,MLI,2018,59.7
Mali,MLI,2017,61.9
Mali,MLI,2016,64.0
Mali,MLI,2015,66.1
Mali,MLI,2014,68.2
Mali,MLI,2013,70.3
Mali,MLI,2012,72.4
Mali,MLI,2011,74.5
Mali,MLI,2010,76.7
Mali,MLI,2009,78.9
Mali,MLI,2008,81.1
Mali,MLI,2007,83.4
Mali,MLI,2006,85.8
Mali,MLI,2005,88.3
Mali,MLI,2004,91.0
Mali,MLI,2003,93.8
Mali,MLI,2002,96.8
Mali,MLI,2001,99.9
Mali,MLI,2000,103.1
Mali,MLI,1999,106.1
Mali,MLI,1998,108.9
Mali,MLI,1997,111.4
Mali,MLI,1996,113.6
Mali,MLI,1995,115.6
Mali,MLI,1994,117.4
Mali,MLI,1993,119.1
Mali,MLI,1992,120.8
Mali,MLI,1991,122.6
Mali,MLI,1990,124.7
Mali,MLI,1989,127.0
Mali,MLI,1988,129.4
Mali,MLI,1987,132.2
Mali,MLI,1986,135.0
Mali,MLI,1985,138.2
Mali,MLI,1984,141.6
Mali,MLI,1983,145.2
Mali,MLI,1982,149.0
Mali,MLI,1981,152.9
Mali,MLI,1980,156.8
Mali,MLI,1979,160.6
Mali,MLI,1978,164.7
Mali,MLI,1977,168.8
Mali,MLI,1976,172.8
Mali,MLI,1975,176.9
Mali,MLI,1974,180.7
Mali,MLI,1973,184.2
Mali,MLI,1972,187.6
Mali,MLI,1971,190.7
Mali,MLI,1970,193.8
Mali,MLI,1969,196.6
Mali,MLI,1968,199.3
Mali,MLI,1967,202.0
Mali,MLI,1966,205.0
Mali,MLI,1965,
Mali,MLI,1964,
Mali,MLI,1963,
Mali,MLI,1962,
Mali,MLI,1961,
Mali,MLI,1960,
Malta,MLT,2025,
Malta,MLT,2024,4.7
Malta,MLT,2023,4.8
Malta,MLT,2022,5.0
Malta,MLT,2021,5.1
Malta,MLT,2020,5.2
Malta,MLT,2019,5.4
Malta,MLT,2018,5.5
Malta,MLT,2017,5.6
Malta,MLT,2016,5.7
Malta,MLT,2015,5.8
Malta,MLT,2014,5.9
Malta,MLT,2013,5.9
Malta,MLT,2012,6.0
Malta,MLT,2011,6.0
Malta,MLT,2010,6.0
Malta,MLT,2009,6.0
Malta,MLT,2008,6.0
Malta,MLT,2007,6.0
Malta,MLT,2006,6.0
Malta,MLT,2005,6.1
Malta,MLT,2004,6.1
Malta,MLT,2003,6.2
Malta,MLT,2002,6.3
Malta,MLT,2001,6.5
Malta,MLT,2000,6.7
Malta,MLT,1999,6.9
Malta,MLT,1998,7.2
Malta,MLT,1997,7.6
Malta,MLT,1996,7.9
Malta,MLT,1995,8.3
Malta,MLT,1994,8.6
Malta,MLT,1993,9.0
Malta,MLT,1992,9.3
Malta,MLT,1991,9.6
Malta,MLT,1990,10.0
Malta,MLT,1989,10.4
Malta,MLT,1988,10.8
Malta,MLT,1987,11.3
Malta,MLT,1986,11.7
Malta,MLT,1985,12.3
Malta,MLT,1984,12.8
Malta,MLT,1983,13.3
Malta,MLT,1982,13.8
Malta,MLT,1981,14.4
Malta,MLT,1980,14.9
Malta,MLT,1979,15.6
Malta,MLT,1978,16.3
Malta,MLT,1977,17.1
Malta,MLT,1976,18.0
Malta,MLT,1975,19.0
Malta,MLT,1974,20.2
Malta,MLT,1973,21.3
Malta,MLT,1972,22.5
Malta,MLT,1971,23.7
Malta,MLT,1970,24.9
Malta,MLT,1969,26.2
Malta,MLT,1968,27.4
Malta,MLT,1967,28.6
Malta,MLT,1966,29.6
Malta,MLT,1965,30.7
Malta,MLT,1964,31.6
Malta,MLT,1963,32.5
Malta,MLT,1962,33.4
Malta,MLT,1961,34.5
Malta,MLT,1960,35.8
Marshall Islands,MHL,2025,
Marshall Islands,MHL,2024,22.7
Marshall Islands,MHL,2023,23.4
Marshall Islands,MHL,2022,24.1
Marshall Islands,MHL,2021,24.8
Marshall Islands,MHL,2020,25.5
Marshall Islands,MHL,2019,26.2
Marshall Islands,MHL,2018,27.0
Marshall Islands,MHL,2017,27.8
Marshall Islands,MHL,2016,28.6
Marshall Islands,MHL,2015,29.4
Marshall Islands,MHL,2014,30.1
Marshall Islands,MHL,2013,30.7
Marshall Islands,MHL,2012,31.3
Marshall Islands,MHL,2011,31.8
Marshall Islands,MHL,2010,32.2
Marshall Islands,MHL,2009,32.5
Marshall Islands,MHL,2008,32.9
Marshall Islands,MHL,2007,33.2
Marshall Islands,MHL,2006,33.5
Marshall Islands,MHL,2005,33.7
Marshall Islands,MHL,2004,34.0
Marshall Islands,MHL,2003,34.3
Marshall Islands,MHL,2002,34.5
Marshall Islands,MHL,2001,34.5
Marshall Islands,MHL,2000,34.5
Marshall Islands,MHL,1999,34.3
Marshall Islands,MHL,1998,33.9
Marshall Islands,MHL,1997,33.6
Marshall Islands,MHL,1996,33.4
Marshall Islands,MHL,1995,33.4
Marshall Islands,MHL,1994,33.7
Marshall Islands,MHL,1993,34.4
Marshall Islands,MHL,1992,35.3
Marshall Islands,MHL,1991,36.4
Marshall Islands,MHL,1990,37.7
Marshall Islands,MHL,1989,39.1
Marshall Islands,MHL,1988,40.4
Marshall Islands,MHL,1987,41.8
Marshall Islands,MHL,1986,43.0
Marshall Islands,MHL,1985,44.3
Marshall Islands,MHL,1984,45.5
Marshall Islands,MHL,1983,46.7
Marshall Islands,MHL,1982,47.9
Marshall Islands,MHL,1981,48.8
Marshall Islands,MHL,1980,49.6
Marshall Islands,MHL,1979,50.2
Marshall Islands,MHL,1978,50.8
Marshall Islands,MHL,1977,51.3
Marshall Islands,MHL,1976,51.7
Marshall Islands,MHL,1975,52.2
Marshall Islands,MHL,1974,52.9
Marshall Islands,MHL,1973,53.9
Marshall Islands,MHL,1972,55.3
Marshall Islands,MHL,1971,57.0
Marshall Islands,MHL,1970,59.0
Marshall Islands,MHL,1969,61.2
Marshall Islands,MHL,1968,63.5
Marshall Islands,MHL,1967,65.9
Marshall Islands,MHL,1966,68.5
Marshall Islands,MHL,1965,71.3
Marshall Islands,MHL,1964,74.3
Marshall Islands,MHL,1963,77.6
Marshall Islands,MHL,1962,81.1
Marshall Islands,MHL,1961,84.8
Marshall Islands,MHL,1960,88.7
Mauritania,MRT,2025,
Mauritania,MRT,2024,30.2
Mauritania,MRT,2023,31.1
Mauritania,MRT,2022,32.1
Mauritania,MRT,2021,33.0
Mauritania,MRT,2020,33.9
Mauritania,MRT,2019,34.9
Mauritania,MRT,2018,35.8
Mauritania,MRT,2017,36.7
Mauritania,MRT,2016,37.6
Mauritania,MRT,2015,38.5
Mauritania,MRT,2014,39.3
Mauritania,MRT,2013,40.2
Mauritania,MRT,2012,41.0
Mauritania,MRT,2011,41.8
Mauritania,MRT,2010,42.7
Mauritania,MRT,2009,43.9
Mauritania,MRT,2008,45.3
Mauritania,MRT,2007,47.2
Mauritania,MRT,2006,49.4
Mauritania,MRT,2005,52.2
Mauritania,MRT,2004,55.3
Mauritania,MRT,2003,58.5
Mauritania,MRT,2002,61.7
Mauritania,MRT,2001,64.7
Mauritania,MRT,2000,67.3
Mauritania,MRT,1999,69.4
Mauritania,MRT,1998,70.9
Mauritania,MRT,1997,71.9
Mauritania,MRT,1996,72.5
Mauritania,MRT,1995,72.7
Mauritania,MRT,1994,72.8
Mauritania,MRT,1993,72.7
Mauritania,MRT,1992,72.8
Mauritania,MRT,1991,72.9
Mauritania,MRT,1990,73.5
Mauritania,MRT,1989,74.3
Mauritania,MRT,1988,76.0
Mauritania,MRT,1987,78.3
Mauritania,MRT,1986,81.2
Mauritania,MRT,1985,84.5
Mauritania,MRT,1984,87.9
Mauritania,MRT,1983,90.8
Mauritania,MRT,1982,93.5
Mauritania,MRT,1981,95.9
Mauritania,MRT,1980,98.4
Mauritania,MRT,1979,100.8
Mauritania,MRT,1978,103.3
Mauritania,MRT,1977,105.6
Mauritania,MRT,1976,107.4
Mauritania,MRT,1975,108.5
Mauritania,MRT,1974,127.8
Mauritania,MRT,1973,127.9
Mauritania,MRT,1972,127.8
Mauritania,MRT,1971,128.0
Mauritania,MRT,1970,129.1
Mauritania,MRT,1969,131.1
Mauritania,MRT,1968,134.0
Mauritania,MRT,1967,114.4
Mauritania,MRT,1966,117.3
Mauritania,MRT,1965,120.3
Mauritania,MRT,1964,123.1
Mauritania,MRT,1963,125.8
Mauritania,MRT,1962,128.5
Mauritania,MRT,1961,131.0
Mauritania,MRT,1960,133.5
Mauritius,MUS,2025,
Mauritius,MUS,2024,13.8
Mauritius,MUS,2023,13.8
Mauritius,MUS,2022,13.9
Mauritius,MUS,2021,14.1
Mauritius,MUS,2020,14.1
Mauritius,MUS,2019,14.0
Mauritius,MUS,2018,13.7
Mauritius,MUS,2017,13.3
Mauritius,MUS,2016,13.0
Mauritius,MUS,2015,12.9
Mauritius,MUS,2014,13.0
Mauritius,MUS,2013,13.2
Mauritius,MUS,2012,13.2
Mauritius,MUS,2011,13.1
Mauritius,MUS,2010,13.0
Mauritius,MUS,2009,13.1
Mauritius,MUS,2008,13.2
Mauritius,MUS,2007,13.3
Mauritius,MUS,2006,13.5
Mauritius,MUS,2005,13.7
Mauritius,MUS,2004,13.8
Mauritius,MUS,2003,14.1
Mauritius,MUS,2002,14.6
Mauritius,MUS,2001,15.4
Mauritius,MUS,2000,16.5
Mauritius,MUS,1999,17.8
Mauritius,MUS,1998,19.1
Mauritius,MUS,1997,19.8
Mauritius,MUS,1996,19.8
Mauritius,MUS,1995,19.5
Mauritius,MUS,1994,18.9
Mauritius,MUS,1993,18.4
Mauritius,MUS,1992,18.3
Mauritius,MUS,1991,18.8
Mauritius,MUS,1990,19.9
Mauritius,MUS,1989,21.5
Mauritius,MUS,1988,23.2
Mauritius,MUS,1987,24.0
Mauritius,MUS,1986,24.1
Mauritius,MUS,1985,24.1
Mauritius,MUS,1984,24.6
Mauritius,MUS,1983,25.6
Mauritius,MUS,1982,27.6
Mauritius,MUS,1981,30.2
Mauritius,MUS,1980,32.8
Mauritius,MUS,1979,34.7
Mauritius,MUS,1978,36.6
Mauritius,MUS,1977,39.0
Mauritius,MUS,1976,42.6
Mauritius,MUS,1975,48.1
Mauritius,MUS,1974,55.0
Mauritius,MUS,1973,60.4
Mauritius,MUS,1972,60.1
Mauritius,MUS,1971,57.0
Mauritius,MUS,1970,57.2
Mauritius,MUS,1969,63.0
Mauritius,MUS,1968,69.2
Mauritius,MUS,1967,69.2
Mauritius,MUS,1966,64.2
Mauritius,MUS,1965,59.7
Mauritius,MUS,1964,58.4
Mauritius,MUS,1963,59.8
Mauritius,MUS,1962,63.1
Mauritius,MUS,1961,66.7
Mauritius,MUS,1960,68.9
Mexico,MEX,2025,
Mexico,MEX,2024,12.1
Mexico,MEX,2023,12.4
Mexico,MEX,2022,12.8
Mexico,MEX,2021,13.1
Mexico,MEX,2020,13.4
Mexico,MEX,2019,13.7
Mexico,MEX,2018,14.0
Mexico,MEX,2017,14.4
Mexico,MEX,2016,14.7
Mexico,MEX,2015,15.0
Mexico,MEX,2014,15.4
Mexico,MEX,2013,15.8
Mexico,MEX,2012,16.2
Mexico,MEX,2011,16.6
Mexico,MEX,2010,17.0
Mexico,MEX,2009,17.4
Mexico,MEX,2008,17.9
Mexico,MEX,2007,18.4
Mexico,MEX,2006,18.9
Mexico,MEX,2005,19.5
Mexico,MEX,2004,20.2
Mexico,MEX,2003,21.0
Mexico,MEX,2002,21.9
Mexico,MEX,2001,22.9
Mexico,MEX,2000,24.0
Mexico,MEX,1999,25.1
Mexico,MEX,1998,26.3
Mexico,MEX,1997,27.5
Mexico,MEX,1996,28.9
Mexico,MEX,1995,30.3
Mexico,MEX,1994,31.7
Mexico,MEX,1993,33.3
Mexico,MEX,1992,34.8
Mexico,MEX,1991,36.5
Mexico,MEX,1990,38.2
Mexico,MEX,1989,39.9
Mexico,MEX,1988,41.8
Mexico,MEX,1987,43.6
Mexico,MEX,1986,45.6
Mexico,MEX,1985,47.6
Mexico,MEX,1984,49.6
Mexico,MEX,1983,51.8
Mexico,MEX,1982,54.1
Mexico,MEX,1981,56.4
Mexico,MEX,1980,58.8
Mexico,MEX,1979,61.3
Mexico,MEX,1978,63.6
Mexico,MEX,1977,66.0
Mexico,MEX,1976,68.3
Mexico,MEX,1975,70.6
Mexico,MEX,1974,72.8
Mexico,MEX,1973,75.2
Mexico,MEX,1972,77.4
Mexico,MEX,1971,79.8
Mexico,MEX,1970,82.0
Mexico,MEX,1969,84.2
Mexico,MEX,1968,86.4
Mexico,MEX,1967,88.5
Mexico,MEX,1966,90.6
Mexico,MEX,1965,92.9
Mexico,MEX,1964,95.2
Mexico,MEX,1963,97.5
Mexico,MEX,1962,100.2
Mexico,MEX,1961,102.9
Mexico,MEX,1960,106.0
"Micronesia, Fed. Sts.",FSM,2025,
"Micronesia, Fed. Sts.",FSM,2024,20.3
"Micronesia, Fed. Sts.",FSM,2023,20.9
"Micronesia, Fed. Sts.",FSM,2022,21.6
"Micronesia, Fed. Sts.",FSM,2021,22.3
"Micronesia, Fed. Sts.",FSM,2020,23.0
"Micronesia, Fed. Sts.",FSM,2019,23.7
"Micronesia, Fed. Sts.",FSM,2018,24.5
"Micronesia, Fed. Sts.",FSM,2017,25.2
"Micronesia, Fed. Sts.",FSM,2016,25.9
"Micronesia, Fed. Sts.",FSM,2015,26.7
"Micronesia, Fed. Sts.",FSM,2014,27.4
"Micronesia, Fed. Sts.",FSM,2013,28.2
"Micronesia, Fed. Sts.",FSM,2012,29.0
"Micronesia, Fed. Sts.",FSM,2011,29.8
"Micronesia, Fed. Sts.",FSM,2010,30.3
"Micronesia, Fed. Sts.",FSM,2009,30.9
"Micronesia, Fed. Sts.",FSM,2008,31.3
"Micronesia, Fed. Sts.",FSM,2007,31.5
"Micronesia, Fed. Sts.",FSM,2006,31.6
"Micronesia, Fed. Sts.",FSM,2005,31.6
"Micronesia, Fed. Sts.",FSM,2004,31.6
"Micronesia, Fed. Sts.",FSM,2003,31.9
"Micronesia, Fed. Sts.",FSM,2002,34.0
"Micronesia, Fed. Sts.",FSM,2001,32.8
"Micronesia, Fed. Sts.",FSM,2000,33.6
"Micronesia, Fed. Sts.",FSM,1999,34.5
"Micronesia, Fed. Sts.",FSM,1998,35.4
"Micronesia, Fed. Sts.",FSM,1997,36.4
"Micronesia, Fed. Sts.",FSM,1996,37.3
"Micronesia, Fed. Sts.",FSM,1995,38.1
"Micronesia, Fed. Sts.",FSM,1994,38.8
"Micronesia, Fed. Sts.",FSM,1993,39.5
"Micronesia, Fed. Sts.",FSM,1992,40.2
"Micronesia, Fed. Sts.",FSM,1991,41.0
"Micronesia, Fed. Sts.",FSM,1990,41.9
"Micronesia, Fed. Sts.",FSM,1989,43.0
"Micronesia, Fed. Sts.",FSM,1988,44.3
"Micronesia, Fed. Sts.",FSM,1987,45.5
"Micronesia, Fed. Sts.",FSM,1986,46.6
"Micronesia, Fed. Sts.",FSM,1985,47.5
"Micronesia, Fed. Sts.",FSM,1984,48.3
"Micronesia, Fed. Sts.",FSM,1983,48.8
"Micronesia, Fed. Sts.",FSM,1982,49.3
"Micronesia, Fed. Sts.",FSM,1981,49.9
"Micronesia, Fed. Sts.",FSM,1980,50.6
"Micronesia, Fed. Sts.",FSM,1979,51.4
"Micronesia, Fed. Sts.",FSM,1978,52.4
"Micronesia, Fed. Sts.",FSM,1977,53.6
"Micronesia, Fed. Sts.",FSM,1976,55.0
"Micronesia, Fed. Sts.",FSM,1975,56.5
"Micronesia, Fed. Sts.",FSM,1974,58.1
"Micronesia, Fed. Sts.",FSM,1973,60.1
"Micronesia, Fed. Sts.",FSM,1972,62.2
"Micronesia, Fed. Sts.",FSM,1971,64.4
"Micronesia, Fed. Sts.",FSM,1970,66.8
"Micronesia, Fed. Sts.",FSM,1969,69.2
"Micronesia, Fed. Sts.",FSM,1968,71.9
"Micronesia, Fed. Sts.",FSM,1967,74.7
"Micronesia, Fed. Sts.",FSM,1966,77.6
"Micronesia, Fed. Sts.",FSM,1965,80.5
"Micronesia, Fed. Sts.",FSM,1964,83.6
"Micronesia, Fed. Sts.",FSM,1963,86.7
"Micronesia, Fed. Sts.",FSM,1962,90.2
"Micronesia, Fed. Sts.",FSM,1961,93.5
"Micronesia, Fed. Sts.",FSM,1960,97.3
Moldova,MDA,2025,
Moldova,MDA,2024,15.1
Moldova,MDA,2023,14.9
Moldova,MDA,2022,14.7
Moldova,MDA,2021,14.5
Moldova,MDA,2020,14.3
Moldova,MDA,2019,14.1
Moldova,MDA,2018,14.1
Moldova,MDA,2017,14.0
Moldova,MDA,2016,14.1
Moldova,MDA,2015,14.2
Moldova,MDA,2014,14.3
Moldova,MDA,2013,14.5
Moldova,MDA,2012,14.7
Moldova,MDA,2011,14.9
Moldova,MDA,2010,15.2
Moldova,MDA,2009,15.5
Moldova,MDA,2008,15.9
Moldova,MDA,2007,16.4
Moldova,MDA,2006,17.0
Moldova,MDA,2005,18.0
Moldova,MDA,2004,19.3
Moldova,MDA,2003,20.9
Moldova,MDA,2002,23.0
Moldova,MDA,2001,25.4
Moldova,MDA,2000,27.9
Moldova,MDA,1999,30.2
Moldova,MDA,1998,32.2
Moldova,MDA,1997,33.5
Moldova,MDA,1996,34.0
Moldova,MDA,1995,33.8
Moldova,MDA,1994,32.9
Moldova,MDA,1993,31.7
Moldova,MDA,1992,30.4
Moldova,MDA,1991,29.5
Moldova,MDA,1990,29.1
Moldova,MDA,1989,29.4
Moldova,MDA,1988,30.1
Moldova,MDA,1987,31.3
Moldova,MDA,1986,32.7
Moldova,MDA,1985,34.3
Moldova,MDA,1984,35.9
Moldova,MDA,1983,37.6
Moldova,MDA,1982,39.1
Moldova,MDA,1981,40.3
Moldova,MDA,1980,41.4
Moldova,MDA,1979,42.4
Moldova,MDA,1978,43.3
Moldova,MDA,1977,44.4
Moldova,MDA,1976,45.4
Moldova,MDA,1975,46.5
Moldova,MDA,1974,47.7
Moldova,MDA,1973,48.8
Moldova,MDA,1972,49.9
Moldova,MDA,1971,51.2
Moldova,MDA,1970,
Moldova,MDA,1969,
Moldova,MDA,1968,
Moldova,MDA,1967,
Moldova,MDA,1966,
Moldova,MDA,1965,
Moldova,MDA,1964,
Moldova,MDA,1963,
Moldova,MDA,1962,
Moldova,MDA,1961,
Moldova,MDA,1960,
Monaco,MCO,2025,
Monaco,MCO,2024,2.2
Monaco,MCO,2023,2.3
Monaco,MCO,2022,2.3
Monaco,MCO,2021,2.4
Monaco,MCO,2020,2.5
Monaco,MCO,2019,2.6
Monaco,MCO,2018,2.6
Monaco,MCO,2017,2.7
Monaco,MCO,2016,2.8
Monaco,MCO,2015,2.9
Monaco,MCO,2014,3.0
Monaco,MCO,2013,3.0
Monaco,MCO,2012,3.1
Monaco,MCO,2011,3.2
Monaco,MCO,2010,3.3
Monaco,MCO,2009,3.3
Monaco,MCO,2008,3.4
Monaco,MCO,2007,3.5
Monaco,MCO,2006,3.6
Monaco,MCO,2005,3.7
Monaco,MCO,2004,3.7
Monaco,MCO,2003,3.8
Monaco,MCO,2002,4.0
Monaco,MCO,2001,4.1
Monaco,MCO,2000,4.2
Monaco,MCO,1999,4.4
Monaco,MCO,1998,4.5
Monaco,MCO,1997,4.7
Monaco,MCO,1996,4.9
Monaco,MCO,1995,5.1
Monaco,MCO,1994,5.3
Monaco,MCO,1993,5.5
Monaco,MCO,1992,5.8
Monaco,MCO,1991,6.0
Monaco,MCO,1990,6.3
Monaco,MCO,1989,6.6
Monaco,MCO,1988,6.9
Monaco,MCO,1987,7.2
Monaco,MCO,1986,7.6
Monaco,MCO,1985,7.9
Monaco,MCO,1984,
Monaco,MCO,1983,
Monaco,MCO,1982,
Monaco,MCO,1981,
Monaco,MCO,1980,
Monaco,MCO,1979,
Monaco,MCO,1978,
Monaco,MCO,1977,
Monaco,MCO,1976,
Monaco,MCO,1975,
Monaco,MCO,1974,
Monaco,MCO,1973,
Monaco,MCO,1972,
Monaco,MCO,1971,
Monaco,MCO,1970,
Monaco,MCO,1969,
Monaco,MCO,1968,
Monaco,MCO,1967,
Monaco,MCO,1966,
Monaco,MCO,1965,
Monaco,MCO,1964,
Monaco,MCO,1963,
Monaco,MCO,1962,
Monaco,MCO,1961,
Monaco,MCO,1960,
Mongolia,MNG,2025,
Mongolia,MNG,2024,11.2
Mongolia,MNG,2023,11.4
Mongolia,MNG,2022,11.6
Mongolia,MNG,2021,11.8
Mongolia,MNG,2020,12.2
Mongolia,MNG,2019,12.8
Mongolia,MNG,2018,13.5
Mongolia,MNG,2017,14.2
Mongolia,MNG,2016,15.0
Mongolia,MNG,2015,15.7
Mongolia,MNG,2014,16.5
Mongolia,MNG,2013,17.3
Mongolia,MNG,2012,18.2
Mongolia,MNG,2011,19.4
Mongolia,MNG,2010,20.8
Mongolia,MNG,2009,22.5
Mongolia,MNG,2008,24.4
Mongolia,MNG,2007,26.5
Mongolia,MNG,2006,28.8
Mongolia,MNG,2005,31.4
Mongolia,MNG,2004,34.2
Mongolia,MNG,2003,37.3
Mongolia,MNG,2002,40.5
Mongolia,MNG,2001,43.9
Mongolia,MNG,2000,47.3
Mongolia,MNG,1999,50.8
Mongolia,MNG,1998,54.1
Mongolia,MNG,1997,57.2
Mongolia,MNG,1996,60.0
Mongolia,MNG,1995,62.6
Mongolia,MNG,1994,64.9
Mongolia,MNG,1993,67.1
Mongolia,MNG,1992,69.2
Mongolia,MNG,1991,71.3
Mongolia,MNG,1990,73.5
Mongolia,MNG,1989,75.9
Mongolia,MNG,1988,78.6
Mongolia,MNG,1987,81.2
Mongolia,MNG,1986,83.8
Mongolia,MNG,1985,86.3
Mongolia,MNG,1984,88.5
Mongolia,MNG,1983,90.4
Mongolia,MNG,1982,92.3
Mongolia,MNG,1981,94.1
Mongolia,MNG,1980,95.8
Mongolia,MNG,1979,
Mongolia,MNG,1978,
Mongolia,MNG,1977,
Mongolia,MNG,1976,
Mongolia,MNG,1975,
Mongolia,MNG,1974,
Mongolia,MNG,1973,
Mongolia,MNG,1972,
Mongolia,MNG,1971,
Mongolia,MNG,1970,
Mongolia,MNG,1969,
Mongolia,MNG,1968,
Mongolia,MNG,1967,
Mongolia,MNG,1966,
Mongolia,MNG,1965,
Mongolia,MNG,1964,
Mongolia,MNG,1963,
Mongolia,MNG,1962,
Mongolia,MNG,1961,
Mongolia,MNG,1960,
Montenegro,MNE,2025,
Montenegro,MNE,2024,1.9
Montenegro,MNE,2023,2.0
Montenegro,MNE,2022,2.1
Montenegro,MNE,2021,2.3
Montenegro,MNE,2020,2.4
Montenegro,MNE,2019,2.6
Montenegro,MNE,2018,2.8
Montenegro,MNE,2017,3.0
Montenegro,MNE,2016,3.2
Montenegro,MNE,2015,3.5
Montenegro,MNE,2014,3.9
Montenegro,MNE,2013,4.3
Montenegro,MNE,2012,4.7
Montenegro,MNE,2011,5.2
Montenegro,MNE,2010,5.8
Montenegro,MNE,2009,6.4
Montenegro,MNE,2008,7.1
Montenegro,MNE,2007,7.8
Montenegro,MNE,2006,8.6
Montenegro,MNE,2005,9.3
Montenegro,MNE,2004,10.1
Montenegro,MNE,2003,10.8
Montenegro,MNE,2002,11.5
Montenegro,MNE,2001,12.2
Montenegro,MNE,2000,12.7
Montenegro,MNE,1999,13.0
Montenegro,MNE,1998,13.3
Montenegro,MNE,1997,13.4
Montenegro,MNE,1996,13.5
Montenegro,MNE,1995,13.5
Montenegro,MNE,1994,13.5
Montenegro,MNE,1993,13.6
Montenegro,MNE,1992,13.8
Montenegro,MNE,1991,14.2
Montenegro,MNE,1990,14.8
Montenegro,MNE,1989,15.7
Montenegro,MNE,1988,17.0
Montenegro,MNE,1987,18.5
Montenegro,MNE,1986,20.3
Montenegro,MNE,1985,22.3
Montenegro,MNE,1984,24.6
Montenegro,MNE,1983,
Montenegro,MNE,1982,
Montenegro,MNE,1981,
Montenegro,MNE,1980,
Montenegro,MNE,1979,
Montenegro,MNE,1978,
Montenegro,MNE,1977,
Montenegro,MNE,1976,
Montenegro,MNE,1975,
Montenegro,MNE,1974,
Montenegro,MNE,1973,
Montenegro,MNE,1972,
Montenegro,MNE,1971,
Montenegro,MNE,1970,
Montenegro,MNE,1969,
Montenegro,MNE,1968,
Montenegro,MNE,1967,
Montenegro,MNE,1966,
Montenegro,MNE,1965,
Montenegro,MNE,1964,
Montenegro,MNE,1963,
Montenegro,MNE,1962,
Montenegro,MNE,1961,
Montenegro,MNE,1960,
Morocco,MAR,2025,
Morocco,MAR,2024,14.7
Morocco,MAR,2023,15.3
Morocco,MAR,2022,15.9
Morocco,MAR,2021,16.5
Morocco,MAR,2020,17.1
Morocco,MAR,2019,17.8
Morocco,MAR,2018,18.5
Morocco,MAR,2017,19.3
Morocco,MAR,2016,20.3
Morocco,MAR,2015,21.4
Morocco,MAR,2014,22.5
Morocco,MAR,2013,23.8
Morocco,MAR,2012,25.2
Morocco,MAR,2011,26.6
Morocco,MAR,2010,28.1
Morocco,MAR,2009,29.7
Morocco,MAR,2008,31.4
Morocco,MAR,2007,33.2
Morocco,MAR,2006,35.0
Morocco,MAR,2005,36.8
Morocco,MAR,2004,38.6
Morocco,MAR,2003,40.4
Morocco,MAR,2002,42.1
Morocco,MAR,2001,43.8
Morocco,MAR,2000,45.4
Morocco,MAR,1999,47.1
Morocco,MAR,1998,48.9
Morocco,MAR,1997,50.7
Morocco,MAR,1996,52.7
Morocco,MAR,1995,54.7
Morocco,MAR,1994,56.8
Morocco,MAR,1993,58.9
Morocco,MAR,1992,61.1
Morocco,MAR,1991,63.2
Morocco,MAR,1990,65.5
Morocco,MAR,1989,67.9
Morocco,MAR,1988,70.6
Morocco,MAR,1987,73.5
Morocco,MAR,1986,76.6
Morocco,MAR,1985,80.0
Morocco,MAR,1984,83.7
Morocco,MAR,1983,87.5
Morocco,MAR,1982,91.4
Morocco,MAR,1981,95.5
Morocco,MAR,1980,99.6
Morocco,MAR,1979,103.8
Morocco,MAR,1978,107.9
Morocco,MAR,1977,111.9
Morocco,MAR,1976,115.5
Morocco,MAR,1975,118.6
Morocco,MAR,1974,121.2
Morocco,MAR,1973,123.2
Morocco,MAR,1972,124.9
Morocco,MAR,1971,126.5
Morocco,MAR,1970,128.2
Morocco,MAR,1969,130.1
Morocco,MAR,1968,132.4
Morocco,MAR,1967,134.9
Morocco,MAR,1966,137.4
Morocco,MAR,1965,140.1
Morocco,MAR,1964,142.6
Morocco,MAR,1963,144.9
Morocco,MAR,1962,147.0
Morocco,MAR,1961,149.1
Morocco,MAR,1960,151.1
Mozambique,MOZ,2025,
Mozambique,MOZ,2024,43.7
Mozambique,MOZ,2023,44.9
Mozambique,MOZ,2022,45.9
Mozambique,MOZ,2021,47.1
Mozambique,MOZ,2020,48.6
Mozambique,MOZ,2019,49.2
Mozambique,MOZ,2018,50.3
Mozambique,MOZ,2017,51.4
Mozambique,MOZ,2016,52.8
Mozambique,MOZ,2015,53.8
Mozambique,MOZ,2014,55.1
Mozambique,MOZ,2013,56.1
Mozambique,MOZ,2012,57.1
Mozambique,MOZ,2011,59.8
Mozambique,MOZ,2010,63.6
Mozambique,MOZ,2009,63.9
Mozambique,MOZ,2008,67.4
Mozambique,MOZ,2007,70.1
Mozambique,MOZ,2006,76.0
Mozambique,MOZ,2005,80.5
Mozambique,MOZ,2004,85.1
Mozambique,MOZ,2003,90.0
Mozambique,MOZ,2002,95.2
Mozambique,MOZ,2001,100.8
Mozambique,MOZ,2000,106.9
Mozambique,MOZ,1999,113.3
Mozambique,MOZ,1998,119.7
Mozambique,MOZ,1997,126.0
Mozambique,MOZ,1996,131.5
Mozambique,MOZ,1995,136.3
Mozambique,MOZ,1994,140.0
Mozambique,MOZ,1993,143.1
Mozambique,MOZ,1992,145.3
Mozambique,MOZ,1991,146.9
Mozambique,MOZ,1990,148.0
Mozambique,MOZ,1989,149.0
Mozambique,MOZ,1988,149.8
Mozambique,MOZ,1987,150.8
Mozambique,MOZ,1986,151.7
Mozambique,MOZ,1985,152.8
Mozambique,MOZ,1984,153.8
Mozambique,MOZ,1983,154.7
Mozambique,MOZ,1982,155.0
Mozambique,MOZ,1981,182.2
Mozambique,MOZ,1980,154.4
Mozambique,MOZ,1979,153.8
Mozambique,MOZ,1978,153.3
Mozambique,MOZ,1977,152.9
Mozambique,MOZ,1976,152.7
Mozambique,MOZ,1975,152.4
Mozambique,MOZ,1974,152.5
Mozambique,MOZ,1973,152.5
Mozambique,MOZ,1972,152.3
Mozambique,MOZ,1971,152.2
Mozambique,MOZ,1970,151.8
Mozambique,MOZ,1969,151.1
Mozambique,MOZ,1968,150.5
Mozambique,MOZ,1967,149.7
Mozambique,MOZ,1966,148.4
Mozambique,MOZ,1965,147.0
Mozambique,MOZ,1964,145.6
Mozambique,MOZ,1963,144.1
Mozambique,MOZ,1962,
Mozambique,MOZ,1961,
Mozambique,MOZ,1960,
Myanmar,MMR,2025,
Myanmar,MMR,2024,32.8
Myanmar,MMR,2023,33.8
Myanmar,MMR,2022,34.9
Myanmar,MMR,2021,36.0
Myanmar,MMR,2020,37.2
Myanmar,MMR,2019,38.4
Myanmar,MMR,2018,39.8
Myanmar,MMR,2017,41.1
Myanmar,MMR,2016,42.6
Myanmar,MMR,2015,44.1
Myanmar,MMR,2014,45.8
Myanmar,MMR,2013,47.5
Myanmar,MMR,2012,49.5
Myanmar,MMR,2011,51.7
Myanmar,MMR,2010,53.8
Myanmar,MMR,2009,56.0
Myanmar,MMR,2008,71.0
Myanmar,MMR,2007,60.5
Myanmar,MMR,2006,62.6
Myanmar,MMR,2005,64.7
Myanmar,MMR,2004,66.8
Myanmar,MMR,2003,68.7
Myanmar,MMR,2002,70.5
Myanmar,MMR,2001,72.2
Myanmar,MMR,2000,73.9
Myanmar,MMR,1999,75.6
Myanmar,MMR,1998,77.2
Myanmar,MMR,1997,78.9
Myanmar,MMR,1996,80.6
Myanmar,MMR,1995,82.3
Myanmar,MMR,1994,84.0
Myanmar,MMR,1993,85.7
Myanmar,MMR,1992,87.4
Myanmar,MMR,1991,89.0
Myanmar,MMR,1990,90.5
Myanmar,MMR,1989,92.0
Myanmar,MMR,1988,93.4
Myanmar,MMR,1987,94.6
Myanmar,MMR,1986,95.8
Myanmar,MMR,1985,97.0
Myanmar,MMR,1984,98.1
Myanmar,MMR,1983,99.4
Myanmar,MMR,1982,100.8
Myanmar,MMR,1981,102.5
Myanmar,MMR,1980,104.1
Myanmar,MMR,1979,105.8
Myanmar,MMR,1978,107.7
Myanmar,MMR,1977,109.7
Myanmar,MMR,1976,111.7
Myanmar,MMR,1975,113.9
Myanmar,MMR,1974,116.0
Myanmar,MMR,1973,118.0
Myanmar,MMR,1972,120.0
Myanmar,MMR,1971,122.0
Myanmar,MMR,1970,123.7
Myanmar,MMR,1969,125.5
Myanmar,MMR,1968,127.5
Myanmar,MMR,1967,
Myanmar,MMR,1966,
Myanmar,MMR,1965,
Myanmar,MMR,1964,
Myanmar,MMR,1963,
Myanmar,MMR,1962,
Myanmar,MMR,1961,
Myanmar,MMR,1960,
Namibia,NAM,2025,
Namibia,NAM,2024,36.4
Namibia,NAM,2023,38.3
Namibia,NAM,2022,38.8
Namibia,NAM,2021,40.4
Namibia,NAM,2020,41.6
Namibia,NAM,2019,42.8
Namibia,NAM,2018,43.8
Namibia,NAM,2017,44.3
Namibia,NAM,2016,45.3
Namibia,NAM,2015,45.3
Namibia,NAM,2014,44.9
Namibia,NAM,2013,45.8
Namibia,NAM,2012,46.9
Namibia,NAM,2011,44.2
Namibia,NAM,2010,43.7
Namibia,NAM,2009,44.8
Namibia,NAM,2008,43.2
Namibia,NAM,2007,41.4
Namibia,NAM,2006,40.1
Namibia,NAM,2005,41.3
Namibia,NAM,2004,44.1
Namibia,NAM,2003,45.2
Namibia,NAM,2002,46.0
Namibia,NAM,2001,46.9
Namibia,NAM,2000,48.0
Namibia,NAM,1999,49.3
Namibia,NAM,1998,50.3
Namibia,NAM,1997,50.9
Namibia,NAM,1996,51.1
Namibia,NAM,1995,51.6
Namibia,NAM,1994,52.1
Namibia,NAM,1993,52.8
Namibia,NAM,1992,53.7
Namibia,NAM,1991,54.8
Namibia,NAM,1990,56.2
Namibia,NAM,1989,57.5
Namibia,NAM,1988,59.1
Namibia,NAM,1987,60.9
Namibia,NAM,1986,62.9
Namibia,NAM,1985,65.1
Namibia,NAM,1984,67.4
Namibia,NAM,1983,69.3
Namibia,NAM,1982,70.8
Namibia,NAM,1981,71.7
Namibia,NAM,1980,72.1
Namibia,NAM,1979,71.7
Namibia,NAM,1978,70.8
Namibia,NAM,1977,69.6
Namibia,NAM,1976,68.2
Namibia,NAM,1975,66.7
Namibia,NAM,1974,65.4
Namibia,NAM,1973,64.4
Namibia,NAM,1972,63.4
Namibia,NAM,1971,62.5
Namibia,NAM,1970,61.7
Namibia,NAM,1969,60.9
Namibia,NAM,1968,60.3
Namibia,NAM,1967,59.6
Namibia,NAM,1966,
Namibia,NAM,1965,
Namibia,NAM,1964,
Namibia,NAM,1963,
Namibia,NAM,1962,
Namibia,NAM,1961,
Namibia,NAM,1960,
Naoero,NRU,2025,
Naoero,NRU,2024,7.7
Naoero,NRU,2023,8.2
Naoero,NRU,2022,8.7
Naoero,NRU,2021,9.4
Naoero,NRU,2020,10.2
Naoero,NRU,2019,11.1
Naoero,NRU,2018,12.2
Naoero,NRU,2017,13.4
Naoero,NRU,2016,14.7
Naoero,NRU,2015,16.2
Naoero,NRU,2014,17.7
Naoero,NRU,2013,19.3
Naoero,NRU,2012,21.0
Naoero,NRU,2011,22.7
Naoero,NRU,2010,24.4
Naoero,NRU,2009,26.0
Naoero,NRU,2008,27.5
Naoero,NRU,2007,28.9
Naoero,NRU,2006,30.1
Naoero,NRU,2005,31.3
Naoero,NRU,2004,32.4
Naoero,NRU,2003,33.5
Naoero,NRU,2002,34.7
Naoero,NRU,2001,36.1
Naoero,NRU,2000,37.5
Naoero,NRU,1999,39.1
Naoero,NRU,1998,40.8
Naoero,NRU,1997,42.6
Naoero,NRU,1996,44.5
Naoero,NRU,1995,46.5
Naoero,NRU,1994,48.7
Naoero,NRU,1993,51.0
Naoero,NRU,1992,53.5
Naoero,NRU,1991,56.1
Naoero,NRU,1990,58.8
Naoero,NRU,1989,61.6
Naoero,NRU,1988,64.3
Naoero,NRU,1987,67.2
Naoero,NRU,1986,70.2
Naoero,NRU,1985,73.4
Naoero,NRU,1984,
Naoero,NRU,1983,
Naoero,NRU,1982,
Naoero,NRU,1981,
Naoero,NRU,1980,
Naoero,NRU,1979,
Naoero,NRU,1978,
Naoero,NRU,1977,
Naoero,NRU,1976,
Naoero,NRU,1975,
Naoero,NRU,1974,
Naoero,NRU,1973,
Naoero,NRU,1972,
Naoero,NRU,1971,
Naoero,NRU,1970,
Naoero,NRU,1969,
Naoero,NRU,1968,
Naoero,NRU,1967,
Naoero,NRU,1966,
Naoero,NRU,1965,
Naoero,NRU,1964,
Naoero,NRU,1963,
Naoero,NRU,1962,
Naoero,NRU,1961,
Naoero,NRU,1960,
Nepal,NPL,2025,
Nepal,NPL,2024,22.2
Nepal,NPL,2023,23.1
Nepal,NPL,2022,23.9
Nepal,NPL,2021,24.9
Nepal,NPL,2020,25.9
Nepal,NPL,2019,27.1
Nepal,NPL,2018,28.3
Nepal,NPL,2017,29.6
Nepal,NPL,2016,31.0
Nepal,NPL,2015,32.4
Nepal,NPL,2014,33.9
Nepal,NPL,2013,35.4
Nepal,NPL,2012,36.9
Nepal,NPL,2011,38.5
Nepal,NPL,2010,40.1
Nepal,NPL,2009,41.7
Nepal,NPL,2008,43.3
Nepal,NPL,2007,45.0
Nepal,NPL,2006,46.9
Nepal,NPL,2005,48.8
Nepal,NPL,2004,51.0
Nepal,NPL,2003,53.3
Nepal,NPL,2002,56.0
Nepal,NPL,2001,58.8
Nepal,NPL,2000,62.0
Nepal,NPL,1999,65.3
Nepal,NPL,1998,68.8
Nepal,NPL,1997,72.4
Nepal,NPL,1996,76.1
Nepal,NPL,1995,80.0
Nepal,NPL,1994,84.0
Nepal,NPL,1993,88.2
Nepal,NPL,1992,92.5
Nepal,NPL,1991,97.1
Nepal,NPL,1990,101.8
Nepal,NPL,1989,106.4
Nepal,NPL,1988,111.1
Nepal,NPL,1987,115.7
Nepal,NPL,1986,120.2
Nepal,NPL,1985,124.6
Nepal,NPL,1984,128.8
Nepal,NPL,1983,132.9
Nepal,NPL,1982,137.0
Nepal,NPL,1981,141.0
Nepal,NPL,1980,145.1
Nepal,NPL,1979,149.1
Nepal,NPL,1978,153.1
Nepal,NPL,1977,156.8
Nepal,NPL,1976,160.5
Nepal,NPL,1975,163.9
Nepal,NPL,1974,167.4
Nepal,NPL,1973,170.8
Nepal,NPL,1972,174.3
Nepal,NPL,1971,178.0
Nepal,NPL,1970,181.7
Nepal,NPL,1969,185.7
Nepal,NPL,1968,189.7
Nepal,NPL,1967,194.0
Nepal,NPL,1966,198.4
Nepal,NPL,1965,202.8
Nepal,NPL,1964,207.0
Nepal,NPL,1963,211.0
Nepal,NPL,1962,214.3
Nepal,NPL,1961,217.2
Nepal,NPL,1960,219.4
Netherlands,NLD,2025,
Netherlands,NLD,2024,3.4
Netherlands,NLD,2023,3.4
Netherlands,NLD,2022,3.4
Netherlands,NLD,2021,3.5
Netherlands,NLD,2020,3.5
Netherlands,NLD,2019,3.5
Netherlands,NLD,2018,3.5
Netherlands,NLD,2017,3.5
Netherlands,NLD,2016,3.5
Netherlands,NLD,2015,3.5
Netherlands,NLD,2014,3.5
Netherlands,NLD,2013,3.6
Netherlands,NLD,2012,3.6
Netherlands,NLD,2011,3.7
Netherlands,NLD,2010,3.8
Netherlands,NLD,2009,3.9
Netherlands,NLD,2008,4.0
Netherlands,NLD,2007,4.1
Netherlands,NLD,2006,4.3
Netherlands,NLD,2005,4.4
Netherlands,NLD,2004,4.6
Netherlands,NLD,2003,4.8
Netherlands,NLD,2002,4.9
Netherlands,NLD,2001,5.0
Netherlands,NLD,2000,5.1
Netherlands,NLD,1999,5.2
Netherlands,NLD,1998,5.3
Netherlands,NLD,1997,5.4
Netherlands,NLD,1996,5.5
Netherlands,NLD,1995,5.7
Netherlands,NLD,1994,5.9
Netherlands,NLD,1993,6.1
Netherlands,NLD,1992,6.3
Netherlands,NLD,1991,6.5
Netherlands,NLD,1990,6.8
Netherlands,NLD,1989,7.0
Netherlands,NLD,1988,7.2
Netherlands,NLD,1987,7.5
Netherlands,NLD,1986,7.7
Netherlands,NLD,1985,7.9
Netherlands,NLD,1984,8.0
Netherlands,NLD,1983,8.2
Netherlands,NLD,1982,8.4
Netherlands,NLD,1981,8.5
Netherlands,NLD,1980,8.8
Netherlands,NLD,1979,9.0
Netherlands,NLD,1978,9.3
Netherlands,NLD,1977,9.7
Netherlands,NLD,1976,10.0
Netherlands,NLD,1975,10.4
Netherlands,NLD,1974,10.8
Netherlands,NLD,1973,11.3
Netherlands,NLD,1972,11.7
Netherlands,NLD,1971,12.1
Netherlands,NLD,1970,12.6
Netherlands,NLD,1969,13.0
Netherlands,NLD,1968,13.4
Netherlands,NLD,1967,13.8
Netherlands,NLD,1966,14.1
Netherlands,NLD,1965,14.5
Netherlands,NLD,1964,14.8
Netherlands,NLD,1963,15.2
Netherlands,NLD,1962,15.6
Netherlands,NLD,1961,16.0
Netherlands,NLD,1960,16.4
New Caledonia,NCL,2025,
New Caledonia,NCL,2024,
New Caledonia,NCL,2023,
New Caledonia,NCL,2022,
New Caledonia,NCL,2021,
New Caledonia,NCL,2020,
New Caledonia,NCL,2019,
New Caledonia,NCL,2018,
New Caledonia,NCL,2017,
New Caledonia,NCL,2016,
New Caledonia,NCL,2015,
New Caledonia,NCL,2014,
New Caledonia,NCL,2013,
New Caledonia,NCL,2012,
New Caledonia,NCL,2011,
New Caledonia,NCL,2010,
New Caledonia,NCL,2009,
New Caledonia,NCL,2008,
New Caledonia,NCL,2007,
New Caledonia,NCL,2006,
New Caledonia,NCL,2005,
New Caledonia,NCL,2004,
New Caledonia,NCL,2003,
New Caledonia,NCL,2002,
New Caledonia,NCL,2001,
New Caledonia,NCL,2000,
New Caledonia,NCL,1999,
New Caledonia,NCL,1998,
New Caledonia,NCL,1997,
New Caledonia,NCL,1996,
New Caledonia,NCL,1995,
New Caledonia,NCL,1994,
New Caledonia,NCL,1993,
New Caledonia,NCL,1992,
New Caledonia,NCL,1991,
New Caledonia,NCL,1990,
New Caledonia,NCL,1989,
New Caledonia,NCL,1988,
New Caledonia,NCL,1987,
New Caledonia,NCL,1986,
New Caledonia,NCL,1985,
New Caledonia,NCL,1984,
New Caledonia,NCL,1983,
New Caledonia,NCL,1982,
New Caledonia,NCL,1981,
New Caledonia,NCL,1980,
New Caledonia,NCL,1979,
New Caledonia,NCL,1978,
New Caledonia,NCL,1977,
New Caledonia,NCL,1976,
New Caledonia,NCL,1975,
New Caledonia,NCL,1974,
New Caledonia,NCL,1973,
New Caledonia,NCL,1972,
New Caledonia,NCL,1971,
New Caledonia,NCL,1970,
New Caledonia,NCL,1969,
New Caledonia,NCL,1968,
New Caledonia,NCL,1967,
New Caledonia,NCL,1966,
New Caledonia,NCL,1965,
New Caledonia,NCL,1964,
New Caledonia,NCL,1963,
New Caledonia,NCL,1962,
New Caledonia,NCL,1961,
New Caledonia,NCL,1960,
New Zealand,NZL,2025,
New Zealand,NZL,2024,4.0
New Zealand,NZL,2023,4.1
New Zealand,NZL,2022,4.2
New Zealand,NZL,2021,4.3
New Zealand,NZL,2020,4.3
New Zealand,NZL,2019,4.4
New Zealand,NZL,2018,4.5
New Zealand,NZL,2017,4.5
New Zealand,NZL,2016,4.6
New Zealand,NZL,2015,4.7
New Zealand,NZL,2014,4.8
New Zealand,NZL,2013,4.9
New Zealand,NZL,2012,5.0
New Zealand,NZL,2011,5.1
New Zealand,NZL,2010,5.2
New Zealand,NZL,2009,5.2
New Zealand,NZL,2008,5.3
New Zealand,NZL,2007,5.3
New Zealand,NZL,2006,5.4
New Zealand,NZL,2005,5.5
New Zealand,NZL,2004,5.5
New Zealand,NZL,2003,5.7
New Zealand,NZL,2002,5.8
New Zealand,NZL,2001,5.9
New Zealand,NZL,2000,6.1
New Zealand,NZL,1999,6.2
New Zealand,NZL,1998,6.4
New Zealand,NZL,1997,6.6
New Zealand,NZL,1996,6.9
New Zealand,NZL,1995,7.2
New Zealand,NZL,1994,7.5
New Zealand,NZL,1993,7.8
New Zealand,NZL,1992,8.2
New Zealand,NZL,1991,8.7
New Zealand,NZL,1990,9.1
New Zealand,NZL,1989,9.6
New Zealand,NZL,1988,10.1
New Zealand,NZL,1987,10.6
New Zealand,NZL,1986,11.0
New Zealand,NZL,1985,11.3
New Zealand,NZL,1984,11.6
New Zealand,NZL,1983,11.9
New Zealand,NZL,1982,12.2
New Zealand,NZL,1981,12.5
New Zealand,NZL,1980,12.8
New Zealand,NZL,1979,13.2
New Zealand,NZL,1978,13.6
New Zealand,NZL,1977,14.0
New Zealand,NZL,1976,14.5
New Zealand,NZL,1975,15.0
New Zealand,NZL,1974,15.4
New Zealand,NZL,1973,15.8
New Zealand,NZL,1972,16.2
New Zealand,NZL,1971,16.6
New Zealand,NZL,1970,16.9
New Zealand,NZL,1969,17.3
New Zealand,NZL,1968,17.6
New Zealand,NZL,1967,17.9
New Zealand,NZL,1966,18.3
New Zealand,NZL,1965,18.8
New Zealand,NZL,1964,19.4
New Zealand,NZL,1963,20.1
New Zealand,NZL,1962,20.9
New Zealand,NZL,1961,21.8
New Zealand,NZL,1960,22.5
Nicaragua,NIC,2025,
Nicaragua,NIC,2024,9.4
Nicaragua,NIC,2023,12.0
Nicaragua,NIC,2022,12.6
Nicaragua,NIC,2021,12.5
Nicaragua,NIC,2020,12.5
Nicaragua,NIC,2019,12.6
Nicaragua,NIC,2018,12.9
Nicaragua,NIC,2017,13.4
Nicaragua,NIC,2016,14.2
Nicaragua,NIC,2015,15.0
Nicaragua,NIC,2014,16.0
Nicaragua,NIC,2013,17.0
Nicaragua,NIC,2012,18.0
Nicaragua,NIC,2011,19.0
Nicaragua,NIC,2010,20.1
Nicaragua,NIC,2009,21.2
Nicaragua,NIC,2008,22.3
Nicaragua,NIC,2007,23.3
Nicaragua,NIC,2006,24.4
Nicaragua,NIC,2005,25.5
Nicaragua,NIC,2004,26.6
Nicaragua,NIC,2003,27.7
Nicaragua,NIC,2002,28.8
Nicaragua,NIC,2001,30.1
Nicaragua,NIC,2000,31.6
Nicaragua,NIC,1999,33.5
Nicaragua,NIC,1998,38.5
Nicaragua,NIC,1997,38.2
Nicaragua,NIC,1996,40.6
Nicaragua,NIC,1995,43.1
Nicaragua,NIC,1994,45.5
Nicaragua,NIC,1993,48.1
Nicaragua,NIC,1992,51.0
Nicaragua,NIC,1991,54.0
Nicaragua,NIC,1990,56.8
Nicaragua,NIC,1989,59.0
Nicaragua,NIC,1988,60.7
Nicaragua,NIC,1987,62.1
Nicaragua,NIC,1986,63.5
Nicaragua,NIC,1985,65.0
Nicaragua,NIC,1984,67.1
Nicaragua,NIC,1983,70.0
Nicaragua,NIC,1982,73.9
Nicaragua,NIC,1981,78.5
Nicaragua,NIC,1980,83.4
Nicaragua,NIC,1979,89.1
Nicaragua,NIC,1978,95.3
Nicaragua,NIC,1977,101.2
Nicaragua,NIC,1976,106.7
Nicaragua,NIC,1975,111.5
Nicaragua,NIC,1974,115.5
Nicaragua,NIC,1973,118.4
Nicaragua,NIC,1972,130.4
Nicaragua,NIC,1971,121.8
Nicaragua,NIC,1970,123.2
Nicaragua,NIC,1969,124.7
Nicaragua,NIC,1968,126.0
Nicaragua,NIC,1967,127.4
Nicaragua,NIC,1966,128.5
Nicaragua,NIC,1965,129.5
Nicaragua,NIC,1964,130.4
Nicaragua,NIC,1963,131.4
Nicaragua,NIC,1962,132.3
Nicaragua,NIC,1961,133.1
Nicaragua,NIC,1960,134.1
Niger,NER,2025,
Niger,NER,2024,65.6
Niger,NER,2023,66.9
Niger,NER,2022,68.0
Niger,NER,2021,68.7
Niger,NER,2020,69.1
Niger,NER,2019,69.3
Niger,NER,2018,69.3
Niger,NER,2017,69.3
Niger,NER,2016,69.2
Niger,NER,2015,69.1
Niger,NER,2014,69.1
Niger,NER,2013,69.2
Niger,NER,2012,69.5
Niger,NER,2011,70.0
Niger,NER,2010,70.9
Niger,NER,2009,72.4
Niger,NER,2008,74.5
Niger,NER,2007,77.3
Niger,NER,2006,80.8
Niger,NER,2005,84.9
Niger,NER,2004,89.5
Niger,NER,2003,94.4
Niger,NER,2002,99.4
Niger,NER,2001,104.1
Niger,NER,2000,108.3
Niger,NER,1999,112.1
Niger,NER,1998,115.8
Niger,NER,1997,120.1
Niger,NER,1996,124.6
Niger,NER,1995,129.5
Niger,NER,1994,134.3
Niger,NER,1993,138.9
Niger,NER,1992,142.5
Niger,NER,1991,145.5
Niger,NER,1990,147.7
Niger,NER,1989,149.3
Niger,NER,1988,150.0
Niger,NER,1987,149.9
Niger,NER,1986,149.1
Niger,NER,1985,147.5
Niger,NER,1984,145.5
Niger,NER,1983,143.4
Niger,NER,1982,141.8
Niger,NER,1981,141.0
Niger,NER,1980,141.3
Niger,NER,1979,142.8
Niger,NER,1978,145.1
Niger,NER,1977,147.8
Niger,NER,1976,150.2
Niger,NER,1975,152.0
Niger,NER,1974,153.1
Niger,NER,1973,153.2
Niger,NER,1972,152.6
Niger,NER,1971,151.6
Niger,NER,1970,150.3
Niger,NER,1969,148.9
Niger,NER,1968,
Niger,NER,1967,
Niger,NER,1966,
Niger,NER,1965,
Niger,NER,1964,
Niger,NER,1963,
Niger,NER,1962,
Niger,NER,1961,
Niger,NER,1960,
Nigeria,NGA,2025,
Nigeria,NGA,2024,69.8
Nigeria,NGA,2023,70.1
Nigeria,NGA,2022,70.2
Nigeria,NGA,2021,69.9
Nigeria,NGA,2020,69.5
Nigeria,NGA,2019,69.1
Nigeria,NGA,2018,68.7
Nigeria,NGA,2017,68.3
Nigeria,NGA,2016,68.1
Nigeria,NGA,2015,68.0
Nigeria,NGA,2014,68.1
Nigeria,NGA,2013,68.5
Nigeria,NGA,2012,69.1
Nigeria,NGA,2011,70.0
Nigeria,NGA,2010,71.1
Nigeria,NGA,2009,72.3
Nigeria,NGA,2008,73.8
Nigeria,NGA,2007,75.6
Nigeria,NGA,2006,77.7
Nigeria,NGA,2005,80.0
Nigeria,NGA,2004,82.7
Nigeria,NGA,2003,85.6
Nigeria,NGA,2002,88.6
Nigeria,NGA,2001,91.8
Nigeria,NGA,2000,94.9
Nigeria,NGA,1999,97.7
Nigeria,NGA,1998,100.2
Nigeria,NGA,1997,102.1
Nigeria,NGA,1996,103.4
Nigeria,NGA,1995,104.2
Nigeria,NGA,1994,104.6
Nigeria,NGA,1993,104.7
Nigeria,NGA,1992,104.7
Nigeria,NGA,1991,104.7
Nigeria,NGA,1990,104.7
Nigeria,NGA,1989,104.4
Nigeria,NGA,1988,104.2
Nigeria,NGA,1987,103.8
Nigeria,NGA,1986,103.4
Nigeria,NGA,1985,103.0
Nigeria,NGA,1984,102.8
Nigeria,NGA,1983,102.9
Nigeria,NGA,1982,103.5
Nigeria,NGA,1981,104.7
Nigeria,NGA,1980,106.5
Nigeria,NGA,1979,108.9
Nigeria,NGA,1978,111.9
Nigeria,NGA,1977,115.4
Nigeria,NGA,1976,119.3
Nigeria,NGA,1975,123.6
Nigeria,NGA,1974,128.3
Nigeria,NGA,1973,132.9
Nigeria,NGA,1972,137.7
Nigeria,NGA,1971,142.5
Nigeria,NGA,1970,206.6
Nigeria,NGA,1969,212.3
Nigeria,NGA,1968,217.9
Nigeria,NGA,1967,159.5
Nigeria,NGA,1966,163.5
Nigeria,NGA,1965,167.6
Nigeria,NGA,1964,171.7
Nigeria,NGA,1963,
Nigeria,NGA,1962,
Nigeria,NGA,1961,
Nigeria,NGA,1960,
North Macedonia,MKD,2025,
North Macedonia,MKD,2024,2.5
North Macedonia,MKD,2023,3.0
North Macedonia,MKD,2022,3.7
North Macedonia,MKD,2021,4.4
North Macedonia,MKD,2020,5.3
North Macedonia,MKD,2019,6.3
North Macedonia,MKD,2018,7.4
North Macedonia,MKD,2017,8.5
North Macedonia,MKD,2016,9.4
North Macedonia,MKD,2015,9.8
North Macedonia,MKD,2014,9.8
North Macedonia,MKD,2013,9.5
North Macedonia,MKD,2012,9.2
North Macedonia,MKD,2011,9.1
North Macedonia,MKD,2010,9.2
North Macedonia,MKD,2009,9.6
North Macedonia,MKD,2008,10.2
North Macedonia,MKD,2007,10.9
North Macedonia,MKD,2006,11.6
North Macedonia,MKD,2005,12.2
North Macedonia,MKD,2004,12.5
North Macedonia,MKD,2003,12.6
North Macedonia,MKD,2002,12.9
North Macedonia,MKD,2001,13.4
North Macedonia,MKD,2000,14.2
North Macedonia,MKD,1999,15.1
North Macedonia,MKD,1998,16.1
North Macedonia,MKD,1997,17.4
North Macedonia,MKD,1996,19.4
North Macedonia,MKD,1995,22.0
North Macedonia,MKD,1994,24.9
North Macedonia,MKD,1993,27.9
North Macedonia,MKD,1992,30.2
North Macedonia,MKD,1991,31.5
North Macedonia,MKD,1990,32.9
North Macedonia,MKD,1989,35.8
North Macedonia,MKD,1988,39.7
North Macedonia,MKD,1987,43.0
North Macedonia,MKD,1986,44.4
North Macedonia,MKD,1985,44.9
North Macedonia,MKD,1984,46.2
North Macedonia,MKD,1983,48.3
North Macedonia,MKD,1982,50.3
North Macedonia,MKD,1981,51.9
North Macedonia,MKD,1980,
North Macedonia,MKD,1979,
North Macedonia,MKD,1978,
North Macedonia,MKD,1977,
North Macedonia,MKD,1976,
North Macedonia,MKD,1975,
North Macedonia,MKD,1974,
North Macedonia,MKD,1973,
North Macedonia,MKD,1972,
North Macedonia,MKD,1971,
North Macedonia,MKD,1970,
North Macedonia,MKD,1969,
North Macedonia,MKD,1968,
North Macedonia,MKD,1967,
North Macedonia,MKD,1966,
North Macedonia,MKD,1965,
North Macedonia,MKD,1964,
North Macedonia,MKD,1963,
North Macedonia,MKD,1962,
North Macedonia,MKD,1961,
North Macedonia,MKD,1960,
Northern Mariana Islands,MNP,2025,
Northern Mariana Islands,MNP,2024,
Northern Mariana Islands,MNP,2023,
Northern Mariana Islands,MNP,2022,
Northern Mariana Islands,MNP,2021,
Northern Mariana Islands,MNP,2020,
Northern Mariana Islands,MNP,2019,
Northern Mariana Islands,MNP,2018,
Northern Mariana Islands,MNP,2017,
Northern Mariana Islands,MNP,2016,
Northern Mariana Islands,MNP,2015,
Northern Mariana Islands,MNP,2014,
Northern Mariana Islands,MNP,2013,
Northern Mariana Islands,MNP,2012,
Northern Mariana Islands,MNP,2011,
Northern Mariana Islands,MNP,2010,
Northern Mariana Islands,MNP,2009,
Northern Mariana Islands,MNP,2008,
Northern Mariana Islands,MNP,2007,
Northern Mariana Islands,MNP,2006,
Northern Mariana Islands,MNP,2005,
Northern Mariana Islands,MNP,2004,
Northern Mariana Islands,MNP,2003,
Northern Mariana Islands,MNP,2002,
Northern Mariana Islands,MNP,2001,
Northern Mariana Islands,MNP,2000,
Northern Mariana Islands,MNP,1999,
Northern Mariana Islands,MNP,1998,
Northern Mariana Islands,MNP,1997,
Northern Mariana Islands,MNP,1996,
Northern Mariana Islands,MNP,1995,
Northern Mariana Islands,MNP,1994,
Northern Mariana Islands,MNP,1993,
Northern Mariana Islands,MNP,1992,
Northern Mariana Islands,MNP,1991,
Northern Mariana Islands,MNP,1990,
Northern Mariana Islands,MNP,1989,
Northern Mariana Islands,MNP,1988,
Northern Mariana Islands,MNP,1987,
Northern Mariana Islands,MNP,1986,
Northern Mariana Islands,MNP,1985,
Northern Mariana Islands,MNP,1984,
Northern Mariana Islands,MNP,1983,
Northern Mariana Islands,MNP,1982,
Northern Mariana Islands,MNP,1981,
Northern Mariana Islands,MNP,1980,
Northern Mariana Islands,MNP,1979,
Northern Mariana Islands,MNP,1978,
Northern Mariana Islands,MNP,1977,
Northern Mariana Islands,MNP,1976,
Northern Mariana Islands,MNP,1975,
Northern Mariana Islands,MNP,1974,
Northern Mariana Islands,MNP,1973,
Northern Mariana Islands,MNP,1972,
Northern Mariana Islands,MNP,1971,
Northern Mariana Islands,MNP,1970,
Northern Mariana Islands,MNP,1969,
Northern Mariana Islands,MNP,1968,
Northern Mariana Islands,MNP,1967,
Northern Mariana Islands,MNP,1966,
Northern Mariana Islands,MNP,1965,
Northern Mariana Islands,MNP,1964,
Northern Mariana Islands,MNP,1963,
Northern Mariana Islands,MNP,1962,
Northern Mariana Islands,MNP,1961,
Northern Mariana Islands,MNP,1960,
Norway,NOR,2025,
Norway,NOR,2024,2.0
Norway,NOR,2023,2.0
Norway,NOR,2022,2.0
Norway,NOR,2021,1.9
Norway,NOR,2020,2.0
Norway,NOR,2019,2.0
Norway,NOR,2018,2.0
Norway,NOR,2017,2.1
Norway,NOR,2016,2.1
Norway,NOR,2015,2.2
Norway,NOR,2014,2.3
Norway,NOR,2013,2.4
Norway,NOR,2012,2.5
Norway,NOR,2011,2.6
Norway,NOR,2010,2.7
Norway,NOR,2009,2.8
Norway,NOR,2008,2.9
Norway,NOR,2007,3.0
Norway,NOR,2006,3.2
Norway,NOR,2005,3.3
Norway,NOR,2004,3.4
Norway,NOR,2003,3.6
Norway,NOR,2002,3.7
Norway,NOR,2001,3.8
Norway,NOR,2000,3.9
Norway,NOR,1999,4.0
Norway,NOR,1998,4.1
Norway,NOR,1997,4.2
Norway,NOR,1996,4.4
Norway,NOR,1995,4.6
Norway,NOR,1994,4.9
Norway,NOR,1993,5.4
Norway,NOR,1992,5.9
Norway,NOR,1991,6.4
Norway,NOR,1990,7.0
Norway,NOR,1989,7.5
Norway,NOR,1988,8.0
Norway,NOR,1987,8.2
Norway,NOR,1986,8.3
Norway,NOR,1985,8.3
Norway,NOR,1984,8.2
Norway,NOR,1983,8.1
Norway,NOR,1982,8.0
Norway,NOR,1981,8.0
Norway,NOR,1980,8.1
Norway,NOR,1979,8.4
Norway,NOR,1978,8.8
Norway,NOR,1977,9.3
Norway,NOR,1976,9.8
Norway,NOR,1975,10.4
Norway,NOR,1974,11.0
Norway,NOR,1973,11.5
Norway,NOR,1972,12.1
Norway,NOR,1971,12.6
Norway,NOR,1970,13.1
Norway,NOR,1969,13.6
Norway,NOR,1968,14.2
Norway,NOR,1967,14.8
Norway,NOR,1966,15.4
Norway,NOR,1965,16.0
Norway,NOR,1964,16.6
Norway,NOR,1963,17.1
Norway,NOR,1962,17.5
Norway,NOR,1961,18.0
Norway,NOR,1960,18.4
Oman,OMN,2025,
Oman,OMN,2024,8.3
Oman,OMN,2023,8.4
Oman,OMN,2022,8.5
Oman,OMN,2021,8.6
Oman,OMN,2020,8.6
Oman,OMN,2019,8.7
Oman,OMN,2018,8.8
Oman,OMN,2017,8.9
Oman,OMN,2016,9.0
Oman,OMN,2015,9.0
Oman,OMN,2014,9.1
Oman,OMN,2013,9.2
Oman,OMN,2012,9.3
Oman,OMN,2011,9.4
Oman,OMN,2010,9.5
Oman,OMN,2009,9.7
Oman,OMN,2008,9.8
Oman,OMN,2007,9.9
Oman,OMN,2006,10.2
Oman,OMN,2005,10.4
Oman,OMN,2004,10.8
Oman,OMN,2003,11.3
Oman,OMN,2002,11.9
Oman,OMN,2001,12.6
Oman,OMN,2000,13.4
Oman,OMN,1999,14.4
Oman,OMN,1998,15.5
Oman,OMN,1997,16.7
Oman,OMN,1996,18.0
Oman,OMN,1995,19.6
Oman,OMN,1994,21.4
Oman,OMN,1993,23.5
Oman,OMN,1992,25.8
Oman,OMN,1991,28.5
Oman,OMN,1990,31.4
Oman,OMN,1989,34.6
Oman,OMN,1988,38.2
Oman,OMN,1987,42.3
Oman,OMN,1986,46.9
Oman,OMN,1985,52.2
Oman,OMN,1984,58.0
Oman,OMN,1983,64.5
Oman,OMN,1982,71.5
Oman,OMN,1981,78.8
Oman,OMN,1980,86.5
Oman,OMN,1979,94.3
Oman,OMN,1978,102.3
Oman,OMN,1977,110.4
Oman,OMN,1976,118.6
Oman,OMN,1975,126.6
Oman,OMN,1974,134.3
Oman,OMN,1973,141.8
Oman,OMN,1972,149.6
Oman,OMN,1971,156.9
Oman,OMN,1970,164.6
Oman,OMN,1969,172.1
Oman,OMN,1968,179.4
Oman,OMN,1967,186.7
Oman,OMN,1966,194.0
Oman,OMN,1965,201.2
Oman,OMN,1964,208.1
Oman,OMN,1963,215.8
Oman,OMN,1962,223.3
Oman,OMN,1961,230.9
Oman,OMN,1960,238.9
Pakistan,PAK,2025,
Pakistan,PAK,2024,48.2
Pakistan,PAK,2023,49.7
Pakistan,PAK,2022,51.3
Pakistan,PAK,2021,53.0
Pakistan,PAK,2020,54.6
Pakistan,PAK,2019,56.3
Pakistan,PAK,2018,58.1
Pakistan,PAK,2017,59.8
Pakistan,PAK,2016,61.7
Pakistan,PAK,2015,63.6
Pakistan,PAK,2014,65.5
Pakistan,PAK,2013,67.4
Pakistan,PAK,2012,69.3
Pakistan,PAK,2011,71.1
Pakistan,PAK,2010,72.8
Pakistan,PAK,2009,74.4
Pakistan,PAK,2008,75.9
Pakistan,PAK,2007,77.3
Pakistan,PAK,2006,78.6
Pakistan,PAK,2005,80.0
Pakistan,PAK,2004,81.4
Pakistan,PAK,2003,83.0
Pakistan,PAK,2002,84.7
Pakistan,PAK,2001,86.6
Pakistan,PAK,2000,88.8
Pakistan,PAK,1999,91.2
Pakistan,PAK,1998,93.8
Pakistan,PAK,1997,96.4
Pakistan,PAK,1996,99.1
Pakistan,PAK,1995,101.8
Pakistan,PAK,1994,104.3
Pakistan,PAK,1993,106.7
Pakistan,PAK,1992,108.9
Pakistan,PAK,1991,111.0
Pakistan,PAK,1990,113.0
Pakistan,PAK,1989,114.8
Pakistan,PAK,1988,116.6
Pakistan,PAK,1987,118.4
Pakistan,PAK,1986,120.1
Pakistan,PAK,1985,121.7
Pakistan,PAK,1984,123.2
Pakistan,PAK,1983,124.5
Pakistan,PAK,1982,125.7
Pakistan,PAK,1981,126.6
Pakistan,PAK,1980,127.4
Pakistan,PAK,1979,128.1
Pakistan,PAK,1978,128.8
Pakistan,PAK,1977,129.3
Pakistan,PAK,1976,129.9
Pakistan,PAK,1975,130.6
Pakistan,PAK,1974,131.4
Pakistan,PAK,1973,132.2
Pakistan,PAK,1972,133.2
Pakistan,PAK,1971,134.4
Pakistan,PAK,1970,135.7
Pakistan,PAK,1969,137.2
Pakistan,PAK,1968,138.8
Pakistan,PAK,1967,140.8
Pakistan,PAK,1966,143.2
Pakistan,PAK,1965,146.2
Pakistan,PAK,1964,149.7
Pakistan,PAK,1963,153.7
Pakistan,PAK,1962,158.3
Pakistan,PAK,1961,163.1
Pakistan,PAK,1960,168.3
Palau,PLW,2025,
Palau,PLW,2024,18.6
Palau,PLW,2023,19.0
Palau,PLW,2022,19.4
Palau,PLW,2021,19.6
Palau,PLW,2020,19.8
Palau,PLW,2019,19.8
Palau,PLW,2018,19.7
Palau,PLW,2017,19.4
Palau,PLW,2016,18.8
Palau,PLW,2015,18.2
Palau,PLW,2014,17.7
Palau,PLW,2013,17.2
Palau,PLW,2012,16.8
Palau,PLW,2011,16.6
Palau,PLW,2010,16.6
Palau,PLW,2009,16.8
Palau,PLW,2008,17.1
Palau,PLW,2007,17.6
Palau,PLW,2006,18.1
Palau,PLW,2005,18.8
Palau,PLW,2004,19.4
Palau,PLW,2003,20.1
Palau,PLW,2002,20.9
Palau,PLW,2001,21.7
Palau,PLW,2000,22.5
Palau,PLW,1999,23.3
Palau,PLW,1998,24.1
Palau,PLW,1997,25.0
Palau,PLW,1996,25.8
Palau,PLW,1995,26.7
Palau,PLW,1994,27.4
Palau,PLW,1993,28.2
Palau,PLW,1992,28.9
Palau,PLW,1991,29.5
Palau,PLW,1990,30.0
Palau,PLW,1989,30.5
Palau,PLW,1988,30.9
Palau,PLW,1987,31.5
Palau,PLW,1986,32.1
Palau,PLW,1985,32.8
Palau,PLW,1984,33.7
Palau,PLW,1983,34.8
Palau,PLW,1982,36.0
Palau,PLW,1981,37.3
Palau,PLW,1980,38.9
Palau,PLW,1979,40.7
Palau,PLW,1978,42.8
Palau,PLW,1977,45.2
Palau,PLW,1976,47.9
Palau,PLW,1975,50.9
Palau,PLW,1974,54.1
Palau,PLW,1973,57.5
Palau,PLW,1972,60.8
Palau,PLW,1971,64.2
Palau,PLW,1970,67.3
Palau,PLW,1969,70.2
Palau,PLW,1968,72.9
Palau,PLW,1967,75.5
Palau,PLW,1966,78.3
Palau,PLW,1965,80.9
Palau,PLW,1964,
Palau,PLW,1963,
Palau,PLW,1962,
Palau,PLW,1961,
Palau,PLW,1960,
Panama,PAN,2025,
Panama,PAN,2024,12.0
Panama,PAN,2023,11.9
Panama,PAN,2022,11.9
Panama,PAN,2021,12.0
Panama,PAN,2020,12.2
Panama,PAN,2019,12.6
Panama,PAN,2018,12.9
Panama,PAN,2017,13.3
Panama,PAN,2016,13.5
Panama,PAN,2015,13.6
Panama,PAN,2014,13.8
Panama,PAN,2013,14.0
Panama,PAN,2012,14.2
Panama,PAN,2011,14.5
Panama,PAN,2010,14.9
Panama,PAN,2009,15.3
Panama,PAN,2008,15.8
Panama,PAN,2007,16.3
Panama,PAN,2006,16.9
Panama,PAN,2005,17.4
Panama,PAN,2004,18.0
Panama,PAN,2003,18.7
Panama,PAN,2002,19.3
Panama,PAN,2001,19.9
Panama,PAN,2000,20.5
Panama,PAN,1999,21.0
Panama,PAN,1998,21.4
Panama,PAN,1997,21.8
Panama,PAN,1996,22.0
Panama,PAN,1995,22.3
Panama,PAN,1994,22.5
Panama,PAN,1993,22.7
Panama,PAN,1992,23.0
Panama,PAN,1991,23.5
Panama,PAN,1990,24.0
Panama,PAN,1989,24.7
Panama,PAN,1988,25.4
Panama,PAN,1987,26.3
Panama,PAN,1986,27.2
Panama,PAN,1985,28.2
Panama,PAN,1984,29.3
Panama,PAN,1983,30.5
Panama,PAN,1982,31.6
Panama,PAN,1981,32.7
Panama,PAN,1980,33.8
Panama,PAN,1979,34.7
Panama,PAN,1978,35.7
Panama,PAN,1977,36.7
Panama,PAN,1976,38.0
Panama,PAN,1975,39.5
Panama,PAN,1974,41.4
Panama,PAN,1973,43.6
Panama,PAN,1972,46.1
Panama,PAN,1971,48.6
Panama,PAN,1970,50.9
Panama,PAN,1969,53.0
Panama,PAN,1968,54.7
Panama,PAN,1967,56.1
Panama,PAN,1966,57.4
Panama,PAN,1965,58.6
Panama,PAN,1964,59.9
Panama,PAN,1963,61.1
Panama,PAN,1962,62.5
Panama,PAN,1961,63.8
Panama,PAN,1960,65.1
Papua New Guinea,PNG,2025,
Papua New Guinea,PNG,2024,31.3
Papua New Guinea,PNG,2023,32.2
Papua New Guinea,PNG,2022,33.1
Papua New Guinea,PNG,2021,34.1
Papua New Guinea,PNG,2020,35.2
Papua New Guinea,PNG,2019,36.2
Papua New Guinea,PNG,2018,37.3
Papua New Guinea,PNG,2017,38.3
Papua New Guinea,PNG,2016,39.4
Papua New Guinea,PNG,2015,43.6
Papua New Guinea,PNG,2014,41.6
Papua New Guinea,PNG,2013,42.7
Papua New Guinea,PNG,2012,43.8
Papua New Guinea,PNG,2011,44.9
Papua New Guinea,PNG,2010,46.1
Papua New Guinea,PNG,2009,47.2
Papua New Guinea,PNG,2008,48.4
Papua New Guinea,PNG,2007,49.5
Papua New Guinea,PNG,2006,50.6
Papua New Guinea,PNG,2005,51.6
Papua New Guinea,PNG,2004,52.6
Papua New Guinea,PNG,2003,53.6
Papua New Guinea,PNG,2002,54.5
Papua New Guinea,PNG,2001,55.4
Papua New Guinea,PNG,2000,56.2
Papua New Guinea,PNG,1999,57.0
Papua New Guinea,PNG,1998,57.8
Papua New Guinea,PNG,1997,64.3
Papua New Guinea,PNG,1996,59.5
Papua New Guinea,PNG,1995,60.4
Papua New Guinea,PNG,1994,61.3
Papua New Guinea,PNG,1993,62.3
Papua New Guinea,PNG,1992,63.4
Papua New Guinea,PNG,1991,64.5
Papua New Guinea,PNG,1990,65.6
Papua New Guinea,PNG,1989,66.8
Papua New Guinea,PNG,1988,67.9
Papua New Guinea,PNG,1987,69.1
Papua New Guinea,PNG,1986,70.3
Papua New Guinea,PNG,1985,71.7
Papua New Guinea,PNG,1984,73.1
Papua New Guinea,PNG,1983,74.6
Papua New Guinea,PNG,1982,76.3
Papua New Guinea,PNG,1981,78.0
Papua New Guinea,PNG,1980,80.0
Papua New Guinea,PNG,1979,81.9
Papua New Guinea,PNG,1978,84.0
Papua New Guinea,PNG,1977,86.4
Papua New Guinea,PNG,1976,88.9
Papua New Guinea,PNG,1975,91.5
Papua New Guinea,PNG,1974,94.4
Papua New Guinea,PNG,1973,97.3
Papua New Guinea,PNG,1972,100.5
Papua New Guinea,PNG,1971,103.8
Papua New Guinea,PNG,1970,107.2
Papua New Guinea,PNG,1969,110.8
Papua New Guinea,PNG,1968,114.5
Papua New Guinea,PNG,1967,118.2
Papua New Guinea,PNG,1966,122.1
Papua New Guinea,PNG,1965,126.0
Papua New Guinea,PNG,1964,130.0
Papua New Guinea,PNG,1963,134.1
Papua New Guinea,PNG,1962,138.2
Papua New Guinea,PNG,1961,142.4
Papua New Guinea,PNG,1960,146.5
Paraguay,PRY,2025,
Paraguay,PRY,2024,14.5
Paraguay,PRY,2023,15.0
Paraguay,PRY,2022,15.5
Paraguay,PRY,2021,16.0
Paraguay,PRY,2020,16.5
Paraguay,PRY,2019,17.0
Paraguay,PRY,2018,17.6
Paraguay,PRY,2017,18.1
Paraguay,PRY,2016,18.7
Paraguay,PRY,2015,19.3
Paraguay,PRY,2014,20.0
Paraguay,PRY,2013,20.6
Paraguay,PRY,2012,21.2
Paraguay,PRY,2011,21.9
Paraguay,PRY,2010,22.5
Paraguay,PRY,2009,23.2
Paraguay,PRY,2008,23.8
Paraguay,PRY,2007,24.5
Paraguay,PRY,2006,25.1
Paraguay,PRY,2005,25.8
Paraguay,PRY,2004,26.4
Paraguay,PRY,2003,26.9
Paraguay,PRY,2002,27.5
Paraguay,PRY,2001,28.1
Paraguay,PRY,2000,28.7
Paraguay,PRY,1999,29.4
Paraguay,PRY,1998,30.0
Paraguay,PRY,1997,30.7
Paraguay,PRY,1996,31.5
Paraguay,PRY,1995,32.3
Paraguay,PRY,1994,33.2
Paraguay,PRY,1993,34.2
Paraguay,PRY,1992,35.3
Paraguay,PRY,1991,36.5
Paraguay,PRY,1990,37.8
Paraguay,PRY,1989,39.2
Paraguay,PRY,1988,40.6
Paraguay,PRY,1987,42.0
Paraguay,PRY,1986,43.5
Paraguay,PRY,1985,45.0
Paraguay,PRY,1984,46.6
Paraguay,PRY,1983,48.1
Paraguay,PRY,1982,49.7
Paraguay,PRY,1981,51.2
Paraguay,PRY,1980,52.6
Paraguay,PRY,1979,54.0
Paraguay,PRY,1978,55.2
Paraguay,PRY,1977,56.4
Paraguay,PRY,1976,57.4
Paraguay,PRY,1975,58.4
Paraguay,PRY,1974,59.2
Paraguay,PRY,1973,60.0
Paraguay,PRY,1972,60.6
Paraguay,PRY,1971,61.1
Paraguay,PRY,1970,61.4
Paraguay,PRY,1969,61.6
Paraguay,PRY,1968,61.9
Paraguay,PRY,1967,62.0
Paraguay,PRY,1966,62.1
Paraguay,PRY,1965,62.1
Paraguay,PRY,1964,62.3
Paraguay,PRY,1963,62.4
Paraguay,PRY,1962,62.7
Paraguay,PRY,1961,63.0
Paraguay,PRY,1960,63.4
Peru,PER,2025,
Peru,PER,2024,11.0
Peru,PER,2023,11.3
Peru,PER,2022,11.6
Peru,PER,2021,11.9
Peru,PER,2020,12.2
Peru,PER,2019,12.5
Peru,PER,2018,12.8
Peru,PER,2017,13.1
Peru,PER,2016,13.4
Peru,PER,2015,13.8
Peru,PER,2014,14.2
Peru,PER,2013,14.7
Peru,PER,2012,15.2
Peru,PER,2011,15.8
Peru,PER,2010,16.5
Peru,PER,2009,17.3
Peru,PER,2008,18.1
Peru,PER,2007,19.1
Peru,PER,2006,20.1
Peru,PER,2005,21.3
Peru,PER,2004,22.7
Peru,PER,2003,24.2
Peru,PER,2002,25.9
Peru,PER,2001,27.8
Peru,PER,2000,30.1
Peru,PER,1999,32.5
Peru,PER,1998,35.2
Peru,PER,1997,38.1
Peru,PER,1996,41.2
Peru,PER,1995,44.4
Peru,PER,1994,47.7
Peru,PER,1993,50.9
Peru,PER,1992,54.0
Peru,PER,1991,57.0
Peru,PER,1990,60.0
Peru,PER,1989,62.9
Peru,PER,1988,65.9
Peru,PER,1987,69.3
Peru,PER,1986,72.8
Peru,PER,1985,76.3
Peru,PER,1984,79.8
Peru,PER,1983,82.9
Peru,PER,1982,85.5
Peru,PER,1981,87.8
Peru,PER,1980,89.7
Peru,PER,1979,91.4
Peru,PER,1978,93.1
Peru,PER,1977,94.9
Peru,PER,1976,97.0
Peru,PER,1975,99.3
Peru,PER,1974,102.1
Peru,PER,1973,105.2
Peru,PER,1972,108.2
Peru,PER,1971,111.2
Peru,PER,1970,127.3
Peru,PER,1969,117.6
Peru,PER,1968,121.0
Peru,PER,1967,124.7
Peru,PER,1966,128.7
Peru,PER,1965,133.0
Peru,PER,1964,137.5
Peru,PER,1963,142.0
Peru,PER,1962,146.6
Peru,PER,1961,150.9
Peru,PER,1960,154.9
Philippines,PHL,2025,
Philippines,PHL,2024,21.7
Philippines,PHL,2023,22.0
Philippines,PHL,2022,22.4
Philippines,PHL,2021,22.6
Philippines,PHL,2020,22.7
Philippines,PHL,2019,22.6
Philippines,PHL,2018,22.5
Philippines,PHL,2017,22.3
Philippines,PHL,2016,22.2
Philippines,PHL,2015,22.1
Philippines,PHL,2014,22.1
Philippines,PHL,2013,22.2
Philippines,PHL,2012,22.4
Philippines,PHL,2011,22.7
Philippines,PHL,2010,23.0
Philippines,PHL,2009,23.3
Philippines,PHL,2008,23.7
Philippines,PHL,2007,24.1
Philippines,PHL,2006,24.5
Philippines,PHL,2005,25.0
Philippines,PHL,2004,25.4
Philippines,PHL,2003,25.9
Philippines,PHL,2002,26.4
Philippines,PHL,2001,26.8
Philippines,PHL,2000,27.3
Philippines,PHL,1999,27.7
Philippines,PHL,1998,28.3
Philippines,PHL,1997,29.0
Philippines,PHL,1996,29.8
Philippines,PHL,1995,30.8
Philippines,PHL,1994,32.0
Philippines,PHL,1993,33.3
Philippines,PHL,1992,34.9
Philippines,PHL,1991,36.7
Philippines,PHL,1990,38.8
Philippines,PHL,1989,41.0
Philippines,PHL,1988,43.3
Philippines,PHL,1987,45.4
Philippines,PHL,1986,47.2
Philippines,PHL,1985,48.7
Philippines,PHL,1984,49.9
Philippines,PHL,1983,50.7
Philippines,PHL,1982,51.5
Philippines,PHL,1981,52.1
Philippines,PHL,1980,52.6
Philippines,PHL,1979,52.9
Philippines,PHL,1978,53.3
Philippines,PHL,1977,53.4
Philippines,PHL,1976,53.4
Philippines,PHL,1975,53.3
Philippines,PHL,1974,53.1
Philippines,PHL,1973,53.0
Philippines,PHL,1972,52.9
Philippines,PHL,1971,52.9
Philippines,PHL,1970,53.2
Philippines,PHL,1969,53.6
Philippines,PHL,1968,54.2
Philippines,PHL,1967,54.9
Philippines,PHL,1966,55.7
Philippines,PHL,1965,56.5
Philippines,PHL,1964,57.4
Philippines,PHL,1963,58.3
Philippines,PHL,1962,59.4
Philippines,PHL,1961,60.7
Philippines,PHL,1960,62.3
Poland,POL,2025,
Poland,POL,2024,3.6
Poland,POL,2023,3.7
Poland,POL,2022,3.7
Poland,POL,2021,3.7
Poland,POL,2020,3.8
Poland,POL,2019,3.8
Poland,POL,2018,3.9
Poland,POL,2017,4.0
Poland,POL,2016,4.1
Poland,POL,2015,4.2
Poland,POL,2014,4.3
Poland,POL,2013,4.5
Poland,POL,2012,4.7
Poland,POL,2011,4.9
Poland,POL,2010,5.1
Poland,POL,2009,5.4
Poland,POL,2008,5.8
Poland,POL,2007,6.0
Poland,POL,2006,6.3
Poland,POL,2005,6.5
Poland,POL,2004,6.8
Poland,POL,2003,7.0
Poland,POL,2002,7.3
Poland,POL,2001,7.6
Poland,POL,2000,8.1
Poland,POL,1999,8.7
Poland,POL,1998,9.4
Poland,POL,1997,10.4
Poland,POL,1996,11.5
Poland,POL,1995,12.5
Poland,POL,1994,13.3
Poland,POL,1993,13.9
Poland,POL,1992,14.4
Poland,POL,1991,14.8
Poland,POL,1990,15.2
Poland,POL,1989,15.6
Poland,POL,1988,16.1
Poland,POL,1987,16.6
Poland,POL,1986,17.2
Poland,POL,1985,17.8
Poland,POL,1984,18.5
Poland,POL,1983,19.3
Poland,POL,1982,19.9
Poland,POL,1981,20.5
Poland,POL,1980,21.1
Poland,POL,1979,21.7
Poland,POL,1978,22.4
Poland,POL,1977,23.1
Poland,POL,1976,23.8
Poland,POL,1975,24.6
Poland,POL,1974,25.7
Poland,POL,1973,27.0
Poland,POL,1972,28.6
Poland,POL,1971,30.4
Poland,POL,1970,31.9
Poland,POL,1969,33.2
Poland,POL,1968,34.5
Poland,POL,1967,36.1
Poland,POL,1966,38.1
Poland,POL,1965,40.6
Poland,POL,1964,43.5
Poland,POL,1963,46.7
Poland,POL,1962,50.0
Poland,POL,1961,53.5
Poland,POL,1960,57.8
Portugal,PRT,2025,
Portugal,PRT,2024,2.7
Portugal,PRT,2023,2.7
Portugal,PRT,2022,2.7
Portugal,PRT,2021,2.7
Portugal,PRT,2020,2.8
Portugal,PRT,2019,2.8
Portugal,PRT,2018,2.9
Portugal,PRT,2017,2.9
Portugal,PRT,2016,2.9
Portugal,PRT,2015,2.9
Portugal,PRT,2014,2.9
Portugal,PRT,2013,2.9
Portugal,PRT,2012,3.0
Portugal,PRT,2011,3.0
Portugal,PRT,2010,3.0
Portugal,PRT,2009,3.1
Portugal,PRT,2008,3.2
Portugal,PRT,2007,3.3
Portugal,PRT,2006,3.4
Portugal,PRT,2005,3.7
Portugal,PRT,2004,3.9
Portugal,PRT,2003,4.3
Portugal,PRT,2002,4.7
Portugal,PRT,2001,5.1
Portugal,PRT,2000,5.5
Portugal,PRT,1999,5.9
Portugal,PRT,1998,6.3
Portugal,PRT,1997,6.6
Portugal,PRT,1996,7.0
Portugal,PRT,1995,7.5
Portugal,PRT,1994,8.1
Portugal,PRT,1993,8.8
Portugal,PRT,1992,9.7
Portugal,PRT,1991,10.6
Portugal,PRT,1990,11.5
Portugal,PRT,1989,12.5
Portugal,PRT,1988,13.5
Portugal,PRT,1987,14.5
Portugal,PRT,1986,15.5
Portugal,PRT,1985,16.5
Portugal,PRT,1984,17.5
Portugal,PRT,1983,18.6
Portugal,PRT,1982,19.9
Portugal,PRT,1981,21.2
Portugal,PRT,1980,22.8
Portugal,PRT,1979,24.6
Portugal,PRT,1978,26.8
Portugal,PRT,1977,29.5
Portugal,PRT,1976,32.6
Portugal,PRT,1975,36.0
Portugal,PRT,1974,39.5
Portugal,PRT,1973,43.2
Portugal,PRT,1972,47.4
Portugal,PRT,1971,51.7
Portugal,PRT,1970,55.4
Portugal,PRT,1969,58.0
Portugal,PRT,1968,60.0
Portugal,PRT,1967,61.7
Portugal,PRT,1966,63.7
Portugal,PRT,1965,66.5
Portugal,PRT,1964,70.3
Portugal,PRT,1963,74.5
Portugal,PRT,1962,78.5
Portugal,PRT,1961,82.0
Portugal,PRT,1960,84.4
Puerto Rico (US),PRI,2025,
Puerto Rico (US),PRI,2024,
Puerto Rico (US),PRI,2023,
Puerto Rico (US),PRI,2022,
Puerto Rico (US),PRI,2021,
Puerto Rico (US),PRI,2020,
Puerto Rico (US),PRI,2019,
Puerto Rico (US),PRI,2018,
Puerto Rico (US),PRI,2017,
Puerto Rico (US),PRI,2016,
Puerto Rico (US),PRI,2015,
Puerto Rico (US),PRI,2014,
Puerto Rico (US),PRI,2013,
Puerto Rico (US),PRI,2012,
Puerto Rico (US),PRI,2011,
Puerto Rico (US),PRI,2010,
Puerto Rico (US),PRI,2009,
Puerto Rico (US),PRI,2008,
Puerto Rico (US),PRI,2007,
Puerto Rico (US),PRI,2006,
Puerto Rico (US),PRI,2005,
Puerto Rico (US),PRI,2004,
Puerto Rico (US),PRI,2003,
Puerto Rico (US),PRI,2002,
Puerto Rico (US),PRI,2001,
Puerto Rico (US),PRI,2000,
Puerto Rico (US),PRI,1999,
Puerto Rico (US),PRI,1998,
Puerto Rico (US),PRI,1997,
Puerto Rico (US),PRI,1996,
Puerto Rico (US),PRI,1995,
Puerto Rico (US),PRI,1994,
Puerto Rico (US),PRI,1993,
Puerto Rico (US),PRI,1992,
Puerto Rico (US),PRI,1991,
Puerto Rico (US),PRI,1990,
Puerto Rico (US),PRI,1989,
Puerto Rico (US),PRI,1988,
Puerto Rico (US),PRI,1987,
Puerto Rico (US),PRI,1986,
Puerto Rico (US),PRI,1985,
Puerto Rico (US),PRI,1984,
Puerto Rico (US),PRI,1983,
Puerto Rico (US),PRI,1982,
Puerto Rico (US),PRI,1981,
Puerto Rico (US),PRI,1980,
Puerto Rico (US),PRI,1979,
Puerto Rico (US),PRI,1978,
Puerto Rico (US),PRI,1977,
Puerto Rico (US),PRI,1976,
Puerto Rico (US),PRI,1975,
Puerto Rico (US),PRI,1974,
Puerto Rico (US),PRI,1973,
Puerto Rico (US),PRI,1972,
Puerto Rico (US),PRI,1971,
Puerto Rico (US),PRI,1970,
Puerto Rico (US),PRI,1969,
Puerto Rico (US),PRI,1968,
Puerto Rico (US),PRI,1967,
Puerto Rico (US),PRI,1966,
Puerto Rico (US),PRI,1965,
Puerto Rico (US),PRI,1964,
Puerto Rico (US),PRI,1963,
Puerto Rico (US),PRI,1962,
Puerto Rico (US),PRI,1961,
Puerto Rico (US),PRI,1960,
Qatar,QAT,2025,
Qatar,QAT,2024,4.8
Qatar,QAT,2023,4.9
Qatar,QAT,2022,5.0
Qatar,QAT,2021,5.1
Qatar,QAT,2020,5.2
Qatar,QAT,2019,5.4
Qatar,QAT,2018,5.6
Qatar,QAT,2017,5.9
Qatar,QAT,2016,6.2
Qatar,QAT,2015,6.4
Qatar,QAT,2014,6.7
Qatar,QAT,2013,6.9
Qatar,QAT,2012,7.1
Qatar,QAT,2011,7.3
Qatar,QAT,2010,7.5
Qatar,QAT,2009,7.7
Qatar,QAT,2008,7.9
Qatar,QAT,2007,8.2
Qatar,QAT,2006,8.4
Qatar,QAT,2005,8.7
Qatar,QAT,2004,9.0
Qatar,QAT,2003,9.3
Qatar,QAT,2002,9.7
Qatar,QAT,2001,10.0
Qatar,QAT,2000,10.4
Qatar,QAT,1999,10.8
Qatar,QAT,1998,11.2
Qatar,QAT,1997,11.7
Qatar,QAT,1996,12.2
Qatar,QAT,1995,12.8
Qatar,QAT,1994,13.5
Qatar,QAT,1993,14.3
Qatar,QAT,1992,15.2
Qatar,QAT,1991,16.3
Qatar,QAT,1990,17.4
Qatar,QAT,1989,18.6
Qatar,QAT,1988,19.8
Qatar,QAT,1987,21.0
Qatar,QAT,1986,22.3
Qatar,QAT,1985,23.5
Qatar,QAT,1984,24.7
Qatar,QAT,1983,25.9
Qatar,QAT,1982,27.2
Qatar,QAT,1981,28.4
Qatar,QAT,1980,29.8
Qatar,QAT,1979,31.2
Qatar,QAT,1978,32.8
Qatar,QAT,1977,34.6
Qatar,QAT,1976,36.6
Qatar,QAT,1975,38.7
Qatar,QAT,1974,41.1
Qatar,QAT,1973,43.7
Qatar,QAT,1972,46.6
Qatar,QAT,1971,49.7
Qatar,QAT,1970,53.1
Qatar,QAT,1969,56.7
Qatar,QAT,1968,
Qatar,QAT,1967,
Qatar,QAT,1966,
Qatar,QAT,1965,
Qatar,QAT,1964,
Qatar,QAT,1963,
Qatar,QAT,1962,
Qatar,QAT,1961,
Qatar,QAT,1960,
Romania,ROU,2025,
Romania,ROU,2024,6.0
Romania,ROU,2023,5.6
Romania,ROU,2022,5.4
Romania,ROU,2021,5.3
Romania,ROU,2020,5.4
Romania,ROU,2019,5.6
Romania,ROU,2018,6.1
Romania,ROU,2017,6.6
Romania,ROU,2016,7.1
Romania,ROU,2015,7.7
Romania,ROU,2014,8.3
Romania,ROU,2013,8.9
Romania,ROU,2012,9.5
Romania,ROU,2011,10.0
Romania,ROU,2010,10.5
Romania,ROU,2009,11.1
Romania,ROU,2008,11.8
Romania,ROU,2007,12.9
Romania,ROU,2006,14.3
Romania,ROU,2005,15.5
Romania,ROU,2004,16.4
Romania,ROU,2003,16.9
Romania,ROU,2002,17.1
Romania,ROU,2001,17.3
Romania,ROU,2000,18.0
Romania,ROU,1999,19.1
Romania,ROU,1998,20.5
Romania,ROU,1997,21.3
Romania,ROU,1996,21.7
Romania,ROU,1995,22.0
Romania,ROU,1994,22.3
Romania,ROU,1993,22.6
Romania,ROU,1992,22.8
Romania,ROU,1991,23.2
Romania,ROU,1990,24.2
Romania,ROU,1989,25.9
Romania,ROU,1988,27.1
Romania,ROU,1987,26.9
Romania,ROU,1986,25.7
Romania,ROU,1985,24.6
Romania,ROU,1984,24.2
Romania,ROU,1983,24.6
Romania,ROU,1982,25.7
Romania,ROU,1981,27.3
Romania,ROU,1980,28.6
Romania,ROU,1979,29.4
Romania,ROU,1978,30.1
Romania,ROU,1977,31.4
Romania,ROU,1976,33.2
Romania,ROU,1975,34.9
Romania,ROU,1974,36.2
Romania,ROU,1973,37.6
Romania,ROU,1972,39.3
Romania,ROU,1971,42.0
Romania,ROU,1970,46.6
Romania,ROU,1969,52.7
Romania,ROU,1968,56.7
Romania,ROU,1967,54.1
Romania,ROU,1966,48.2
Romania,ROU,1965,45.0
Romania,ROU,1964,46.8
Romania,ROU,1963,52.1
Romania,ROU,1962,59.5
Romania,ROU,1961,67.5
Romania,ROU,1960,74.4
Russian Federation,RUS,2025,
Russian Federation,RUS,2024,4.1
Russian Federation,RUS,2023,4.2
Russian Federation,RUS,2022,4.3
Russian Federation,RUS,2021,4.4
Russian Federation,RUS,2020,4.6
Russian Federation,RUS,2019,4.8
Russian Federation,RUS,2018,5.1
Russian Federation,RUS,2017,5.5
Russian Federation,RUS,2016,6.0
Russian Federation,RUS,2015,6.6
Russian Federation,RUS,2014,7.1
Russian Federation,RUS,2013,7.6
Russian Federation,RUS,2012,7.9
Russian Federation,RUS,2011,8.1
Russian Federation,RUS,2010,8.3
Russian Federation,RUS,2009,8.6
Russian Federation,RUS,2008,9.0
Russian Federation,RUS,2007,9.5
Russian Federation,RUS,2006,10.2
Russian Federation,RUS,2005,11.1
Russian Federation,RUS,2004,12.0
Russian Federation,RUS,2003,12.9
Russian Federation,RUS,2002,13.9
Russian Federation,RUS,2001,14.8
Russian Federation,RUS,2000,15.6
Russian Federation,RUS,1999,16.2
Russian Federation,RUS,1998,16.8
Russian Federation,RUS,1997,17.2
Russian Federation,RUS,1996,17.5
Russian Federation,RUS,1995,17.8
Russian Federation,RUS,1994,17.8
Russian Federation,RUS,1993,17.7
Russian Federation,RUS,1992,17.5
Russian Federation,RUS,1991,17.4
Russian Federation,RUS,1990,17.5
Russian Federation,RUS,1989,17.7
Russian Federation,RUS,1988,18.2
Russian Federation,RUS,1987,18.8
Russian Federation,RUS,1986,19.4
Russian Federation,RUS,1985,20.0
Russian Federation,RUS,1984,20.5
Russian Federation,RUS,1983,20.9
Russian Federation,RUS,1982,21.2
Russian Federation,RUS,1981,21.4
Russian Federation,RUS,1980,21.6
Russian Federation,RUS,1979,21.8
Russian Federation,RUS,1978,21.9
Russian Federation,RUS,1977,21.9
Russian Federation,RUS,1976,21.9
Russian Federation,RUS,1975,21.9
Russian Federation,RUS,1974,21.9
Russian Federation,RUS,1973,22.0
Russian Federation,RUS,1972,22.2
Russian Federation,RUS,1971,22.5
Russian Federation,RUS,1970,22.9
Russian Federation,RUS,1969,23.3
Russian Federation,RUS,1968,23.9
Russian Federation,RUS,1967,24.7
Russian Federation,RUS,1966,25.7
Russian Federation,RUS,1965,26.8
Russian Federation,RUS,1964,28.2
Russian Federation,RUS,1963,29.9
Russian Federation,RUS,1962,31.8
Russian Federation,RUS,1961,33.9
Russian Federation,RUS,1960,36.3
Rwanda,RWA,2025,
Rwanda,RWA,2024,29.4
Rwanda,RWA,2023,30.1
Rwanda,RWA,2022,30.5
Rwanda,RWA,2021,30.9
Rwanda,RWA,2020,31.3
Rwanda,RWA,2019,31.7
Rwanda,RWA,2018,32.2
Rwanda,RWA,2017,32.7
Rwanda,RWA,2016,33.2
Rwanda,RWA,2015,33.9
Rwanda,RWA,2014,34.7
Rwanda,RWA,2013,35.9
Rwanda,RWA,2012,37.4
Rwanda,RWA,2011,39.3
Rwanda,RWA,2010,42.6
Rwanda,RWA,2009,45.7
Rwanda,RWA,2008,49.1
Rwanda,RWA,2007,53.2
Rwanda,RWA,2006,58.1
Rwanda,RWA,2005,64.0
Rwanda,RWA,2004,71.1
Rwanda,RWA,2003,79.5
Rwanda,RWA,2002,88.7
Rwanda,RWA,2001,98.4
Rwanda,RWA,2000,108.1
Rwanda,RWA,1999,117.1
Rwanda,RWA,1998,124.4
Rwanda,RWA,1997,128.5
Rwanda,RWA,1996,129.0
Rwanda,RWA,1995,126.5
Rwanda,RWA,1994,212.9
Rwanda,RWA,1993,111.5
Rwanda,RWA,1992,101.5
Rwanda,RWA,1991,92.6
Rwanda,RWA,1990,86.9
Rwanda,RWA,1989,84.8
Rwanda,RWA,1988,84.9
Rwanda,RWA,1987,86.2
Rwanda,RWA,1986,88.1
Rwanda,RWA,1985,90.3
Rwanda,RWA,1984,92.6
Rwanda,RWA,1983,96.0
Rwanda,RWA,1982,101.7
Rwanda,RWA,1981,109.0
Rwanda,RWA,1980,117.1
Rwanda,RWA,1979,124.4
Rwanda,RWA,1978,129.7
Rwanda,RWA,1977,131.7
Rwanda,RWA,1976,130.7
Rwanda,RWA,1975,128.0
Rwanda,RWA,1974,124.7
Rwanda,RWA,1973,121.7
Rwanda,RWA,1972,119.3
Rwanda,RWA,1971,117.8
Rwanda,RWA,1970,116.4
Rwanda,RWA,1969,115.2
Rwanda,RWA,1968,114.2
Rwanda,RWA,1967,113.5
Rwanda,RWA,1966,113.2
Rwanda,RWA,1965,113.3
Rwanda,RWA,1964,113.8
Rwanda,RWA,1963,115.0
Rwanda,RWA,1962,117.0
Rwanda,RWA,1961,119.7
Rwanda,RWA,1960,123.2
Samoa,WSM,2025,
Samoa,WSM,2024,12.3
Samoa,WSM,2023,12.6
Samoa,WSM,2022,13.0
Samoa,WSM,2021,13.3
Samoa,WSM,2020,13.6
Samoa,WSM,2019,14.9
Samoa,WSM,2018,14.2
Samoa,WSM,2017,14.5
Samoa,WSM,2016,14.6
Samoa,WSM,2015,14.8
Samoa,WSM,2014,14.9
Samoa,WSM,2013,15.0
Samoa,WSM,2012,15.1
Samoa,WSM,2011,15.2
Samoa,WSM,2010,15.2
Samoa,WSM,2009,17.4
Samoa,WSM,2008,15.1
Samoa,WSM,2007,15.1
Samoa,WSM,2006,15.0
Samoa,WSM,2005,15.0
Samoa,WSM,2004,15.1
Samoa,WSM,2003,15.3
Samoa,WSM,2002,15.5
Samoa,WSM,2001,15.9
Samoa,WSM,2000,16.4
Samoa,WSM,1999,16.9
Samoa,WSM,1998,17.5
Samoa,WSM,1997,18.2
Samoa,WSM,1996,18.8
Samoa,WSM,1995,19.5
Samoa,WSM,1994,20.1
Samoa,WSM,1993,20.8
Samoa,WSM,1992,21.5
Samoa,WSM,1991,22.2
Samoa,WSM,1990,22.9
Samoa,WSM,1989,23.6
Samoa,WSM,1988,24.4
Samoa,WSM,1987,25.2
Samoa,WSM,1986,26.1
Samoa,WSM,1985,27.2
Samoa,WSM,1984,28.2
Samoa,WSM,1983,29.4
Samoa,WSM,1982,30.6
Samoa,WSM,1981,31.9
Samoa,WSM,1980,33.4
Samoa,WSM,1979,35.0
Samoa,WSM,1978,36.7
Samoa,WSM,1977,38.6
Samoa,WSM,1976,40.6
Samoa,WSM,1975,42.6
Samoa,WSM,1974,44.7
Samoa,WSM,1973,46.9
Samoa,WSM,1972,49.2
Samoa,WSM,1971,51.5
Samoa,WSM,1970,54.0
Samoa,WSM,1969,56.4
Samoa,WSM,1968,58.9
Samoa,WSM,1967,61.3
Samoa,WSM,1966,63.6
Samoa,WSM,1965,65.9
Samoa,WSM,1964,75.4
Samoa,WSM,1963,70.5
Samoa,WSM,1962,73.0
Samoa,WSM,1961,75.7
Samoa,WSM,1960,78.6
San Marino,SMR,2025,
San Marino,SMR,2024,1.2
San Marino,SMR,2023,1.3
San Marino,SMR,2022,1.3
San Marino,SMR,2021,1.4
San Marino,SMR,2020,1.4
San Marino,SMR,2019,1.5
San Marino,SMR,2018,1.6
San Marino,SMR,2017,1.6
San Marino,SMR,2016,1.7
San Marino,SMR,2015,1.8
San Marino,SMR,2014,1.9
San Marino,SMR,2013,2.0
San Marino,SMR,2012,2.2
San Marino,SMR,2011,2.3
San Marino,SMR,2010,2.4
San Marino,SMR,2009,2.6
San Marino,SMR,2008,2.8
San Marino,SMR,2007,2.9
San Marino,SMR,2006,3.1
San Marino,SMR,2005,3.4
San Marino,SMR,2004,3.6
San Marino,SMR,2003,3.9
San Marino,SMR,2002,4.2
San Marino,SMR,2001,4.5
San Marino,SMR,2000,4.9
San Marino,SMR,1999,5.3
San Marino,SMR,1998,5.8
San Marino,SMR,1997,6.3
San Marino,SMR,1996,6.8
San Marino,SMR,1995,7.4
San Marino,SMR,1994,8.0
San Marino,SMR,1993,8.6
San Marino,SMR,1992,9.4
San Marino,SMR,1991,10.2
San Marino,SMR,1990,11.0
San Marino,SMR,1989,12.0
San Marino,SMR,1988,13.0
San Marino,SMR,1987,14.2
San Marino,SMR,1986,15.5
San Marino,SMR,1985,16.8
San Marino,SMR,1984,
San Marino,SMR,1983,
San Marino,SMR,1982,
San Marino,SMR,1981,
San Marino,SMR,1980,
San Marino,SMR,1979,
San Marino,SMR,1978,
San Marino,SMR,1977,
San Marino,SMR,1976,
San Marino,SMR,1975,
San Marino,SMR,1974,
San Marino,SMR,1973,
San Marino,SMR,1972,
San Marino,SMR,1971,
San Marino,SMR,1970,
San Marino,SMR,1969,
San Marino,SMR,1968,
San Marino,SMR,1967,
San Marino,SMR,1966,
San Marino,SMR,1965,
San Marino,SMR,1964,
San Marino,SMR,1963,
San Marino,SMR,1962,
San Marino,SMR,1961,
San Marino,SMR,1960,
Sao Tome and Principe,STP,2025,
Sao Tome and Principe,STP,2024,9.2
Sao Tome and Principe,STP,2023,9.5
Sao Tome and Principe,STP,2022,9.9
Sao Tome and Principe,STP,2021,10.3
Sao Tome and Principe,STP,2020,10.8
Sao Tome and Principe,STP,2019,11.3
Sao Tome and Principe,STP,2018,12.0
Sao Tome and Principe,STP,2017,12.9
Sao Tome and Principe,STP,2016,14.0
Sao Tome and Principe,STP,2015,15.2
Sao Tome and Principe,STP,2014,16.6
Sao Tome and Principe,STP,2013,18.1
Sao Tome and Principe,STP,2012,19.6
Sao Tome and Principe,STP,2011,21.3
Sao Tome and Principe,STP,2010,23.2
Sao Tome and Principe,STP,2009,25.2
Sao Tome and Principe,STP,2008,27.3
Sao Tome and Principe,STP,2007,29.6
Sao Tome and Principe,STP,2006,32.1
Sao Tome and Principe,STP,2005,34.9
Sao Tome and Principe,STP,2004,37.8
Sao Tome and Principe,STP,2003,40.9
Sao Tome and Principe,STP,2002,44.1
Sao Tome and Principe,STP,2001,47.4
Sao Tome and Principe,STP,2000,50.7
Sao Tome and Principe,STP,1999,53.9
Sao Tome and Principe,STP,1998,56.8
Sao Tome and Principe,STP,1997,59.6
Sao Tome and Principe,STP,1996,61.9
Sao Tome and Principe,STP,1995,63.7
Sao Tome and Principe,STP,1994,65.1
Sao Tome and Principe,STP,1993,65.9
Sao Tome and Principe,STP,1992,66.2
Sao Tome and Principe,STP,1991,66.1
Sao Tome and Principe,STP,1990,65.5
Sao Tome and Principe,STP,1989,64.8
Sao Tome and Principe,STP,1988,63.8
Sao Tome and Principe,STP,1987,62.7
Sao Tome and Principe,STP,1986,65.2
Sao Tome and Principe,STP,1985,60.0
Sao Tome and Principe,STP,1984,58.6
Sao Tome and Principe,STP,1983,57.2
Sao Tome and Principe,STP,1982,56.0
Sao Tome and Principe,STP,1981,54.9
Sao Tome and Principe,STP,1980,54.1
Sao Tome and Principe,STP,1979,53.6
Sao Tome and Principe,STP,1978,53.2
Sao Tome and Principe,STP,1977,52.8
Sao Tome and Principe,STP,1976,52.5
Sao Tome and Principe,STP,1975,52.1
Sao Tome and Principe,STP,1974,51.7
Sao Tome and Principe,STP,1973,51.3
Sao Tome and Principe,STP,1972,50.9
Sao Tome and Principe,STP,1971,50.6
Sao Tome and Principe,STP,1970,50.5
Sao Tome and Principe,STP,1969,50.9
Sao Tome and Principe,STP,1968,51.6
Sao Tome and Principe,STP,1967,52.9
Sao Tome and Principe,STP,1966,54.4
Sao Tome and Principe,STP,1965,56.1
Sao Tome and Principe,STP,1964,
Sao Tome and Principe,STP,1963,
Sao Tome and Principe,STP,1962,
Sao Tome and Principe,STP,1961,
Sao Tome and Principe,STP,1960,
Saudi Arabia,SAU,2025,
Saudi Arabia,SAU,2024,4.7
Saudi Arabia,SAU,2023,4.8
Saudi Arabia,SAU,2022,5.0
Saudi Arabia,SAU,2021,5.2
Saudi Arabia,SAU,2020,5.4
Saudi Arabia,SAU,2019,5.7
Saudi Arabia,SAU,2018,6.0
Saudi Arabia,SAU,2017,6.4
Saudi Arabia,SAU,2016,6.8
Saudi Arabia,SAU,2015,7.3
Saudi Arabia,SAU,2014,7.8
Saudi Arabia,SAU,2013,8.4
Saudi Arabia,SAU,2012,9.0
Saudi Arabia,SAU,2011,9.7
Saudi Arabia,SAU,2010,10.4
Saudi Arabia,SAU,2009,11.1
Saudi Arabia,SAU,2008,11.9
Saudi Arabia,SAU,2007,12.7
Saudi Arabia,SAU,2006,13.6
Saudi Arabia,SAU,2005,14.5
Saudi Arabia,SAU,2004,15.4
Saudi Arabia,SAU,2003,16.4
Saudi Arabia,SAU,2002,17.5
Saudi Arabia,SAU,2001,18.6
Saudi Arabia,SAU,2000,19.8
Saudi Arabia,SAU,1999,21.1
Saudi Arabia,SAU,1998,22.5
Saudi Arabia,SAU,1997,24.1
Saudi Arabia,SAU,1996,25.8
Saudi Arabia,SAU,1995,27.7
Saudi Arabia,SAU,1994,29.8
Saudi Arabia,SAU,1993,32.1
Saudi Arabia,SAU,1992,34.6
Saudi Arabia,SAU,1991,37.5
Saudi Arabia,SAU,1990,40.6
Saudi Arabia,SAU,1989,43.9
Saudi Arabia,SAU,1988,47.6
Saudi Arabia,SAU,1987,51.5
Saudi Arabia,SAU,1986,55.6
Saudi Arabia,SAU,1985,59.9
Saudi Arabia,SAU,1984,64.6
Saudi Arabia,SAU,1983,69.5
Saudi Arabia,SAU,1982,74.8
Saudi Arabia,SAU,1981,80.4
Saudi Arabia,SAU,1980,86.2
Saudi Arabia,SAU,1979,92.3
Saudi Arabia,SAU,1978,98.8
Saudi Arabia,SAU,1977,105.7
Saudi Arabia,SAU,1976,113.3
Saudi Arabia,SAU,1975,121.2
Saudi Arabia,SAU,1974,129.5
Saudi Arabia,SAU,1973,138.7
Saudi Arabia,SAU,1972,148.7
Saudi Arabia,SAU,1971,
Saudi Arabia,SAU,1970,
Saudi Arabia,SAU,1969,
Saudi Arabia,SAU,1968,
Saudi Arabia,SAU,1967,
Saudi Arabia,SAU,1966,
Saudi Arabia,SAU,1965,
Saudi Arabia,SAU,1964,
Saudi Arabia,SAU,1963,
Saudi Arabia,SAU,1962,
Saudi Arabia,SAU,1961,
Saudi Arabia,SAU,1960,
Senegal,SEN,2025,
Senegal,SEN,2024,28.9
Senegal,SEN,2023,30.0
Senegal,SEN,2022,31.2
Senegal,SEN,2021,32.5
Senegal,SEN,2020,33.7
Senegal,SEN,2019,34.8
Senegal,SEN,2018,35.7
Senegal,SEN,2017,36.3
Senegal,SEN,2016,36.8
Senegal,SEN,2015,37.3
Senegal,SEN,2014,37.8
Senegal,SEN,2013,38.5
Senegal,SEN,2012,39.3
Senegal,SEN,2011,40.3
Senegal,SEN,2010,41.5
Senegal,SEN,2009,43.1
Senegal,SEN,2008,44.9
Senegal,SEN,2007,47.3
Senegal,SEN,2006,50.1
Senegal,SEN,2005,53.5
Senegal,SEN,2004,57.5
Senegal,SEN,2003,61.9
Senegal,SEN,2002,66.4
Senegal,SEN,2001,70.6
Senegal,SEN,2000,74.0
Senegal,SEN,1999,76.1
Senegal,SEN,1998,77.1
Senegal,SEN,1997,77.2
Senegal,SEN,1996,76.6
Senegal,SEN,1995,75.7
Senegal,SEN,1994,74.7
Senegal,SEN,1993,73.7
Senegal,SEN,1992,72.9
Senegal,SEN,1991,72.6
Senegal,SEN,1990,73.0
Senegal,SEN,1989,74.4
Senegal,SEN,1988,76.6
Senegal,SEN,1987,79.6
Senegal,SEN,1986,83.0
Senegal,SEN,1985,86.4
Senegal,SEN,1984,89.2
Senegal,SEN,1983,91.5
Senegal,SEN,1982,93.4
Senegal,SEN,1981,95.1
Senegal,SEN,1980,97.1
Senegal,SEN,1979,99.6
Senegal,SEN,1978,102.7
Senegal,SEN,1977,106.2
Senegal,SEN,1976,109.8
Senegal,SEN,1975,113.1
Senegal,SEN,1974,115.8
Senegal,SEN,1973,118.0
Senegal,SEN,1972,119.7
Senegal,SEN,1971,121.1
Senegal,SEN,1970,122.1
Senegal,SEN,1969,122.7
Senegal,SEN,1968,123.2
Senegal,SEN,1967,123.5
Senegal,SEN,1966,123.8
Senegal,SEN,1965,124.2
Senegal,SEN,1964,124.6
Senegal,SEN,1963,125.0
Senegal,SEN,1962,125.5
Senegal,SEN,1961,126.3
Senegal,SEN,1960,127.5
Serbia,SRB,2025,
Serbia,SRB,2024,4.6
Serbia,SRB,2023,4.5
Serbia,SRB,2022,4.6
Serbia,SRB,2021,4.6
Serbia,SRB,2020,4.7
Serbia,SRB,2019,4.8
Serbia,SRB,2018,4.9
Serbia,SRB,2017,5.1
Serbia,SRB,2016,5.2
Serbia,SRB,2015,5.4
Serbia,SRB,2014,5.6
Serbia,SRB,2013,5.9
Serbia,SRB,2012,6.1
Serbia,SRB,2011,6.4
Serbia,SRB,2010,6.6
Serbia,SRB,2009,6.7
Serbia,SRB,2008,6.9
Serbia,SRB,2007,7.1
Serbia,SRB,2006,7.3
Serbia,SRB,2005,7.8
Serbia,SRB,2004,8.4
Serbia,SRB,2003,9.2
Serbia,SRB,2002,9.9
Serbia,SRB,2001,10.5
Serbia,SRB,2000,11.0
Serbia,SRB,1999,11.5
Serbia,SRB,1998,12.2
Serbia,SRB,1997,13.4
Serbia,SRB,1996,15.1
Serbia,SRB,1995,16.9
Serbia,SRB,1994,18.6
Serbia,SRB,1993,20.1
Serbia,SRB,1992,21.3
Serbia,SRB,1991,22.4
Serbia,SRB,1990,24.2
Serbia,SRB,1989,26.6
Serbia,SRB,1988,29.3
Serbia,SRB,1987,31.2
Serbia,SRB,1986,32.3
Serbia,SRB,1985,33.4
Serbia,SRB,1984,34.7
Serbia,SRB,1983,
Serbia,SRB,1982,
Serbia,SRB,1981,
Serbia,SRB,1980,
Serbia,SRB,1979,
Serbia,SRB,1978,
Serbia,SRB,1977,
Serbia,SRB,1976,
Serbia,SRB,1975,
Serbia,SRB,1974,
Serbia,SRB,1973,
Serbia,SRB,1972,
Serbia,SRB,1971,
Serbia,SRB,1970,
Serbia,SRB,1969,
Serbia,SRB,1968,
Serbia,SRB,1967,
Serbia,SRB,1966,
Serbia,SRB,1965,
Serbia,SRB,1964,
Serbia,SRB,1963,
Serbia,SRB,1962,
Serbia,SRB,1961,
Serbia,SRB,1960,
Seychelles,SYC,2025,
Seychelles,SYC,2024,12.9
Seychelles,SYC,2023,13.1
Seychelles,SYC,2022,13.4
Seychelles,SYC,2021,13.5
Seychelles,SYC,2020,13.6
Seychelles,SYC,2019,13.6
Seychelles,SYC,2018,13.5
Seychelles,SYC,2017,13.4
Seychelles,SYC,2016,13.3
Seychelles,SYC,2015,13.2
Seychelles,SYC,2014,13.1
Seychelles,SYC,2013,12.9
Seychelles,SYC,2012,12.8
Seychelles,SYC,2011,12.7
Seychelles,SYC,2010,12.6
Seychelles,SYC,2009,12.5
Seychelles,SYC,2008,12.4
Seychelles,SYC,2007,12.3
Seychelles,SYC,2006,12.2
Seychelles,SYC,2005,12.1
Seychelles,SYC,2004,12.0
Seychelles,SYC,2003,12.0
Seychelles,SYC,2002,11.9
Seychelles,SYC,2001,11.9
Seychelles,SYC,2000,11.8
Seychelles,SYC,1999,11.8
Seychelles,SYC,1998,11.8
Seychelles,SYC,1997,11.8
Seychelles,SYC,1996,11.9
Seychelles,SYC,1995,12.0
Seychelles,SYC,1994,12.1
Seychelles,SYC,1993,12.3
Seychelles,SYC,1992,12.5
Seychelles,SYC,1991,12.8
Seychelles,SYC,1990,13.2
Seychelles,SYC,1989,13.5
Seychelles,SYC,1988,14.0
Seychelles,SYC,1987,14.5
Seychelles,SYC,1986,15.0
Seychelles,SYC,1985,15.7
Seychelles,SYC,1984,16.5
Seychelles,SYC,1983,17.5
Seychelles,SYC,1982,18.8
Seychelles,SYC,1981,20.3
Seychelles,SYC,1980,22.1
Seychelles,SYC,1979,24.2
Seychelles,SYC,1978,26.6
Seychelles,SYC,1977,29.4
Seychelles,SYC,1976,32.3
Seychelles,SYC,1975,35.4
Seychelles,SYC,1974,38.5
Seychelles,SYC,1973,41.6
Seychelles,SYC,1972,44.8
Seychelles,SYC,1971,47.8
Seychelles,SYC,1970,51.0
Seychelles,SYC,1969,54.0
Seychelles,SYC,1968,56.9
Seychelles,SYC,1967,59.6
Seychelles,SYC,1966,61.9
Seychelles,SYC,1965,63.9
Seychelles,SYC,1964,65.7
Seychelles,SYC,1963,67.3
Seychelles,SYC,1962,68.8
Seychelles,SYC,1961,70.3
Seychelles,SYC,1960,71.7
Sierra Leone,SLE,2025,
Sierra Leone,SLE,2024,54.6
Sierra Leone,SLE,2023,56.3
Sierra Leone,SLE,2022,58.1
Sierra Leone,SLE,2021,59.9
Sierra Leone,SLE,2020,61.9
Sierra Leone,SLE,2019,64.0
Sierra Leone,SLE,2018,66.3
Sierra Leone,SLE,2017,68.7
Sierra Leone,SLE,2016,71.3
Sierra Leone,SLE,2015,76.9
Sierra Leone,SLE,2014,77.8
Sierra Leone,SLE,2013,80.1
Sierra Leone,SLE,2012,83.4
Sierra Leone,SLE,2011,87.0
Sierra Leone,SLE,2010,90.8
Sierra Leone,SLE,2009,94.7
Sierra Leone,SLE,2008,98.6
Sierra Leone,SLE,2007,102.3
Sierra Leone,SLE,2006,105.9
Sierra Leone,SLE,2005,109.3
Sierra Leone,SLE,2004,112.4
Sierra Leone,SLE,2003,115.4
Sierra Leone,SLE,2002,118.2
Sierra Leone,SLE,2001,120.8
Sierra Leone,SLE,2000,123.4
Sierra Leone,SLE,1999,125.9
Sierra Leone,SLE,1998,128.0
Sierra Leone,SLE,1997,130.0
Sierra Leone,SLE,1996,131.6
Sierra Leone,SLE,1995,132.9
Sierra Leone,SLE,1994,133.8
Sierra Leone,SLE,1993,134.5
Sierra Leone,SLE,1992,134.8
Sierra Leone,SLE,1991,135.1
Sierra Leone,SLE,1990,135.4
Sierra Leone,SLE,1989,135.6
Sierra Leone,SLE,1988,135.9
Sierra Leone,SLE,1987,136.4
Sierra Leone,SLE,1986,136.9
Sierra Leone,SLE,1985,137.5
Sierra Leone,SLE,1984,138.1
Sierra Leone,SLE,1983,138.7
Sierra Leone,SLE,1982,139.3
Sierra Leone,SLE,1981,140.1
Sierra Leone,SLE,1980,140.9
Sierra Leone,SLE,1979,141.9
Sierra Leone,SLE,1978,142.9
Sierra Leone,SLE,1977,144.0
Sierra Leone,SLE,1976,145.1
Sierra Leone,SLE,1975,146.2
Sierra Leone,SLE,1974,147.4
Sierra Leone,SLE,1973,148.4
Sierra Leone,SLE,1972,149.7
Sierra Leone,SLE,1971,151.0
Sierra Leone,SLE,1970,152.5
Sierra Leone,SLE,1969,153.9
Sierra Leone,SLE,1968,155.3
Sierra Leone,SLE,1967,156.8
Sierra Leone,SLE,1966,158.3
Sierra Leone,SLE,1965,159.8
Sierra Leone,SLE,1964,161.2
Sierra Leone,SLE,1963,162.4
Sierra Leone,SLE,1962,163.6
Sierra Leone,SLE,1961,164.7
Sierra Leone,SLE,1960,165.7
Singapore,SGP,2025,
Singapore,SGP,2024,2.2
Singapore,SGP,2023,2.1
Singapore,SGP,2022,2.0
Singapore,SGP,2021,2.0
Singapore,SGP,2020,2.0
Singapore,SGP,2019,2.0
Singapore,SGP,2018,2.0
Singapore,SGP,2017,2.1
Singapore,SGP,2016,2.1
Singapore,SGP,2015,2.2
Singapore,SGP,2014,2.2
Singapore,SGP,2013,2.2
Singapore,SGP,2012,2.2
Singapore,SGP,2011,2.2
Singapore,SGP,2010,2.2
Singapore,SGP,2009,2.2
Singapore,SGP,2008,2.2
Singapore,SGP,2007,2.3
Singapore,SGP,2006,2.3
Singapore,SGP,2005,2.3
Singapore,SGP,2004,2.4
Singapore,SGP,2003,2.5
Singapore,SGP,2002,2.7
Singapore,SGP,2001,2.8
Singapore,SGP,2000,3.0
Singapore,SGP,1999,3.2
Singapore,SGP,1998,3.4
Singapore,SGP,1997,3.6
Singapore,SGP,1996,3.8
Singapore,SGP,1995,4.0
Singapore,SGP,1994,4.2
Singapore,SGP,1993,4.6
Singapore,SGP,1992,5.0
Singapore,SGP,1991,5.5
Singapore,SGP,1990,6.1
Singapore,SGP,1989,6.7
Singapore,SGP,1988,7.3
Singapore,SGP,1987,7.8
Singapore,SGP,1986,8.3
Singapore,SGP,1985,8.8
Singapore,SGP,1984,9.4
Singapore,SGP,1983,10.0
Singapore,SGP,1982,10.7
Singapore,SGP,1981,11.4
Singapore,SGP,1980,11.9
Singapore,SGP,1979,12.2
Singapore,SGP,1978,12.2
Singapore,SGP,1977,12.5
Singapore,SGP,1976,13.2
Singapore,SGP,1975,14.2
Singapore,SGP,1974,15.8
Singapore,SGP,1973,17.6
Singapore,SGP,1972,19.3
Singapore,SGP,1971,20.7
Singapore,SGP,1970,21.8
Singapore,SGP,1969,22.8
Singapore,SGP,1968,24.0
Singapore,SGP,1967,25.1
Singapore,SGP,1966,26.2
Singapore,SGP,1965,27.3
Singapore,SGP,1964,28.2
Singapore,SGP,1963,29.3
Singapore,SGP,1962,30.8
Singapore,SGP,1961,32.9
Singapore,SGP,1960,35.5
Sint Maarten (Dutch part),SXM,2025,
Sint Maarten (Dutch part),SXM,2024,
Sint Maarten (Dutch part),SXM,2023,
Sint Maarten (Dutch part),SXM,2022,
Sint Maarten (Dutch part),SXM,2021,
Sint Maarten (Dutch part),SXM,2020,
Sint Maarten (Dutch part),SXM,2019,
Sint Maarten (Dutch part),SXM,2018,
Sint Maarten (Dutch part),SXM,2017,
Sint Maarten (Dutch part),SXM,2016,
Sint Maarten (Dutch part),SXM,2015,
Sint Maarten (Dutch part),SXM,2014,
Sint Maarten (Dutch part),SXM,2013,
Sint Maarten (Dutch part),SXM,2012,
Sint Maarten (Dutch part),SXM,2011,
Sint Maarten (Dutch part),SXM,2010,
Sint Maarten (Dutch part),SXM,2009,
Sint Maarten (Dutch part),SXM,2008,
Sint Maarten (Dutch part),SXM,2007,
Sint Maarten (Dutch part),SXM,2006,
Sint Maarten (Dutch part),SXM,2005,
Sint Maarten (Dutch part),SXM,2004,
Sint Maarten (Dutch part),SXM,2003,
Sint Maarten (Dutch part),SXM,2002,
Sint Maarten (Dutch part),SXM,2001,
Sint Maarten (Dutch part),SXM,2000,
Sint Maarten (Dutch part),SXM,1999,
Sint Maarten (Dutch part),SXM,1998,
Sint Maarten (Dutch part),SXM,1997,
Sint Maarten (Dutch part),SXM,1996,
Sint Maarten (Dutch part),SXM,1995,
Sint Maarten (Dutch part),SXM,1994,
Sint Maarten (Dutch part),SXM,1993,
Sint Maarten (Dutch part),SXM,1992,
Sint Maarten (Dutch part),SXM,1991,
Sint Maarten (Dutch part),SXM,1990,
Sint Maarten (Dutch part),SXM,1989,
Sint Maarten (Dutch part),SXM,1988,
Sint Maarten (Dutch part),SXM,1987,
Sint Maarten (Dutch part),SXM,1986,
Sint Maarten (Dutch part),SXM,1985,
Sint Maarten (Dutch part),SXM,1984,
Sint Maarten (Dutch part),SXM,1983,
Sint Maarten (Dutch part),SXM,1982,
Sint Maarten (Dutch part),SXM,1981,
Sint Maarten (Dutch part),SXM,1980,
Sint Maarten (Dutch part),SXM,1979,
Sint Maarten (Dutch part),SXM,1978,
Sint Maarten (Dutch part),SXM,1977,
Sint Maarten (Dutch part),SXM,1976,
Sint Maarten (Dutch part),SXM,1975,
Sint Maarten (Dutch part),SXM,1974,
Sint Maarten (Dutch part),SXM,1973,
Sint Maarten (Dutch part),SXM,1972,
Sint Maarten (Dutch part),SXM,1971,
Sint Maarten (Dutch part),SXM,1970,
Sint Maarten (Dutch part),SXM,1969,
Sint Maarten (Dutch part),SXM,1968,
Sint Maarten (Dutch part),SXM,1967,
Sint Maarten (Dutch part),SXM,1966,
Sint Maarten (Dutch part),SXM,1965,
Sint Maarten (Dutch part),SXM,1964,
Sint Maarten (Dutch part),SXM,1963,
Sint Maarten (Dutch part),SXM,1962,
Sint Maarten (Dutch part),SXM,1961,
Sint Maarten (Dutch part),SXM,1960,
Slovak Republic,SVK,2025,
Slovak Republic,SVK,2024,5.3
Slovak Republic,SVK,2023,5.2
Slovak Republic,SVK,2022,5.1
Slovak Republic,SVK,2021,5.0
Slovak Republic,SVK,2020,5.0
Slovak Republic,SVK,2019,5.0
Slovak Republic,SVK,2018,5.0
Slovak Republic,SVK,2017,5.0
Slovak Republic,SVK,2016,5.1
Slovak Republic,SVK,2015,5.2
Slovak Republic,SVK,2014,5.2
Slovak Republic,SVK,2013,5.3
Slovak Republic,SVK,2012,5.4
Slovak Republic,SVK,2011,5.5
Slovak Republic,SVK,2010,5.7
Slovak Republic,SVK,2009,5.9
Slovak Republic,SVK,2008,6.1
Slovak Republic,SVK,2007,6.3
Slovak Republic,SVK,2006,6.6
Slovak Republic,SVK,2005,6.9
Slovak Republic,SVK,2004,7.1
Slovak Republic,SVK,2003,7.3
Slovak Republic,SVK,2002,7.5
Slovak Republic,SVK,2001,7.8
Slovak Republic,SVK,2000,8.0
Slovak Republic,SVK,1999,8.4
Slovak Republic,SVK,1998,8.8
Slovak Republic,SVK,1997,9.2
Slovak Republic,SVK,1996,9.7
Slovak Republic,SVK,1995,10.1
Slovak Republic,SVK,1994,10.6
Slovak Republic,SVK,1993,11.1
Slovak Republic,SVK,1992,11.7
Slovak Republic,SVK,1991,12.2
Slovak Republic,SVK,1990,12.6
Slovak Republic,SVK,1989,13.1
Slovak Republic,SVK,1988,13.7
Slovak Republic,SVK,1987,14.3
Slovak Republic,SVK,1986,15.0
Slovak Republic,SVK,1985,15.8
Slovak Republic,SVK,1984,16.5
Slovak Republic,SVK,1983,17.3
Slovak Republic,SVK,1982,18.1
Slovak Republic,SVK,1981,18.9
Slovak Republic,SVK,1980,19.7
Slovak Republic,SVK,1979,20.5
Slovak Republic,SVK,1978,21.3
Slovak Republic,SVK,1977,22.1
Slovak Republic,SVK,1976,22.9
Slovak Republic,SVK,1975,23.5
Slovak Republic,SVK,1974,24.1
Slovak Republic,SVK,1973,24.5
Slovak Republic,SVK,1972,24.9
Slovak Republic,SVK,1971,25.2
Slovak Republic,SVK,1970,25.4
Slovak Republic,SVK,1969,25.5
Slovak Republic,SVK,1968,25.7
Slovak Republic,SVK,1967,25.8
Slovak Republic,SVK,1966,26.0
Slovak Republic,SVK,1965,26.3
Slovak Republic,SVK,1964,26.7
Slovak Republic,SVK,1963,27.3
Slovak Republic,SVK,1962,28.1
Slovak Republic,SVK,1961,29.3
Slovak Republic,SVK,1960,31.0
Slovenia,SVN,2025,
Slovenia,SVN,2024,1.8
Slovenia,SVN,2023,1.9
Slovenia,SVN,2022,1.9
Slovenia,SVN,2021,1.9
Slovenia,SVN,2020,1.9
Slovenia,SVN,2019,2.0
Slovenia,SVN,2018,2.0
Slovenia,SVN,2017,2.0
Slovenia,SVN,2016,2.1
Slovenia,SVN,2015,2.1
Slovenia,SVN,2014,2.2
Slovenia,SVN,2013,2.3
Slovenia,SVN,2012,2.4
Slovenia,SVN,2011,2.5
Slovenia,SVN,2010,2.6
Slovenia,SVN,2009,2.8
Slovenia,SVN,2008,2.9
Slovenia,SVN,2007,3.1
Slovenia,SVN,2006,3.3
Slovenia,SVN,2005,3.5
Slovenia,SVN,2004,3.7
Slovenia,SVN,2003,3.9
Slovenia,SVN,2002,4.1
Slovenia,SVN,2001,4.3
Slovenia,SVN,2000,4.5
Slovenia,SVN,1999,4.8
Slovenia,SVN,1998,5.1
Slovenia,SVN,1997,5.4
Slovenia,SVN,1996,5.8
Slovenia,SVN,1995,6.2
Slovenia,SVN,1994,6.6
Slovenia,SVN,1993,7.1
Slovenia,SVN,1992,7.6
Slovenia,SVN,1991,8.2
Slovenia,SVN,1990,8.8
Slovenia,SVN,1989,9.4
Slovenia,SVN,1988,10.1
Slovenia,SVN,1987,10.8
Slovenia,SVN,1986,11.6
Slovenia,SVN,1985,12.3
Slovenia,SVN,1984,13.1
Slovenia,SVN,1983,13.8
Slovenia,SVN,1982,14.5
Slovenia,SVN,1981,15.3
Slovenia,SVN,1980,
Slovenia,SVN,1979,
Slovenia,SVN,1978,
Slovenia,SVN,1977,
Slovenia,SVN,1976,
Slovenia,SVN,1975,
Slovenia,SVN,1974,
Slovenia,SVN,1973,
Slovenia,SVN,1972,
Slovenia,SVN,1971,
Slovenia,SVN,1970,
Slovenia,SVN,1969,
Slovenia,SVN,1968,
Slovenia,SVN,1967,
Slovenia,SVN,1966,
Slovenia,SVN,1965,
Slovenia,SVN,1964,
Slovenia,SVN,1963,
Slovenia,SVN,1962,
Slovenia,SVN,1961,
Slovenia,SVN,1960,
Solomon Islands,SLB,2025,
Solomon Islands,SLB,2024,16.4
Solomon Islands,SLB,2023,16.9
Solomon Islands,SLB,2022,17.4
Solomon Islands,SLB,2021,17.8
Solomon Islands,SLB,2020,18.3
Solomon Islands,SLB,2019,18.7
Solomon Islands,SLB,2018,19.1
Solomon Islands,SLB,2017,19.4
Solomon Islands,SLB,2016,19.7
Solomon Islands,SLB,2015,20.0
Solomon Islands,SLB,2014,20.3
Solomon Islands,SLB,2013,20.5
Solomon Islands,SLB,2012,20.8
Solomon Islands,SLB,2011,21.1
Solomon Islands,SLB,2010,21.4
Solomon Islands,SLB,2009,21.7
Solomon Islands,SLB,2008,22.0
Solomon Islands,SLB,2007,22.2
Solomon Islands,SLB,2006,22.5
Solomon Islands,SLB,2005,22.6
Solomon Islands,SLB,2004,22.8
Solomon Islands,SLB,2003,22.9
Solomon Islands,SLB,2002,23.1
Solomon Islands,SLB,2001,23.3
Solomon Islands,SLB,2000,23.5
Solomon Islands,SLB,1999,23.8
Solomon Islands,SLB,1998,24.2
Solomon Islands,SLB,1997,24.6
Solomon Islands,SLB,1996,25.0
Solomon Islands,SLB,1995,25.5
Solomon Islands,SLB,1994,26.1
Solomon Islands,SLB,1993,26.7
Solomon Islands,SLB,1992,27.4
Solomon Islands,SLB,1991,28.0
Solomon Islands,SLB,1990,28.8
Solomon Islands,SLB,1989,29.5
Solomon Islands,SLB,1988,30.3
Solomon Islands,SLB,1987,31.1
Solomon Islands,SLB,1986,31.9
Solomon Islands,SLB,1985,32.9
Solomon Islands,SLB,1984,33.9
Solomon Islands,SLB,1983,35.1
Solomon Islands,SLB,1982,36.4
Solomon Islands,SLB,1981,37.9
Solomon Islands,SLB,1980,39.6
Solomon Islands,SLB,1979,41.5
Solomon Islands,SLB,1978,43.6
Solomon Islands,SLB,1977,46.1
Solomon Islands,SLB,1976,49.0
Solomon Islands,SLB,1975,54.9
Solomon Islands,SLB,1974,55.6
Solomon Islands,SLB,1973,59.4
Solomon Islands,SLB,1972,63.5
Solomon Islands,SLB,1971,67.8
Solomon Islands,SLB,1970,72.4
Solomon Islands,SLB,1969,77.1
Solomon Islands,SLB,1968,82.0
Solomon Islands,SLB,1967,86.8
Solomon Islands,SLB,1966,91.5
Solomon Islands,SLB,1965,96.0
Solomon Islands,SLB,1964,100.4
Solomon Islands,SLB,1963,104.8
Solomon Islands,SLB,1962,109.1
Solomon Islands,SLB,1961,113.4
Solomon Islands,SLB,1960,117.6
"Somalia, Fed. Rep.",SOM,2025,
"Somalia, Fed. Rep.",SOM,2024,65.4
"Somalia, Fed. Rep.",SOM,2023,67.3
"Somalia, Fed. Rep.",SOM,2022,89.2
"Somalia, Fed. Rep.",SOM,2021,70.9
"Somalia, Fed. Rep.",SOM,2020,72.9
"Somalia, Fed. Rep.",SOM,2019,75.0
"Somalia, Fed. Rep.",SOM,2018,85.1
"Somalia, Fed. Rep.",SOM,2017,96.5
"Somalia, Fed. Rep.",SOM,2016,81.5
"Somalia, Fed. Rep.",SOM,2015,83.7
"Somalia, Fed. Rep.",SOM,2014,86.0
"Somalia, Fed. Rep.",SOM,2013,88.4
"Somalia, Fed. Rep.",SOM,2012,112.2
"Somalia, Fed. Rep.",SOM,2011,217.6
"Somalia, Fed. Rep.",SOM,2010,112.5
"Somalia, Fed. Rep.",SOM,2009,98.4
"Somalia, Fed. Rep.",SOM,2008,100.5
"Somalia, Fed. Rep.",SOM,2007,102.5
"Somalia, Fed. Rep.",SOM,2006,103.5
"Somalia, Fed. Rep.",SOM,2005,103.9
"Somalia, Fed. Rep.",SOM,2004,103.9
"Somalia, Fed. Rep.",SOM,2003,103.9
"Somalia, Fed. Rep.",SOM,2002,103.9
"Somalia, Fed. Rep.",SOM,2001,103.9
"Somalia, Fed. Rep.",SOM,2000,103.9
"Somalia, Fed. Rep.",SOM,1999,103.9
"Somalia, Fed. Rep.",SOM,1998,103.9
"Somalia, Fed. Rep.",SOM,1997,103.9
"Somalia, Fed. Rep.",SOM,1996,103.9
"Somalia, Fed. Rep.",SOM,1995,103.9
"Somalia, Fed. Rep.",SOM,1994,103.9
"Somalia, Fed. Rep.",SOM,1993,218.5
"Somalia, Fed. Rep.",SOM,1992,223.2
"Somalia, Fed. Rep.",SOM,1991,216.4
"Somalia, Fed. Rep.",SOM,1990,106.3
"Somalia, Fed. Rep.",SOM,1989,107.2
"Somalia, Fed. Rep.",SOM,1988,107.7
"Somalia, Fed. Rep.",SOM,1987,107.7
"Somalia, Fed. Rep.",SOM,1986,107.3
"Somalia, Fed. Rep.",SOM,1985,107.0
"Somalia, Fed. Rep.",SOM,1984,106.9
"Somalia, Fed. Rep.",SOM,1983,107.2
"Somalia, Fed. Rep.",SOM,1982,
"Somalia, Fed. Rep.",SOM,1981,
"Somalia, Fed. Rep.",SOM,1980,
"Somalia, Fed. Rep.",SOM,1979,
"Somalia, Fed. Rep.",SOM,1978,
"Somalia, Fed. Rep.",SOM,1977,
"Somalia, Fed. Rep.",SOM,1976,
"Somalia, Fed. Rep.",SOM,1975,
"Somalia, Fed. Rep.",SOM,1974,
"Somalia, Fed. Rep.",SOM,1973,
"Somalia, Fed. Rep.",SOM,1972,
"Somalia, Fed. Rep.",SOM,1971,
"Somalia, Fed. Rep.",SOM,1970,
"Somalia, Fed. Rep.",SOM,1969,
"Somalia, Fed. Rep.",SOM,1968,
"Somalia, Fed. Rep.",SOM,1967,
"Somalia, Fed. Rep.",SOM,1966,
"Somalia, Fed. Rep.",SOM,1965,
"Somalia, Fed. Rep.",SOM,1964,
"Somalia, Fed. Rep.",SOM,1963,
"Somalia, Fed. Rep.",SOM,1962,
"Somalia, Fed. Rep.",SOM,1961,
"Somalia, Fed. Rep.",SOM,1960,
South Africa,ZAF,2025,
South Africa,ZAF,2024,24.2
South Africa,ZAF,2023,24.3
South Africa,ZAF,2022,24.3
South Africa,ZAF,2021,24.3
South Africa,ZAF,2020,24.5
South Africa,ZAF,2019,25.1
South Africa,ZAF,2018,25.8
South Africa,ZAF,2017,26.8
South Africa,ZAF,2016,28.0
South Africa,ZAF,2015,29.3
South Africa,ZAF,2014,30.7
South Africa,ZAF,2013,32.1
South Africa,ZAF,2012,33.3
South Africa,ZAF,2011,34.5
South Africa,ZAF,2010,36.0
South Africa,ZAF,2009,38.2
South Africa,ZAF,2008,41.0
South Africa,ZAF,2007,44.0
South Africa,ZAF,2006,46.0
South Africa,ZAF,2005,47.7
South Africa,ZAF,2004,48.7
South Africa,ZAF,2003,48.3
South Africa,ZAF,2002,47.6
South Africa,ZAF,2001,47.2
South Africa,ZAF,2000,46.5
South Africa,ZAF,1999,46.0
South Africa,ZAF,1998,45.4
South Africa,ZAF,1997,45.3
South Africa,ZAF,1996,45.5
South Africa,ZAF,1995,46.0
South Africa,ZAF,1994,46.7
South Africa,ZAF,1993,47.5
South Africa,ZAF,1992,48.6
South Africa,ZAF,1991,50.1
South Africa,ZAF,1990,52.1
South Africa,ZAF,1989,54.4
South Africa,ZAF,1988,57.0
South Africa,ZAF,1987,59.9
South Africa,ZAF,1986,62.9
South Africa,ZAF,1985,66.2
South Africa,ZAF,1984,69.6
South Africa,ZAF,1983,73.1
South Africa,ZAF,1982,77.0
South Africa,ZAF,1981,81.4
South Africa,ZAF,1980,86.1
South Africa,ZAF,1979,91.2
South Africa,ZAF,1978,96.7
South Africa,ZAF,1977,102.6
South Africa,ZAF,1976,108.9
South Africa,ZAF,1975,
South Africa,ZAF,1974,
South Africa,ZAF,1973,
South Africa,ZAF,1972,
South Africa,ZAF,1971,
South Africa,ZAF,1970,
South Africa,ZAF,1969,
South Africa,ZAF,1968,
South Africa,ZAF,1967,
South Africa,ZAF,1966,
South Africa,ZAF,1965,
South Africa,ZAF,1964,
South Africa,ZAF,1963,
South Africa,ZAF,1962,
South Africa,ZAF,1961,
South Africa,ZAF,1960,
South Sudan,SSD,2025,
South Sudan,SSD,2024,71.9
South Sudan,SSD,2023,71.9
South Sudan,SSD,2022,71.9
South Sudan,SSD,2021,71.9
South Sudan,SSD,2020,71.9
South Sudan,SSD,2019,71.9
South Sudan,SSD,2018,92.9
South Sudan,SSD,2017,181.5
South Sudan,SSD,2016,169.8
South Sudan,SSD,2015,151.3
South Sudan,SSD,2014,118.2
South Sudan,SSD,2013,72.2
South Sudan,SSD,2012,73.2
South Sudan,SSD,2011,75.3
South Sudan,SSD,2010,78.2
South Sudan,SSD,2009,81.5
South Sudan,SSD,2008,85.0
South Sudan,SSD,2007,88.6
South Sudan,SSD,2006,92.3
South Sudan,SSD,2005,96.2
South Sudan,SSD,2004,100.2
South Sudan,SSD,2003,104.5
South Sudan,SSD,2002,109.0
South Sudan,SSD,2001,113.6
South Sudan,SSD,2000,118.2
South Sudan,SSD,1999,122.4
South Sudan,SSD,1998,238.8
South Sudan,SSD,1997,140.3
South Sudan,SSD,1996,143.7
South Sudan,SSD,1995,146.8
South Sudan,SSD,1994,138.5
South Sudan,SSD,1993,163.4
South Sudan,SSD,1992,165.5
South Sudan,SSD,1991,155.8
South Sudan,SSD,1990,157.4
South Sudan,SSD,1989,158.5
South Sudan,SSD,1988,484.0
South Sudan,SSD,1987,171.2
South Sudan,SSD,1986,149.5
South Sudan,SSD,1985,150.6
South Sudan,SSD,1984,151.8
South Sudan,SSD,1983,152.9
South Sudan,SSD,1982,154.0
South Sudan,SSD,1981,155.2
South Sudan,SSD,1980,156.6
South Sudan,SSD,1979,157.9
South Sudan,SSD,1978,159.7
South Sudan,SSD,1977,161.5
South Sudan,SSD,1976,163.1
South Sudan,SSD,1975,164.8
South Sudan,SSD,1974,166.6
South Sudan,SSD,1973,168.5
South Sudan,SSD,1972,170.3
South Sudan,SSD,1971,172.3
South Sudan,SSD,1970,208.4
South Sudan,SSD,1969,210.6
South Sudan,SSD,1968,209.0
South Sudan,SSD,1967,211.2
South Sudan,SSD,1966,213.5
South Sudan,SSD,1965,185.4
South Sudan,SSD,1964,187.5
South Sudan,SSD,1963,207.0
South Sudan,SSD,1962,191.4
South Sudan,SSD,1961,193.7
South Sudan,SSD,1960,195.9
Spain,ESP,2025,
Spain,ESP,2024,2.6
Spain,ESP,2023,2.6
Spain,ESP,2022,2.6
Spain,ESP,2021,2.6
Spain,ESP,2020,2.6
Spain,ESP,2019,2.6
Spain,ESP,2018,2.7
Spain,ESP,2017,2.7
Spain,ESP,2016,2.7
Spain,ESP,2015,2.7
Spain,ESP,2014,2.8
Spain,ESP,2013,2.9
Spain,ESP,2012,2.9
Spain,ESP,2011,3.0
Spain,ESP,2010,3.2
Spain,ESP,2009,3.3
Spain,ESP,2008,3.4
Spain,ESP,2007,3.6
Spain,ESP,2006,3.7
Spain,ESP,2005,3.8
Spain,ESP,2004,3.9
Spain,ESP,2003,4.1
Spain,ESP,2002,4.1
Spain,ESP,2001,4.2
Spain,ESP,2000,4.4
Spain,ESP,1999,4.5
Spain,ESP,1998,4.7
Spain,ESP,1997,4.9
Spain,ESP,1996,5.2
Spain,ESP,1995,5.5
Spain,ESP,1994,5.9
Spain,ESP,1993,6.3
Spain,ESP,1992,6.7
Spain,ESP,1991,7.1
Spain,ESP,1990,7.4
Spain,ESP,1989,7.8
Spain,ESP,1988,8.1
Spain,ESP,1987,8.4
Spain,ESP,1986,8.8
Spain,ESP,1985,9.2
Spain,ESP,1984,9.6
Spain,ESP,1983,10.1
Spain,ESP,1982,10.7
Spain,ESP,1981,11.5
Spain,ESP,1980,12.4
Spain,ESP,1979,13.5
Spain,ESP,1978,14.6
Spain,ESP,1977,15.9
Spain,ESP,1976,17.2
Spain,ESP,1975,18.6
Spain,ESP,1974,20.1
Spain,ESP,1973,21.8
Spain,ESP,1972,23.6
Spain,ESP,1971,25.6
Spain,ESP,1970,27.7
Spain,ESP,1969,29.8
Spain,ESP,1968,31.8
Spain,ESP,1967,33.7
Spain,ESP,1966,35.5
Spain,ESP,1965,37.2
Spain,ESP,1964,39.0
Spain,ESP,1963,40.9
Spain,ESP,1962,42.8
Spain,ESP,1961,44.8
Spain,ESP,1960,46.8
Sri Lanka,LKA,2025,
Sri Lanka,LKA,2024,5.2
Sri Lanka,LKA,2023,5.3
Sri Lanka,LKA,2022,5.5
Sri Lanka,LKA,2021,5.8
Sri Lanka,LKA,2020,6.0
Sri Lanka,LKA,2019,6.2
Sri Lanka,LKA,2018,6.5
Sri Lanka,LKA,2017,6.7
Sri Lanka,LKA,2016,7.0
Sri Lanka,LKA,2015,7.4
Sri Lanka,LKA,2014,7.7
Sri Lanka,LKA,2013,8.1
Sri Lanka,LKA,2012,8.5
Sri Lanka,LKA,2011,8.9
Sri Lanka,LKA,2010,9.1
Sri Lanka,LKA,2009,13.3
Sri Lanka,LKA,2008,9.7
Sri Lanka,LKA,2007,10.1
Sri Lanka,LKA,2006,10.7
Sri Lanka,LKA,2005,11.2
Sri Lanka,LKA,2004,16.8
Sri Lanka,LKA,2003,12.1
Sri Lanka,LKA,2002,12.4
Sri Lanka,LKA,2001,12.7
Sri Lanka,LKA,2000,13.0
Sri Lanka,LKA,1999,13.5
Sri Lanka,LKA,1998,14.1
Sri Lanka,LKA,1997,14.9
Sri Lanka,LKA,1996,15.6
Sri Lanka,LKA,1995,16.3
Sri Lanka,LKA,1994,17.0
Sri Lanka,LKA,1993,17.5
Sri Lanka,LKA,1992,17.9
Sri Lanka,LKA,1991,18.0
Sri Lanka,LKA,1990,17.9
Sri Lanka,LKA,1989,19.5
Sri Lanka,LKA,1988,18.1
Sri Lanka,LKA,1987,18.8
Sri Lanka,LKA,1986,20.2
Sri Lanka,LKA,1985,22.1
Sri Lanka,LKA,1984,24.3
Sri Lanka,LKA,1983,26.6
Sri Lanka,LKA,1982,28.7
Sri Lanka,LKA,1981,30.8
Sri Lanka,LKA,1980,33.2
Sri Lanka,LKA,1979,35.7
Sri Lanka,LKA,1978,38.3
Sri Lanka,LKA,1977,41.0
Sri Lanka,LKA,1976,43.4
Sri Lanka,LKA,1975,45.2
Sri Lanka,LKA,1974,46.5
Sri Lanka,LKA,1973,47.3
Sri Lanka,LKA,1972,47.7
Sri Lanka,LKA,1971,48.0
Sri Lanka,LKA,1970,48.3
Sri Lanka,LKA,1969,48.8
Sri Lanka,LKA,1968,49.6
Sri Lanka,LKA,1967,50.7
Sri Lanka,LKA,1966,51.8
Sri Lanka,LKA,1965,52.9
Sri Lanka,LKA,1964,53.6
Sri Lanka,LKA,1963,54.0
Sri Lanka,LKA,1962,54.3
Sri Lanka,LKA,1961,55.2
Sri Lanka,LKA,1960,57.1
St. Kitts and Nevis,KNA,2025,
St. Kitts and Nevis,KNA,2024,13.9
St. Kitts and Nevis,KNA,2023,14.4
St. Kitts and Nevis,KNA,2022,14.8
St. Kitts and Nevis,KNA,2021,15.2
St. Kitts and Nevis,KNA,2020,15.5
St. Kitts and Nevis,KNA,2019,15.9
St. Kitts and Nevis,KNA,2018,16.2
St. Kitts and Nevis,KNA,2017,16.5
St. Kitts and Nevis,KNA,2016,16.7
St. Kitts and Nevis,KNA,2015,16.9
St. Kitts and Nevis,KNA,2014,16.8
St. Kitts and Nevis,KNA,2013,16.7
St. Kitts and Nevis,KNA,2012,16.5
St. Kitts and Nevis,KNA,2011,16.3
St. Kitts and Nevis,KNA,2010,16.1
St. Kitts and Nevis,KNA,2009,16.0
St. Kitts and Nevis,KNA,2008,16.0
St. Kitts and Nevis,KNA,2007,16.2
St. Kitts and Nevis,KNA,2006,16.4
St. Kitts and Nevis,KNA,2005,16.8
St. Kitts and Nevis,KNA,2004,17.3
St. Kitts and Nevis,KNA,2003,17.9
St. Kitts and Nevis,KNA,2002,18.6
St. Kitts and Nevis,KNA,2001,19.4
St. Kitts and Nevis,KNA,2000,20.2
St. Kitts and Nevis,KNA,1999,20.9
St. Kitts and Nevis,KNA,1998,21.6
St. Kitts and Nevis,KNA,1997,22.2
St. Kitts and Nevis,KNA,1996,22.7
St. Kitts and Nevis,KNA,1995,23.1
St. Kitts and Nevis,KNA,1994,23.5
St. Kitts and Nevis,KNA,1993,23.8
St. Kitts and Nevis,KNA,1992,24.2
St. Kitts and Nevis,KNA,1991,24.7
St. Kitts and Nevis,KNA,1990,25.2
St. Kitts and Nevis,KNA,1989,26.0
St. Kitts and Nevis,KNA,1988,26.9
St. Kitts and Nevis,KNA,1987,28.1
St. Kitts and Nevis,KNA,1986,29.5
St. Kitts and Nevis,KNA,1985,31.1
St. Kitts and Nevis,KNA,1984,33.0
St. Kitts and Nevis,KNA,1983,35.2
St. Kitts and Nevis,KNA,1982,37.4
St. Kitts and Nevis,KNA,1981,39.6
St. Kitts and Nevis,KNA,1980,41.7
St. Kitts and Nevis,KNA,1979,43.5
St. Kitts and Nevis,KNA,1978,45.1
St. Kitts and Nevis,KNA,1977,46.3
St. Kitts and Nevis,KNA,1976,47.4
St. Kitts and Nevis,KNA,1975,48.4
St. Kitts and Nevis,KNA,1974,49.4
St. Kitts and Nevis,KNA,1973,50.4
St. Kitts and Nevis,KNA,1972,
St. Kitts and Nevis,KNA,1971,
St. Kitts and Nevis,KNA,1970,
St. Kitts and Nevis,KNA,1969,
St. Kitts and Nevis,KNA,1968,
St. Kitts and Nevis,KNA,1967,
St. Kitts and Nevis,KNA,1966,
St. Kitts and Nevis,KNA,1965,
St. Kitts and Nevis,KNA,1964,
St. Kitts and Nevis,KNA,1963,
St. Kitts and Nevis,KNA,1962,
St. Kitts and Nevis,KNA,1961,
St. Kitts and Nevis,KNA,1960,
St. Lucia,LCA,2025,
St. Lucia,LCA,2024,15.8
St. Lucia,LCA,2023,16.0
St. Lucia,LCA,2022,16.2
St. Lucia,LCA,2021,16.3
St. Lucia,LCA,2020,16.5
St. Lucia,LCA,2019,16.6
St. Lucia,LCA,2018,16.7
St. Lucia,LCA,2017,16.8
St. Lucia,LCA,2016,16.8
St. Lucia,LCA,2015,16.9
St. Lucia,LCA,2014,16.9
St. Lucia,LCA,2013,16.9
St. Lucia,LCA,2012,16.9
St. Lucia,LCA,2011,16.8
St. Lucia,LCA,2010,16.7
St. Lucia,LCA,2009,16.7
St. Lucia,LCA,2008,16.6
St. Lucia,LCA,2007,16.4
St. Lucia,LCA,2006,16.3
St. Lucia,LCA,2005,16.2
St. Lucia,LCA,2004,16.2
St. Lucia,LCA,2003,16.1
St. Lucia,LCA,2002,16.0
St. Lucia,LCA,2001,16.0
St. Lucia,LCA,2000,16.0
St. Lucia,LCA,1999,15.9
St. Lucia,LCA,1998,16.0
St. Lucia,LCA,1997,16.0
St. Lucia,LCA,1996,16.1
St. Lucia,LCA,1995,16.2
St. Lucia,LCA,1994,16.4
St. Lucia,LCA,1993,16.6
St. Lucia,LCA,1992,16.8
St. Lucia,LCA,1991,17.0
St. Lucia,LCA,1990,17.3
St. Lucia,LCA,1989,17.6
St. Lucia,LCA,1988,18.0
St. Lucia,LCA,1987,18.5
St. Lucia,LCA,1986,19.1
St. Lucia,LCA,1985,19.8
St. Lucia,LCA,1984,20.6
St. Lucia,LCA,1983,21.5
St. Lucia,LCA,1982,22.6
St. Lucia,LCA,1981,23.8
St. Lucia,LCA,1980,25.2
St. Lucia,LCA,1979,26.8
St. Lucia,LCA,1978,28.7
St. Lucia,LCA,1977,30.7
St. Lucia,LCA,1976,33.1
St. Lucia,LCA,1975,35.7
St. Lucia,LCA,1974,38.5
St. Lucia,LCA,1973,41.6
St. Lucia,LCA,1972,44.9
St. Lucia,LCA,1971,48.5
St. Lucia,LCA,1970,52.2
St. Lucia,LCA,1969,56.1
St. Lucia,LCA,1968,60.1
St. Lucia,LCA,1967,64.1
St. Lucia,LCA,1966,68.2
St. Lucia,LCA,1965,72.2
St. Lucia,LCA,1964,76.1
St. Lucia,LCA,1963,79.8
St. Lucia,LCA,1962,83.2
St. Lucia,LCA,1961,86.4
St. Lucia,LCA,1960,89.2
St. Martin (French part),MAF,2025,
St. Martin (French part),MAF,2024,
St. Martin (French part),MAF,2023,
St. Martin (French part),MAF,2022,
St. Martin (French part),MAF,2021,
St. Martin (French part),MAF,2020,
St. Martin (French part),MAF,2019,
St. Martin (French part),MAF,2018,
St. Martin (French part),MAF,2017,
St. Martin (French part),MAF,2016,
St. Martin (French part),MAF,2015,
St. Martin (French part),MAF,2014,
St. Martin (French part),MAF,2013,
St. Martin (French part),MAF,2012,
St. Martin (French part),MAF,2011,
St. Martin (French part),MAF,2010,
St. Martin (French part),MAF,2009,
St. Martin (French part),MAF,2008,
St. Martin (French part),MAF,2007,
St. Martin (French part),MAF,2006,
St. Martin (French part),MAF,2005,
St. Martin (French part),MAF,2004,
St. Martin (French part),MAF,2003,
St. Martin (French part),MAF,2002,
St. Martin (French part),MAF,2001,
St. Martin (French part),MAF,2000,
St. Martin (French part),MAF,1999,
St. Martin (French part),MAF,1998,
St. Martin (French part),MAF,1997,
St. Martin (French part),MAF,1996,
St. Martin (French part),MAF,1995,
St. Martin (French part),MAF,1994,
St. Martin (French part),MAF,1993,
St. Martin (French part),MAF,1992,
St. Martin (French part),MAF,1991,
St. Martin (French part),MAF,1990,
St. Martin (French part),MAF,1989,
St. Martin (French part),MAF,1988,
St. Martin (French part),MAF,1987,
St. Martin (French part),MAF,1986,
St. Martin (French part),MAF,1985,
St. Martin (French part),MAF,1984,
St. Martin (French part),MAF,1983,
St. Martin (French part),MAF,1982,
St. Martin (French part),MAF,1981,
St. Martin (French part),MAF,1980,
St. Martin (French part),MAF,1979,
St. Martin (French part),MAF,1978,
St. Martin (French part),MAF,1977,
St. Martin (French part),MAF,1976,
St. Martin (French part),MAF,1975,
St. Martin (French part),MAF,1974,
St. Martin (French part),MAF,1973,
St. Martin (French part),MAF,1972,
St. Martin (French part),MAF,1971,
St. Martin (French part),MAF,1970,
St. Martin (French part),MAF,1969,
St. Martin (French part),MAF,1968,
St. Martin (French part),MAF,1967,
St. Martin (French part),MAF,1966,
St. Martin (French part),MAF,1965,
St. Martin (French part),MAF,1964,
St. Martin (French part),MAF,1963,
St. Martin (French part),MAF,1962,
St. Martin (French part),MAF,1961,
St. Martin (French part),MAF,1960,
St. Vincent and the Grenadines,VCT,2025,
St. Vincent and the Grenadines,VCT,2024,10.2
St. Vincent and the Grenadines,VCT,2023,10.7
St. Vincent and the Grenadines,VCT,2022,11.1
St. Vincent and the Grenadines,VCT,2021,11.7
St. Vincent and the Grenadines,VCT,2020,12.2
St. Vincent and the Grenadines,VCT,2019,12.8
St. Vincent and the Grenadines,VCT,2018,13.5
St. Vincent and the Grenadines,VCT,2017,14.1
St. Vincent and the Grenadines,VCT,2016,14.8
St. Vincent and the Grenadines,VCT,2015,15.5
St. Vincent and the Grenadines,VCT,2014,16.2
St. Vincent and the Grenadines,VCT,2013,16.9
St. Vincent and the Grenadines,VCT,2012,17.6
St. Vincent and the Grenadines,VCT,2011,18.3
St. Vincent and the Grenadines,VCT,2010,18.9
St. Vincent and the Grenadines,VCT,2009,19.4
St. Vincent and the Grenadines,VCT,2008,19.7
St. Vincent and the Grenadines,VCT,2007,19.9
St. Vincent and the Grenadines,VCT,2006,19.9
St. Vincent and the Grenadines,VCT,2005,19.8
St. Vincent and the Grenadines,VCT,2004,19.7
St. Vincent and the Grenadines,VCT,2003,19.6
St. Vincent and the Grenadines,VCT,2002,19.5
St. Vincent and the Grenadines,VCT,2001,19.4
St. Vincent and the Grenadines,VCT,2000,19.3
St. Vincent and the Grenadines,VCT,1999,19.2
St. Vincent and the Grenadines,VCT,1998,19.1
St. Vincent and the Grenadines,VCT,1997,19.0
St. Vincent and the Grenadines,VCT,1996,18.8
St. Vincent and the Grenadines,VCT,1995,18.7
St. Vincent and the Grenadines,VCT,1994,18.6
St. Vincent and the Grenadines,VCT,1993,18.6
St. Vincent and the Grenadines,VCT,1992,18.7
St. Vincent and the Grenadines,VCT,1991,19.0
St. Vincent and the Grenadines,VCT,1990,19.5
St. Vincent and the Grenadines,VCT,1989,20.2
St. Vincent and the Grenadines,VCT,1988,21.1
St. Vincent and the Grenadines,VCT,1987,22.3
St. Vincent and the Grenadines,VCT,1986,23.9
St. Vincent and the Grenadines,VCT,1985,25.9
St. Vincent and the Grenadines,VCT,1984,28.3
St. Vincent and the Grenadines,VCT,1983,31.2
St. Vincent and the Grenadines,VCT,1982,34.4
St. Vincent and the Grenadines,VCT,1981,38.0
St. Vincent and the Grenadines,VCT,1980,41.9
St. Vincent and the Grenadines,VCT,1979,46.1
St. Vincent and the Grenadines,VCT,1978,50.3
St. Vincent and the Grenadines,VCT,1977,54.1
St. Vincent and the Grenadines,VCT,1976,56.9
St. Vincent and the Grenadines,VCT,1975,58.3
St. Vincent and the Grenadines,VCT,1974,57.8
St. Vincent and the Grenadines,VCT,1973,55.9
St. Vincent and the Grenadines,VCT,1972,52.9
St. Vincent and the Grenadines,VCT,1971,49.6
St. Vincent and the Grenadines,VCT,1970,46.1
St. Vincent and the Grenadines,VCT,1969,42.8
St. Vincent and the Grenadines,VCT,1968,
St. Vincent and the Grenadines,VCT,1967,
St. Vincent and the Grenadines,VCT,1966,
St. Vincent and the Grenadines,VCT,1965,
St. Vincent and the Grenadines,VCT,1964,
St. Vincent and the Grenadines,VCT,1963,
St. Vincent and the Grenadines,VCT,1962,
St. Vincent and the Grenadines,VCT,1961,
St. Vincent and the Grenadines,VCT,1960,
Sudan,SDN,2025,
Sudan,SDN,2024,42.9
Sudan,SDN,2023,44.0
Sudan,SDN,2022,39.8
Sudan,SDN,2021,41.0
Sudan,SDN,2020,42.2
Sudan,SDN,2019,43.4
Sudan,SDN,2018,44.6
Sudan,SDN,2017,45.9
Sudan,SDN,2016,47.2
Sudan,SDN,2015,48.4
Sudan,SDN,2014,49.7
Sudan,SDN,2013,50.8
Sudan,SDN,2012,51.9
Sudan,SDN,2011,53.1
Sudan,SDN,2010,54.3
Sudan,SDN,2009,55.5
Sudan,SDN,2008,56.8
Sudan,SDN,2007,58.2
Sudan,SDN,2006,59.7
Sudan,SDN,2005,66.4
Sudan,SDN,2004,67.8
Sudan,SDN,2003,64.8
Sudan,SDN,2002,66.7
Sudan,SDN,2001,68.6
Sudan,SDN,2000,70.5
Sudan,SDN,1999,72.3
Sudan,SDN,1998,96.7
Sudan,SDN,1997,75.8
Sudan,SDN,1996,77.4
Sudan,SDN,1995,78.8
Sudan,SDN,1994,80.2
Sudan,SDN,1993,81.4
Sudan,SDN,1992,82.6
Sudan,SDN,1991,83.7
Sudan,SDN,1990,84.7
Sudan,SDN,1989,85.7
Sudan,SDN,1988,180.9
Sudan,SDN,1987,87.3
Sudan,SDN,1986,88.0
Sudan,SDN,1985,109.7
Sudan,SDN,1984,110.5
Sudan,SDN,1983,111.2
Sudan,SDN,1982,89.6
Sudan,SDN,1981,89.8
Sudan,SDN,1980,90.0
Sudan,SDN,1979,90.2
Sudan,SDN,1978,90.4
Sudan,SDN,1977,90.6
Sudan,SDN,1976,90.8
Sudan,SDN,1975,91.0
Sudan,SDN,1974,91.2
Sudan,SDN,1973,91.2
Sudan,SDN,1972,91.2
Sudan,SDN,1971,91.1
Sudan,SDN,1970,91.0
Sudan,SDN,1969,90.9
Sudan,SDN,1968,90.9
Sudan,SDN,1967,91.0
Sudan,SDN,1966,91.1
Sudan,SDN,1965,91.3
Sudan,SDN,1964,91.6
Sudan,SDN,1963,91.9
Sudan,SDN,1962,92.3
Sudan,SDN,1961,92.7
Sudan,SDN,1960,92.9
Suriname,SUR,2025,
Suriname,SUR,2024,14.8
Suriname,SUR,2023,15.2
Suriname,SUR,2022,15.6
Suriname,SUR,2021,16.2
Suriname,SUR,2020,16.6
Suriname,SUR,2019,17.1
Suriname,SUR,2018,17.6
Suriname,SUR,2017,18.0
Suriname,SUR,2016,18.6
Suriname,SUR,2015,19.0
Suriname,SUR,2014,19.5
Suriname,SUR,2013,19.9
Suriname,SUR,2012,20.3
Suriname,SUR,2011,20.7
Suriname,SUR,2010,21.2
Suriname,SUR,2009,21.6
Suriname,SUR,2008,22.1
Suriname,SUR,2007,22.6
Suriname,SUR,2006,23.2
Suriname,SUR,2005,23.8
Suriname,SUR,2004,24.4
Suriname,SUR,2003,25.0
Suriname,SUR,2002,25.8
Suriname,SUR,2001,26.5
Suriname,SUR,2000,27.3
Suriname,SUR,1999,28.2
Suriname,SUR,1998,29.2
Suriname,SUR,1997,30.1
Suriname,SUR,1996,31.1
Suriname,SUR,1995,32.1
Suriname,SUR,1994,33.2
Suriname,SUR,1993,34.2
Suriname,SUR,1992,35.3
Suriname,SUR,1991,36.3
Suriname,SUR,1990,37.3
Suriname,SUR,1989,38.3
Suriname,SUR,1988,39.3
Suriname,SUR,1987,40.3
Suriname,SUR,1986,41.2
Suriname,SUR,1985,42.1
Suriname,SUR,1984,43.1
Suriname,SUR,1983,44.1
Suriname,SUR,1982,
Suriname,SUR,1981,
Suriname,SUR,1980,
Suriname,SUR,1979,
Suriname,SUR,1978,
Suriname,SUR,1977,
Suriname,SUR,1976,
Suriname,SUR,1975,
Suriname,SUR,1974,
Suriname,SUR,1973,
Suriname,SUR,1972,
Suriname,SUR,1971,
Suriname,SUR,1970,
Suriname,SUR,1969,
Suriname,SUR,1968,
Suriname,SUR,1967,
Suriname,SUR,1966,
Suriname,SUR,1965,
Suriname,SUR,1964,
Suriname,SUR,1963,
Suriname,SUR,1962,
Suriname,SUR,1961,
Suriname,SUR,1960,
Sweden,SWE,2025,
Sweden,SWE,2024,2.0
Sweden,SWE,2023,2.0
Sweden,SWE,2022,2.0
Sweden,SWE,2021,2.1
Sweden,SWE,2020,2.1
Sweden,SWE,2019,2.2
Sweden,SWE,2018,2.2
Sweden,SWE,2017,2.3
Sweden,SWE,2016,2.3
Sweden,SWE,2015,2.3
Sweden,SWE,2014,2.4
Sweden,SWE,2013,2.4
Sweden,SWE,2012,2.4
Sweden,SWE,2011,2.5
Sweden,SWE,2010,2.5
Sweden,SWE,2009,2.6
Sweden,SWE,2008,2.6
Sweden,SWE,2007,2.7
Sweden,SWE,2006,2.8
Sweden,SWE,2005,3.0
Sweden,SWE,2004,3.1
Sweden,SWE,2003,3.2
Sweden,SWE,2002,3.3
Sweden,SWE,2001,3.3
Sweden,SWE,2000,3.4
Sweden,SWE,1999,3.4
Sweden,SWE,1998,3.5
Sweden,SWE,1997,3.6
Sweden,SWE,1996,3.8
Sweden,SWE,1995,4.0
Sweden,SWE,1994,4.4
Sweden,SWE,1993,4.8
Sweden,SWE,1992,5.2
Sweden,SWE,1991,5.6
Sweden,SWE,1990,5.9
Sweden,SWE,1989,6.1
Sweden,SWE,1988,6.2
Sweden,SWE,1987,6.3
Sweden,SWE,1986,6.3
Sweden,SWE,1985,6.4
Sweden,SWE,1984,6.5
Sweden,SWE,1983,6.6
Sweden,SWE,1982,6.8
Sweden,SWE,1981,6.9
Sweden,SWE,1980,7.2
Sweden,SWE,1979,7.4
Sweden,SWE,1978,7.7
Sweden,SWE,1977,8.0
Sweden,SWE,1976,8.3
Sweden,SWE,1975,8.8
Sweden,SWE,1974,9.3
Sweden,SWE,1973,9.8
Sweden,SWE,1972,10.4
Sweden,SWE,1971,10.9
Sweden,SWE,1970,11.3
Sweden,SWE,1969,11.7
Sweden,SWE,1968,12.2
Sweden,SWE,1967,12.6
Sweden,SWE,1966,13.1
Sweden,SWE,1965,13.7
Sweden,SWE,1964,14.4
Sweden,SWE,1963,15.0
Sweden,SWE,1962,15.6
Sweden,SWE,1961,16.0
Sweden,SWE,1960,16.3
Switzerland,CHE,2025,
Switzerland,CHE,2024,3.4
Switzerland,CHE,2023,3.4
Switzerland,CHE,2022,3.5
Switzerland,CHE,2021,3.5
Switzerland,CHE,2020,3.5
Switzerland,CHE,2019,3.5
Switzerland,CHE,2018,3.6
Switzerland,CHE,2017,3.6
Switzerland,CHE,2016,3.7
Switzerland,CHE,2015,3.7
Switzerland,CHE,2014,3.8
Switzerland,CHE,2013,3.8
Switzerland,CHE,2012,3.8
Switzerland,CHE,2011,3.9
Switzerland,CHE,2010,3.9
Switzerland,CHE,2009,4.0
Switzerland,CHE,2008,4.0
Switzerland,CHE,2007,4.1
Switzerland,CHE,2006,4.2
Switzerland,CHE,2005,4.3
Switzerland,CHE,2004,4.4
Switzerland,CHE,2003,4.5
Switzerland,CHE,2002,4.5
Switzerland,CHE,2001,4.6
Switzerland,CHE,2000,4.7
Switzerland,CHE,1999,4.7
Switzerland,CHE,1998,4.8
Switzerland,CHE,1997,4.9
Switzerland,CHE,1996,5.0
Switzerland,CHE,1995,5.2
Switzerland,CHE,1994,5.5
Switzerland,CHE,1993,5.8
Switzerland,CHE,1992,6.1
Switzerland,CHE,1991,6.4
Switzerland,CHE,1990,6.6
Switzerland,CHE,1989,6.8
Switzerland,CHE,1988,7.0
Switzerland,CHE,1987,7.1
Switzerland,CHE,1986,7.2
Switzerland,CHE,1985,7.3
Switzerland,CHE,1984,7.4
Switzerland,CHE,1983,7.6
Switzerland,CHE,1982,7.8
Switzerland,CHE,1981,8.0
Switzerland,CHE,1980,8.4
Switzerland,CHE,1979,8.7
Switzerland,CHE,1978,9.2
Switzerland,CHE,1977,9.8
Switzerland,CHE,1976,10.5
Switzerland,CHE,1975,11.2
Switzerland,CHE,1974,12.0
Switzerland,CHE,1973,12.8
Switzerland,CHE,1972,13.6
Switzerland,CHE,1971,14.3
Switzerland,CHE,1970,15.0
Switzerland,CHE,1969,15.6
Switzerland,CHE,1968,16.3
Switzerland,CHE,1967,16.9
Switzerland,CHE,1966,17.7
Switzerland,CHE,1965,18.4
Switzerland,CHE,1964,19.3
Switzerland,CHE,1963,20.1
Switzerland,CHE,1962,20.7
Switzerland,CHE,1961,21.2
Switzerland,CHE,1960,21.7
Syrian Arab Republic,SYR,2025,
Syrian Arab Republic,SYR,2024,17.7
Syrian Arab Republic,SYR,2023,18.6
Syrian Arab Republic,SYR,2022,19.1
Syrian Arab Republic,SYR,2021,19.3
Syrian Arab Republic,SYR,2020,20.0
Syrian Arab Republic,SYR,2019,21.1
Syrian Arab Republic,SYR,2018,24.2
Syrian Arab Republic,SYR,2017,24.2
Syrian Arab Republic,SYR,2016,23.7
Syrian Arab Republic,SYR,2015,25.5
Syrian Arab Republic,SYR,2014,24.6
Syrian Arab Republic,SYR,2013,25.0
Syrian Arab Republic,SYR,2012,23.8
Syrian Arab Republic,SYR,2011,18.7
Syrian Arab Republic,SYR,2010,17.5
Syrian Arab Republic,SYR,2009,17.5
Syrian Arab Republic,SYR,2008,17.5
Syrian Arab Republic,SYR,2007,17.6
Syrian Arab Republic,SYR,2006,17.8
Syrian Arab Republic,SYR,2005,18.1
Syrian Arab Republic,SYR,2004,18.5
Syrian Arab Republic,SYR,2003,18.9
Syrian Arab Republic,SYR,2002,19.4
Syrian Arab Republic,SYR,2001,20.1
Syrian Arab Republic,SYR,2000,20.8
Syrian Arab Republic,SYR,1999,21.6
Syrian Arab Republic,SYR,1998,22.5
Syrian Arab Republic,SYR,1997,23.5
Syrian Arab Republic,SYR,1996,24.6
Syrian Arab Republic,SYR,1995,25.7
Syrian Arab Republic,SYR,1994,26.9
Syrian Arab Republic,SYR,1993,28.1
Syrian Arab Republic,SYR,1992,29.3
Syrian Arab Republic,SYR,1991,30.4
Syrian Arab Republic,SYR,1990,31.6
Syrian Arab Republic,SYR,1989,32.8
Syrian Arab Republic,SYR,1988,34.0
Syrian Arab Republic,SYR,1987,35.3
Syrian Arab Republic,SYR,1986,36.7
Syrian Arab Republic,SYR,1985,38.2
Syrian Arab Republic,SYR,1984,39.9
Syrian Arab Republic,SYR,1983,41.7
Syrian Arab Republic,SYR,1982,50.5
Syrian Arab Republic,SYR,1981,48.4
Syrian Arab Republic,SYR,1980,48.2
Syrian Arab Republic,SYR,1979,50.6
Syrian Arab Republic,SYR,1978,53.2
Syrian Arab Republic,SYR,1977,55.9
Syrian Arab Republic,SYR,1976,58.6
Syrian Arab Republic,SYR,1975,61.3
Syrian Arab Republic,SYR,1974,64.0
Syrian Arab Republic,SYR,1973,66.8
Syrian Arab Republic,SYR,1972,69.8
Syrian Arab Republic,SYR,1971,72.9
Syrian Arab Republic,SYR,1970,76.2
Syrian Arab Republic,SYR,1969,79.5
Syrian Arab Republic,SYR,1968,82.9
Syrian Arab Republic,SYR,1967,86.2
Syrian Arab Republic,SYR,1966,89.3
Syrian Arab Republic,SYR,1965,92.1
Syrian Arab Republic,SYR,1964,94.9
Syrian Arab Republic,SYR,1963,97.6
Syrian Arab Republic,SYR,1962,100.5
Syrian Arab Republic,SYR,1961,103.8
Syrian Arab Republic,SYR,1960,107.3
Tajikistan,TJK,2025,
Tajikistan,TJK,2024,23.5
Tajikistan,TJK,2023,24.0
Tajikistan,TJK,2022,24.4
Tajikistan,TJK,2021,24.7
Tajikistan,TJK,2020,24.9
Tajikistan,TJK,2019,25.0
Tajikistan,TJK,2018,25.3
Tajikistan,TJK,2017,25.5
Tajikistan,TJK,2016,25.8
Tajikistan,TJK,2015,26.3
Tajikistan,TJK,2014,26.9
Tajikistan,TJK,2013,27.6
Tajikistan,TJK,2012,28.4
Tajikistan,TJK,2011,29.3
Tajikistan,TJK,2010,30.4
Tajikistan,TJK,2009,31.6
Tajikistan,TJK,2008,33.1
Tajikistan,TJK,2007,34.9
Tajikistan,TJK,2006,37.2
Tajikistan,TJK,2005,40.0
Tajikistan,TJK,2004,43.3
Tajikistan,TJK,2003,47.3
Tajikistan,TJK,2002,51.7
Tajikistan,TJK,2001,56.5
Tajikistan,TJK,2000,61.5
Tajikistan,TJK,1999,66.5
Tajikistan,TJK,1998,71.6
Tajikistan,TJK,1997,76.3
Tajikistan,TJK,1996,80.4
Tajikistan,TJK,1995,83.5
Tajikistan,TJK,1994,84.8
Tajikistan,TJK,1993,83.8
Tajikistan,TJK,1992,81.2
Tajikistan,TJK,1991,78.5
Tajikistan,TJK,1990,76.7
Tajikistan,TJK,1989,76.2
Tajikistan,TJK,1988,77.7
Tajikistan,TJK,1987,80.8
Tajikistan,TJK,1986,84.4
Tajikistan,TJK,1985,87.6
Tajikistan,TJK,1984,90.5
Tajikistan,TJK,1983,92.8
Tajikistan,TJK,1982,94.3
Tajikistan,TJK,1981,95.3
Tajikistan,TJK,1980,95.7
Tajikistan,TJK,1979,96.4
Tajikistan,TJK,1978,97.3
Tajikistan,TJK,1977,99.1
Tajikistan,TJK,1976,101.1
Tajikistan,TJK,1975,103.7
Tajikistan,TJK,1974,106.7
Tajikistan,TJK,1973,110.2
Tajikistan,TJK,1972,113.9
Tajikistan,TJK,1971,
Tajikistan,TJK,1970,
Tajikistan,TJK,1969,
Tajikistan,TJK,1968,
Tajikistan,TJK,1967,
Tajikistan,TJK,1966,
Tajikistan,TJK,1965,
Tajikistan,TJK,1964,
Tajikistan,TJK,1963,
Tajikistan,TJK,1962,
Tajikistan,TJK,1961,
Tajikistan,TJK,1960,
Tanzania,TZA,2025,
Tanzania,TZA,2024,28.7
Tanzania,TZA,2023,29.7
Tanzania,TZA,2022,30.9
Tanzania,TZA,2021,32.1
Tanzania,TZA,2020,33.2
Tanzania,TZA,2019,34.5
Tanzania,TZA,2018,35.9
Tanzania,TZA,2017,37.5
Tanzania,TZA,2016,39.3
Tanzania,TZA,2015,40.8
Tanzania,TZA,2014,42.1
Tanzania,TZA,2013,43.5
Tanzania,TZA,2012,44.8
Tanzania,TZA,2011,46.4
Tanzania,TZA,2010,48.3
Tanzania,TZA,2009,50.3
Tanzania,TZA,2008,53.0
Tanzania,TZA,2007,55.5
Tanzania,TZA,2006,58.9
Tanzania,TZA,2005,62.3
Tanzania,TZA,2004,66.3
Tanzania,TZA,2003,70.6
Tanzania,TZA,2002,75.3
Tanzania,TZA,2001,80.3
Tanzania,TZA,2000,85.2
Tanzania,TZA,1999,89.8
Tanzania,TZA,1998,93.7
Tanzania,TZA,1997,96.8
Tanzania,TZA,1996,99.3
Tanzania,TZA,1995,101.1
Tanzania,TZA,1994,102.4
Tanzania,TZA,1993,103.5
Tanzania,TZA,1992,104.4
Tanzania,TZA,1991,105.2
Tanzania,TZA,1990,106.2
Tanzania,TZA,1989,107.1
Tanzania,TZA,1988,108.1
Tanzania,TZA,1987,108.8
Tanzania,TZA,1986,109.2
Tanzania,TZA,1985,109.1
Tanzania,TZA,1984,108.5
Tanzania,TZA,1983,107.6
Tanzania,TZA,1982,106.5
Tanzania,TZA,1981,105.6
Tanzania,TZA,1980,105.0
Tanzania,TZA,1979,105.0
Tanzania,TZA,1978,105.6
Tanzania,TZA,1977,106.7
Tanzania,TZA,1976,108.0
Tanzania,TZA,1975,109.3
Tanzania,TZA,1974,110.7
Tanzania,TZA,1973,112.0
Tanzania,TZA,1972,113.2
Tanzania,TZA,1971,114.3
Tanzania,TZA,1970,115.4
Tanzania,TZA,1969,116.4
Tanzania,TZA,1968,117.3
Tanzania,TZA,1967,118.3
Tanzania,TZA,1966,119.1
Tanzania,TZA,1965,119.9
Tanzania,TZA,1964,120.5
Tanzania,TZA,1963,121.0
Tanzania,TZA,1962,121.4
Tanzania,TZA,1961,121.7
Tanzania,TZA,1960,121.9
Thailand,THA,2025,
Thailand,THA,2024,7.7
Thailand,THA,2023,7.9
Thailand,THA,2022,8.2
Thailand,THA,2021,8.4
Thailand,THA,2020,8.7
Thailand,THA,2019,8.9
Thailand,THA,2018,9.2
Thailand,THA,2017,9.5
Thailand,THA,2016,9.8
Thailand,THA,2015,10.1
Thailand,THA,2014,10.4
Thailand,THA,2013,10.8
Thailand,THA,2012,11.1
Thailand,THA,2011,11.5
Thailand,THA,2010,11.9
Thailand,THA,2009,12.4
Thailand,THA,2008,12.9
Thailand,THA,2007,13.4
Thailand,THA,2006,13.9
Thailand,THA,2005,14.5
Thailand,THA,2004,15.2
Thailand,THA,2003,15.9
Thailand,THA,2002,16.6
Thailand,THA,2001,17.4
Thailand,THA,2000,18.3
Thailand,THA,1999,19.2
Thailand,THA,1998,20.2
Thailand,THA,1997,21.3
Thailand,THA,1996,22.4
Thailand,THA,1995,23.5
Thailand,THA,1994,24.8
Thailand,THA,1993,26.2
Thailand,THA,1992,27.6
Thailand,THA,1991,29.2
Thailand,THA,1990,30.9
Thailand,THA,1989,32.6
Thailand,THA,1988,34.4
Thailand,THA,1987,36.2
Thailand,THA,1986,38.0
Thailand,THA,1985,39.8
Thailand,THA,1984,41.7
Thailand,THA,1983,43.6
Thailand,THA,1982,45.5
Thailand,THA,1981,47.5
Thailand,THA,1980,49.6
Thailand,THA,1979,51.9
Thailand,THA,1978,54.2
Thailand,THA,1977,56.7
Thailand,THA,1976,59.3
Thailand,THA,1975,62.1
Thailand,THA,1974,65.2
Thailand,THA,1973,68.4
Thailand,THA,1972,71.7
Thailand,THA,1971,75.2
Thailand,THA,1970,78.7
Thailand,THA,1969,82.2
Thailand,THA,1968,85.7
Thailand,THA,1967,89.1
Thailand,THA,1966,92.6
Thailand,THA,1965,95.9
Thailand,THA,1964,99.2
Thailand,THA,1963,102.6
Thailand,THA,1962,106.1
Thailand,THA,1961,109.7
Thailand,THA,1960,113.3
Timor-Leste,TLS,2025,
Timor-Leste,TLS,2024,34.6
Timor-Leste,TLS,2023,35.7
Timor-Leste,TLS,2022,36.7
Timor-Leste,TLS,2021,37.7
Timor-Leste,TLS,2020,38.7
Timor-Leste,TLS,2019,39.6
Timor-Leste,TLS,2018,40.6
Timor-Leste,TLS,2017,41.4
Timor-Leste,TLS,2016,42.5
Timor-Leste,TLS,2015,43.6
Timor-Leste,TLS,2014,45.0
Timor-Leste,TLS,2013,46.5
Timor-Leste,TLS,2012,48.1
Timor-Leste,TLS,2011,50.0
Timor-Leste,TLS,2010,52.0
Timor-Leste,TLS,2009,54.3
Timor-Leste,TLS,2008,56.8
Timor-Leste,TLS,2007,59.5
Timor-Leste,TLS,2006,62.5
Timor-Leste,TLS,2005,65.6
Timor-Leste,TLS,2004,69.1
Timor-Leste,TLS,2003,72.6
Timor-Leste,TLS,2002,76.4
Timor-Leste,TLS,2001,80.4
Timor-Leste,TLS,2000,84.4
Timor-Leste,TLS,1999,134.0
Timor-Leste,TLS,1998,124.8
Timor-Leste,TLS,1997,125.2
Timor-Leste,TLS,1996,131.4
Timor-Leste,TLS,1995,137.9
Timor-Leste,TLS,1994,139.1
Timor-Leste,TLS,1993,145.5
Timor-Leste,TLS,1992,153.5
Timor-Leste,TLS,1991,161.7
Timor-Leste,TLS,1990,165.5
Timor-Leste,TLS,1989,169.6
Timor-Leste,TLS,1988,177.7
Timor-Leste,TLS,1987,181.0
Timor-Leste,TLS,1986,193.8
Timor-Leste,TLS,1985,200.5
Timor-Leste,TLS,1984,
Timor-Leste,TLS,1983,
Timor-Leste,TLS,1982,
Timor-Leste,TLS,1981,
Timor-Leste,TLS,1980,
Timor-Leste,TLS,1979,
Timor-Leste,TLS,1978,
Timor-Leste,TLS,1977,
Timor-Leste,TLS,1976,
Timor-Leste,TLS,1975,
Timor-Leste,TLS,1974,
Timor-Leste,TLS,1973,
Timor-Leste,TLS,1972,
Timor-Leste,TLS,1971,
Timor-Leste,TLS,1970,
Timor-Leste,TLS,1969,
Timor-Leste,TLS,1968,
Timor-Leste,TLS,1967,
Timor-Leste,TLS,1966,
Timor-Leste,TLS,1965,
Timor-Leste,TLS,1964,
Timor-Leste,TLS,1963,
Timor-Leste,TLS,1962,
Timor-Leste,TLS,1961,
Timor-Leste,TLS,1960,
Togo,TGO,2025,
Togo,TGO,2024,34.8
Togo,TGO,2023,35.9
Togo,TGO,2022,37.0
Togo,TGO,2021,38.0
Togo,TGO,2020,39.1
Togo,TGO,2019,40.2
Togo,TGO,2018,41.4
Togo,TGO,2017,42.6
Togo,TGO,2016,44.0
Togo,TGO,2015,45.4
Togo,TGO,2014,46.8
Togo,TGO,2013,48.3
Togo,TGO,2012,49.8
Togo,TGO,2011,51.4
Togo,TGO,2010,53.0
Togo,TGO,2009,54.5
Togo,TGO,2008,56.1
Togo,TGO,2007,57.7
Togo,TGO,2006,59.4
Togo,TGO,2005,61.1
Togo,TGO,2004,62.9
Togo,TGO,2003,64.8
Togo,TGO,2002,66.7
Togo,TGO,2001,68.8
Togo,TGO,2000,70.8
Togo,TGO,1999,72.8
Togo,TGO,1998,74.7
Togo,TGO,1997,76.6
Togo,TGO,1996,78.3
Togo,TGO,1995,79.9
Togo,TGO,1994,81.3
Togo,TGO,1993,82.5
Togo,TGO,1992,83.5
Togo,TGO,1991,84.5
Togo,TGO,1990,85.4
Togo,TGO,1989,86.4
Togo,TGO,1988,87.4
Togo,TGO,1987,88.5
Togo,TGO,1986,89.8
Togo,TGO,1985,91.2
Togo,TGO,1984,92.8
Togo,TGO,1983,94.5
Togo,TGO,1982,96.3
Togo,TGO,1981,98.3
Togo,TGO,1980,100.2
Togo,TGO,1979,102.2
Togo,TGO,1978,104.3
Togo,TGO,1977,106.5
Togo,TGO,1976,108.6
Togo,TGO,1975,110.7
Togo,TGO,1974,112.8
Togo,TGO,1973,114.9
Togo,TGO,1972,116.9
Togo,TGO,1971,118.9
Togo,TGO,1970,120.8
Togo,TGO,1969,122.7
Togo,TGO,1968,124.4
Togo,TGO,1967,126.1
Togo,TGO,1966,127.6
Togo,TGO,1965,129.0
Togo,TGO,1964,130.3
Togo,TGO,1963,131.5
Togo,TGO,1962,132.6
Togo,TGO,1961,133.5
Togo,TGO,1960,134.4
Tonga,TON,2025,
Tonga,TON,2024,7.8
Tonga,TON,2023,8.0
Tonga,TON,2022,8.2
Tonga,TON,2021,8.5
Tonga,TON,2020,8.7
Tonga,TON,2019,8.8
Tonga,TON,2018,9.1
Tonga,TON,2017,9.2
Tonga,TON,2016,9.4
Tonga,TON,2015,9.6
Tonga,TON,2014,9.8
Tonga,TON,2013,10.0
Tonga,TON,2012,10.2
Tonga,TON,2011,10.4
Tonga,TON,2010,10.6
Tonga,TON,2009,10.9
Tonga,TON,2008,11.1
Tonga,TON,2007,11.4
Tonga,TON,2006,11.7
Tonga,TON,2005,12.0
Tonga,TON,2004,12.4
Tonga,TON,2003,12.7
Tonga,TON,2002,13.1
Tonga,TON,2001,13.4
Tonga,TON,2000,13.8
Tonga,TON,1999,14.1
Tonga,TON,1998,14.4
Tonga,TON,1997,14.7
Tonga,TON,1996,15.0
Tonga,TON,1995,15.3
Tonga,TON,1994,15.7
Tonga,TON,1993,16.2
Tonga,TON,1992,16.7
Tonga,TON,1991,17.3
Tonga,TON,1990,18.0
Tonga,TON,1989,18.6
Tonga,TON,1988,19.3
Tonga,TON,1987,19.8
Tonga,TON,1986,20.3
Tonga,TON,1985,20.8
Tonga,TON,1984,21.3
Tonga,TON,1983,21.9
Tonga,TON,1982,22.4
Tonga,TON,1981,23.1
Tonga,TON,1980,23.9
Tonga,TON,1979,24.8
Tonga,TON,1978,25.9
Tonga,TON,1977,27.0
Tonga,TON,1976,28.3
Tonga,TON,1975,29.6
Tonga,TON,1974,31.2
Tonga,TON,1973,32.8
Tonga,TON,1972,34.7
Tonga,TON,1971,36.8
Tonga,TON,1970,39.2
Tonga,TON,1969,41.9
Tonga,TON,1968,44.8
Tonga,TON,1967,48.0
Tonga,TON,1966,51.3
Tonga,TON,1965,54.6
Tonga,TON,1964,58.4
Tonga,TON,1963,62.2
Tonga,TON,1962,
Tonga,TON,1961,
Tonga,TON,1960,
Trinidad and Tobago,TTO,2025,
Trinidad and Tobago,TTO,2024,17.0
Trinidad and Tobago,TTO,2023,17.5
Trinidad and Tobago,TTO,2022,18.0
Trinidad and Tobago,TTO,2021,18.4
Trinidad and Tobago,TTO,2020,18.8
Trinidad and Tobago,TTO,2019,19.2
Trinidad and Tobago,TTO,2018,19.5
Trinidad and Tobago,TTO,2017,19.9
Trinidad and Tobago,TTO,2016,20.2
Trinidad and Tobago,TTO,2015,20.6
Trinidad and Tobago,TTO,2014,20.9
Trinidad and Tobago,TTO,2013,21.3
Trinidad and Tobago,TTO,2012,21.7
Trinidad and Tobago,TTO,2011,22.1
Trinidad and Tobago,TTO,2010,22.5
Trinidad and Tobago,TTO,2009,22.9
Trinidad and Tobago,TTO,2008,23.3
Trinidad and Tobago,TTO,2007,23.7
Trinidad and Tobago,TTO,2006,24.1
Trinidad and Tobago,TTO,2005,24.5
Trinidad and Tobago,TTO,2004,24.8
Trinidad and Tobago,TTO,2003,25.2
Trinidad and Tobago,TTO,2002,25.6
Trinidad and Tobago,TTO,2001,25.9
Trinidad and Tobago,TTO,2000,26.3
Trinidad and Tobago,TTO,1999,26.6
Trinidad and Tobago,TTO,1998,26.9
Trinidad and Tobago,TTO,1997,27.2
Trinidad and Tobago,TTO,1996,27.4
Trinidad and Tobago,TTO,1995,27.7
Trinidad and Tobago,TTO,1994,28.0
Trinidad and Tobago,TTO,1993,28.3
Trinidad and Tobago,TTO,1992,28.6
Trinidad and Tobago,TTO,1991,29.0
Trinidad and Tobago,TTO,1990,29.4
Trinidad and Tobago,TTO,1989,29.9
Trinidad and Tobago,TTO,1988,30.4
Trinidad and Tobago,TTO,1987,31.0
Trinidad and Tobago,TTO,1986,31.6
Trinidad and Tobago,TTO,1985,32.3
Trinidad and Tobago,TTO,1984,33.1
Trinidad and Tobago,TTO,1983,33.9
Trinidad and Tobago,TTO,1982,34.8
Trinidad and Tobago,TTO,1981,35.7
Trinidad and Tobago,TTO,1980,36.7
Trinidad and Tobago,TTO,1979,37.8
Trinidad and Tobago,TTO,1978,38.9
Trinidad and Tobago,TTO,1977,40.0
Trinidad and Tobago,TTO,1976,41.1
Trinidad and Tobago,TTO,1975,42.3
Trinidad and Tobago,TTO,1974,43.4
Trinidad and Tobago,TTO,1973,44.5
Trinidad and Tobago,TTO,1972,45.6
Trinidad and Tobago,TTO,1971,46.7
Trinidad and Tobago,TTO,1970,47.7
Trinidad and Tobago,TTO,1969,48.8
Trinidad and Tobago,TTO,1968,49.9
Trinidad and Tobago,TTO,1967,51.1
Trinidad and Tobago,TTO,1966,52.4
Trinidad and Tobago,TTO,1965,53.8
Trinidad and Tobago,TTO,1964,55.4
Trinidad and Tobago,TTO,1963,57.1
Trinidad and Tobago,TTO,1962,59.0
Trinidad and Tobago,TTO,1961,60.9
Trinidad and Tobago,TTO,1960,63.0
Tunisia,TUN,2025,
Tunisia,TUN,2024,9.7
Tunisia,TUN,2023,10.5
Tunisia,TUN,2022,11.5
Tunisia,TUN,2021,12.5
Tunisia,TUN,2020,13.5
Tunisia,TUN,2019,14.4
Tunisia,TUN,2018,15.1
Tunisia,TUN,2017,15.5
Tunisia,TUN,2016,15.8
Tunisia,TUN,2015,16.0
Tunisia,TUN,2014,16.1
Tunisia,TUN,2013,16.3
Tunisia,TUN,2012,16.4
Tunisia,TUN,2011,16.5
Tunisia,TUN,2010,16.7
Tunisia,TUN,2009,16.9
Tunisia,TUN,2008,17.2
Tunisia,TUN,2007,17.7
Tunisia,TUN,2006,18.2
Tunisia,TUN,2005,18.9
Tunisia,TUN,2004,19.7
Tunisia,TUN,2003,20.5
Tunisia,TUN,2002,21.6
Tunisia,TUN,2001,22.7
Tunisia,TUN,2000,23.9
Tunisia,TUN,1999,25.3
Tunisia,TUN,1998,26.7
Tunisia,TUN,1997,28.2
Tunisia,TUN,1996,29.7
Tunisia,TUN,1995,31.1
Tunisia,TUN,1994,32.5
Tunisia,TUN,1993,33.7
Tunisia,TUN,1992,34.9
Tunisia,TUN,1991,36.1
Tunisia,TUN,1990,37.2
Tunisia,TUN,1989,38.5
Tunisia,TUN,1988,40.0
Tunisia,TUN,1987,41.7
Tunisia,TUN,1986,43.7
Tunisia,TUN,1985,46.0
Tunisia,TUN,1984,48.5
Tunisia,TUN,1983,51.3
Tunisia,TUN,1982,54.3
Tunisia,TUN,1981,57.6
Tunisia,TUN,1980,61.3
Tunisia,TUN,1979,65.3
Tunisia,TUN,1978,69.8
Tunisia,TUN,1977,74.7
Tunisia,TUN,1976,80.0
Tunisia,TUN,1975,85.3
Tunisia,TUN,1974,90.7
Tunisia,TUN,1973,96.2
Tunisia,TUN,1972,101.6
Tunisia,TUN,1971,107.1
Tunisia,TUN,1970,112.6
Tunisia,TUN,1969,118.4
Tunisia,TUN,1968,124.4
Tunisia,TUN,1967,130.5
Tunisia,TUN,1966,136.9
Tunisia,TUN,1965,143.2
Tunisia,TUN,1964,149.6
Tunisia,TUN,1963,156.0
Tunisia,TUN,1962,162.5
Tunisia,TUN,1961,
Tunisia,TUN,1960,
Turkiye,TUR,2025,
Turkiye,TUR,2024,8.0
Turkiye,TUR,2023,9.8
Turkiye,TUR,2022,8.5
Turkiye,TUR,2021,8.8
Turkiye,TUR,2020,9.1
Turkiye,TUR,2019,9.4
Turkiye,TUR,2018,9.7
Turkiye,TUR,2017,10.1
Turkiye,TUR,2016,10.5
Turkiye,TUR,2015,11.0
Turkiye,TUR,2014,11.5
Turkiye,TUR,2013,12.1
Turkiye,TUR,2012,12.8
Turkiye,TUR,2011,13.6
Turkiye,TUR,2010,14.5
Turkiye,TUR,2009,15.5
Turkiye,TUR,2008,16.7
Turkiye,TUR,2007,17.9
Turkiye,TUR,2006,19.3
Turkiye,TUR,2005,20.9
Turkiye,TUR,2004,22.5
Turkiye,TUR,2003,24.4
Turkiye,TUR,2002,26.4
Turkiye,TUR,2001,28.5
Turkiye,TUR,2000,30.7
Turkiye,TUR,1999,33.1
Turkiye,TUR,1998,35.6
Turkiye,TUR,1997,38.3
Turkiye,TUR,1996,41.2
Turkiye,TUR,1995,44.1
Turkiye,TUR,1994,47.2
Turkiye,TUR,1993,50.4
Turkiye,TUR,1992,53.8
Turkiye,TUR,1991,57.3
Turkiye,TUR,1990,60.9
Turkiye,TUR,1989,64.6
Turkiye,TUR,1988,68.3
Turkiye,TUR,1987,72.2
Turkiye,TUR,1986,76.2
Turkiye,TUR,1985,80.4
Turkiye,TUR,1984,84.8
Turkiye,TUR,1983,89.3
Turkiye,TUR,1982,93.9
Turkiye,TUR,1981,98.5
Turkiye,TUR,1980,103.1
Turkiye,TUR,1979,107.6
Turkiye,TUR,1978,111.9
Turkiye,TUR,1977,116.1
Turkiye,TUR,1976,120.2
Turkiye,TUR,1975,124.2
Turkiye,TUR,1974,128.0
Turkiye,TUR,1973,131.5
Turkiye,TUR,1972,134.9
Turkiye,TUR,1971,138.1
Turkiye,TUR,1970,141.0
Turkiye,TUR,1969,144.0
Turkiye,TUR,1968,147.0
Turkiye,TUR,1967,150.0
Turkiye,TUR,1966,153.3
Turkiye,TUR,1965,157.0
Turkiye,TUR,1964,161.2
Turkiye,TUR,1963,165.5
Turkiye,TUR,1962,170.0
Turkiye,TUR,1961,174.3
Turkiye,TUR,1960,178.3
Turkmenistan,TKM,2025,
Turkmenistan,TKM,2024,30.4
Turkmenistan,TKM,2023,31.3
Turkmenistan,TKM,2022,32.0
Turkmenistan,TKM,2021,32.7
Turkmenistan,TKM,2020,33.4
Turkmenistan,TKM,2019,33.9
Turkmenistan,TKM,2018,34.1
Turkmenistan,TKM,2017,34.2
Turkmenistan,TKM,2016,34.1
Turkmenistan,TKM,2015,33.9
Turkmenistan,TKM,2014,33.9
Turkmenistan,TKM,2013,33.9
Turkmenistan,TKM,2012,34.2
Turkmenistan,TKM,2011,34.7
Turkmenistan,TKM,2010,35.3
Turkmenistan,TKM,2009,36.3
Turkmenistan,TKM,2008,37.5
Turkmenistan,TKM,2007,39.0
Turkmenistan,TKM,2006,40.9
Turkmenistan,TKM,2005,43.0
Turkmenistan,TKM,2004,45.6
Turkmenistan,TKM,2003,48.4
Turkmenistan,TKM,2002,51.3
Turkmenistan,TKM,2001,54.5
Turkmenistan,TKM,2000,57.5
Turkmenistan,TKM,1999,60.4
Turkmenistan,TKM,1998,62.9
Turkmenistan,TKM,1997,64.9
Turkmenistan,TKM,1996,66.2
Turkmenistan,TKM,1995,66.8
Turkmenistan,TKM,1994,67.0
Turkmenistan,TKM,1993,66.9
Turkmenistan,TKM,1992,66.9
Turkmenistan,TKM,1991,67.2
Turkmenistan,TKM,1990,68.1
Turkmenistan,TKM,1989,70.0
Turkmenistan,TKM,1988,72.5
Turkmenistan,TKM,1987,75.7
Turkmenistan,TKM,1986,79.3
Turkmenistan,TKM,1985,83.3
Turkmenistan,TKM,1984,87.6
Turkmenistan,TKM,1983,92.0
Turkmenistan,TKM,1982,96.6
Turkmenistan,TKM,1981,101.2
Turkmenistan,TKM,1980,105.5
Turkmenistan,TKM,1979,110.0
Turkmenistan,TKM,1978,114.4
Turkmenistan,TKM,1977,118.9
Turkmenistan,TKM,1976,
Turkmenistan,TKM,1975,
Turkmenistan,TKM,1974,
Turkmenistan,TKM,1973,
Turkmenistan,TKM,1972,
Turkmenistan,TKM,1971,
Turkmenistan,TKM,1970,
Turkmenistan,TKM,1969,
Turkmenistan,TKM,1968,
Turkmenistan,TKM,1967,
Turkmenistan,TKM,1966,
Turkmenistan,TKM,1965,
Turkmenistan,TKM,1964,
Turkmenistan,TKM,1963,
Turkmenistan,TKM,1962,
Turkmenistan,TKM,1961,
Turkmenistan,TKM,1960,
Turks and Caicos Islands,TCA,2025,
Turks and Caicos Islands,TCA,2024,3.0
Turks and Caicos Islands,TCA,2023,3.1
Turks and Caicos Islands,TCA,2022,3.2
Turks and Caicos Islands,TCA,2021,3.3
Turks and Caicos Islands,TCA,2020,3.4
Turks and Caicos Islands,TCA,2019,3.6
Turks and Caicos Islands,TCA,2018,3.7
Turks and Caicos Islands,TCA,2017,3.8
Turks and Caicos Islands,TCA,2016,3.9
Turks and Caicos Islands,TCA,2015,4.1
Turks and Caicos Islands,TCA,2014,4.2
Turks and Caicos Islands,TCA,2013,4.3
Turks and Caicos Islands,TCA,2012,4.5
Turks and Caicos Islands,TCA,2011,4.6
Turks and Caicos Islands,TCA,2010,4.8
Turks and Caicos Islands,TCA,2009,5.0
Turks and Caicos Islands,TCA,2008,5.2
Turks and Caicos Islands,TCA,2007,5.5
Turks and Caicos Islands,TCA,2006,5.8
Turks and Caicos Islands,TCA,2005,6.0
Turks and Caicos Islands,TCA,2004,6.4
Turks and Caicos Islands,TCA,2003,6.8
Turks and Caicos Islands,TCA,2002,7.2
Turks and Caicos Islands,TCA,2001,7.7
Turks and Caicos Islands,TCA,2000,8.2
Turks and Caicos Islands,TCA,1999,8.7
Turks and Caicos Islands,TCA,1998,9.3
Turks and Caicos Islands,TCA,1997,9.9
Turks and Caicos Islands,TCA,1996,10.5
Turks and Caicos Islands,TCA,1995,11.3
Turks and Caicos Islands,TCA,1994,12.0
Turks and Caicos Islands,TCA,1993,12.8
Turks and Caicos Islands,TCA,1992,13.6
Turks and Caicos Islands,TCA,1991,14.5
Turks and Caicos Islands,TCA,1990,15.4
Turks and Caicos Islands,TCA,1989,16.4
Turks and Caicos Islands,TCA,1988,17.4
Turks and Caicos Islands,TCA,1987,18.5
Turks and Caicos Islands,TCA,1986,19.7
Turks and Caicos Islands,TCA,1985,21.0
Turks and Caicos Islands,TCA,1984,22.4
Turks and Caicos Islands,TCA,1983,23.8
Turks and Caicos Islands,TCA,1982,25.3
Turks and Caicos Islands,TCA,1981,26.9
Turks and Caicos Islands,TCA,1980,28.8
Turks and Caicos Islands,TCA,1979,30.7
Turks and Caicos Islands,TCA,1978,32.7
Turks and Caicos Islands,TCA,1977,35.0
Turks and Caicos Islands,TCA,1976,37.4
Turks and Caicos Islands,TCA,1975,39.9
Turks and Caicos Islands,TCA,1974,42.7
Turks and Caicos Islands,TCA,1973,45.8
Turks and Caicos Islands,TCA,1972,49.0
Turks and Caicos Islands,TCA,1971,52.6
Turks and Caicos Islands,TCA,1970,56.4
Turks and Caicos Islands,TCA,1969,60.5
Turks and Caicos Islands,TCA,1968,64.9
Turks and Caicos Islands,TCA,1967,69.7
Turks and Caicos Islands,TCA,1966,75.0
Turks and Caicos Islands,TCA,1965,
Turks and Caicos Islands,TCA,1964,
Turks and Caicos Islands,TCA,1963,
Turks and Caicos Islands,TCA,1962,
Turks and Caicos Islands,TCA,1961,
Turks and Caicos Islands,TCA,1960,
Tuvalu,TUV,2025,
Tuvalu,TUV,2024,16.5
Tuvalu,TUV,2023,17.0
Tuvalu,TUV,2022,17.6
Tuvalu,TUV,2021,18.2
Tuvalu,TUV,2020,18.7
Tuvalu,TUV,2019,19.4
Tuvalu,TUV,2018,20.1
Tuvalu,TUV,2017,20.8
Tuvalu,TUV,2016,21.5
Tuvalu,TUV,2015,22.2
Tuvalu,TUV,2014,23.0
Tuvalu,TUV,2013,23.8
Tuvalu,TUV,2012,24.7
Tuvalu,TUV,2011,25.7
Tuvalu,TUV,2010,26.7
Tuvalu,TUV,2009,27.9
Tuvalu,TUV,2008,29.0
Tuvalu,TUV,2007,30.2
Tuvalu,TUV,2006,31.3
Tuvalu,TUV,2005,32.3
Tuvalu,TUV,2004,33.1
Tuvalu,TUV,2003,33.8
Tuvalu,TUV,2002,34.5
Tuvalu,TUV,2001,35.3
Tuvalu,TUV,2000,36.1
Tuvalu,TUV,1999,37.2
Tuvalu,TUV,1998,38.3
Tuvalu,TUV,1997,39.5
Tuvalu,TUV,1996,40.7
Tuvalu,TUV,1995,41.7
Tuvalu,TUV,1994,42.7
Tuvalu,TUV,1993,43.4
Tuvalu,TUV,1992,44.1
Tuvalu,TUV,1991,44.6
Tuvalu,TUV,1990,45.0
Tuvalu,TUV,1989,45.4
Tuvalu,TUV,1988,45.6
Tuvalu,TUV,1987,46.0
Tuvalu,TUV,1986,46.3
Tuvalu,TUV,1985,46.8
Tuvalu,TUV,1984,47.6
Tuvalu,TUV,1983,48.5
Tuvalu,TUV,1982,49.7
Tuvalu,TUV,1981,51.3
Tuvalu,TUV,1980,53.1
Tuvalu,TUV,1979,55.2
Tuvalu,TUV,1978,57.6
Tuvalu,TUV,1977,60.4
Tuvalu,TUV,1976,63.5
Tuvalu,TUV,1975,67.0
Tuvalu,TUV,1974,70.9
Tuvalu,TUV,1973,75.1
Tuvalu,TUV,1972,79.5
Tuvalu,TUV,1971,83.8
Tuvalu,TUV,1970,88.2
Tuvalu,TUV,1969,92.8
Tuvalu,TUV,1968,97.3
Tuvalu,TUV,1967,101.8
Tuvalu,TUV,1966,106.5
Tuvalu,TUV,1965,111.3
Tuvalu,TUV,1964,116.1
Tuvalu,TUV,1963,121.1
Tuvalu,TUV,1962,126.0
Tuvalu,TUV,1961,131.1
Tuvalu,TUV,1960,136.1
Uganda,UGA,2025,
Uganda,UGA,2024,35.9
Uganda,UGA,2023,36.2
Uganda,UGA,2022,36.5
Uganda,UGA,2021,36.4
Uganda,UGA,2020,36.6
Uganda,UGA,2019,36.9
Uganda,UGA,2018,37.3
Uganda,UGA,2017,38.1
Uganda,UGA,2016,39.1
Uganda,UGA,2015,40.3
Uganda,UGA,2014,41.6
Uganda,UGA,2013,42.9
Uganda,UGA,2012,44.4
Uganda,UGA,2011,47.0
Uganda,UGA,2010,49.9
Uganda,UGA,2009,52.7
Uganda,UGA,2008,55.3
Uganda,UGA,2007,58.9
Uganda,UGA,2006,63.0
Uganda,UGA,2005,67.3
Uganda,UGA,2004,71.9
Uganda,UGA,2003,76.6
Uganda,UGA,2002,81.2
Uganda,UGA,2001,85.5
Uganda,UGA,2000,89.3
Uganda,UGA,1999,92.4
Uganda,UGA,1998,94.8
Uganda,UGA,1997,96.4
Uganda,UGA,1996,97.3
Uganda,UGA,1995,98.1
Uganda,UGA,1994,99.2
Uganda,UGA,1993,100.7
Uganda,UGA,1992,102.6
Uganda,UGA,1991,104.8
Uganda,UGA,1990,107.1
Uganda,UGA,1989,109.2
Uganda,UGA,1988,110.5
Uganda,UGA,1987,112.2
Uganda,UGA,1986,114.2
Uganda,UGA,1985,116.6
Uganda,UGA,1984,119.7
Uganda,UGA,1983,123.1
Uganda,UGA,1982,125.8
Uganda,UGA,1981,127.4
Uganda,UGA,1980,127.7
Uganda,UGA,1979,126.1
Uganda,UGA,1978,124.3
Uganda,UGA,1977,121.7
Uganda,UGA,1976,118.8
Uganda,UGA,1975,115.8
Uganda,UGA,1974,113.3
Uganda,UGA,1973,111.4
Uganda,UGA,1972,110.0
Uganda,UGA,1971,109.4
Uganda,UGA,1970,109.4
Uganda,UGA,1969,110.1
Uganda,UGA,1968,111.3
Uganda,UGA,1967,112.7
Uganda,UGA,1966,114.3
Uganda,UGA,1965,115.9
Uganda,UGA,1964,117.5
Uganda,UGA,1963,119.1
Uganda,UGA,1962,120.7
Uganda,UGA,1961,122.7
Uganda,UGA,1960,124.6
Ukraine,UKR,2025,
Ukraine,UKR,2024,7.6
Ukraine,UKR,2023,7.8
Ukraine,UKR,2022,8.0
Ukraine,UKR,2021,8.0
Ukraine,UKR,2020,8.2
Ukraine,UKR,2019,8.3
Ukraine,UKR,2018,8.5
Ukraine,UKR,2017,8.7
Ukraine,UKR,2016,8.9
Ukraine,UKR,2015,9.2
Ukraine,UKR,2014,9.6
Ukraine,UKR,2013,10.0
Ukraine,UKR,2012,10.4
Ukraine,UKR,2011,10.9
Ukraine,UKR,2010,11.4
Ukraine,UKR,2009,12.0
Ukraine,UKR,2008,12.5
Ukraine,UKR,2007,13.1
Ukraine,UKR,2006,13.6
Ukraine,UKR,2005,14.1
Ukraine,UKR,2004,14.7
Ukraine,UKR,2003,15.3
Ukraine,UKR,2002,16.1
Ukraine,UKR,2001,16.8
Ukraine,UKR,2000,17.6
Ukraine,UKR,1999,18.3
Ukraine,UKR,1998,18.8
Ukraine,UKR,1997,19.2
Ukraine,UKR,1996,19.4
Ukraine,UKR,1995,19.4
Ukraine,UKR,1994,19.1
Ukraine,UKR,1993,18.9
Ukraine,UKR,1992,18.6
Ukraine,UKR,1991,18.4
Ukraine,UKR,1990,18.3
Ukraine,UKR,1989,18.5
Ukraine,UKR,1988,18.8
Ukraine,UKR,1987,19.3
Ukraine,UKR,1986,19.9
Ukraine,UKR,1985,20.7
Ukraine,UKR,1984,21.4
Ukraine,UKR,1983,22.2
Ukraine,UKR,1982,23.0
Ukraine,UKR,1981,23.7
Ukraine,UKR,1980,24.3
Ukraine,UKR,1979,24.8
Ukraine,UKR,1978,25.3
Ukraine,UKR,1977,25.7
Ukraine,UKR,1976,26.1
Ukraine,UKR,1975,26.5
Ukraine,UKR,1974,27.1
Ukraine,UKR,1973,27.8
Ukraine,UKR,1972,28.5
Ukraine,UKR,1971,29.4
Ukraine,UKR,1970,
Ukraine,UKR,1969,
Ukraine,UKR,1968,
Ukraine,UKR,1967,
Ukraine,UKR,1966,
Ukraine,UKR,1965,
Ukraine,UKR,1964,
Ukraine,UKR,1963,
Ukraine,UKR,1962,
Ukraine,UKR,1961,
Ukraine,UKR,1960,
United Arab Emirates,ARE,2025,
United Arab Emirates,ARE,2024,3.8
United Arab Emirates,ARE,2023,4.0
United Arab Emirates,ARE,2022,4.2
United Arab Emirates,ARE,2021,4.4
United Arab Emirates,ARE,2020,4.7
United Arab Emirates,ARE,2019,5.0
United Arab Emirates,ARE,2018,5.3
United Arab Emirates,ARE,2017,5.6
United Arab Emirates,ARE,2016,5.8
United Arab Emirates,ARE,2015,6.1
United Arab Emirates,ARE,2014,6.3
United Arab Emirates,ARE,2013,6.5
United Arab Emirates,ARE,2012,6.7
United Arab Emirates,ARE,2011,6.8
United Arab Emirates,ARE,2010,7.0
United Arab Emirates,ARE,2009,7.1
United Arab Emirates,ARE,2008,7.3
United Arab Emirates,ARE,2007,7.4
United Arab Emirates,ARE,2006,7.6
United Arab Emirates,ARE,2005,7.7
United Arab Emirates,ARE,2004,7.9
United Arab Emirates,ARE,2003,8.0
United Arab Emirates,ARE,2002,8.2
United Arab Emirates,ARE,2001,8.3
United Arab Emirates,ARE,2000,8.5
United Arab Emirates,ARE,1999,8.6
United Arab Emirates,ARE,1998,8.8
United Arab Emirates,ARE,1997,9.0
United Arab Emirates,ARE,1996,9.2
United Arab Emirates,ARE,1995,9.5
United Arab Emirates,ARE,1994,9.8
United Arab Emirates,ARE,1993,10.2
United Arab Emirates,ARE,1992,10.7
United Arab Emirates,ARE,1991,11.2
United Arab Emirates,ARE,1990,11.8
United Arab Emirates,ARE,1989,12.5
United Arab Emirates,ARE,1988,13.3
United Arab Emirates,ARE,1987,14.2
United Arab Emirates,ARE,1986,15.3
United Arab Emirates,ARE,1985,16.5
United Arab Emirates,ARE,1984,17.9
United Arab Emirates,ARE,1983,19.5
United Arab Emirates,ARE,1982,21.5
United Arab Emirates,ARE,1981,23.7
United Arab Emirates,ARE,1980,26.3
United Arab Emirates,ARE,1979,29.2
United Arab Emirates,ARE,1978,32.5
United Arab Emirates,ARE,1977,36.2
United Arab Emirates,ARE,1976,40.2
United Arab Emirates,ARE,1975,44.6
United Arab Emirates,ARE,1974,49.3
United Arab Emirates,ARE,1973,54.5
United Arab Emirates,ARE,1972,60.1
United Arab Emirates,ARE,1971,66.2
United Arab Emirates,ARE,1970,72.9
United Arab Emirates,ARE,1969,79.9
United Arab Emirates,ARE,1968,87.2
United Arab Emirates,ARE,1967,94.7
United Arab Emirates,ARE,1966,102.2
United Arab Emirates,ARE,1965,109.9
United Arab Emirates,ARE,1964,117.5
United Arab Emirates,ARE,1963,125.0
United Arab Emirates,ARE,1962,132.2
United Arab Emirates,ARE,1961,139.2
United Arab Emirates,ARE,1960,146.3
United Kingdom,GBR,2025,
United Kingdom,GBR,2024,4.1
United Kingdom,GBR,2023,4.1
United Kingdom,GBR,2022,4.0
United Kingdom,GBR,2021,3.9
United Kingdom,GBR,2020,3.9
United Kingdom,GBR,2019,3.8
United Kingdom,GBR,2018,3.8
United Kingdom,GBR,2017,3.8
United Kingdom,GBR,2016,3.8
United Kingdom,GBR,2015,3.9
United Kingdom,GBR,2014,3.9
United Kingdom,GBR,2013,4.0
United Kingdom,GBR,2012,4.1
United Kingdom,GBR,2011,4.3
United Kingdom,GBR,2010,4.4
United Kingdom,GBR,2009,4.6
United Kingdom,GBR,2008,4.8
United Kingdom,GBR,2007,4.9
United Kingdom,GBR,2006,5.0
United Kingdom,GBR,2005,5.1
United Kingdom,GBR,2004,5.2
United Kingdom,GBR,2003,5.3
United Kingdom,GBR,2002,5.4
United Kingdom,GBR,2001,5.5
United Kingdom,GBR,2000,5.5
United Kingdom,GBR,1999,5.6
United Kingdom,GBR,1998,5.7
United Kingdom,GBR,1997,5.8
United Kingdom,GBR,1996,5.9
United Kingdom,GBR,1995,6.1
United Kingdom,GBR,1994,6.3
United Kingdom,GBR,1993,6.5
United Kingdom,GBR,1992,6.9
United Kingdom,GBR,1991,7.3
United Kingdom,GBR,1990,7.9
United Kingdom,GBR,1989,8.4
United Kingdom,GBR,1988,8.8
United Kingdom,GBR,1987,9.1
United Kingdom,GBR,1986,9.4
United Kingdom,GBR,1985,9.7
United Kingdom,GBR,1984,10.0
United Kingdom,GBR,1983,10.3
United Kingdom,GBR,1982,10.8
United Kingdom,GBR,1981,11.4
United Kingdom,GBR,1980,12.1
United Kingdom,GBR,1979,12.7
United Kingdom,GBR,1978,13.4
United Kingdom,GBR,1977,14.1
United Kingdom,GBR,1976,14.8
United Kingdom,GBR,1975,15.4
United Kingdom,GBR,1974,16.1
United Kingdom,GBR,1973,16.7
United Kingdom,GBR,1972,17.2
United Kingdom,GBR,1971,17.7
United Kingdom,GBR,1970,18.1
United Kingdom,GBR,1969,18.4
United Kingdom,GBR,1968,18.8
United Kingdom,GBR,1967,19.1
United Kingdom,GBR,1966,19.6
United Kingdom,GBR,1965,20.2
United Kingdom,GBR,1964,20.8
United Kingdom,GBR,1963,21.5
United Kingdom,GBR,1962,22.1
United Kingdom,GBR,1961,22.5
United Kingdom,GBR,1960,22.9
United States,USA,2025,
United States,USA,2024,5.5
United States,USA,2023,5.5
United States,USA,2022,5.5
United States,USA,2021,5.5
United States,USA,2020,5.5
United States,USA,2019,5.5
United States,USA,2018,5.6
United States,USA,2017,5.6
United States,USA,2016,5.7
United States,USA,2015,5.8
United States,USA,2014,5.8
United States,USA,2013,5.9
United States,USA,2012,6.0
United States,USA,2011,6.1
United States,USA,2010,6.2
United States,USA,2009,6.4
United States,USA,2008,6.5
United States,USA,2007,6.6
United States,USA,2006,6.7
United States,USA,2005,6.8
United States,USA,2004,6.8
United States,USA,2003,6.9
United States,USA,2002,7.0
United States,USA,2001,7.0
United States,USA,2000,7.1
United States,USA,1999,7.2
United States,USA,1998,7.3
United States,USA,1997,7.5
United States,USA,1996,7.7
United States,USA,1995,7.9
United States,USA,1994,8.2
United States,USA,1993,8.5
United States,USA,1992,8.8
United States,USA,1991,9.1
United States,USA,1990,9.4
United States,USA,1989,9.7
United States,USA,1988,9.9
United States,USA,1987,10.1
United States,USA,1986,10.4
United States,USA,1985,10.6
United States,USA,1984,10.9
United States,USA,1983,11.2
United States,USA,1982,11.6
United States,USA,1981,12.1
United States,USA,1980,12.6
United States,USA,1979,13.1
United States,USA,1978,13.8
United States,USA,1977,14.4
United States,USA,1976,15.2
United States,USA,1975,15.9
United States,USA,1974,16.7
United States,USA,1973,17.5
United States,USA,1972,18.3
United States,USA,1971,19.1
United States,USA,1970,19.9
United States,USA,1969,20.7
United States,USA,1968,21.4
United States,USA,1967,22.1
United States,USA,1966,22.7
United States,USA,1965,23.3
United States,USA,1964,23.9
United States,USA,1963,24.4
United States,USA,1962,25.0
United States,USA,1961,25.5
United States,USA,1960,25.9
Uruguay,URY,2025,
Uruguay,URY,2024,6.2
Uruguay,URY,2023,6.1
Uruguay,URY,2022,6.1
Uruguay,URY,2021,6.1
Uruguay,URY,2020,6.1
Uruguay,URY,2019,6.2
Uruguay,URY,2018,6.5
Uruguay,URY,2017,6.8
Uruguay,URY,2016,7.1
Uruguay,URY,2015,7.5
Uruguay,URY,2014,7.9
Uruguay,URY,2013,8.2
Uruguay,URY,2012,8.5
Uruguay,URY,2011,8.9
Uruguay,URY,2010,9.2
Uruguay,URY,2009,9.7
Uruguay,URY,2008,10.2
Uruguay,URY,2007,10.9
Uruguay,URY,2006,11.7
Uruguay,URY,2005,12.4
Uruguay,URY,2004,13.1
Uruguay,URY,2003,13.6
Uruguay,URY,2002,14.0
Uruguay,URY,2001,14.3
Uruguay,URY,2000,14.7
Uruguay,URY,1999,15.2
Uruguay,URY,1998,16.0
Uruguay,URY,1997,16.8
Uruguay,URY,1996,17.7
Uruguay,URY,1995,18.5
Uruguay,URY,1994,19.2
Uruguay,URY,1993,19.7
Uruguay,URY,1992,20.0
Uruguay,URY,1991,20.4
Uruguay,URY,1990,20.7
Uruguay,URY,1989,21.3
Uruguay,URY,1988,22.2
Uruguay,URY,1987,23.1
Uruguay,URY,1986,24.1
Uruguay,URY,1985,25.2
Uruguay,URY,1984,26.3
Uruguay,URY,1983,27.6
Uruguay,URY,1982,29.4
Uruguay,URY,1981,32.1
Uruguay,URY,1980,35.6
Uruguay,URY,1979,39.5
Uruguay,URY,1978,43.4
Uruguay,URY,1977,46.6
Uruguay,URY,1976,48.6
Uruguay,URY,1975,49.5
Uruguay,URY,1974,49.3
Uruguay,URY,1973,48.6
Uruguay,URY,1972,48.0
Uruguay,URY,1971,48.1
Uruguay,URY,1970,48.8
Uruguay,URY,1969,49.8
Uruguay,URY,1968,50.7
Uruguay,URY,1967,51.3
Uruguay,URY,1966,51.7
Uruguay,URY,1965,52.0
Uruguay,URY,1964,52.4
Uruguay,URY,1963,53.2
Uruguay,URY,1962,54.3
Uruguay,URY,1961,55.5
Uruguay,URY,1960,56.7
Uzbekistan,UZB,2025,
Uzbekistan,UZB,2024,12.8
Uzbekistan,UZB,2023,13.1
Uzbekistan,UZB,2022,13.5
Uzbekistan,UZB,2021,13.9
Uzbekistan,UZB,2020,14.4
Uzbekistan,UZB,2019,14.9
Uzbekistan,UZB,2018,15.6
Uzbekistan,UZB,2017,16.4
Uzbekistan,UZB,2016,17.4
Uzbekistan,UZB,2015,18.6
Uzbekistan,UZB,2014,20.0
Uzbekistan,UZB,2013,21.6
Uzbekistan,UZB,2012,23.4
Uzbekistan,UZB,2011,25.5
Uzbekistan,UZB,2010,27.8
Uzbekistan,UZB,2009,30.2
Uzbekistan,UZB,2008,32.9
Uzbekistan,UZB,2007,35.7
Uzbekistan,UZB,2006,38.5
Uzbekistan,UZB,2005,41.4
Uzbekistan,UZB,2004,44.4
Uzbekistan,UZB,2003,47.3
Uzbekistan,UZB,2002,50.0
Uzbekistan,UZB,2001,52.6
Uzbekistan,UZB,2000,54.8
Uzbekistan,UZB,1999,56.7
Uzbekistan,UZB,1998,58.2
Uzbekistan,UZB,1997,59.3
Uzbekistan,UZB,1996,60.1
Uzbekistan,UZB,1995,60.5
Uzbekistan,UZB,1994,60.8
Uzbekistan,UZB,1993,60.8
Uzbekistan,UZB,1992,60.5
Uzbekistan,UZB,1991,60.2
Uzbekistan,UZB,1990,60.2
Uzbekistan,UZB,1989,60.8
Uzbekistan,UZB,1988,62.1
Uzbekistan,UZB,1987,64.2
Uzbekistan,UZB,1986,66.9
Uzbekistan,UZB,1985,70.3
Uzbekistan,UZB,1984,74.2
Uzbekistan,UZB,1983,78.6
Uzbekistan,UZB,1982,83.6
Uzbekistan,UZB,1981,89.1
Uzbekistan,UZB,1980,95.0
Uzbekistan,UZB,1979,101.3
Uzbekistan,UZB,1978,
Uzbekistan,UZB,1977,
Uzbekistan,UZB,1976,
Uzbekistan,UZB,1975,
Uzbekistan,UZB,1974,
Uzbekistan,UZB,1973,
Uzbekistan,UZB,1972,
Uzbekistan,UZB,1971,
Uzbekistan,UZB,1970,
Uzbekistan,UZB,1969,
Uzbekistan,UZB,1968,
Uzbekistan,UZB,1967,
Uzbekistan,UZB,1966,
Uzbekistan,UZB,1965,
Uzbekistan,UZB,1964,
Uzbekistan,UZB,1963,
Uzbekistan,UZB,1962,
Uzbekistan,UZB,1961,
Uzbekistan,UZB,1960,
Vanuatu,VUT,2025,
Vanuatu,VUT,2024,14.4
Vanuatu,VUT,2023,14.7
Vanuatu,VUT,2022,14.9
Vanuatu,VUT,2021,15.1
Vanuatu,VUT,2020,15.1
Vanuatu,VUT,2019,15.1
Vanuatu,VUT,2018,15.2
Vanuatu,VUT,2017,15.2
Vanuatu,VUT,2016,15.3
Vanuatu,VUT,2015,15.4
Vanuatu,VUT,2014,15.5
Vanuatu,VUT,2013,15.8
Vanuatu,VUT,2012,16.2
Vanuatu,VUT,2011,16.7
Vanuatu,VUT,2010,17.3
Vanuatu,VUT,2009,17.9
Vanuatu,VUT,2008,18.5
Vanuatu,VUT,2007,19.1
Vanuatu,VUT,2006,19.5
Vanuatu,VUT,2005,19.9
Vanuatu,VUT,2004,20.2
Vanuatu,VUT,2003,20.4
Vanuatu,VUT,2002,20.7
Vanuatu,VUT,2001,21.0
Vanuatu,VUT,2000,21.3
Vanuatu,VUT,1999,21.7
Vanuatu,VUT,1998,22.0
Vanuatu,VUT,1997,22.4
Vanuatu,VUT,1996,22.8
Vanuatu,VUT,1995,23.3
Vanuatu,VUT,1994,23.9
Vanuatu,VUT,1993,24.6
Vanuatu,VUT,1992,25.5
Vanuatu,VUT,1991,26.5
Vanuatu,VUT,1990,27.6
Vanuatu,VUT,1989,29.0
Vanuatu,VUT,1988,30.6
Vanuatu,VUT,1987,32.4
Vanuatu,VUT,1986,34.6
Vanuatu,VUT,1985,37.0
Vanuatu,VUT,1984,39.8
Vanuatu,VUT,1983,42.9
Vanuatu,VUT,1982,46.1
Vanuatu,VUT,1981,49.4
Vanuatu,VUT,1980,52.7
Vanuatu,VUT,1979,55.9
Vanuatu,VUT,1978,59.0
Vanuatu,VUT,1977,61.9
Vanuatu,VUT,1976,64.7
Vanuatu,VUT,1975,67.4
Vanuatu,VUT,1974,70.1
Vanuatu,VUT,1973,72.8
Vanuatu,VUT,1972,75.7
Vanuatu,VUT,1971,78.8
Vanuatu,VUT,1970,81.9
Vanuatu,VUT,1969,85.2
Vanuatu,VUT,1968,88.5
Vanuatu,VUT,1967,92.0
Vanuatu,VUT,1966,95.2
Vanuatu,VUT,1965,98.6
Vanuatu,VUT,1964,101.8
Vanuatu,VUT,1963,104.8
Vanuatu,VUT,1962,107.7
Vanuatu,VUT,1961,110.4
Vanuatu,VUT,1960,112.9
"Venezuela, RB",VEN,2025,
"Venezuela, RB",VEN,2024,21.2
"Venezuela, RB",VEN,2023,21.2
"Venezuela, RB",VEN,2022,21.2
"Venezuela, RB",VEN,2021,21.2
"Venezuela, RB",VEN,2020,21.2
"Venezuela, RB",VEN,2019,21.2
"Venezuela, RB",VEN,2018,21.2
"Venezuela, RB",VEN,2017,21.2
"Venezuela, RB",VEN,2016,21.2
"Venezuela, RB",VEN,2015,16.5
"Venezuela, RB",VEN,2014,15.8
"Venezuela, RB",VEN,2013,15.4
"Venezuela, RB",VEN,2012,15.1
"Venezuela, RB",VEN,2011,14.8
"Venezuela, RB",VEN,2010,14.5
"Venezuela, RB",VEN,2009,14.4
"Venezuela, RB",VEN,2008,14.4
"Venezuela, RB",VEN,2007,14.5
"Venezuela, RB",VEN,2006,14.8
"Venezuela, RB",VEN,2005,15.3
"Venezuela, RB",VEN,2004,15.7
"Venezuela, RB",VEN,2003,16.2
"Venezuela, RB",VEN,2002,16.6
"Venezuela, RB",VEN,2001,17.0
"Venezuela, RB",VEN,2000,17.5
"Venezuela, RB",VEN,1999,18.2
"Venezuela, RB",VEN,1998,19.1
"Venezuela, RB",VEN,1997,19.9
"Venezuela, RB",VEN,1996,20.8
"Venezuela, RB",VEN,1995,21.5
"Venezuela, RB",VEN,1994,22.0
"Venezuela, RB",VEN,1993,22.4
"Venezuela, RB",VEN,1992,22.8
"Venezuela, RB",VEN,1991,23.5
"Venezuela, RB",VEN,1990,24.3
"Venezuela, RB",VEN,1989,25.3
"Venezuela, RB",VEN,1988,26.5
"Venezuela, RB",VEN,1987,27.6
"Venezuela, RB",VEN,1986,28.7
"Venezuela, RB",VEN,1985,29.7
"Venezuela, RB",VEN,1984,30.8
"Venezuela, RB",VEN,1983,31.9
"Venezuela, RB",VEN,1982,33.1
"Venezuela, RB",VEN,1981,34.4
"Venezuela, RB",VEN,1980,35.9
"Venezuela, RB",VEN,1979,37.4
"Venezuela, RB",VEN,1978,38.9
"Venezuela, RB",VEN,1977,40.3
"Venezuela, RB",VEN,1976,41.7
"Venezuela, RB",VEN,1975,43.1
"Venezuela, RB",VEN,1974,44.4
"Venezuela, RB",VEN,1973,45.6
"Venezuela, RB",VEN,1972,46.9
"Venezuela, RB",VEN,1971,48.2
"Venezuela, RB",VEN,1970,49.3
"Venezuela, RB",VEN,1969,50.4
"Venezuela, RB",VEN,1968,51.2
"Venezuela, RB",VEN,1967,51.9
"Venezuela, RB",VEN,1966,52.6
"Venezuela, RB",VEN,1965,53.2
"Venezuela, RB",VEN,1964,54.0
"Venezuela, RB",VEN,1963,54.8
"Venezuela, RB",VEN,1962,55.9
"Venezuela, RB",VEN,1961,57.1
"Venezuela, RB",VEN,1960,58.6
Viet Nam,VNM,2025,
Viet Nam,VNM,2024,12.0
Viet Nam,VNM,2023,12.4
Viet Nam,VNM,2022,12.9
Viet Nam,VNM,2021,13.3
Viet Nam,VNM,2020,13.7
Viet Nam,VNM,2019,14.1
Viet Nam,VNM,2018,14.5
Viet Nam,VNM,2017,14.9
Viet Nam,VNM,2016,15.2
Viet Nam,VNM,2015,15.5
Viet Nam,VNM,2014,15.7
Viet Nam,VNM,2013,16.0
Viet Nam,VNM,2012,16.2
Viet Nam,VNM,2011,16.4
Viet Nam,VNM,2010,16.7
Viet Nam,VNM,2009,17.0
Viet Nam,VNM,2008,17.3
Viet Nam,VNM,2007,17.6
Viet Nam,VNM,2006,18.0
Viet Nam,VNM,2005,18.5
Viet Nam,VNM,2004,19.0
Viet Nam,VNM,2003,19.6
Viet Nam,VNM,2002,20.3
Viet Nam,VNM,2001,21.2
Viet Nam,VNM,2000,22.1
Viet Nam,VNM,1999,23.2
Viet Nam,VNM,1998,24.4
Viet Nam,VNM,1997,25.7
Viet Nam,VNM,1996,27.2
Viet Nam,VNM,1995,28.8
Viet Nam,VNM,1994,30.4
Viet Nam,VNM,1993,32.1
Viet Nam,VNM,1992,33.9
Viet Nam,VNM,1991,35.7
Viet Nam,VNM,1990,37.4
Viet Nam,VNM,1989,39.0
Viet Nam,VNM,1988,40.6
Viet Nam,VNM,1987,42.0
Viet Nam,VNM,1986,43.1
Viet Nam,VNM,1985,44.2
Viet Nam,VNM,1984,45.1
Viet Nam,VNM,1983,45.9
Viet Nam,VNM,1982,46.7
Viet Nam,VNM,1981,47.5
Viet Nam,VNM,1980,48.4
Viet Nam,VNM,1979,49.3
Viet Nam,VNM,1978,50.3
Viet Nam,VNM,1977,51.2
Viet Nam,VNM,1976,52.1
Viet Nam,VNM,1975,52.9
Viet Nam,VNM,1974,65.5
Viet Nam,VNM,1973,64.2
Viet Nam,VNM,1972,70.6
Viet Nam,VNM,1971,64.7
Viet Nam,VNM,1970,65.7
Viet Nam,VNM,1969,66.0
Viet Nam,VNM,1968,69.5
Viet Nam,VNM,1967,62.9
Viet Nam,VNM,1966,62.5
Viet Nam,VNM,1965,62.3
Viet Nam,VNM,1964,60.8
Viet Nam,VNM,1963,
Viet Nam,VNM,1962,
Viet Nam,VNM,1961,
Viet Nam,VNM,1960,
Virgin Islands (U.S.),VIR,2025,
Virgin Islands (U.S.),VIR,2024,
Virgin Islands (U.S.),VIR,2023,
Virgin Islands (U.S.),VIR,2022,
Virgin Islands (U.S.),VIR,2021,
Virgin Islands (U.S.),VIR,2020,
Virgin Islands (U.S.),VIR,2019,
Virgin Islands (U.S.),VIR,2018,
Virgin Islands (U.S.),VIR,2017,
Virgin Islands (U.S.),VIR,2016,
Virgin Islands (U.S.),VIR,2015,
Virgin Islands (U.S.),VIR,2014,
Virgin Islands (U.S.),VIR,2013,
Virgin Islands (U.S.),VIR,2012,
Virgin Islands (U.S.),VIR,2011,
Virgin Islands (U.S.),VIR,2010,
Virgin Islands (U.S.),VIR,2009,
Virgin Islands (U.S.),VIR,2008,
Virgin Islands (U.S.),VIR,2007,
Virgin Islands (U.S.),VIR,2006,
Virgin Islands (U.S.),VIR,2005,
Virgin Islands (U.S.),VIR,2004,
Virgin Islands (U.S.),VIR,2003,
Virgin Islands (U.S.),VIR,2002,
Virgin Islands (U.S.),VIR,2001,
Virgin Islands (U.S.),VIR,2000,
Virgin Islands (U.S.),VIR,1999,
Virgin Islands (U.S.),VIR,1998,
Virgin Islands (U.S.),VIR,1997,
Virgin Islands (U.S.),VIR,1996,
Virgin Islands (U.S.),VIR,1995,
Virgin Islands (U.S.),VIR,1994,
Virgin Islands (U.S.),VIR,1993,
Virgin Islands (U.S.),VIR,1992,
Virgin Islands (U.S.),VIR,1991,
Virgin Islands (U.S.),VIR,1990,
Virgin Islands (U.S.),VIR,1989,
Virgin Islands (U.S.),VIR,1988,
Virgin Islands (U.S.),VIR,1987,
Virgin Islands (U.S.),VIR,1986,
Virgin Islands (U.S.),VIR,1985,
Virgin Islands (U.S.),VIR,1984,
Virgin Islands (U.S.),VIR,1983,
Virgin Islands (U.S.),VIR,1982,
Virgin Islands (U.S.),VIR,1981,
Virgin Islands (U.S.),VIR,1980,
Virgin Islands (U.S.),VIR,1979,
Virgin Islands (U.S.),VIR,1978,
Virgin Islands (U.S.),VIR,1977,
Virgin Islands (U.S.),VIR,1976,
Virgin Islands (U.S.),VIR,1975,
Virgin Islands (U.S.),VIR,1974,
Virgin Islands (U.S.),VIR,1973,
Virgin Islands (U.S.),VIR,1972,
Virgin Islands (U.S.),VIR,1971,
Virgin Islands (U.S.),VIR,1970,
Virgin Islands (U.S.),VIR,1969,
Virgin Islands (U.S.),VIR,1968,
Virgin Islands (U.S.),VIR,1967,
Virgin Islands (U.S.),VIR,1966,
Virgin Islands (U.S.),VIR,1965,
Virgin Islands (U.S.),VIR,1964,
Virgin Islands (U.S.),VIR,1963,
Virgin Islands (U.S.),VIR,1962,
Virgin Islands (U.S.),VIR,1961,
Virgin Islands (U.S.),VIR,1960,
West Bank and Gaza,PSE,2025,
West Bank and Gaza,PSE,2024,17.0
West Bank and Gaza,PSE,2023,16.8
West Bank and Gaza,PSE,2022,12.3
West Bank and Gaza,PSE,2021,12.8
West Bank and Gaza,PSE,2020,13.2
West Bank and Gaza,PSE,2019,13.6
West Bank and Gaza,PSE,2018,14.1
West Bank and Gaza,PSE,2017,14.6
West Bank and Gaza,PSE,2016,15.2
West Bank and Gaza,PSE,2015,15.8
West Bank and Gaza,PSE,2014,17.6
West Bank and Gaza,PSE,2013,17.0
West Bank and Gaza,PSE,2012,17.7
West Bank and Gaza,PSE,2011,18.3
West Bank and Gaza,PSE,2010,19.0
West Bank and Gaza,PSE,2009,19.7
West Bank and Gaza,PSE,2008,20.4
West Bank and Gaza,PSE,2007,21.1
West Bank and Gaza,PSE,2006,21.8
West Bank and Gaza,PSE,2005,22.6
West Bank and Gaza,PSE,2004,23.3
West Bank and Gaza,PSE,2003,24.0
West Bank and Gaza,PSE,2002,24.8
West Bank and Gaza,PSE,2001,25.5
West Bank and Gaza,PSE,2000,26.3
West Bank and Gaza,PSE,1999,27.2
West Bank and Gaza,PSE,1998,28.2
West Bank and Gaza,PSE,1997,29.2
West Bank and Gaza,PSE,1996,30.4
West Bank and Gaza,PSE,1995,31.6
West Bank and Gaza,PSE,1994,32.9
West Bank and Gaza,PSE,1993,34.2
West Bank and Gaza,PSE,1992,35.7
West Bank and Gaza,PSE,1991,37.3
West Bank and Gaza,PSE,1990,39.2
West Bank and Gaza,PSE,1989,41.2
West Bank and Gaza,PSE,1988,43.4
West Bank and Gaza,PSE,1987,45.9
West Bank and Gaza,PSE,1986,48.5
West Bank and Gaza,PSE,1985,51.4
West Bank and Gaza,PSE,1984,54.6
West Bank and Gaza,PSE,1983,57.9
West Bank and Gaza,PSE,1982,61.5
West Bank and Gaza,PSE,1981,65.4
West Bank and Gaza,PSE,1980,69.5
West Bank and Gaza,PSE,1979,73.8
West Bank and Gaza,PSE,1978,78.5
West Bank and Gaza,PSE,1977,83.5
West Bank and Gaza,PSE,1976,88.9
West Bank and Gaza,PSE,1975,94.5
West Bank and Gaza,PSE,1974,
West Bank and Gaza,PSE,1973,
West Bank and Gaza,PSE,1972,
West Bank and Gaza,PSE,1971,
West Bank and Gaza,PSE,1970,
West Bank and Gaza,PSE,1969,
West Bank and Gaza,PSE,1968,
West Bank and Gaza,PSE,1967,
West Bank and Gaza,PSE,1966,
West Bank and Gaza,PSE,1965,
West Bank and Gaza,PSE,1964,
West Bank and Gaza,PSE,1963,
West Bank and Gaza,PSE,1962,
West Bank and Gaza,PSE,1961,
West Bank and Gaza,PSE,1960,
"Yemen, Rep.",YEM,2025,
"Yemen, Rep.",YEM,2024,33.8
"Yemen, Rep.",YEM,2023,34.9
"Yemen, Rep.",YEM,2022,36.0
"Yemen, Rep.",YEM,2021,36.9
"Yemen, Rep.",YEM,2020,37.6
"Yemen, Rep.",YEM,2019,39.0
"Yemen, Rep.",YEM,2018,39.7
"Yemen, Rep.",YEM,2017,40.1
"Yemen, Rep.",YEM,2016,40.7
"Yemen, Rep.",YEM,2015,41.6
"Yemen, Rep.",YEM,2014,41.8
"Yemen, Rep.",YEM,2013,42.6
"Yemen, Rep.",YEM,2012,44.0
"Yemen, Rep.",YEM,2011,45.2
"Yemen, Rep.",YEM,2010,46.7
"Yemen, Rep.",YEM,2009,48.6
"Yemen, Rep.",YEM,2008,50.8
"Yemen, Rep.",YEM,2007,53.2
"Yemen, Rep.",YEM,2006,55.9
"Yemen, Rep.",YEM,2005,58.8
"Yemen, Rep.",YEM,2004,61.9
"Yemen, Rep.",YEM,2003,65.2
"Yemen, Rep.",YEM,2002,68.7
"Yemen, Rep.",YEM,2001,72.2
"Yemen, Rep.",YEM,2000,75.8
"Yemen, Rep.",YEM,1999,79.1
"Yemen, Rep.",YEM,1998,82.0
"Yemen, Rep.",YEM,1997,84.4
"Yemen, Rep.",YEM,1996,86.3
"Yemen, Rep.",YEM,1995,87.9
"Yemen, Rep.",YEM,1994,89.4
"Yemen, Rep.",YEM,1993,91.0
"Yemen, Rep.",YEM,1992,92.7
"Yemen, Rep.",YEM,1991,94.7
"Yemen, Rep.",YEM,1990,96.9
"Yemen, Rep.",YEM,1989,99.6
"Yemen, Rep.",YEM,1988,102.7
"Yemen, Rep.",YEM,1987,106.3
"Yemen, Rep.",YEM,1986,110.6
"Yemen, Rep.",YEM,1985,115.5
"Yemen, Rep.",YEM,1984,121.3
"Yemen, Rep.",YEM,1983,128.0
"Yemen, Rep.",YEM,1982,135.5
"Yemen, Rep.",YEM,1981,143.4
"Yemen, Rep.",YEM,1980,151.6
"Yemen, Rep.",YEM,1979,159.9
"Yemen, Rep.",YEM,1978,168.2
"Yemen, Rep.",YEM,1977,176.3
"Yemen, Rep.",YEM,1976,184.2
"Yemen, Rep.",YEM,1975,191.5
"Yemen, Rep.",YEM,1974,198.5
"Yemen, Rep.",YEM,1973,205.4
"Yemen, Rep.",YEM,1972,212.0
"Yemen, Rep.",YEM,1971,218.8
"Yemen, Rep.",YEM,1970,225.8
"Yemen, Rep.",YEM,1969,233.2
"Yemen, Rep.",YEM,1968,240.5
"Yemen, Rep.",YEM,1967,247.5
"Yemen, Rep.",YEM,1966,253.9
"Yemen, Rep.",YEM,1965,259.3
"Yemen, Rep.",YEM,1964,263.8
"Yemen, Rep.",YEM,1963,267.5
"Yemen, Rep.",YEM,1962,270.6
"Yemen, Rep.",YEM,1961,273.4
"Yemen, Rep.",YEM,1960,275.9
Zambia,ZMB,2025,
Zambia,ZMB,2024,34.6
Zambia,ZMB,2023,35.0
Zambia,ZMB,2022,35.4
Zambia,ZMB,2021,35.6
Zambia,ZMB,2020,35.7
Zambia,ZMB,2019,36.1
Zambia,ZMB,2018,37.7
Zambia,ZMB,2017,38.8
Zambia,ZMB,2016,40.6
Zambia,ZMB,2015,42.4
Zambia,ZMB,2014,43.0
Zambia,ZMB,2013,44.5
Zambia,ZMB,2012,46.1
Zambia,ZMB,2011,47.4
Zambia,ZMB,2010,48.6
Zambia,ZMB,2009,50.2
Zambia,ZMB,2008,52.1
Zambia,ZMB,2007,54.3
Zambia,ZMB,2006,56.4
Zambia,ZMB,2005,60.2
Zambia,ZMB,2004,65.8
Zambia,ZMB,2003,72.3
Zambia,ZMB,2002,78.7
Zambia,ZMB,2001,84.6
Zambia,ZMB,2000,89.3
Zambia,ZMB,1999,92.5
Zambia,ZMB,1998,94.5
Zambia,ZMB,1997,95.6
Zambia,ZMB,1996,96.9
Zambia,ZMB,1995,98.5
Zambia,ZMB,1994,100.3
Zambia,ZMB,1993,101.5
Zambia,ZMB,1992,102.4
Zambia,ZMB,1991,102.6
Zambia,ZMB,1990,102.3
Zambia,ZMB,1989,101.4
Zambia,ZMB,1988,99.7
Zambia,ZMB,1987,97.5
Zambia,ZMB,1986,94.9
Zambia,ZMB,1985,92.0
Zambia,ZMB,1984,89.3
Zambia,ZMB,1983,87.0
Zambia,ZMB,1982,85.2
Zambia,ZMB,1981,84.1
Zambia,ZMB,1980,83.2
Zambia,ZMB,1979,82.3
Zambia,ZMB,1978,81.6
Zambia,ZMB,1977,81.1
Zambia,ZMB,1976,80.9
Zambia,ZMB,1975,81.7
Zambia,ZMB,1974,83.1
Zambia,ZMB,1973,85.3
Zambia,ZMB,1972,87.6
Zambia,ZMB,1971,90.0
Zambia,ZMB,1970,92.0
Zambia,ZMB,1969,93.5
Zambia,ZMB,1968,94.2
Zambia,ZMB,1967,94.6
Zambia,ZMB,1966,94.6
Zambia,ZMB,1965,94.8
Zambia,ZMB,1964,95.3
Zambia,ZMB,1963,96.0
Zambia,ZMB,1962,96.9
Zambia,ZMB,1961,98.1
Zambia,ZMB,1960,99.4
Zimbabwe,ZWE,2025,
Zimbabwe,ZWE,2024,62.4
Zimbabwe,ZWE,2023,62.2
Zimbabwe,ZWE,2022,61.6
Zimbabwe,ZWE,2021,59.8
Zimbabwe,ZWE,2020,57.8
Zimbabwe,ZWE,2019,55.8
Zimbabwe,ZWE,2018,54.4
Zimbabwe,ZWE,2017,54.2
Zimbabwe,ZWE,2016,54.3
Zimbabwe,ZWE,2015,54.7
Zimbabwe,ZWE,2014,54.7
Zimbabwe,ZWE,2013,56.6
Zimbabwe,ZWE,2012,58.8
Zimbabwe,ZWE,2011,64.2
Zimbabwe,ZWE,2010,67.4
Zimbabwe,ZWE,2009,69.8
Zimbabwe,ZWE,2008,69.8
Zimbabwe,ZWE,2007,68.8
Zimbabwe,ZWE,2006,65.9
Zimbabwe,ZWE,2005,64.5
Zimbabwe,ZWE,2004,61.7
Zimbabwe,ZWE,2003,59.5
Zimbabwe,ZWE,2002,58.7
Zimbabwe,ZWE,2001,58.3
Zimbabwe,ZWE,2000,58.3
Zimbabwe,ZWE,1999,59.0
Zimbabwe,ZWE,1998,59.6
Zimbabwe,ZWE,1997,62.2
Zimbabwe,ZWE,1996,63.1
Zimbabwe,ZWE,1995,58.7
Zimbabwe,ZWE,1994,58.0
Zimbabwe,ZWE,1993,55.2
Zimbabwe,ZWE,1992,53.7
Zimbabwe,ZWE,1991,53.5
Zimbabwe,ZWE,1990,54.0
Zimbabwe,ZWE,1989,55.0
Zimbabwe,ZWE,1988,56.2
Zimbabwe,ZWE,1987,58.1
Zimbabwe,ZWE,1986,60.5
Zimbabwe,ZWE,1985,63.4
Zimbabwe,ZWE,1984,66.8
Zimbabwe,ZWE,1983,70.2
Zimbabwe,ZWE,1982,73.4
Zimbabwe,ZWE,1981,75.7
Zimbabwe,ZWE,1980,76.8
Zimbabwe,ZWE,1979,76.3
Zimbabwe,ZWE,1978,75.0
Zimbabwe,ZWE,1977,73.6
Zimbabwe,ZWE,1976,72.3
Zimbabwe,ZWE,1975,71.0
Zimbabwe,ZWE,1974,69.8
Zimbabwe,ZWE,1973,68.7
Zimbabwe,ZWE,1972,68.1
Zimbabwe,ZWE,1971,67.8
Zimbabwe,ZWE,1970,67.9
Zimbabwe,ZWE,1969,68.1
Zimbabwe,ZWE,1968,68.6
Zimbabwe,ZWE,1967,69.5
Zimbabwe,ZWE,1966,70.9
Zimbabwe,ZWE,1965,72.4
Zimbabwe,ZWE,1964,74.0
Zimbabwe,ZWE,1963,75.5
Zimbabwe,ZWE,1962,76.9
Zimbabwe,ZWE,1961,78.1
Zimbabwe,ZWE,1960,79.3
