Country,ISO3,Year,Value
Africa Eastern and Southern,AFE,2025,
Africa Eastern and Southern,AFE,2024,57.2468824778745
Africa Eastern and Southern,AFE,2023,59.3756488709871
Africa Eastern and Southern,AFE,2022,63.2067883145526
Africa Eastern and Southern,AFE,2021,63.1054754572995
Africa Eastern and Southern,AFE,2020,60.6228105603126
Africa Eastern and Southern,AFE,2019,61.4916357499261
Africa Eastern and Southern,AFE,2018,63.4229471071232
Africa Eastern and Southern,AFE,2017,67.7377996223608
Africa Eastern and Southern,AFE,2016,68.3630285644492
Africa Eastern and Southern,AFE,2015,69.7257641113397
Africa Eastern and Southern,AFE,2014,70.8075544059449
Africa Eastern and Southern,AFE,2013,71.3718833965859
Africa Eastern and Southern,AFE,2012,75.1809855113981
Africa Eastern and Southern,AFE,2011,83.5500388786075
Africa Eastern and Southern,AFE,2010,81.9293217658242
Africa Eastern and Southern,AFE,2009,85.0921790428166
Africa Eastern and Southern,AFE,2008,89.6062041509218
Africa Eastern and Southern,AFE,2007,94.6953490064832
Africa Eastern and Southern,AFE,2006,99.9110205751859
Africa Eastern and Southern,AFE,2005,106.324608181285
Africa Eastern and Southern,AFE,2004,116.029119197957
Africa Eastern and Southern,AFE,2003,121.162607864068
Africa Eastern and Southern,AFE,2002,127.205825419527
Africa Eastern and Southern,AFE,2001,135.625994096863
Africa Eastern and Southern,AFE,2000,138.905542047276
Africa Eastern and Southern,AFE,1999,144.06860156476
Africa Eastern and Southern,AFE,1998,155.37136193317
Africa Eastern and Southern,AFE,1997,154.421041379841
Africa Eastern and Southern,AFE,1996,158.392958171473
Africa Eastern and Southern,AFE,1995,154.889649143691
Africa Eastern and Southern,AFE,1994,161.221246102516
Africa Eastern and Southern,AFE,1993,165.579845549725
Africa Eastern and Southern,AFE,1992,167.257396381249
Africa Eastern and Southern,AFE,1991,168.060458973167
Africa Eastern and Southern,AFE,1990,165.106870393413
Africa Eastern and Southern,AFE,1989,
Africa Eastern and Southern,AFE,1988,
Africa Eastern and Southern,AFE,1987,
Africa Eastern and Southern,AFE,1986,
Africa Eastern and Southern,AFE,1985,
Africa Eastern and Southern,AFE,1984,
Africa Eastern and Southern,AFE,1983,
Africa Eastern and Southern,AFE,1982,
Africa Eastern and Southern,AFE,1981,
Africa Eastern and Southern,AFE,1980,
Africa Eastern and Southern,AFE,1979,
Africa Eastern and Southern,AFE,1978,
Africa Eastern and Southern,AFE,1977,
Africa Eastern and Southern,AFE,1976,
Africa Eastern and Southern,AFE,1975,
Africa Eastern and Southern,AFE,1974,
Africa Eastern and Southern,AFE,1973,
Africa Eastern and Southern,AFE,1972,
Africa Eastern and Southern,AFE,1971,
Africa Eastern and Southern,AFE,1970,
Africa Eastern and Southern,AFE,1969,
Africa Eastern and Southern,AFE,1968,
Africa Eastern and Southern,AFE,1967,
Africa Eastern and Southern,AFE,1966,
Africa Eastern and Southern,AFE,1965,
Africa Eastern and Southern,AFE,1964,
Africa Eastern and Southern,AFE,1963,
Africa Eastern and Southern,AFE,1962,
Africa Eastern and Southern,AFE,1961,
Africa Eastern and Southern,AFE,1960,
Africa Western and Central,AFW,2025,
Africa Western and Central,AFW,2024,91.2690063409207
Africa Western and Central,AFW,2023,93.1384625037946
Africa Western and Central,AFW,2022,99.2832976933984
Africa Western and Central,AFW,2021,97.2224382375747
Africa Western and Central,AFW,2020,97.6133123185047
Africa Western and Central,AFW,2019,100.836050788105
Africa Western and Central,AFW,2018,100.218415291562
Africa Western and Central,AFW,2017,102.05803690267
Africa Western and Central,AFW,2016,103.14513535298
Africa Western and Central,AFW,2015,104.792583996923
Africa Western and Central,AFW,2014,107.620975614798
Africa Western and Central,AFW,2013,108.913498765347
Africa Western and Central,AFW,2012,111.214049041921
Africa Western and Central,AFW,2011,114.067745131608
Africa Western and Central,AFW,2010,117.476014195508
Africa Western and Central,AFW,2009,125.445488444603
Africa Western and Central,AFW,2008,124.411471397873
Africa Western and Central,AFW,2007,128.649851237291
Africa Western and Central,AFW,2006,133.167260085583
Africa Western and Central,AFW,2005,138.055291695204
Africa Western and Central,AFW,2004,143.427087874789
Africa Western and Central,AFW,2003,149.038744531491
Africa Western and Central,AFW,2002,154.90808166529
Africa Western and Central,AFW,2001,160.781319027226
Africa Western and Central,AFW,2000,166.597181522611
Africa Western and Central,AFW,1999,171.983950219399
Africa Western and Central,AFW,1998,176.875127924231
Africa Western and Central,AFW,1997,181.130405575091
Africa Western and Central,AFW,1996,184.751080185587
Africa Western and Central,AFW,1995,187.627512349529
Africa Western and Central,AFW,1994,190.047437787631
Africa Western and Central,AFW,1993,191.967064439638
Africa Western and Central,AFW,1992,193.688877079001
Africa Western and Central,AFW,1991,195.348106386842
Africa Western and Central,AFW,1990,197.22822149864
Africa Western and Central,AFW,1989,
Africa Western and Central,AFW,1988,
Africa Western and Central,AFW,1987,
Africa Western and Central,AFW,1986,
Africa Western and Central,AFW,1985,
Africa Western and Central,AFW,1984,
Africa Western and Central,AFW,1983,
Africa Western and Central,AFW,1982,
Africa Western and Central,AFW,1981,
Africa Western and Central,AFW,1980,
Africa Western and Central,AFW,1979,
Africa Western and Central,AFW,1978,
Africa Western and Central,AFW,1977,
Africa Western and Central,AFW,1976,
Africa Western and Central,AFW,1975,
Africa Western and Central,AFW,1974,
Africa Western and Central,AFW,1973,
Africa Western and Central,AFW,1972,
Africa Western and Central,AFW,1971,
Africa Western and Central,AFW,1970,
Africa Western and Central,AFW,1969,
Africa Western and Central,AFW,1968,
Africa Western and Central,AFW,1967,
Africa Western and Central,AFW,1966,
Africa Western and Central,AFW,1965,
Africa Western and Central,AFW,1964,
Africa Western and Central,AFW,1963,
Africa Western and Central,AFW,1962,
Africa Western and Central,AFW,1961,
Africa Western and Central,AFW,1960,
Arab World,ARB,2025,
Arab World,ARB,2024,33.7166587105093
Arab World,ARB,2023,35.0658387461088
Arab World,ARB,2022,36.0409343939478
Arab World,ARB,2021,34.347184058652
Arab World,ARB,2020,34.9116184492469
Arab World,ARB,2019,35.8477618830257
Arab World,ARB,2018,37.4834560622083
Arab World,ARB,2017,38.7097264210473
Arab World,ARB,2016,37.4469516814555
Arab World,ARB,2015,38.3264086280594
Arab World,ARB,2014,38.966473325527
Arab World,ARB,2013,40.0651107724651
Arab World,ARB,2012,43.2379757279856
Arab World,ARB,2011,53.8937199604241
Arab World,ARB,2010,44.917359877498
Arab World,ARB,2009,44.8441745490491
Arab World,ARB,2008,46.471239953465
Arab World,ARB,2007,48.3025318536282
Arab World,ARB,2006,50.2836850846917
Arab World,ARB,2005,53.7749415860122
Arab World,ARB,2004,55.4712517987444
Arab World,ARB,2003,55.5366067565137
Arab World,ARB,2002,57.3667985701484
Arab World,ARB,2001,59.1626436484532
Arab World,ARB,2000,61.0175247448248
Arab World,ARB,1999,63.0078817693328
Arab World,ARB,1998,70.2222915436138
Arab World,ARB,1997,67.0573126861073
Arab World,ARB,1996,69.1067672953067
Arab World,ARB,1995,71.1895653151424
Arab World,ARB,1994,73.1627755411867
Arab World,ARB,1993,83.3476883947066
Arab World,ARB,1992,86.0481756418765
Arab World,ARB,1991,89.9926907762657
Arab World,ARB,1990,85.4892254289005
Arab World,ARB,1989,
Arab World,ARB,1988,
Arab World,ARB,1987,
Arab World,ARB,1986,
Arab World,ARB,1985,
Arab World,ARB,1984,
Arab World,ARB,1983,
Arab World,ARB,1982,
Arab World,ARB,1981,
Arab World,ARB,1980,
Arab World,ARB,1979,
Arab World,ARB,1978,
Arab World,ARB,1977,
Arab World,ARB,1976,
Arab World,ARB,1975,
Arab World,ARB,1974,
Arab World,ARB,1973,
Arab World,ARB,1972,
Arab World,ARB,1971,
Arab World,ARB,1970,
Arab World,ARB,1969,
Arab World,ARB,1968,
Arab World,ARB,1967,
Arab World,ARB,1966,
Arab World,ARB,1965,
Arab World,ARB,1964,
Arab World,ARB,1963,
Arab World,ARB,1962,
Arab World,ARB,1961,
Arab World,ARB,1960,
Caribbean small states,CSS,2025,
Caribbean small states,CSS,2024,18.1536854848596
Caribbean small states,CSS,2023,18.6734280753062
Caribbean small states,CSS,2022,19.2519055409131
Caribbean small states,CSS,2021,19.8300013620473
Caribbean small states,CSS,2020,20.2340787930087
Caribbean small states,CSS,2019,21.4825706165536
Caribbean small states,CSS,2018,21.0948856500277
Caribbean small states,CSS,2017,21.6186888425685
Caribbean small states,CSS,2016,22.1309816388208
Caribbean small states,CSS,2015,22.5926085426782
Caribbean small states,CSS,2014,23.084774339181
Caribbean small states,CSS,2013,23.5459317439355
Caribbean small states,CSS,2012,23.9873976108028
Caribbean small states,CSS,2011,24.46797830169
Caribbean small states,CSS,2010,24.8751909030545
Caribbean small states,CSS,2009,25.2608405148904
Caribbean small states,CSS,2008,25.7292304129259
Caribbean small states,CSS,2007,26.2060322483835
Caribbean small states,CSS,2006,26.6642978373939
Caribbean small states,CSS,2005,27.1256315760631
Caribbean small states,CSS,2004,27.6420531157027
Caribbean small states,CSS,2003,28.2168081676518
Caribbean small states,CSS,2002,28.9147169910643
Caribbean small states,CSS,2001,29.6129024405868
Caribbean small states,CSS,2000,30.3365542135221
Caribbean small states,CSS,1999,31.1770562878741
Caribbean small states,CSS,1998,32.028605760251
Caribbean small states,CSS,1997,32.699530935076
Caribbean small states,CSS,1996,33.4530231097259
Caribbean small states,CSS,1995,34.2095801350117
Caribbean small states,CSS,1994,35.0046934910689
Caribbean small states,CSS,1993,35.8225766786564
Caribbean small states,CSS,1992,36.640265940079
Caribbean small states,CSS,1991,37.7474232205563
Caribbean small states,CSS,1990,38.7786569671058
Caribbean small states,CSS,1989,
Caribbean small states,CSS,1988,
Caribbean small states,CSS,1987,
Caribbean small states,CSS,1986,
Caribbean small states,CSS,1985,
Caribbean small states,CSS,1984,
Caribbean small states,CSS,1983,
Caribbean small states,CSS,1982,
Caribbean small states,CSS,1981,
Caribbean small states,CSS,1980,
Caribbean small states,CSS,1979,
Caribbean small states,CSS,1978,
Caribbean small states,CSS,1977,
Caribbean small states,CSS,1976,
Caribbean small states,CSS,1975,
Caribbean small states,CSS,1974,
Caribbean small states,CSS,1973,
Caribbean small states,CSS,1972,
Caribbean small states,CSS,1971,
Caribbean small states,CSS,1970,
Caribbean small states,CSS,1969,
Caribbean small states,CSS,1968,
Caribbean small states,CSS,1967,
Caribbean small states,CSS,1966,
Caribbean small states,CSS,1965,
Caribbean small states,CSS,1964,
Caribbean small states,CSS,1963,
Caribbean small states,CSS,1962,
Caribbean small states,CSS,1961,
Caribbean small states,CSS,1960,
Central Europe and the Baltics,CEB,2025,
Central Europe and the Baltics,CEB,2024,4.7930421228267
Central Europe and the Baltics,CEB,2023,4.75243694513347
Central Europe and the Baltics,CEB,2022,4.693924319098
Central Europe and the Baltics,CEB,2021,4.67541577377201
Central Europe and the Baltics,CEB,2020,4.73289141291711
Central Europe and the Baltics,CEB,2019,4.86801997531672
Central Europe and the Baltics,CEB,2018,5.04437891013553
Central Europe and the Baltics,CEB,2017,5.27542081196346
Central Europe and the Baltics,CEB,2016,5.53686433246911
Central Europe and the Baltics,CEB,2015,5.80488075204549
Central Europe and the Baltics,CEB,2014,6.03769013915952
Central Europe and the Baltics,CEB,2013,6.31738620589922
Central Europe and the Baltics,CEB,2012,6.62399998855631
Central Europe and the Baltics,CEB,2011,6.95384740981372
Central Europe and the Baltics,CEB,2010,7.33253040004125
Central Europe and the Baltics,CEB,2009,7.75034641571448
Central Europe and the Baltics,CEB,2008,8.20550739414213
Central Europe and the Baltics,CEB,2007,8.72351795707887
Central Europe and the Baltics,CEB,2006,9.38021929512148
Central Europe and the Baltics,CEB,2005,10.0262533068436
Central Europe and the Baltics,CEB,2004,10.5387676882167
Central Europe and the Baltics,CEB,2003,10.9999607669708
Central Europe and the Baltics,CEB,2002,11.3072685436924
Central Europe and the Baltics,CEB,2001,11.7091399740953
Central Europe and the Baltics,CEB,2000,12.3188834146514
Central Europe and the Baltics,CEB,1999,13.1369024601131
Central Europe and the Baltics,CEB,1998,14.0071568455417
Central Europe and the Baltics,CEB,1997,14.7938283016959
Central Europe and the Baltics,CEB,1996,15.55653012219
Central Europe and the Baltics,CEB,1995,16.3506632815526
Central Europe and the Baltics,CEB,1994,17.0586403186791
Central Europe and the Baltics,CEB,1993,17.6274691934851
Central Europe and the Baltics,CEB,1992,18.2083775113294
Central Europe and the Baltics,CEB,1991,18.6663936900977
Central Europe and the Baltics,CEB,1990,19.329792908074
Central Europe and the Baltics,CEB,1989,
Central Europe and the Baltics,CEB,1988,
Central Europe and the Baltics,CEB,1987,
Central Europe and the Baltics,CEB,1986,
Central Europe and the Baltics,CEB,1985,
Central Europe and the Baltics,CEB,1984,
Central Europe and the Baltics,CEB,1983,
Central Europe and the Baltics,CEB,1982,
Central Europe and the Baltics,CEB,1981,
Central Europe and the Baltics,CEB,1980,
Central Europe and the Baltics,CEB,1979,
Central Europe and the Baltics,CEB,1978,
Central Europe and the Baltics,CEB,1977,
Central Europe and the Baltics,CEB,1976,
Central Europe and the Baltics,CEB,1975,
Central Europe and the Baltics,CEB,1974,
Central Europe and the Baltics,CEB,1973,
Central Europe and the Baltics,CEB,1972,
Central Europe and the Baltics,CEB,1971,
Central Europe and the Baltics,CEB,1970,
Central Europe and the Baltics,CEB,1969,
Central Europe and the Baltics,CEB,1968,
Central Europe and the Baltics,CEB,1967,
Central Europe and the Baltics,CEB,1966,
Central Europe and the Baltics,CEB,1965,
Central Europe and the Baltics,CEB,1964,
Central Europe and the Baltics,CEB,1963,
Central Europe and the Baltics,CEB,1962,
Central Europe and the Baltics,CEB,1961,
Central Europe and the Baltics,CEB,1960,
Early-demographic dividend,EAR,2025,
Early-demographic dividend,EAR,2024,29.3993201449198
Early-demographic dividend,EAR,2023,30.8785826584925
Early-demographic dividend,EAR,2022,32.7176454900784
Early-demographic dividend,EAR,2021,33.8312680253746
Early-demographic dividend,EAR,2020,33.7001179805719
Early-demographic dividend,EAR,2019,34.9101641822264
Early-demographic dividend,EAR,2018,36.1562766486784
Early-demographic dividend,EAR,2017,37.4716956775527
Early-demographic dividend,EAR,2016,38.9997656937306
Early-demographic dividend,EAR,2015,40.6812813482926
Early-demographic dividend,EAR,2014,42.4666258953891
Early-demographic dividend,EAR,2013,44.4942970063474
Early-demographic dividend,EAR,2012,46.6221417500773
Early-demographic dividend,EAR,2011,48.8209534205075
Early-demographic dividend,EAR,2010,51.4346564632238
Early-demographic dividend,EAR,2009,53.6283446316316
Early-demographic dividend,EAR,2008,56.6146245609075
Early-demographic dividend,EAR,2007,58.7468522161505
Early-demographic dividend,EAR,2006,61.445917265839
Early-demographic dividend,EAR,2005,64.2700700599399
Early-demographic dividend,EAR,2004,67.6212725586949
Early-demographic dividend,EAR,2003,70.169723758267
Early-demographic dividend,EAR,2002,73.2051028865653
Early-demographic dividend,EAR,2001,76.2893190449641
Early-demographic dividend,EAR,2000,79.4553717655462
Early-demographic dividend,EAR,1999,82.5561667405938
Early-demographic dividend,EAR,1998,85.8198981275396
Early-demographic dividend,EAR,1997,88.9116209884799
Early-demographic dividend,EAR,1996,91.8989824945032
Early-demographic dividend,EAR,1995,94.8901056623679
Early-demographic dividend,EAR,1994,98.9588790906119
Early-demographic dividend,EAR,1993,100.921327257292
Early-demographic dividend,EAR,1992,103.904314307741
Early-demographic dividend,EAR,1991,106.848247199753
Early-demographic dividend,EAR,1990,110.13211923778
Early-demographic dividend,EAR,1989,
Early-demographic dividend,EAR,1988,
Early-demographic dividend,EAR,1987,
Early-demographic dividend,EAR,1986,
Early-demographic dividend,EAR,1985,
Early-demographic dividend,EAR,1984,
Early-demographic dividend,EAR,1983,
Early-demographic dividend,EAR,1982,
Early-demographic dividend,EAR,1981,
Early-demographic dividend,EAR,1980,
Early-demographic dividend,EAR,1979,
Early-demographic dividend,EAR,1978,
Early-demographic dividend,EAR,1977,
Early-demographic dividend,EAR,1976,
Early-demographic dividend,EAR,1975,
Early-demographic dividend,EAR,1974,
Early-demographic dividend,EAR,1973,
Early-demographic dividend,EAR,1972,
Early-demographic dividend,EAR,1971,
Early-demographic dividend,EAR,1970,
Early-demographic dividend,EAR,1969,
Early-demographic dividend,EAR,1968,
Early-demographic dividend,EAR,1967,
Early-demographic dividend,EAR,1966,
Early-demographic dividend,EAR,1965,
Early-demographic dividend,EAR,1964,
Early-demographic dividend,EAR,1963,
Early-demographic dividend,EAR,1962,
Early-demographic dividend,EAR,1961,
Early-demographic dividend,EAR,1960,
East Asia & Pacific,EAS,2025,
East Asia & Pacific,EAS,2024,13.2
East Asia & Pacific,EAS,2023,13.7
East Asia & Pacific,EAS,2022,14.0
East Asia & Pacific,EAS,2021,14.2
East Asia & Pacific,EAS,2020,14.4
East Asia & Pacific,EAS,2019,14.3
East Asia & Pacific,EAS,2018,14.8
East Asia & Pacific,EAS,2017,15.0
East Asia & Pacific,EAS,2016,15.7
East Asia & Pacific,EAS,2015,16.6
East Asia & Pacific,EAS,2014,17.2
East Asia & Pacific,EAS,2013,18.2
East Asia & Pacific,EAS,2012,19.1
East Asia & Pacific,EAS,2011,20.3
East Asia & Pacific,EAS,2010,21.4
East Asia & Pacific,EAS,2009,22.5
East Asia & Pacific,EAS,2008,24.9
East Asia & Pacific,EAS,2007,25.4
East Asia & Pacific,EAS,2006,27.0
East Asia & Pacific,EAS,2005,28.7
East Asia & Pacific,EAS,2004,31.5
East Asia & Pacific,EAS,2003,32.6
East Asia & Pacific,EAS,2002,35.5
East Asia & Pacific,EAS,2001,37.5
East Asia & Pacific,EAS,2000,39.6
East Asia & Pacific,EAS,1999,41.9
East Asia & Pacific,EAS,1998,43.9
East Asia & Pacific,EAS,1997,45.9
East Asia & Pacific,EAS,1996,47.8
East Asia & Pacific,EAS,1995,49.6
East Asia & Pacific,EAS,1994,50.6
East Asia & Pacific,EAS,1993,52.3
East Asia & Pacific,EAS,1992,53.9
East Asia & Pacific,EAS,1991,55.2
East Asia & Pacific,EAS,1990,56.4
East Asia & Pacific,EAS,1989,
East Asia & Pacific,EAS,1988,
East Asia & Pacific,EAS,1987,
East Asia & Pacific,EAS,1986,
East Asia & Pacific,EAS,1985,
East Asia & Pacific,EAS,1984,
East Asia & Pacific,EAS,1983,
East Asia & Pacific,EAS,1982,
East Asia & Pacific,EAS,1981,
East Asia & Pacific,EAS,1980,
East Asia & Pacific,EAS,1979,
East Asia & Pacific,EAS,1978,
East Asia & Pacific,EAS,1977,
East Asia & Pacific,EAS,1976,
East Asia & Pacific,EAS,1975,
East Asia & Pacific,EAS,1974,
East Asia & Pacific,EAS,1973,
East Asia & Pacific,EAS,1972,
East Asia & Pacific,EAS,1971,
East Asia & Pacific,EAS,1970,
East Asia & Pacific,EAS,1969,
East Asia & Pacific,EAS,1968,
East Asia & Pacific,EAS,1967,
East Asia & Pacific,EAS,1966,
East Asia & Pacific,EAS,1965,
East Asia & Pacific,EAS,1964,
East Asia & Pacific,EAS,1963,
East Asia & Pacific,EAS,1962,
East Asia & Pacific,EAS,1961,
East Asia & Pacific,EAS,1960,
East Asia & Pacific (excluding high income),EAP,2025,
East Asia & Pacific (excluding high income),EAP,2024,13.9498818671439
East Asia & Pacific (excluding high income),EAP,2023,14.4749594363851
East Asia & Pacific (excluding high income),EAP,2022,14.8448601956501
East Asia & Pacific (excluding high income),EAP,2021,15.0122967009999
East Asia & Pacific (excluding high income),EAP,2020,15.1823948934567
East Asia & Pacific (excluding high income),EAP,2019,15.0180940327798
East Asia & Pacific (excluding high income),EAP,2018,15.5381715461795
East Asia & Pacific (excluding high income),EAP,2017,15.6474834443702
East Asia & Pacific (excluding high income),EAP,2016,16.4720341830735
East Asia & Pacific (excluding high income),EAP,2015,17.4865557526411
East Asia & Pacific (excluding high income),EAP,2014,18.0713618055203
East Asia & Pacific (excluding high income),EAP,2013,19.1365596950918
East Asia & Pacific (excluding high income),EAP,2012,19.9737241800297
East Asia & Pacific (excluding high income),EAP,2011,21.3685026814193
East Asia & Pacific (excluding high income),EAP,2010,22.4399493451171
East Asia & Pacific (excluding high income),EAP,2009,23.7274578501377
East Asia & Pacific (excluding high income),EAP,2008,26.206449057273
East Asia & Pacific (excluding high income),EAP,2007,26.7559837962097
East Asia & Pacific (excluding high income),EAP,2006,28.4224115469992
East Asia & Pacific (excluding high income),EAP,2005,30.2907051058504
East Asia & Pacific (excluding high income),EAP,2004,33.2761577425412
East Asia & Pacific (excluding high income),EAP,2003,34.4812187182369
East Asia & Pacific (excluding high income),EAP,2002,37.5572527592659
East Asia & Pacific (excluding high income),EAP,2001,39.884236685369
East Asia & Pacific (excluding high income),EAP,2000,41.9695455382353
East Asia & Pacific (excluding high income),EAP,1999,44.5666413226381
East Asia & Pacific (excluding high income),EAP,1998,46.7082725352177
East Asia & Pacific (excluding high income),EAP,1997,48.7547414969065
East Asia & Pacific (excluding high income),EAP,1996,50.6959492925848
East Asia & Pacific (excluding high income),EAP,1995,52.596446398482
East Asia & Pacific (excluding high income),EAP,1994,53.5579086699048
East Asia & Pacific (excluding high income),EAP,1993,55.371625665059
East Asia & Pacific (excluding high income),EAP,1992,57.0052016704789
East Asia & Pacific (excluding high income),EAP,1991,58.3811689638474
East Asia & Pacific (excluding high income),EAP,1990,58.9573018347585
East Asia & Pacific (excluding high income),EAP,1989,
East Asia & Pacific (excluding high income),EAP,1988,
East Asia & Pacific (excluding high income),EAP,1987,
East Asia & Pacific (excluding high income),EAP,1986,
East Asia & Pacific (excluding high income),EAP,1985,
East Asia & Pacific (excluding high income),EAP,1984,
East Asia & Pacific (excluding high income),EAP,1983,
East Asia & Pacific (excluding high income),EAP,1982,
East Asia & Pacific (excluding high income),EAP,1981,
East Asia & Pacific (excluding high income),EAP,1980,
East Asia & Pacific (excluding high income),EAP,1979,
East Asia & Pacific (excluding high income),EAP,1978,
East Asia & Pacific (excluding high income),EAP,1977,
East Asia & Pacific (excluding high income),EAP,1976,
East Asia & Pacific (excluding high income),EAP,1975,
East Asia & Pacific (excluding high income),EAP,1974,
East Asia & Pacific (excluding high income),EAP,1973,
East Asia & Pacific (excluding high income),EAP,1972,
East Asia & Pacific (excluding high income),EAP,1971,
East Asia & Pacific (excluding high income),EAP,1970,
East Asia & Pacific (excluding high income),EAP,1969,
East Asia & Pacific (excluding high income),EAP,1968,
East Asia & Pacific (excluding high income),EAP,1967,
East Asia & Pacific (excluding high income),EAP,1966,
East Asia & Pacific (excluding high income),EAP,1965,
East Asia & Pacific (excluding high income),EAP,1964,
East Asia & Pacific (excluding high income),EAP,1963,
East Asia & Pacific (excluding high income),EAP,1962,
East Asia & Pacific (excluding high income),EAP,1961,
East Asia & Pacific (excluding high income),EAP,1960,
East Asia & Pacific (IDA & IBRD countries),TEA,2025,
East Asia & Pacific (IDA & IBRD countries),TEA,2024,13.9014173683532
East Asia & Pacific (IDA & IBRD countries),TEA,2023,14.4130483778755
East Asia & Pacific (IDA & IBRD countries),TEA,2022,14.7957069398733
East Asia & Pacific (IDA & IBRD countries),TEA,2021,14.9730901463221
East Asia & Pacific (IDA & IBRD countries),TEA,2020,15.1483633261233
East Asia & Pacific (IDA & IBRD countries),TEA,2019,14.9817931210967
East Asia & Pacific (IDA & IBRD countries),TEA,2018,15.5008395354015
East Asia & Pacific (IDA & IBRD countries),TEA,2017,15.6073305916676
East Asia & Pacific (IDA & IBRD countries),TEA,2016,16.4248379117084
East Asia & Pacific (IDA & IBRD countries),TEA,2015,17.441339920976
East Asia & Pacific (IDA & IBRD countries),TEA,2014,18.0215972955504
East Asia & Pacific (IDA & IBRD countries),TEA,2013,19.0818008875774
East Asia & Pacific (IDA & IBRD countries),TEA,2012,19.913184008335
East Asia & Pacific (IDA & IBRD countries),TEA,2011,21.3043803830477
East Asia & Pacific (IDA & IBRD countries),TEA,2010,22.3711112891205
East Asia & Pacific (IDA & IBRD countries),TEA,2009,23.658345642277
East Asia & Pacific (IDA & IBRD countries),TEA,2008,26.1511049620741
East Asia & Pacific (IDA & IBRD countries),TEA,2007,26.6902316996262
East Asia & Pacific (IDA & IBRD countries),TEA,2006,28.3702187955748
East Asia & Pacific (IDA & IBRD countries),TEA,2005,30.254824557307
East Asia & Pacific (IDA & IBRD countries),TEA,2004,33.2695203962365
East Asia & Pacific (IDA & IBRD countries),TEA,2003,34.4808837104115
East Asia & Pacific (IDA & IBRD countries),TEA,2002,36.7362169899143
East Asia & Pacific (IDA & IBRD countries),TEA,2001,39.0471957374983
East Asia & Pacific (IDA & IBRD countries),TEA,2000,41.1463906897658
East Asia & Pacific (IDA & IBRD countries),TEA,1999,43.7117519362245
East Asia & Pacific (IDA & IBRD countries),TEA,1998,45.8556129622016
East Asia & Pacific (IDA & IBRD countries),TEA,1997,47.9141544641941
East Asia & Pacific (IDA & IBRD countries),TEA,1996,49.8616443552847
East Asia & Pacific (IDA & IBRD countries),TEA,1995,51.783009934207
East Asia & Pacific (IDA & IBRD countries),TEA,1994,53.7165045192937
East Asia & Pacific (IDA & IBRD countries),TEA,1993,55.54648839189
East Asia & Pacific (IDA & IBRD countries),TEA,1992,57.1991089248755
East Asia & Pacific (IDA & IBRD countries),TEA,1991,58.5900400746417
East Asia & Pacific (IDA & IBRD countries),TEA,1990,59.1525790445281
East Asia & Pacific (IDA & IBRD countries),TEA,1989,
East Asia & Pacific (IDA & IBRD countries),TEA,1988,
East Asia & Pacific (IDA & IBRD countries),TEA,1987,
East Asia & Pacific (IDA & IBRD countries),TEA,1986,
East Asia & Pacific (IDA & IBRD countries),TEA,1985,
East Asia & Pacific (IDA & IBRD countries),TEA,1984,
East Asia & Pacific (IDA & IBRD countries),TEA,1983,
East Asia & Pacific (IDA & IBRD countries),TEA,1982,
East Asia & Pacific (IDA & IBRD countries),TEA,1981,
East Asia & Pacific (IDA & IBRD countries),TEA,1980,
East Asia & Pacific (IDA & IBRD countries),TEA,1979,
East Asia & Pacific (IDA & IBRD countries),TEA,1978,
East Asia & Pacific (IDA & IBRD countries),TEA,1977,
East Asia & Pacific (IDA & IBRD countries),TEA,1976,
East Asia & Pacific (IDA & IBRD countries),TEA,1975,
East Asia & Pacific (IDA & IBRD countries),TEA,1974,
East Asia & Pacific (IDA & IBRD countries),TEA,1973,
East Asia & Pacific (IDA & IBRD countries),TEA,1972,
East Asia & Pacific (IDA & IBRD countries),TEA,1971,
East Asia & Pacific (IDA & IBRD countries),TEA,1970,
East Asia & Pacific (IDA & IBRD countries),TEA,1969,
East Asia & Pacific (IDA & IBRD countries),TEA,1968,
East Asia & Pacific (IDA & IBRD countries),TEA,1967,
East Asia & Pacific (IDA & IBRD countries),TEA,1966,
East Asia & Pacific (IDA & IBRD countries),TEA,1965,
East Asia & Pacific (IDA & IBRD countries),TEA,1964,
East Asia & Pacific (IDA & IBRD countries),TEA,1963,
East Asia & Pacific (IDA & IBRD countries),TEA,1962,
East Asia & Pacific (IDA & IBRD countries),TEA,1961,
East Asia & Pacific (IDA & IBRD countries),TEA,1960,
Euro area,EMU,2025,
Euro area,EMU,2024,3.7053201522293
Euro area,EMU,2023,3.71794577885785
Euro area,EMU,2022,3.73314047472177
Euro area,EMU,2021,3.74819456597552
Euro area,EMU,2020,3.74912764856254
Euro area,EMU,2019,3.77135271572648
Euro area,EMU,2018,3.8222190835292
Euro area,EMU,2017,3.85374210654639
Euro area,EMU,2016,3.9272951450282
Euro area,EMU,2015,3.96175287599302
Euro area,EMU,2014,4.01071564239057
Euro area,EMU,2013,4.06495297338017
Euro area,EMU,2012,4.12530026975936
Euro area,EMU,2011,4.23648831888596
Euro area,EMU,2010,4.33053771112197
Euro area,EMU,2009,4.47859369402051
Euro area,EMU,2008,4.58145952343906
Euro area,EMU,2007,4.70739923768855
Euro area,EMU,2006,4.84284913293961
Euro area,EMU,2005,5.02231068390932
Euro area,EMU,2004,5.22998909546917
Euro area,EMU,2003,5.41755462289396
Euro area,EMU,2002,5.62625734966375
Euro area,EMU,2001,5.81608962539807
Euro area,EMU,2000,6.07803458003328
Euro area,EMU,1999,6.29113592180855
Euro area,EMU,1998,6.52215617896911
Euro area,EMU,1997,6.77977133807409
Euro area,EMU,1996,7.16036301312065
Euro area,EMU,1995,7.57222097408142
Euro area,EMU,1994,8.05446803563593
Euro area,EMU,1993,8.5597934020775
Euro area,EMU,1992,9.04486785548533
Euro area,EMU,1991,9.50251443643115
Euro area,EMU,1990,9.87167053079422
Euro area,EMU,1989,
Euro area,EMU,1988,
Euro area,EMU,1987,
Euro area,EMU,1986,
Euro area,EMU,1985,
Euro area,EMU,1984,
Euro area,EMU,1983,
Euro area,EMU,1982,
Euro area,EMU,1981,
Euro area,EMU,1980,
Euro area,EMU,1979,
Euro area,EMU,1978,
Euro area,EMU,1977,
Euro area,EMU,1976,
Euro area,EMU,1975,
Euro area,EMU,1974,
Euro area,EMU,1973,
Euro area,EMU,1972,
Euro area,EMU,1971,
Euro area,EMU,1970,
Euro area,EMU,1969,
Euro area,EMU,1968,
Euro area,EMU,1967,
Euro area,EMU,1966,
Euro area,EMU,1965,
Euro area,EMU,1964,
Euro area,EMU,1963,
Euro area,EMU,1962,
Euro area,EMU,1961,
Euro area,EMU,1960,
Europe & Central Asia,ECS,2025,
Europe & Central Asia,ECS,2024,7.8
Europe & Central Asia,ECS,2023,8.4
Europe & Central Asia,ECS,2022,8.0
Europe & Central Asia,ECS,2021,8.1
Europe & Central Asia,ECS,2020,8.3
Europe & Central Asia,ECS,2019,8.5
Europe & Central Asia,ECS,2018,8.6
Europe & Central Asia,ECS,2017,8.8
Europe & Central Asia,ECS,2016,9.2
Europe & Central Asia,ECS,2015,9.6
Europe & Central Asia,ECS,2014,10.0
Europe & Central Asia,ECS,2013,10.4
Europe & Central Asia,ECS,2012,10.8
Europe & Central Asia,ECS,2011,11.2
Europe & Central Asia,ECS,2010,11.7
Europe & Central Asia,ECS,2009,12.3
Europe & Central Asia,ECS,2008,13.0
Europe & Central Asia,ECS,2007,13.8
Europe & Central Asia,ECS,2006,14.6
Europe & Central Asia,ECS,2005,15.5
Europe & Central Asia,ECS,2004,16.4
Europe & Central Asia,ECS,2003,17.4
Europe & Central Asia,ECS,2002,18.5
Europe & Central Asia,ECS,2001,19.7
Europe & Central Asia,ECS,2000,20.9
Europe & Central Asia,ECS,1999,22.5
Europe & Central Asia,ECS,1998,23.8
Europe & Central Asia,ECS,1997,25.1
Europe & Central Asia,ECS,1996,26.3
Europe & Central Asia,ECS,1995,27.8
Europe & Central Asia,ECS,1994,28.6
Europe & Central Asia,ECS,1993,29.6
Europe & Central Asia,ECS,1992,30.0
Europe & Central Asia,ECS,1991,30.2
Europe & Central Asia,ECS,1990,30.8
Europe & Central Asia,ECS,1989,
Europe & Central Asia,ECS,1988,
Europe & Central Asia,ECS,1987,
Europe & Central Asia,ECS,1986,
Europe & Central Asia,ECS,1985,
Europe & Central Asia,ECS,1984,
Europe & Central Asia,ECS,1983,
Europe & Central Asia,ECS,1982,
Europe & Central Asia,ECS,1981,
Europe & Central Asia,ECS,1980,
Europe & Central Asia,ECS,1979,
Europe & Central Asia,ECS,1978,
Europe & Central Asia,ECS,1977,
Europe & Central Asia,ECS,1976,
Europe & Central Asia,ECS,1975,
Europe & Central Asia,ECS,1974,
Europe & Central Asia,ECS,1973,
Europe & Central Asia,ECS,1972,
Europe & Central Asia,ECS,1971,
Europe & Central Asia,ECS,1970,
Europe & Central Asia,ECS,1969,
Europe & Central Asia,ECS,1968,
Europe & Central Asia,ECS,1967,
Europe & Central Asia,ECS,1966,
Europe & Central Asia,ECS,1965,
Europe & Central Asia,ECS,1964,
Europe & Central Asia,ECS,1963,
Europe & Central Asia,ECS,1962,
Europe & Central Asia,ECS,1961,
Europe & Central Asia,ECS,1960,
Europe & Central Asia (excluding high income),ECA,2025,
Europe & Central Asia (excluding high income),ECA,2024,13.4517330271616
Europe & Central Asia (excluding high income),ECA,2023,14.9318910217203
Europe & Central Asia (excluding high income),ECA,2022,14.1403721981144
Europe & Central Asia (excluding high income),ECA,2021,14.2754006870893
Europe & Central Asia (excluding high income),ECA,2020,14.5690548624348
Europe & Central Asia (excluding high income),ECA,2019,14.9067668723198
Europe & Central Asia (excluding high income),ECA,2018,15.2052863202675
Europe & Central Asia (excluding high income),ECA,2017,15.5904334752804
Europe & Central Asia (excluding high income),ECA,2016,16.0721474728614
Europe & Central Asia (excluding high income),ECA,2015,16.8078244064144
Europe & Central Asia (excluding high income),ECA,2014,17.5388657418696
Europe & Central Asia (excluding high income),ECA,2013,18.4040261785443
Europe & Central Asia (excluding high income),ECA,2012,19.3782248485954
Europe & Central Asia (excluding high income),ECA,2011,20.6052052466506
Europe & Central Asia (excluding high income),ECA,2010,21.8327619264082
Europe & Central Asia (excluding high income),ECA,2009,23.1662750310061
Europe & Central Asia (excluding high income),ECA,2008,24.7537658738244
Europe & Central Asia (excluding high income),ECA,2007,26.4596456532286
Europe & Central Asia (excluding high income),ECA,2006,28.2285287698445
Europe & Central Asia (excluding high income),ECA,2005,30.1880663905664
Europe & Central Asia (excluding high income),ECA,2004,32.3195945196954
Europe & Central Asia (excluding high income),ECA,2003,34.358834558628
Europe & Central Asia (excluding high income),ECA,2002,36.8517204276354
Europe & Central Asia (excluding high income),ECA,2001,39.354758701548
Europe & Central Asia (excluding high income),ECA,2000,41.9047834514985
Europe & Central Asia (excluding high income),ECA,1999,44.6670902266522
Europe & Central Asia (excluding high income),ECA,1998,47.1979923255774
Europe & Central Asia (excluding high income),ECA,1997,49.7233068024539
Europe & Central Asia (excluding high income),ECA,1996,51.7500286667512
Europe & Central Asia (excluding high income),ECA,1995,54.2320708630039
Europe & Central Asia (excluding high income),ECA,1994,55.5898259646541
Europe & Central Asia (excluding high income),ECA,1993,57.3599164526427
Europe & Central Asia (excluding high income),ECA,1992,58.1123157869389
Europe & Central Asia (excluding high income),ECA,1991,58.3378142859628
Europe & Central Asia (excluding high income),ECA,1990,59.5420830262645
Europe & Central Asia (excluding high income),ECA,1989,
Europe & Central Asia (excluding high income),ECA,1988,
Europe & Central Asia (excluding high income),ECA,1987,
Europe & Central Asia (excluding high income),ECA,1986,
Europe & Central Asia (excluding high income),ECA,1985,
Europe & Central Asia (excluding high income),ECA,1984,
Europe & Central Asia (excluding high income),ECA,1983,
Europe & Central Asia (excluding high income),ECA,1982,
Europe & Central Asia (excluding high income),ECA,1981,
Europe & Central Asia (excluding high income),ECA,1980,
Europe & Central Asia (excluding high income),ECA,1979,
Europe & Central Asia (excluding high income),ECA,1978,
Europe & Central Asia (excluding high income),ECA,1977,
Europe & Central Asia (excluding high income),ECA,1976,
Europe & Central Asia (excluding high income),ECA,1975,
Europe & Central Asia (excluding high income),ECA,1974,
Europe & Central Asia (excluding high income),ECA,1973,
Europe & Central Asia (excluding high income),ECA,1972,
Europe & Central Asia (excluding high income),ECA,1971,
Europe & Central Asia (excluding high income),ECA,1970,
Europe & Central Asia (excluding high income),ECA,1969,
Europe & Central Asia (excluding high income),ECA,1968,
Europe & Central Asia (excluding high income),ECA,1967,
Europe & Central Asia (excluding high income),ECA,1966,
Europe & Central Asia (excluding high income),ECA,1965,
Europe & Central Asia (excluding high income),ECA,1964,
Europe & Central Asia (excluding high income),ECA,1963,
Europe & Central Asia (excluding high income),ECA,1962,
Europe & Central Asia (excluding high income),ECA,1961,
Europe & Central Asia (excluding high income),ECA,1960,
Europe & Central Asia (IDA & IBRD countries),TEC,2025,
Europe & Central Asia (IDA & IBRD countries),TEC,2024,10.6809112048649
Europe & Central Asia (IDA & IBRD countries),TEC,2023,11.6608918220628
Europe & Central Asia (IDA & IBRD countries),TEC,2022,11.1412663683546
Europe & Central Asia (IDA & IBRD countries),TEC,2021,11.2390654205607
Europe & Central Asia (IDA & IBRD countries),TEC,2020,11.4402376555719
Europe & Central Asia (IDA & IBRD countries),TEC,2019,11.7213148178318
Europe & Central Asia (IDA & IBRD countries),TEC,2018,11.9395431519003
Europe & Central Asia (IDA & IBRD countries),TEC,2017,12.2525480085223
Europe & Central Asia (IDA & IBRD countries),TEC,2016,12.6684363631334
Europe & Central Asia (IDA & IBRD countries),TEC,2015,13.343577725526
Europe & Central Asia (IDA & IBRD countries),TEC,2014,14.0220051709822
Europe & Central Asia (IDA & IBRD countries),TEC,2013,14.7303815259107
Europe & Central Asia (IDA & IBRD countries),TEC,2012,15.4101584121496
Europe & Central Asia (IDA & IBRD countries),TEC,2011,16.2944506822689
Europe & Central Asia (IDA & IBRD countries),TEC,2010,17.0847676839038
Europe & Central Asia (IDA & IBRD countries),TEC,2009,18.0517614978236
Europe & Central Asia (IDA & IBRD countries),TEC,2008,19.2850177301123
Europe & Central Asia (IDA & IBRD countries),TEC,2007,20.705915778817
Europe & Central Asia (IDA & IBRD countries),TEC,2006,22.2317109209457
Europe & Central Asia (IDA & IBRD countries),TEC,2005,23.7961221368325
Europe & Central Asia (IDA & IBRD countries),TEC,2004,25.4008816088789
Europe & Central Asia (IDA & IBRD countries),TEC,2003,26.9579816601548
Europe & Central Asia (IDA & IBRD countries),TEC,2002,28.9894127783
Europe & Central Asia (IDA & IBRD countries),TEC,2001,31.0677739056348
Europe & Central Asia (IDA & IBRD countries),TEC,2000,33.1505941426176
Europe & Central Asia (IDA & IBRD countries),TEC,1999,35.4596391733462
Europe & Central Asia (IDA & IBRD countries),TEC,1998,37.3919614296696
Europe & Central Asia (IDA & IBRD countries),TEC,1997,39.3378601987522
Europe & Central Asia (IDA & IBRD countries),TEC,1996,40.7840444043794
Europe & Central Asia (IDA & IBRD countries),TEC,1995,42.6120141010352
Europe & Central Asia (IDA & IBRD countries),TEC,1994,43.4451943204781
Europe & Central Asia (IDA & IBRD countries),TEC,1993,44.7854838080041
Europe & Central Asia (IDA & IBRD countries),TEC,1992,44.7137152896324
Europe & Central Asia (IDA & IBRD countries),TEC,1991,44.2721210635336
Europe & Central Asia (IDA & IBRD countries),TEC,1990,44.5063199308038
Europe & Central Asia (IDA & IBRD countries),TEC,1989,
Europe & Central Asia (IDA & IBRD countries),TEC,1988,
Europe & Central Asia (IDA & IBRD countries),TEC,1987,
Europe & Central Asia (IDA & IBRD countries),TEC,1986,
Europe & Central Asia (IDA & IBRD countries),TEC,1985,
Europe & Central Asia (IDA & IBRD countries),TEC,1984,
Europe & Central Asia (IDA & IBRD countries),TEC,1983,
Europe & Central Asia (IDA & IBRD countries),TEC,1982,
Europe & Central Asia (IDA & IBRD countries),TEC,1981,
Europe & Central Asia (IDA & IBRD countries),TEC,1980,
Europe & Central Asia (IDA & IBRD countries),TEC,1979,
Europe & Central Asia (IDA & IBRD countries),TEC,1978,
Europe & Central Asia (IDA & IBRD countries),TEC,1977,
Europe & Central Asia (IDA & IBRD countries),TEC,1976,
Europe & Central Asia (IDA & IBRD countries),TEC,1975,
Europe & Central Asia (IDA & IBRD countries),TEC,1974,
Europe & Central Asia (IDA & IBRD countries),TEC,1973,
Europe & Central Asia (IDA & IBRD countries),TEC,1972,
Europe & Central Asia (IDA & IBRD countries),TEC,1971,
Europe & Central Asia (IDA & IBRD countries),TEC,1970,
Europe & Central Asia (IDA & IBRD countries),TEC,1969,
Europe & Central Asia (IDA & IBRD countries),TEC,1968,
Europe & Central Asia (IDA & IBRD countries),TEC,1967,
Europe & Central Asia (IDA & IBRD countries),TEC,1966,
Europe & Central Asia (IDA & IBRD countries),TEC,1965,
Europe & Central Asia (IDA & IBRD countries),TEC,1964,
Europe & Central Asia (IDA & IBRD countries),TEC,1963,
Europe & Central Asia (IDA & IBRD countries),TEC,1962,
Europe & Central Asia (IDA & IBRD countries),TEC,1961,
Europe & Central Asia (IDA & IBRD countries),TEC,1960,
European Union,EUU,2025,
European Union,EUU,2024,3.86440469010109
European Union,EUU,2023,3.86580979903847
European Union,EUU,2022,3.86039705868669
European Union,EUU,2021,3.86836841377716
European Union,EUU,2020,3.88832143169013
European Union,EUU,2019,3.93757961783439
European Union,EUU,2018,4.01789187486254
European Union,EUU,2017,4.09574635146789
European Union,EUU,2016,4.19492071938833
European Union,EUU,2015,4.27261915574541
European Union,EUU,2014,4.34862512103113
European Union,EUU,2013,4.4371936775856
European Union,EUU,2012,4.5453050026796
European Union,EUU,2011,4.69181003554849
European Union,EUU,2010,4.85554870459093
European Union,EUU,2009,5.06570514065573
European Union,EUU,2008,5.23785001849768
European Union,EUU,2007,5.42348341235373
European Union,EUU,2006,5.65147207409268
European Union,EUU,2005,5.91993705430458
European Union,EUU,2004,6.15534521246253
European Union,EUU,2003,6.37822473171958
European Union,EUU,2002,6.60518227697341
European Union,EUU,2001,6.83733219005194
European Union,EUU,2000,7.16598936295681
European Union,EUU,1999,7.51639145201746
European Union,EUU,1998,7.91068577276917
European Union,EUU,1997,8.31088716046632
European Union,EUU,1996,8.79469512997913
European Union,EUU,1995,9.33800318117372
European Union,EUU,1994,9.95850951267302
European Union,EUU,1993,10.5006363560067
European Union,EUU,1992,11.0443048981944
European Union,EUU,1991,11.5873042397897
European Union,EUU,1990,12.1269871197385
European Union,EUU,1989,
European Union,EUU,1988,
European Union,EUU,1987,
European Union,EUU,1986,
European Union,EUU,1985,
European Union,EUU,1984,
European Union,EUU,1983,
European Union,EUU,1982,
European Union,EUU,1981,
European Union,EUU,1980,
European Union,EUU,1979,
European Union,EUU,1978,
European Union,EUU,1977,
European Union,EUU,1976,
European Union,EUU,1975,
European Union,EUU,1974,
European Union,EUU,1973,
European Union,EUU,1972,
European Union,EUU,1971,
European Union,EUU,1970,
European Union,EUU,1969,
European Union,EUU,1968,
European Union,EUU,1967,
European Union,EUU,1966,
European Union,EUU,1965,
European Union,EUU,1964,
European Union,EUU,1963,
European Union,EUU,1962,
European Union,EUU,1961,
European Union,EUU,1960,
Heavily indebted poor countries (HIPC),HPC,2025,
Heavily indebted poor countries (HIPC),HPC,2024,62.4053659034848
Heavily indebted poor countries (HIPC),HPC,2023,64.7737608743439
Heavily indebted poor countries (HIPC),HPC,2022,70.9810827482135
Heavily indebted poor countries (HIPC),HPC,2021,69.7824667658958
Heavily indebted poor countries (HIPC),HPC,2020,68.146309212661
Heavily indebted poor countries (HIPC),HPC,2019,70.6505060809458
Heavily indebted poor countries (HIPC),HPC,2018,71.5972927454548
Heavily indebted poor countries (HIPC),HPC,2017,74.0985605574823
Heavily indebted poor countries (HIPC),HPC,2016,75.0531588355873
Heavily indebted poor countries (HIPC),HPC,2015,77.2252196182014
Heavily indebted poor countries (HIPC),HPC,2014,80.1013664951844
Heavily indebted poor countries (HIPC),HPC,2013,82.2392532979546
Heavily indebted poor countries (HIPC),HPC,2012,85.8956616008329
Heavily indebted poor countries (HIPC),HPC,2011,93.139476228705
Heavily indebted poor countries (HIPC),HPC,2010,93.2212751268281
Heavily indebted poor countries (HIPC),HPC,2009,98.2895969280398
Heavily indebted poor countries (HIPC),HPC,2008,99.6378865309757
Heavily indebted poor countries (HIPC),HPC,2007,104.102383459321
Heavily indebted poor countries (HIPC),HPC,2006,108.918038437956
Heavily indebted poor countries (HIPC),HPC,2005,114.699593733073
Heavily indebted poor countries (HIPC),HPC,2004,123.326110509051
Heavily indebted poor countries (HIPC),HPC,2003,128.471888328471
Heavily indebted poor countries (HIPC),HPC,2002,134.415315047831
Heavily indebted poor countries (HIPC),HPC,2001,142.316579600629
Heavily indebted poor countries (HIPC),HPC,2000,146.100097583984
Heavily indebted poor countries (HIPC),HPC,1999,151.653416230298
Heavily indebted poor countries (HIPC),HPC,1998,158.991255520511
Heavily indebted poor countries (HIPC),HPC,1997,161.764165095237
Heavily indebted poor countries (HIPC),HPC,1996,166.103073351378
Heavily indebted poor countries (HIPC),HPC,1995,164.613596080361
Heavily indebted poor countries (HIPC),HPC,1994,171.539910359379
Heavily indebted poor countries (HIPC),HPC,1993,175.57499751085
Heavily indebted poor countries (HIPC),HPC,1992,178.474762298645
Heavily indebted poor countries (HIPC),HPC,1991,181.424213137961
Heavily indebted poor countries (HIPC),HPC,1990,180.591317352384
Heavily indebted poor countries (HIPC),HPC,1989,
Heavily indebted poor countries (HIPC),HPC,1988,
Heavily indebted poor countries (HIPC),HPC,1987,
Heavily indebted poor countries (HIPC),HPC,1986,
Heavily indebted poor countries (HIPC),HPC,1985,
Heavily indebted poor countries (HIPC),HPC,1984,
Heavily indebted poor countries (HIPC),HPC,1983,
Heavily indebted poor countries (HIPC),HPC,1982,
Heavily indebted poor countries (HIPC),HPC,1981,
Heavily indebted poor countries (HIPC),HPC,1980,
Heavily indebted poor countries (HIPC),HPC,1979,
Heavily indebted poor countries (HIPC),HPC,1978,
Heavily indebted poor countries (HIPC),HPC,1977,
Heavily indebted poor countries (HIPC),HPC,1976,
Heavily indebted poor countries (HIPC),HPC,1975,
Heavily indebted poor countries (HIPC),HPC,1974,
Heavily indebted poor countries (HIPC),HPC,1973,
Heavily indebted poor countries (HIPC),HPC,1972,
Heavily indebted poor countries (HIPC),HPC,1971,
Heavily indebted poor countries (HIPC),HPC,1970,
Heavily indebted poor countries (HIPC),HPC,1969,
Heavily indebted poor countries (HIPC),HPC,1968,
Heavily indebted poor countries (HIPC),HPC,1967,
Heavily indebted poor countries (HIPC),HPC,1966,
Heavily indebted poor countries (HIPC),HPC,1965,
Heavily indebted poor countries (HIPC),HPC,1964,
Heavily indebted poor countries (HIPC),HPC,1963,
Heavily indebted poor countries (HIPC),HPC,1962,
Heavily indebted poor countries (HIPC),HPC,1961,
Heavily indebted poor countries (HIPC),HPC,1960,
High income,,2025,
High income,,2024,5.1
High income,,2023,5.1
High income,,2022,5.1
High income,,2021,5.1
High income,,2020,5.2
High income,,2019,5.2
High income,,2018,5.4
High income,,2017,5.5
High income,,2016,5.7
High income,,2015,5.8
High income,,2014,6.0
High income,,2013,6.2
High income,,2012,6.3
High income,,2011,6.5
High income,,2010,6.6
High income,,2009,6.8
High income,,2008,7.0
High income,,2007,7.3
High income,,2006,7.5
High income,,2005,7.8
High income,,2004,8.1
High income,,2003,8.4
High income,,2002,8.6
High income,,2001,8.9
High income,,2000,9.2
High income,,1999,9.5
High income,,1998,9.9
High income,,1997,10.2
High income,,1996,10.7
High income,,1995,11.1
High income,,1994,11.6
High income,,1993,12.1
High income,,1992,12.6
High income,,1991,13.2
High income,,1990,13.8
High income,,1989,
High income,,1988,
High income,,1987,
High income,,1986,
High income,,1985,
High income,,1984,
High income,,1983,
High income,,1982,
High income,,1981,
High income,,1980,
High income,,1979,
High income,,1978,
High income,,1977,
High income,,1976,
High income,,1975,
High income,,1974,
High income,,1973,
High income,,1972,
High income,,1971,
High income,,1970,
High income,,1969,
High income,,1968,
High income,,1967,
High income,,1966,
High income,,1965,
High income,,1964,
High income,,1963,
High income,,1962,
High income,,1961,
High income,,1960,
IBRD only,IBD,2025,
IBRD only,IBD,2024,19.6091730049436
IBRD only,IBD,2023,20.4507037715747
IBRD only,IBD,2022,21.0193519897855
IBRD only,IBD,2021,21.5924267168741
IBRD only,IBD,2020,22.1850623203202
IBRD only,IBD,2019,22.5844615647677
IBRD only,IBD,2018,23.4442956099547
IBRD only,IBD,2017,23.854318818368
IBRD only,IBD,2016,25.1089807081947
IBRD only,IBD,2015,26.3413290893219
IBRD only,IBD,2014,27.4123864989869
IBRD only,IBD,2013,29.168083341983
IBRD only,IBD,2012,30.5995012213551
IBRD only,IBD,2011,32.6633578025476
IBRD only,IBD,2010,34.4513038342427
IBRD only,IBD,2009,36.4255085372224
IBRD only,IBD,2008,38.5641990306494
IBRD only,IBD,2007,40.935527044949
IBRD only,IBD,2006,43.3899001810369
IBRD only,IBD,2005,45.9221457752169
IBRD only,IBD,2004,48.8462625179564
IBRD only,IBD,2003,51.0596649636807
IBRD only,IBD,2002,53.6325324452846
IBRD only,IBD,2001,56.1688158230713
IBRD only,IBD,2000,58.3614429812875
IBRD only,IBD,1999,60.9452127405406
IBRD only,IBD,1998,63.2936905207383
IBRD only,IBD,1997,65.5659936177235
IBRD only,IBD,1996,67.7425783340876
IBRD only,IBD,1995,69.8665349686671
IBRD only,IBD,1994,71.950127086958
IBRD only,IBD,1993,73.9730310839714
IBRD only,IBD,1992,75.8507614666125
IBRD only,IBD,1991,77.4996213225208
IBRD only,IBD,1990,78.1416351082725
IBRD only,IBD,1989,
IBRD only,IBD,1988,
IBRD only,IBD,1987,
IBRD only,IBD,1986,
IBRD only,IBD,1985,
IBRD only,IBD,1984,
IBRD only,IBD,1983,
IBRD only,IBD,1982,
IBRD only,IBD,1981,
IBRD only,IBD,1980,
IBRD only,IBD,1979,
IBRD only,IBD,1978,
IBRD only,IBD,1977,
IBRD only,IBD,1976,
IBRD only,IBD,1975,
IBRD only,IBD,1974,
IBRD only,IBD,1973,
IBRD only,IBD,1972,
IBRD only,IBD,1971,
IBRD only,IBD,1970,
IBRD only,IBD,1969,
IBRD only,IBD,1968,
IBRD only,IBD,1967,
IBRD only,IBD,1966,
IBRD only,IBD,1965,
IBRD only,IBD,1964,
IBRD only,IBD,1963,
IBRD only,IBD,1962,
IBRD only,IBD,1961,
IBRD only,IBD,1960,
IDA & IBRD total,IBT,2025,
IDA & IBRD total,IBT,2024,40.2623205090947
IDA & IBRD total,IBT,2023,41.382706913428
IDA & IBRD total,IBT,2022,43.1834698029139
IDA & IBRD total,IBT,2021,42.9382742931704
IDA & IBRD total,IBT,2020,42.4922083281563
IDA & IBRD total,IBT,2019,42.7794421008687
IDA & IBRD total,IBT,2018,43.3739482895554
IDA & IBRD total,IBT,2017,44.1583028931606
IDA & IBRD total,IBT,2016,45.0167897925032
IDA & IBRD total,IBT,2015,46.3869965708754
IDA & IBRD total,IBT,2014,47.43517108688
IDA & IBRD total,IBT,2013,48.7798966691799
IDA & IBRD total,IBT,2012,50.4019591519664
IDA & IBRD total,IBT,2011,53.5375021107104
IDA & IBRD total,IBT,2010,54.8743175277049
IDA & IBRD total,IBT,2009,57.2665099336567
IDA & IBRD total,IBT,2008,59.3783854885707
IDA & IBRD total,IBT,2007,61.8548777157548
IDA & IBRD total,IBT,2006,64.6848752006473
IDA & IBRD total,IBT,2005,67.7155522211802
IDA & IBRD total,IBT,2004,71.5345625751571
IDA & IBRD total,IBT,2003,74.3042022287337
IDA & IBRD total,IBT,2002,77.388816003674
IDA & IBRD total,IBT,2001,80.8212518784276
IDA & IBRD total,IBT,2000,83.2518339608636
IDA & IBRD total,IBT,1999,86.4839465281623
IDA & IBRD total,IBT,1998,89.9966861498209
IDA & IBRD total,IBT,1997,91.7668796403052
IDA & IBRD total,IBT,1996,94.0524425483414
IDA & IBRD total,IBT,1995,95.2255472136723
IDA & IBRD total,IBT,1994,97.4969447420359
IDA & IBRD total,IBT,1993,99.5592412655947
IDA & IBRD total,IBT,1992,101.016347778002
IDA & IBRD total,IBT,1991,102.106217059848
IDA & IBRD total,IBT,1990,101.488536131065
IDA & IBRD total,IBT,1989,
IDA & IBRD total,IBT,1988,
IDA & IBRD total,IBT,1987,
IDA & IBRD total,IBT,1986,
IDA & IBRD total,IBT,1985,
IDA & IBRD total,IBT,1984,
IDA & IBRD total,IBT,1983,
IDA & IBRD total,IBT,1982,
IDA & IBRD total,IBT,1981,
IDA & IBRD total,IBT,1980,
IDA & IBRD total,IBT,1979,
IDA & IBRD total,IBT,1978,
IDA & IBRD total,IBT,1977,
IDA & IBRD total,IBT,1976,
IDA & IBRD total,IBT,1975,
IDA & IBRD total,IBT,1974,
IDA & IBRD total,IBT,1973,
IDA & IBRD total,IBT,1972,
IDA & IBRD total,IBT,1971,
IDA & IBRD total,IBT,1970,
IDA & IBRD total,IBT,1969,
IDA & IBRD total,IBT,1968,
IDA & IBRD total,IBT,1967,
IDA & IBRD total,IBT,1966,
IDA & IBRD total,IBT,1965,
IDA & IBRD total,IBT,1964,
IDA & IBRD total,IBT,1963,
IDA & IBRD total,IBT,1962,
IDA & IBRD total,IBT,1961,
IDA & IBRD total,IBT,1960,
IDA blend,IDB,2025,
IDA blend,IDB,2024,75.8918520723436
IDA blend,IDB,2023,77.1942653568078
IDA blend,IDB,2022,78.3794185953685
IDA blend,IDB,2021,79.4387739493454
IDA blend,IDB,2020,80.4458118967861
IDA blend,IDB,2019,81.79549064533
IDA blend,IDB,2018,82.9417022338448
IDA blend,IDB,2017,84.3590132998074
IDA blend,IDB,2016,85.7706738523369
IDA blend,IDB,2015,87.3420837922888
IDA blend,IDB,2014,89.0200242810528
IDA blend,IDB,2013,90.870695521886
IDA blend,IDB,2012,93.0603666172748
IDA blend,IDB,2011,95.4071007579972
IDA blend,IDB,2010,97.7581338926115
IDA blend,IDB,2009,100.274455807164
IDA blend,IDB,2008,102.989146998811
IDA blend,IDB,2007,106.195180936754
IDA blend,IDB,2006,109.504672853843
IDA blend,IDB,2005,113.096678219845
IDA blend,IDB,2004,116.719834111149
IDA blend,IDB,2003,120.432492409236
IDA blend,IDB,2002,124.427727125497
IDA blend,IDB,2001,128.523722514361
IDA blend,IDB,2000,132.632143378455
IDA blend,IDB,1999,136.53831488893
IDA blend,IDB,1998,140.003028919999
IDA blend,IDB,1997,143.400959760637
IDA blend,IDB,1996,146.194613099647
IDA blend,IDB,1995,148.341795754007
IDA blend,IDB,1994,149.915392492703
IDA blend,IDB,1993,151.017287364518
IDA blend,IDB,1992,151.776230197231
IDA blend,IDB,1991,152.620741335503
IDA blend,IDB,1990,153.614446803112
IDA blend,IDB,1989,
IDA blend,IDB,1988,
IDA blend,IDB,1987,
IDA blend,IDB,1986,
IDA blend,IDB,1985,
IDA blend,IDB,1984,
IDA blend,IDB,1983,
IDA blend,IDB,1982,
IDA blend,IDB,1981,
IDA blend,IDB,1980,
IDA blend,IDB,1979,
IDA blend,IDB,1978,
IDA blend,IDB,1977,
IDA blend,IDB,1976,
IDA blend,IDB,1975,
IDA blend,IDB,1974,
IDA blend,IDB,1973,
IDA blend,IDB,1972,
IDA blend,IDB,1971,
IDA blend,IDB,1970,
IDA blend,IDB,1969,
IDA blend,IDB,1968,
IDA blend,IDB,1967,
IDA blend,IDB,1966,
IDA blend,IDB,1965,
IDA blend,IDB,1964,
IDA blend,IDB,1963,
IDA blend,IDB,1962,
IDA blend,IDB,1961,
IDA blend,IDB,1960,
IDA only,IDX,2025,
IDA only,IDX,2024,55.8649067799557
IDA only,IDX,2023,57.7865752666587
IDA only,IDX,2022,62.9267579403154
IDA only,IDX,2021,61.9200563226145
IDA only,IDX,2020,60.5473011270219
IDA only,IDX,2019,62.7277314334513
IDA only,IDX,2018,64.0090692798865
IDA only,IDX,2017,67.7482970229584
IDA only,IDX,2016,68.6289269814824
IDA only,IDX,2015,70.2706407758469
IDA only,IDX,2014,72.0297513904006
IDA only,IDX,2013,72.6386136365906
IDA only,IDX,2012,75.6643702725594
IDA only,IDX,2011,81.4248111380107
IDA only,IDX,2010,81.5360914415985
IDA only,IDX,2009,85.8050310556144
IDA only,IDX,2008,87.9667991827962
IDA only,IDX,2007,90.7663707698683
IDA only,IDX,2006,95.0277688116048
IDA only,IDX,2005,99.9397845776829
IDA only,IDX,2004,107.197583983109
IDA only,IDX,2003,111.460926785655
IDA only,IDX,2002,116.615942171355
IDA only,IDX,2001,123.420744238808
IDA only,IDX,2000,127.327180927315
IDA only,IDX,1999,132.570933862536
IDA only,IDX,1998,141.56211504748
IDA only,IDX,1997,142.782110262143
IDA only,IDX,1996,147.16659625667
IDA only,IDX,1995,147.045923619015
IDA only,IDX,1994,152.574472081539
IDA only,IDX,1993,157.686160304498
IDA only,IDX,1992,160.951051876281
IDA only,IDX,1991,163.728091650462
IDA only,IDX,1990,164.384440525088
IDA only,IDX,1989,
IDA only,IDX,1988,
IDA only,IDX,1987,
IDA only,IDX,1986,
IDA only,IDX,1985,
IDA only,IDX,1984,
IDA only,IDX,1983,
IDA only,IDX,1982,
IDA only,IDX,1981,
IDA only,IDX,1980,
IDA only,IDX,1979,
IDA only,IDX,1978,
IDA only,IDX,1977,
IDA only,IDX,1976,
IDA only,IDX,1975,
IDA only,IDX,1974,
IDA only,IDX,1973,
IDA only,IDX,1972,
IDA only,IDX,1971,
IDA only,IDX,1970,
IDA only,IDX,1969,
IDA only,IDX,1968,
IDA only,IDX,1967,
IDA only,IDX,1966,
IDA only,IDX,1965,
IDA only,IDX,1964,
IDA only,IDX,1963,
IDA only,IDX,1962,
IDA only,IDX,1961,
IDA only,IDX,1960,
IDA total,IDA,2025,
IDA total,IDA,2024,62.7494142976198
IDA total,IDA,2023,64.4912684750639
IDA total,IDA,2022,68.2791646728512
IDA total,IDA,2021,68.0064112201956
IDA total,IDA,2020,67.4648126783118
IDA total,IDA,2019,69.4074968502149
IDA total,IDA,2018,70.7073225986315
IDA total,IDA,2017,73.6820694866744
IDA total,IDA,2016,74.8022236414607
IDA total,IDA,2015,76.4932195987004
IDA total,IDA,2014,78.2696531874441
IDA total,IDA,2013,79.356290736495
IDA total,IDA,2012,82.0984677269542
IDA total,IDA,2011,86.6153118509758
IDA total,IDA,2010,87.54883055336
IDA total,IDA,2009,91.1394377544346
IDA total,IDA,2008,93.4632287880326
IDA total,IDA,2007,96.3474817288562
IDA total,IDA,2006,100.221727189192
IDA total,IDA,2005,104.623943899033
IDA total,IDA,2004,110.573176866386
IDA total,IDA,2003,114.646346006639
IDA total,IDA,2002,119.384292046139
IDA total,IDA,2001,125.226254418226
IDA total,IDA,2000,129.199281249144
IDA total,IDA,1999,133.966457125065
IDA total,IDA,1998,141.016511761739
IDA total,IDA,1997,142.998472634156
IDA total,IDA,1996,146.826326204559
IDA total,IDA,1995,147.499017249425
IDA total,IDA,1994,151.643867106147
IDA total,IDA,1993,155.346920898115
IDA total,IDA,1992,157.718862196842
IDA total,IDA,1991,159.826747093148
IDA total,IDA,1990,160.628717945838
IDA total,IDA,1989,
IDA total,IDA,1988,
IDA total,IDA,1987,
IDA total,IDA,1986,
IDA total,IDA,1985,
IDA total,IDA,1984,
IDA total,IDA,1983,
IDA total,IDA,1982,
IDA total,IDA,1981,
IDA total,IDA,1980,
IDA total,IDA,1979,
IDA total,IDA,1978,
IDA total,IDA,1977,
IDA total,IDA,1976,
IDA total,IDA,1975,
IDA total,IDA,1974,
IDA total,IDA,1973,
IDA total,IDA,1972,
IDA total,IDA,1971,
IDA total,IDA,1970,
IDA total,IDA,1969,
IDA total,IDA,1968,
IDA total,IDA,1967,
IDA total,IDA,1966,
IDA total,IDA,1965,
IDA total,IDA,1964,
IDA total,IDA,1963,
IDA total,IDA,1962,
IDA total,IDA,1961,
IDA total,IDA,1960,
Late-demographic dividend,LTE,2025,
Late-demographic dividend,LTE,2024,8.98518770267021
Late-demographic dividend,LTE,2023,9.32457678981666
Late-demographic dividend,LTE,2022,9.62694958591045
Late-demographic dividend,LTE,2021,9.79989082006787
Late-demographic dividend,LTE,2020,10.0462731195544
Late-demographic dividend,LTE,2019,10.209210734269
Late-demographic dividend,LTE,2018,10.622397482105
Late-demographic dividend,LTE,2017,11.0144899278281
Late-demographic dividend,LTE,2016,11.7039737633974
Late-demographic dividend,LTE,2015,12.2863199817925
Late-demographic dividend,LTE,2014,12.963930913128
Late-demographic dividend,LTE,2013,13.7165601776572
Late-demographic dividend,LTE,2012,14.4920222605257
Late-demographic dividend,LTE,2011,15.4370950892919
Late-demographic dividend,LTE,2010,16.3195349532003
Late-demographic dividend,LTE,2009,17.5377591257261
Late-demographic dividend,LTE,2008,18.5911842714602
Late-demographic dividend,LTE,2007,19.9410205907095
Late-demographic dividend,LTE,2006,21.4230637555318
Late-demographic dividend,LTE,2005,23.0666406183677
Late-demographic dividend,LTE,2004,25.0262330776091
Late-demographic dividend,LTE,2003,26.7275133876914
Late-demographic dividend,LTE,2002,29.6246246696328
Late-demographic dividend,LTE,2001,31.8291593637484
Late-demographic dividend,LTE,2000,34.0143921184361
Late-demographic dividend,LTE,1999,36.1117897963165
Late-demographic dividend,LTE,1998,38.1474063439569
Late-demographic dividend,LTE,1997,40.1103615911379
Late-demographic dividend,LTE,1996,42.0183636549309
Late-demographic dividend,LTE,1995,43.8981069505261
Late-demographic dividend,LTE,1994,44.733608011879
Late-demographic dividend,LTE,1993,46.4656208821396
Late-demographic dividend,LTE,1992,47.8847394236181
Late-demographic dividend,LTE,1991,49.1262981982961
Late-demographic dividend,LTE,1990,50.4292536727613
Late-demographic dividend,LTE,1989,
Late-demographic dividend,LTE,1988,
Late-demographic dividend,LTE,1987,
Late-demographic dividend,LTE,1986,
Late-demographic dividend,LTE,1985,
Late-demographic dividend,LTE,1984,
Late-demographic dividend,LTE,1983,
Late-demographic dividend,LTE,1982,
Late-demographic dividend,LTE,1981,
Late-demographic dividend,LTE,1980,
Late-demographic dividend,LTE,1979,
Late-demographic dividend,LTE,1978,
Late-demographic dividend,LTE,1977,
Late-demographic dividend,LTE,1976,
Late-demographic dividend,LTE,1975,
Late-demographic dividend,LTE,1974,
Late-demographic dividend,LTE,1973,
Late-demographic dividend,LTE,1972,
Late-demographic dividend,LTE,1971,
Late-demographic dividend,LTE,1970,
Late-demographic dividend,LTE,1969,
Late-demographic dividend,LTE,1968,
Late-demographic dividend,LTE,1967,
Late-demographic dividend,LTE,1966,
Late-demographic dividend,LTE,1965,
Late-demographic dividend,LTE,1964,
Late-demographic dividend,LTE,1963,
Late-demographic dividend,LTE,1962,
Late-demographic dividend,LTE,1961,
Late-demographic dividend,LTE,1960,
Latin America & Caribbean,LCN,2025,
Latin America & Caribbean,LCN,2024,15.4
Latin America & Caribbean,LCN,2023,15.7
Latin America & Caribbean,LCN,2022,16.0
Latin America & Caribbean,LCN,2021,16.4
Latin America & Caribbean,LCN,2020,16.7
Latin America & Caribbean,LCN,2019,17.0
Latin America & Caribbean,LCN,2018,17.4
Latin America & Caribbean,LCN,2017,17.8
Latin America & Caribbean,LCN,2016,18.5
Latin America & Caribbean,LCN,2015,18.3
Latin America & Caribbean,LCN,2014,18.7
Latin America & Caribbean,LCN,2013,19.2
Latin America & Caribbean,LCN,2012,19.8
Latin America & Caribbean,LCN,2011,20.4
Latin America & Caribbean,LCN,2010,22.7
Latin America & Caribbean,LCN,2009,21.8
Latin America & Caribbean,LCN,2008,22.7
Latin America & Caribbean,LCN,2007,23.6
Latin America & Caribbean,LCN,2006,24.6
Latin America & Caribbean,LCN,2005,25.6
Latin America & Caribbean,LCN,2004,26.8
Latin America & Caribbean,LCN,2003,28.1
Latin America & Caribbean,LCN,2002,29.5
Latin America & Caribbean,LCN,2001,31.0
Latin America & Caribbean,LCN,2000,32.7
Latin America & Caribbean,LCN,1999,34.4
Latin America & Caribbean,LCN,1998,36.9
Latin America & Caribbean,LCN,1997,38.4
Latin America & Caribbean,LCN,1996,40.5
Latin America & Caribbean,LCN,1995,42.7
Latin America & Caribbean,LCN,1994,45.0
Latin America & Caribbean,LCN,1993,47.4
Latin America & Caribbean,LCN,1992,49.8
Latin America & Caribbean,LCN,1991,52.2
Latin America & Caribbean,LCN,1990,54.6
Latin America & Caribbean,LCN,1989,
Latin America & Caribbean,LCN,1988,
Latin America & Caribbean,LCN,1987,
Latin America & Caribbean,LCN,1986,
Latin America & Caribbean,LCN,1985,
Latin America & Caribbean,LCN,1984,
Latin America & Caribbean,LCN,1983,
Latin America & Caribbean,LCN,1982,
Latin America & Caribbean,LCN,1981,
Latin America & Caribbean,LCN,1980,
Latin America & Caribbean,LCN,1979,
Latin America & Caribbean,LCN,1978,
Latin America & Caribbean,LCN,1977,
Latin America & Caribbean,LCN,1976,
Latin America & Caribbean,LCN,1975,
Latin America & Caribbean,LCN,1974,
Latin America & Caribbean,LCN,1973,
Latin America & Caribbean,LCN,1972,
Latin America & Caribbean,LCN,1971,
Latin America & Caribbean,LCN,1970,
Latin America & Caribbean,LCN,1969,
Latin America & Caribbean,LCN,1968,
Latin America & Caribbean,LCN,1967,
Latin America & Caribbean,LCN,1966,
Latin America & Caribbean,LCN,1965,
Latin America & Caribbean,LCN,1964,
Latin America & Caribbean,LCN,1963,
Latin America & Caribbean,LCN,1962,
Latin America & Caribbean,LCN,1961,
Latin America & Caribbean,LCN,1960,
Latin America & Caribbean (excluding high income),LAC,2025,
Latin America & Caribbean (excluding high income),LAC,2024,15.5614226781737
Latin America & Caribbean (excluding high income),LAC,2023,15.9236740042292
Latin America & Caribbean (excluding high income),LAC,2022,16.2946960724099
Latin America & Caribbean (excluding high income),LAC,2021,16.6106091323366
Latin America & Caribbean (excluding high income),LAC,2020,16.9935152165814
Latin America & Caribbean (excluding high income),LAC,2019,17.2871498011787
Latin America & Caribbean (excluding high income),LAC,2018,17.6665057888331
Latin America & Caribbean (excluding high income),LAC,2017,18.0910253911405
Latin America & Caribbean (excluding high income),LAC,2016,18.8642166926167
Latin America & Caribbean (excluding high income),LAC,2015,18.6401025520998
Latin America & Caribbean (excluding high income),LAC,2014,19.0550458732845
Latin America & Caribbean (excluding high income),LAC,2013,19.5785825323383
Latin America & Caribbean (excluding high income),LAC,2012,20.167814815645
Latin America & Caribbean (excluding high income),LAC,2011,20.8103918479881
Latin America & Caribbean (excluding high income),LAC,2010,23.0719253457918
Latin America & Caribbean (excluding high income),LAC,2009,22.2837116620653
Latin America & Caribbean (excluding high income),LAC,2008,23.0910646876721
Latin America & Caribbean (excluding high income),LAC,2007,24.048301894126
Latin America & Caribbean (excluding high income),LAC,2006,25.0465562706623
Latin America & Caribbean (excluding high income),LAC,2005,26.1516836669544
Latin America & Caribbean (excluding high income),LAC,2004,27.4105780846698
Latin America & Caribbean (excluding high income),LAC,2003,28.727058048678
Latin America & Caribbean (excluding high income),LAC,2002,30.1389272816993
Latin America & Caribbean (excluding high income),LAC,2001,31.7424656108912
Latin America & Caribbean (excluding high income),LAC,2000,33.4441328098718
Latin America & Caribbean (excluding high income),LAC,1999,35.2724690353688
Latin America & Caribbean (excluding high income),LAC,1998,37.8138663934058
Latin America & Caribbean (excluding high income),LAC,1997,39.351514560188
Latin America & Caribbean (excluding high income),LAC,1996,41.5954707781584
Latin America & Caribbean (excluding high income),LAC,1995,43.8900289984977
Latin America & Caribbean (excluding high income),LAC,1994,46.254853277284
Latin America & Caribbean (excluding high income),LAC,1993,48.6841944327242
Latin America & Caribbean (excluding high income),LAC,1992,51.1963519943138
Latin America & Caribbean (excluding high income),LAC,1991,53.6936618107834
Latin America & Caribbean (excluding high income),LAC,1990,56.1287341060854
Latin America & Caribbean (excluding high income),LAC,1989,
Latin America & Caribbean (excluding high income),LAC,1988,
Latin America & Caribbean (excluding high income),LAC,1987,
Latin America & Caribbean (excluding high income),LAC,1986,
Latin America & Caribbean (excluding high income),LAC,1985,
Latin America & Caribbean (excluding high income),LAC,1984,
Latin America & Caribbean (excluding high income),LAC,1983,
Latin America & Caribbean (excluding high income),LAC,1982,
Latin America & Caribbean (excluding high income),LAC,1981,
Latin America & Caribbean (excluding high income),LAC,1980,
Latin America & Caribbean (excluding high income),LAC,1979,
Latin America & Caribbean (excluding high income),LAC,1978,
Latin America & Caribbean (excluding high income),LAC,1977,
Latin America & Caribbean (excluding high income),LAC,1976,
Latin America & Caribbean (excluding high income),LAC,1975,
Latin America & Caribbean (excluding high income),LAC,1974,
Latin America & Caribbean (excluding high income),LAC,1973,
Latin America & Caribbean (excluding high income),LAC,1972,
Latin America & Caribbean (excluding high income),LAC,1971,
Latin America & Caribbean (excluding high income),LAC,1970,
Latin America & Caribbean (excluding high income),LAC,1969,
Latin America & Caribbean (excluding high income),LAC,1968,
Latin America & Caribbean (excluding high income),LAC,1967,
Latin America & Caribbean (excluding high income),LAC,1966,
Latin America & Caribbean (excluding high income),LAC,1965,
Latin America & Caribbean (excluding high income),LAC,1964,
Latin America & Caribbean (excluding high income),LAC,1963,
Latin America & Caribbean (excluding high income),LAC,1962,
Latin America & Caribbean (excluding high income),LAC,1961,
Latin America & Caribbean (excluding high income),LAC,1960,
Latin America & the Caribbean (IDA & IBRD countries),TLA,2025,
Latin America & the Caribbean (IDA & IBRD countries),TLA,2024,15.4283409448356
Latin America & the Caribbean (IDA & IBRD countries),TLA,2023,15.7828276819354
Latin America & the Caribbean (IDA & IBRD countries),TLA,2022,16.1341844487967
Latin America & the Caribbean (IDA & IBRD countries),TLA,2021,16.4595146278329
Latin America & the Caribbean (IDA & IBRD countries),TLA,2020,16.821924099218
Latin America & the Caribbean (IDA & IBRD countries),TLA,2019,17.1079513892396
Latin America & the Caribbean (IDA & IBRD countries),TLA,2018,17.4813311235823
Latin America & the Caribbean (IDA & IBRD countries),TLA,2017,17.9065504935804
Latin America & the Caribbean (IDA & IBRD countries),TLA,2016,18.6490115909887
Latin America & the Caribbean (IDA & IBRD countries),TLA,2015,18.4493213611046
Latin America & the Caribbean (IDA & IBRD countries),TLA,2014,18.8600456464094
Latin America & the Caribbean (IDA & IBRD countries),TLA,2013,19.3845279132999
Latin America & the Caribbean (IDA & IBRD countries),TLA,2012,19.9629412397373
Latin America & the Caribbean (IDA & IBRD countries),TLA,2011,20.6057385360394
Latin America & the Caribbean (IDA & IBRD countries),TLA,2010,22.7976936225879
Latin America & the Caribbean (IDA & IBRD countries),TLA,2009,22.0443480318613
Latin America & the Caribbean (IDA & IBRD countries),TLA,2008,22.8256789691668
Latin America & the Caribbean (IDA & IBRD countries),TLA,2007,23.757604702919
Latin America & the Caribbean (IDA & IBRD countries),TLA,2006,24.7433305825058
Latin America & the Caribbean (IDA & IBRD countries),TLA,2005,25.8328234546759
Latin America & the Caribbean (IDA & IBRD countries),TLA,2004,27.0789600673904
Latin America & the Caribbean (IDA & IBRD countries),TLA,2003,28.3790639608657
Latin America & the Caribbean (IDA & IBRD countries),TLA,2002,29.7668335025765
Latin America & the Caribbean (IDA & IBRD countries),TLA,2001,31.3212168603687
Latin America & the Caribbean (IDA & IBRD countries),TLA,2000,32.9939652238696
Latin America & the Caribbean (IDA & IBRD countries),TLA,1999,34.7994891153386
Latin America & the Caribbean (IDA & IBRD countries),TLA,1998,37.2736598917662
Latin America & the Caribbean (IDA & IBRD countries),TLA,1997,38.768764827756
Latin America & the Caribbean (IDA & IBRD countries),TLA,1996,40.9077327148062
Latin America & the Caribbean (IDA & IBRD countries),TLA,1995,43.1421633394388
Latin America & the Caribbean (IDA & IBRD countries),TLA,1994,45.4521221648864
Latin America & the Caribbean (IDA & IBRD countries),TLA,1993,47.8351704186366
Latin America & the Caribbean (IDA & IBRD countries),TLA,1992,50.3130901293791
Latin America & the Caribbean (IDA & IBRD countries),TLA,1991,52.7800079458671
Latin America & the Caribbean (IDA & IBRD countries),TLA,1990,55.2225414809468
Latin America & the Caribbean (IDA & IBRD countries),TLA,1989,
Latin America & the Caribbean (IDA & IBRD countries),TLA,1988,
Latin America & the Caribbean (IDA & IBRD countries),TLA,1987,
Latin America & the Caribbean (IDA & IBRD countries),TLA,1986,
Latin America & the Caribbean (IDA & IBRD countries),TLA,1985,
Latin America & the Caribbean (IDA & IBRD countries),TLA,1984,
Latin America & the Caribbean (IDA & IBRD countries),TLA,1983,
Latin America & the Caribbean (IDA & IBRD countries),TLA,1982,
Latin America & the Caribbean (IDA & IBRD countries),TLA,1981,
Latin America & the Caribbean (IDA & IBRD countries),TLA,1980,
Latin America & the Caribbean (IDA & IBRD countries),TLA,1979,
Latin America & the Caribbean (IDA & IBRD countries),TLA,1978,
Latin America & the Caribbean (IDA & IBRD countries),TLA,1977,
Latin America & the Caribbean (IDA & IBRD countries),TLA,1976,
Latin America & the Caribbean (IDA & IBRD countries),TLA,1975,
Latin America & the Caribbean (IDA & IBRD countries),TLA,1974,
Latin America & the Caribbean (IDA & IBRD countries),TLA,1973,
Latin America & the Caribbean (IDA & IBRD countries),TLA,1972,
Latin America & the Caribbean (IDA & IBRD countries),TLA,1971,
Latin America & the Caribbean (IDA & IBRD countries),TLA,1970,
Latin America & the Caribbean (IDA & IBRD countries),TLA,1969,
Latin America & the Caribbean (IDA & IBRD countries),TLA,1968,
Latin America & the Caribbean (IDA & IBRD countries),TLA,1967,
Latin America & the Caribbean (IDA & IBRD countries),TLA,1966,
Latin America & the Caribbean (IDA & IBRD countries),TLA,1965,
Latin America & the Caribbean (IDA & IBRD countries),TLA,1964,
Latin America & the Caribbean (IDA & IBRD countries),TLA,1963,
Latin America & the Caribbean (IDA & IBRD countries),TLA,1962,
Latin America & the Caribbean (IDA & IBRD countries),TLA,1961,
Latin America & the Caribbean (IDA & IBRD countries),TLA,1960,
Least developed countries: UN classification,LDC,2025,
Least developed countries: UN classification,LDC,2024,57.9636718637922
Least developed countries: UN classification,LDC,2023,59.9142356695817
Least developed countries: UN classification,LDC,2022,65.2073899956534
Least developed countries: UN classification,LDC,2021,64.1944650254906
Least developed countries: UN classification,LDC,2020,62.7609575491969
Least developed countries: UN classification,LDC,2019,64.9894842046459
Least developed countries: UN classification,LDC,2018,66.2088432218734
Least developed countries: UN classification,LDC,2017,70.079615665245
Least developed countries: UN classification,LDC,2016,71.054277919873
Least developed countries: UN classification,LDC,2015,72.8100125948255
Least developed countries: UN classification,LDC,2014,74.8025837290209
Least developed countries: UN classification,LDC,2013,75.6025193182824
Least developed countries: UN classification,LDC,2012,78.9683107630127
Least developed countries: UN classification,LDC,2011,85.405630660543
Least developed countries: UN classification,LDC,2010,85.6899688374813
Least developed countries: UN classification,LDC,2009,90.199391714479
Least developed countries: UN classification,LDC,2008,92.8247276095734
Least developed countries: UN classification,LDC,2007,95.873261787209
Least developed countries: UN classification,LDC,2006,100.457635767686
Least developed countries: UN classification,LDC,2005,105.839816864822
Least developed countries: UN classification,LDC,2004,113.52081394987
Least developed countries: UN classification,LDC,2003,118.420245030386
Least developed countries: UN classification,LDC,2002,124.038280132838
Least developed countries: UN classification,LDC,2001,131.328415459567
Least developed countries: UN classification,LDC,2000,135.451790803909
Least developed countries: UN classification,LDC,1999,141.110594994785
Least developed countries: UN classification,LDC,1998,150.364489614907
Least developed countries: UN classification,LDC,1997,151.899677914334
Least developed countries: UN classification,LDC,1996,156.607894725216
Least developed countries: UN classification,LDC,1995,156.555005296049
Least developed countries: UN classification,LDC,1994,162.436731532485
Least developed countries: UN classification,LDC,1993,167.904224935193
Least developed countries: UN classification,LDC,1992,171.406340062544
Least developed countries: UN classification,LDC,1991,174.348233464952
Least developed countries: UN classification,LDC,1990,174.949059629373
Least developed countries: UN classification,LDC,1989,
Least developed countries: UN classification,LDC,1988,
Least developed countries: UN classification,LDC,1987,
Least developed countries: UN classification,LDC,1986,
Least developed countries: UN classification,LDC,1985,
Least developed countries: UN classification,LDC,1984,
Least developed countries: UN classification,LDC,1983,
Least developed countries: UN classification,LDC,1982,
Least developed countries: UN classification,LDC,1981,
Least developed countries: UN classification,LDC,1980,
Least developed countries: UN classification,LDC,1979,
Least developed countries: UN classification,LDC,1978,
Least developed countries: UN classification,LDC,1977,
Least developed countries: UN classification,LDC,1976,
Least developed countries: UN classification,LDC,1975,
Least developed countries: UN classification,LDC,1974,
Least developed countries: UN classification,LDC,1973,
Least developed countries: UN classification,LDC,1972,
Least developed countries: UN classification,LDC,1971,
Least developed countries: UN classification,LDC,1970,
Least developed countries: UN classification,LDC,1969,
Least developed countries: UN classification,LDC,1968,
Least developed countries: UN classification,LDC,1967,
Least developed countries: UN classification,LDC,1966,
Least developed countries: UN classification,LDC,1965,
Least developed countries: UN classification,LDC,1964,
Least developed countries: UN classification,LDC,1963,
Least developed countries: UN classification,LDC,1962,
Least developed countries: UN classification,LDC,1961,
Least developed countries: UN classification,LDC,1960,
Low & middle income,LMY,2025,
Low & middle income,LMY,2024,40.8020830161884
Low & middle income,LMY,2023,41.9595483512666
Low & middle income,LMY,2022,43.7631591536405
Low & middle income,LMY,2021,43.5403455174506
Low & middle income,LMY,2020,43.1040813833532
Low & middle income,LMY,2019,43.400655270482
Low & middle income,LMY,2018,44.0386420740122
Low & middle income,LMY,2017,44.8467778578483
Low & middle income,LMY,2016,45.7645870534782
Low & middle income,LMY,2015,47.1646714262583
Low & middle income,LMY,2014,48.2266301414437
Low & middle income,LMY,2013,49.5783672586212
Low & middle income,LMY,2012,51.2347363369315
Low & middle income,LMY,2011,54.4087946827606
Low & middle income,LMY,2010,55.791137924775
Low & middle income,LMY,2009,58.2281330024569
Low & middle income,LMY,2008,60.3603110479709
Low & middle income,LMY,2007,62.8298769735926
Low & middle income,LMY,2006,65.6410044716513
Low & middle income,LMY,2005,68.6974672801333
Low & middle income,LMY,2004,72.572476781959
Low & middle income,LMY,2003,75.3561562889379
Low & middle income,LMY,2002,78.6329056767441
Low & middle income,LMY,2001,82.0840254828627
Low & middle income,LMY,2000,84.5290508109652
Low & middle income,LMY,1999,87.8097871430858
Low & middle income,LMY,1998,91.4148668718231
Low & middle income,LMY,1997,93.2225042233597
Low & middle income,LMY,1996,95.5914348188253
Low & middle income,LMY,1995,96.8211475552699
Low & middle income,LMY,1994,98.9359171631739
Low & middle income,LMY,1993,101.048168065282
Low & middle income,LMY,1992,102.68020204972
Low & middle income,LMY,1991,103.942391620632
Low & middle income,LMY,1990,103.382051784362
Low & middle income,LMY,1989,
Low & middle income,LMY,1988,
Low & middle income,LMY,1987,
Low & middle income,LMY,1986,
Low & middle income,LMY,1985,
Low & middle income,LMY,1984,
Low & middle income,LMY,1983,
Low & middle income,LMY,1982,
Low & middle income,LMY,1981,
Low & middle income,LMY,1980,
Low & middle income,LMY,1979,
Low & middle income,LMY,1978,
Low & middle income,LMY,1977,
Low & middle income,LMY,1976,
Low & middle income,LMY,1975,
Low & middle income,LMY,1974,
Low & middle income,LMY,1973,
Low & middle income,LMY,1972,
Low & middle income,LMY,1971,
Low & middle income,LMY,1970,
Low & middle income,LMY,1969,
Low & middle income,LMY,1968,
Low & middle income,LMY,1967,
Low & middle income,LMY,1966,
Low & middle income,LMY,1965,
Low & middle income,LMY,1964,
Low & middle income,LMY,1963,
Low & middle income,LMY,1962,
Low & middle income,LMY,1961,
Low & middle income,LMY,1960,
Low income,,2025,
Low income,,2024,68.8
Low income,,2023,70.5
Low income,,2022,76.7
Low income,,2021,73.3
Low income,,2020,73.9
Low income,,2019,76.9
Low income,,2018,77.9
Low income,,2017,83.5
Low income,,2016,83.6
Low income,,2015,84.9
Low income,,2014,86.2
Low income,,2013,85.4
Low income,,2012,88.9
Low income,,2011,98.5
Low income,,2010,94.8
Low income,,2009,102.3
Low income,,2008,101.1
Low income,,2007,105.8
Low income,,2006,110.8
Low income,,2005,116.7
Low income,,2004,126.9
Low income,,2003,131.5
Low income,,2002,138.7
Low income,,2001,147.4
Low income,,2000,150.0
Low income,,1999,155.4
Low income,,1998,169.2
Low income,,1997,166.7
Low income,,1996,171.0
Low income,,1995,166.5
Low income,,1994,172.4
Low income,,1993,178.2
Low income,,1992,181.0
Low income,,1991,182.9
Low income,,1990,179.5
Low income,,1989,
Low income,,1988,
Low income,,1987,
Low income,,1986,
Low income,,1985,
Low income,,1984,
Low income,,1983,
Low income,,1982,
Low income,,1981,
Low income,,1980,
Low income,,1979,
Low income,,1978,
Low income,,1977,
Low income,,1976,
Low income,,1975,
Low income,,1974,
Low income,,1973,
Low income,,1972,
Low income,,1971,
Low income,,1970,
Low income,,1969,
Low income,,1968,
Low income,,1967,
Low income,,1966,
Low income,,1965,
Low income,,1964,
Low income,,1963,
Low income,,1962,
Low income,,1961,
Low income,,1960,
Lower middle income,,2025,
Lower middle income,,2024,43.8
Lower middle income,,2023,44.9
Lower middle income,,2022,46.0
Lower middle income,,2021,47.0
Lower middle income,,2020,48.1
Lower middle income,,2019,49.3
Lower middle income,,2018,50.6
Lower middle income,,2017,52.0
Lower middle income,,2016,53.5
Lower middle income,,2015,55.3
Lower middle income,,2014,57.1
Lower middle income,,2013,59.1
Lower middle income,,2012,61.3
Lower middle income,,2011,63.7
Lower middle income,,2010,66.4
Lower middle income,,2009,68.7
Lower middle income,,2008,71.9
Lower middle income,,2007,74.2
Lower middle income,,2006,77.2
Lower middle income,,2005,80.2
Lower middle income,,2004,83.5
Lower middle income,,2003,86.8
Lower middle income,,2002,90.4
Lower middle income,,2001,94.1
Lower middle income,,2000,97.8
Lower middle income,,1999,101.5
Lower middle income,,1998,105.0
Lower middle income,,1997,108.2
Lower middle income,,1996,111.4
Lower middle income,,1995,114.2
Lower middle income,,1994,116.9
Lower middle income,,1993,119.5
Lower middle income,,1992,122.2
Lower middle income,,1991,125.0
Lower middle income,,1990,127.9
Lower middle income,,1989,
Lower middle income,,1988,
Lower middle income,,1987,
Lower middle income,,1986,
Lower middle income,,1985,
Lower middle income,,1984,
Lower middle income,,1983,
Lower middle income,,1982,
Lower middle income,,1981,
Lower middle income,,1980,
Lower middle income,,1979,
Lower middle income,,1978,
Lower middle income,,1977,
Lower middle income,,1976,
Lower middle income,,1975,
Lower middle income,,1974,
Lower middle income,,1973,
Lower middle income,,1972,
Lower middle income,,1971,
Lower middle income,,1970,
Lower middle income,,1969,
Lower middle income,,1968,
Lower middle income,,1967,
Lower middle income,,1966,
Lower middle income,,1965,
Lower middle income,,1964,
Lower middle income,,1963,
Lower middle income,,1962,
Lower middle income,,1961,
Lower middle income,,1960,
"Middle East, North Africa, Afghanistan & Pakistan",MEA,2025,
"Middle East, North Africa, Afghanistan & Pakistan",MEA,2024,36.4
"Middle East, North Africa, Afghanistan & Pakistan",MEA,2023,37.8
"Middle East, North Africa, Afghanistan & Pakistan",MEA,2022,38.7
"Middle East, North Africa, Afghanistan & Pakistan",MEA,2021,39.8
"Middle East, North Africa, Afghanistan & Pakistan",MEA,2020,40.8
"Middle East, North Africa, Afghanistan & Pakistan",MEA,2019,41.9
"Middle East, North Africa, Afghanistan & Pakistan",MEA,2018,42.7
"Middle East, North Africa, Afghanistan & Pakistan",MEA,2017,43.5
"Middle East, North Africa, Afghanistan & Pakistan",MEA,2016,44.6
"Middle East, North Africa, Afghanistan & Pakistan",MEA,2015,46.2
"Middle East, North Africa, Afghanistan & Pakistan",MEA,2014,47.6
"Middle East, North Africa, Afghanistan & Pakistan",MEA,2013,49.4
"Middle East, North Africa, Afghanistan & Pakistan",MEA,2012,51.1
"Middle East, North Africa, Afghanistan & Pakistan",MEA,2011,52.5
"Middle East, North Africa, Afghanistan & Pakistan",MEA,2010,54.2
"Middle East, North Africa, Afghanistan & Pakistan",MEA,2009,55.9
"Middle East, North Africa, Afghanistan & Pakistan",MEA,2008,57.6
"Middle East, North Africa, Afghanistan & Pakistan",MEA,2007,59.4
"Middle East, North Africa, Afghanistan & Pakistan",MEA,2006,61.3
"Middle East, North Africa, Afghanistan & Pakistan",MEA,2005,63.2
"Middle East, North Africa, Afghanistan & Pakistan",MEA,2004,65.4
"Middle East, North Africa, Afghanistan & Pakistan",MEA,2003,67.7
"Middle East, North Africa, Afghanistan & Pakistan",MEA,2002,69.9
"Middle East, North Africa, Afghanistan & Pakistan",MEA,2001,72.4
"Middle East, North Africa, Afghanistan & Pakistan",MEA,2000,75.0
"Middle East, North Africa, Afghanistan & Pakistan",MEA,1999,77.5
"Middle East, North Africa, Afghanistan & Pakistan",MEA,1998,80.1
"Middle East, North Africa, Afghanistan & Pakistan",MEA,1997,82.7
"Middle East, North Africa, Afghanistan & Pakistan",MEA,1996,85.2
"Middle East, North Africa, Afghanistan & Pakistan",MEA,1995,87.4
"Middle East, North Africa, Afghanistan & Pakistan",MEA,1994,89.4
"Middle East, North Africa, Afghanistan & Pakistan",MEA,1993,91.1
"Middle East, North Africa, Afghanistan & Pakistan",MEA,1992,93.0
"Middle East, North Africa, Afghanistan & Pakistan",MEA,1991,95.8
"Middle East, North Africa, Afghanistan & Pakistan",MEA,1990,98.9
"Middle East, North Africa, Afghanistan & Pakistan",MEA,1989,
"Middle East, North Africa, Afghanistan & Pakistan",MEA,1988,
"Middle East, North Africa, Afghanistan & Pakistan",MEA,1987,
"Middle East, North Africa, Afghanistan & Pakistan",MEA,1986,
"Middle East, North Africa, Afghanistan & Pakistan",MEA,1985,
"Middle East, North Africa, Afghanistan & Pakistan",MEA,1984,
"Middle East, North Africa, Afghanistan & Pakistan",MEA,1983,
"Middle East, North Africa, Afghanistan & Pakistan",MEA,1982,
"Middle East, North Africa, Afghanistan & Pakistan",MEA,1981,
"Middle East, North Africa, Afghanistan & Pakistan",MEA,1980,
"Middle East, North Africa, Afghanistan & Pakistan",MEA,1979,
"Middle East, North Africa, Afghanistan & Pakistan",MEA,1978,
"Middle East, North Africa, Afghanistan & Pakistan",MEA,1977,
"Middle East, North Africa, Afghanistan & Pakistan",MEA,1976,
"Middle East, North Africa, Afghanistan & Pakistan",MEA,1975,
"Middle East, North Africa, Afghanistan & Pakistan",MEA,1974,
"Middle East, North Africa, Afghanistan & Pakistan",MEA,1973,
"Middle East, North Africa, Afghanistan & Pakistan",MEA,1972,
"Middle East, North Africa, Afghanistan & Pakistan",MEA,1971,
"Middle East, North Africa, Afghanistan & Pakistan",MEA,1970,
"Middle East, North Africa, Afghanistan & Pakistan",MEA,1969,
"Middle East, North Africa, Afghanistan & Pakistan",MEA,1968,
"Middle East, North Africa, Afghanistan & Pakistan",MEA,1967,
"Middle East, North Africa, Afghanistan & Pakistan",MEA,1966,
"Middle East, North Africa, Afghanistan & Pakistan",MEA,1965,
"Middle East, North Africa, Afghanistan & Pakistan",MEA,1964,
"Middle East, North Africa, Afghanistan & Pakistan",MEA,1963,
"Middle East, North Africa, Afghanistan & Pakistan",MEA,1962,
"Middle East, North Africa, Afghanistan & Pakistan",MEA,1961,
"Middle East, North Africa, Afghanistan & Pakistan",MEA,1960,
"Middle East, North Africa, Afghanistan & Pakistan (excluding high income)",MNA,2025,
"Middle East, North Africa, Afghanistan & Pakistan (excluding high income)",MNA,2024,38.2202077806834
"Middle East, North Africa, Afghanistan & Pakistan (excluding high income)",MNA,2023,39.6509729252887
"Middle East, North Africa, Afghanistan & Pakistan (excluding high income)",MNA,2022,40.5260963028876
"Middle East, North Africa, Afghanistan & Pakistan (excluding high income)",MNA,2021,41.7122880124507
"Middle East, North Africa, Afghanistan & Pakistan (excluding high income)",MNA,2020,42.7294271759822
"Middle East, North Africa, Afghanistan & Pakistan (excluding high income)",MNA,2019,43.9889081854891
"Middle East, North Africa, Afghanistan & Pakistan (excluding high income)",MNA,2018,45.0311073861595
"Middle East, North Africa, Afghanistan & Pakistan (excluding high income)",MNA,2017,45.7708991752807
"Middle East, North Africa, Afghanistan & Pakistan (excluding high income)",MNA,2016,46.8492727969889
"Middle East, North Africa, Afghanistan & Pakistan (excluding high income)",MNA,2015,48.3695161809907
"Middle East, North Africa, Afghanistan & Pakistan (excluding high income)",MNA,2014,49.8162056878113
"Middle East, North Africa, Afghanistan & Pakistan (excluding high income)",MNA,2013,51.5708395126252
"Middle East, North Africa, Afghanistan & Pakistan (excluding high income)",MNA,2012,53.3649585528709
"Middle East, North Africa, Afghanistan & Pakistan (excluding high income)",MNA,2011,54.8421887091685
"Middle East, North Africa, Afghanistan & Pakistan (excluding high income)",MNA,2010,56.606004469962
"Middle East, North Africa, Afghanistan & Pakistan (excluding high income)",MNA,2009,58.3663299864853
"Middle East, North Africa, Afghanistan & Pakistan (excluding high income)",MNA,2008,60.0605390860058
"Middle East, North Africa, Afghanistan & Pakistan (excluding high income)",MNA,2007,61.8559491743971
"Middle East, North Africa, Afghanistan & Pakistan (excluding high income)",MNA,2006,63.8828983214164
"Middle East, North Africa, Afghanistan & Pakistan (excluding high income)",MNA,2005,65.7828528420864
"Middle East, North Africa, Afghanistan & Pakistan (excluding high income)",MNA,2004,68.0443557108093
"Middle East, North Africa, Afghanistan & Pakistan (excluding high income)",MNA,2003,70.5468743633933
"Middle East, North Africa, Afghanistan & Pakistan (excluding high income)",MNA,2002,72.8426609226077
"Middle East, North Africa, Afghanistan & Pakistan (excluding high income)",MNA,2001,75.3720938075077
"Middle East, North Africa, Afghanistan & Pakistan (excluding high income)",MNA,2000,78.1540605481908
"Middle East, North Africa, Afghanistan & Pakistan (excluding high income)",MNA,1999,80.8318621337402
"Middle East, North Africa, Afghanistan & Pakistan (excluding high income)",MNA,1998,83.3973929349619
"Middle East, North Africa, Afghanistan & Pakistan (excluding high income)",MNA,1997,86.0819860418732
"Middle East, North Africa, Afghanistan & Pakistan (excluding high income)",MNA,1996,88.6670398571029
"Middle East, North Africa, Afghanistan & Pakistan (excluding high income)",MNA,1995,90.9718311383188
"Middle East, North Africa, Afghanistan & Pakistan (excluding high income)",MNA,1994,92.9427531143148
"Middle East, North Africa, Afghanistan & Pakistan (excluding high income)",MNA,1993,94.55524934416
"Middle East, North Africa, Afghanistan & Pakistan (excluding high income)",MNA,1992,96.332114189775
"Middle East, North Africa, Afghanistan & Pakistan (excluding high income)",MNA,1991,99.1123793916427
"Middle East, North Africa, Afghanistan & Pakistan (excluding high income)",MNA,1990,102.292065234665
"Middle East, North Africa, Afghanistan & Pakistan (excluding high income)",MNA,1989,
"Middle East, North Africa, Afghanistan & Pakistan (excluding high income)",MNA,1988,
"Middle East, North Africa, Afghanistan & Pakistan (excluding high income)",MNA,1987,
"Middle East, North Africa, Afghanistan & Pakistan (excluding high income)",MNA,1986,
"Middle East, North Africa, Afghanistan & Pakistan (excluding high income)",MNA,1985,
"Middle East, North Africa, Afghanistan & Pakistan (excluding high income)",MNA,1984,
"Middle East, North Africa, Afghanistan & Pakistan (excluding high income)",MNA,1983,
"Middle East, North Africa, Afghanistan & Pakistan (excluding high income)",MNA,1982,
"Middle East, North Africa, Afghanistan & Pakistan (excluding high income)",MNA,1981,
"Middle East, North Africa, Afghanistan & Pakistan (excluding high income)",MNA,1980,
"Middle East, North Africa, Afghanistan & Pakistan (excluding high income)",MNA,1979,
"Middle East, North Africa, Afghanistan & Pakistan (excluding high income)",MNA,1978,
"Middle East, North Africa, Afghanistan & Pakistan (excluding high income)",MNA,1977,
"Middle East, North Africa, Afghanistan & Pakistan (excluding high income)",MNA,1976,
"Middle East, North Africa, Afghanistan & Pakistan (excluding high income)",MNA,1975,
"Middle East, North Africa, Afghanistan & Pakistan (excluding high income)",MNA,1974,
"Middle East, North Africa, Afghanistan & Pakistan (excluding high income)",MNA,1973,
"Middle East, North Africa, Afghanistan & Pakistan (excluding high income)",MNA,1972,
"Middle East, North Africa, Afghanistan & Pakistan (excluding high income)",MNA,1971,
"Middle East, North Africa, Afghanistan & Pakistan (excluding high income)",MNA,1970,
"Middle East, North Africa, Afghanistan & Pakistan (excluding high income)",MNA,1969,
"Middle East, North Africa, Afghanistan & Pakistan (excluding high income)",MNA,1968,
"Middle East, North Africa, Afghanistan & Pakistan (excluding high income)",MNA,1967,
"Middle East, North Africa, Afghanistan & Pakistan (excluding high income)",MNA,1966,
"Middle East, North Africa, Afghanistan & Pakistan (excluding high income)",MNA,1965,
"Middle East, North Africa, Afghanistan & Pakistan (excluding high income)",MNA,1964,
"Middle East, North Africa, Afghanistan & Pakistan (excluding high income)",MNA,1963,
"Middle East, North Africa, Afghanistan & Pakistan (excluding high income)",MNA,1962,
"Middle East, North Africa, Afghanistan & Pakistan (excluding high income)",MNA,1961,
"Middle East, North Africa, Afghanistan & Pakistan (excluding high income)",MNA,1960,
"Middle East, North Africa, Afghanistan & Pakistan (IDA & IBRD)",TMN,2025,
"Middle East, North Africa, Afghanistan & Pakistan (IDA & IBRD)",TMN,2024,38.2229062071373
"Middle East, North Africa, Afghanistan & Pakistan (IDA & IBRD)",TMN,2023,39.6318090767822
"Middle East, North Africa, Afghanistan & Pakistan (IDA & IBRD)",TMN,2022,40.7524339713697
"Middle East, North Africa, Afghanistan & Pakistan (IDA & IBRD)",TMN,2021,41.9458905749115
"Middle East, North Africa, Afghanistan & Pakistan (IDA & IBRD)",TMN,2020,42.9669015197404
"Middle East, North Africa, Afghanistan & Pakistan (IDA & IBRD)",TMN,2019,44.2347877125154
"Middle East, North Africa, Afghanistan & Pakistan (IDA & IBRD)",TMN,2018,45.2801998035535
"Middle East, North Africa, Afghanistan & Pakistan (IDA & IBRD)",TMN,2017,46.0187377454325
"Middle East, North Africa, Afghanistan & Pakistan (IDA & IBRD)",TMN,2016,47.1020419286366
"Middle East, North Africa, Afghanistan & Pakistan (IDA & IBRD)",TMN,2015,48.6252139870489
"Middle East, North Africa, Afghanistan & Pakistan (IDA & IBRD)",TMN,2014,50.0469399717172
"Middle East, North Africa, Afghanistan & Pakistan (IDA & IBRD)",TMN,2013,51.8315892558468
"Middle East, North Africa, Afghanistan & Pakistan (IDA & IBRD)",TMN,2012,53.6353878519067
"Middle East, North Africa, Afghanistan & Pakistan (IDA & IBRD)",TMN,2011,55.1226592914287
"Middle East, North Africa, Afghanistan & Pakistan (IDA & IBRD)",TMN,2010,56.8962811424056
"Middle East, North Africa, Afghanistan & Pakistan (IDA & IBRD)",TMN,2009,58.6599411220299
"Middle East, North Africa, Afghanistan & Pakistan (IDA & IBRD)",TMN,2008,60.3605083500064
"Middle East, North Africa, Afghanistan & Pakistan (IDA & IBRD)",TMN,2007,62.1665400488655
"Middle East, North Africa, Afghanistan & Pakistan (IDA & IBRD)",TMN,2006,64.2122839401497
"Middle East, North Africa, Afghanistan & Pakistan (IDA & IBRD)",TMN,2005,66.1292380683344
"Middle East, North Africa, Afghanistan & Pakistan (IDA & IBRD)",TMN,2004,68.407279328452
"Middle East, North Africa, Afghanistan & Pakistan (IDA & IBRD)",TMN,2003,70.9241555681423
"Middle East, North Africa, Afghanistan & Pakistan (IDA & IBRD)",TMN,2002,73.2391042558439
"Middle East, North Africa, Afghanistan & Pakistan (IDA & IBRD)",TMN,2001,75.781776903931
"Middle East, North Africa, Afghanistan & Pakistan (IDA & IBRD)",TMN,2000,78.576267719972
"Middle East, North Africa, Afghanistan & Pakistan (IDA & IBRD)",TMN,1999,81.2670885985864
"Middle East, North Africa, Afghanistan & Pakistan (IDA & IBRD)",TMN,1998,83.8434676369039
"Middle East, North Africa, Afghanistan & Pakistan (IDA & IBRD)",TMN,1997,86.5350897236537
"Middle East, North Africa, Afghanistan & Pakistan (IDA & IBRD)",TMN,1996,89.1259346575052
"Middle East, North Africa, Afghanistan & Pakistan (IDA & IBRD)",TMN,1995,91.4293671022768
"Middle East, North Africa, Afghanistan & Pakistan (IDA & IBRD)",TMN,1994,93.3931826389392
"Middle East, North Africa, Afghanistan & Pakistan (IDA & IBRD)",TMN,1993,94.9954582586675
"Middle East, North Africa, Afghanistan & Pakistan (IDA & IBRD)",TMN,1992,96.7620187406302
"Middle East, North Africa, Afghanistan & Pakistan (IDA & IBRD)",TMN,1991,99.5347829539171
"Middle East, North Africa, Afghanistan & Pakistan (IDA & IBRD)",TMN,1990,102.708654996676
"Middle East, North Africa, Afghanistan & Pakistan (IDA & IBRD)",TMN,1989,
"Middle East, North Africa, Afghanistan & Pakistan (IDA & IBRD)",TMN,1988,
"Middle East, North Africa, Afghanistan & Pakistan (IDA & IBRD)",TMN,1987,
"Middle East, North Africa, Afghanistan & Pakistan (IDA & IBRD)",TMN,1986,
"Middle East, North Africa, Afghanistan & Pakistan (IDA & IBRD)",TMN,1985,
"Middle East, North Africa, Afghanistan & Pakistan (IDA & IBRD)",TMN,1984,
"Middle East, North Africa, Afghanistan & Pakistan (IDA & IBRD)",TMN,1983,
"Middle East, North Africa, Afghanistan & Pakistan (IDA & IBRD)",TMN,1982,
"Middle East, North Africa, Afghanistan & Pakistan (IDA & IBRD)",TMN,1981,
"Middle East, North Africa, Afghanistan & Pakistan (IDA & IBRD)",TMN,1980,
"Middle East, North Africa, Afghanistan & Pakistan (IDA & IBRD)",TMN,1979,
"Middle East, North Africa, Afghanistan & Pakistan (IDA & IBRD)",TMN,1978,
"Middle East, North Africa, Afghanistan & Pakistan (IDA & IBRD)",TMN,1977,
"Middle East, North Africa, Afghanistan & Pakistan (IDA & IBRD)",TMN,1976,
"Middle East, North Africa, Afghanistan & Pakistan (IDA & IBRD)",TMN,1975,
"Middle East, North Africa, Afghanistan & Pakistan (IDA & IBRD)",TMN,1974,
"Middle East, North Africa, Afghanistan & Pakistan (IDA & IBRD)",TMN,1973,
"Middle East, North Africa, Afghanistan & Pakistan (IDA & IBRD)",TMN,1972,
"Middle East, North Africa, Afghanistan & Pakistan (IDA & IBRD)",TMN,1971,
"Middle East, North Africa, Afghanistan & Pakistan (IDA & IBRD)",TMN,1970,
"Middle East, North Africa, Afghanistan & Pakistan (IDA & IBRD)",TMN,1969,
"Middle East, North Africa, Afghanistan & Pakistan (IDA & IBRD)",TMN,1968,
"Middle East, North Africa, Afghanistan & Pakistan (IDA & IBRD)",TMN,1967,
"Middle East, North Africa, Afghanistan & Pakistan (IDA & IBRD)",TMN,1966,
"Middle East, North Africa, Afghanistan & Pakistan (IDA & IBRD)",TMN,1965,
"Middle East, North Africa, Afghanistan & Pakistan (IDA & IBRD)",TMN,1964,
"Middle East, North Africa, Afghanistan & Pakistan (IDA & IBRD)",TMN,1963,
"Middle East, North Africa, Afghanistan & Pakistan (IDA & IBRD)",TMN,1962,
"Middle East, North Africa, Afghanistan & Pakistan (IDA & IBRD)",TMN,1961,
"Middle East, North Africa, Afghanistan & Pakistan (IDA & IBRD)",TMN,1960,
Middle income,MIC,2025,
Middle income,MIC,2024,34.2669397482747
Middle income,MIC,2023,35.1714651787478
Middle income,MIC,2022,35.6871665968619
Middle income,MIC,2021,36.1471358530293
Middle income,MIC,2020,36.5137939030937
Middle income,MIC,2019,36.6238785213717
Middle income,MIC,2018,37.3739192546255
Middle income,MIC,2017,37.6468384094244
Middle income,MIC,2016,38.8439677609959
Middle income,MIC,2015,40.2919351330772
Middle income,MIC,2014,41.3874477917751
Middle income,MIC,2013,43.1106066708463
Middle income,MIC,2012,44.5499933253951
Middle income,MIC,2011,46.8370771092161
Middle income,MIC,2010,48.8928891337214
Middle income,MIC,2009,50.7596649438918
Middle income,MIC,2008,53.2555633962478
Middle income,MIC,2007,55.3796396069672
Middle income,MIC,2006,57.8840436729488
Middle income,MIC,2005,60.5324100373271
Middle income,MIC,2004,63.6029873309403
Middle income,MIC,2003,66.1764540223491
Middle income,MIC,2002,69.001171971917
Middle income,MIC,2001,71.8526615134036
Middle income,MIC,2000,74.3804034384576
Middle income,MIC,1999,77.3749151833361
Middle income,MIC,1998,79.9458125277029
Middle income,MIC,1997,82.3256592503945
Middle income,MIC,1996,84.5922690832716
Middle income,MIC,1995,86.6670458780875
Middle income,MIC,1994,88.6701456264571
Middle income,MIC,1993,90.4974973552024
Middle income,MIC,1992,92.3046194487959
Middle income,MIC,1991,93.8254428629823
Middle income,MIC,1990,94.0280140694383
Middle income,MIC,1989,
Middle income,MIC,1988,
Middle income,MIC,1987,
Middle income,MIC,1986,
Middle income,MIC,1985,
Middle income,MIC,1984,
Middle income,MIC,1983,
Middle income,MIC,1982,
Middle income,MIC,1981,
Middle income,MIC,1980,
Middle income,MIC,1979,
Middle income,MIC,1978,
Middle income,MIC,1977,
Middle income,MIC,1976,
Middle income,MIC,1975,
Middle income,MIC,1974,
Middle income,MIC,1973,
Middle income,MIC,1972,
Middle income,MIC,1971,
Middle income,MIC,1970,
Middle income,MIC,1969,
Middle income,MIC,1968,
Middle income,MIC,1967,
Middle income,MIC,1966,
Middle income,MIC,1965,
Middle income,MIC,1964,
Middle income,MIC,1963,
Middle income,MIC,1962,
Middle income,MIC,1961,
Middle income,MIC,1960,
North America,NAC,2025,
North America,NAC,2024,6.4
North America,NAC,2023,6.4
North America,NAC,2022,6.4
North America,NAC,2021,6.4
North America,NAC,2020,6.4
North America,NAC,2019,6.4
North America,NAC,2018,6.4
North America,NAC,2017,6.5
North America,NAC,2016,6.6
North America,NAC,2015,6.6
North America,NAC,2014,6.7
North America,NAC,2013,6.8
North America,NAC,2012,6.9
North America,NAC,2011,7.0
North America,NAC,2010,7.2
North America,NAC,2009,7.3
North America,NAC,2008,7.5
North America,NAC,2007,7.6
North America,NAC,2006,7.7
North America,NAC,2005,7.8
North America,NAC,2004,7.9
North America,NAC,2003,8.0
North America,NAC,2002,8.1
North America,NAC,2001,8.2
North America,NAC,2000,8.3
North America,NAC,1999,8.4
North America,NAC,1998,8.6
North America,NAC,1997,8.7
North America,NAC,1996,9.0
North America,NAC,1995,9.2
North America,NAC,1994,9.5
North America,NAC,1993,9.9
North America,NAC,1992,10.2
North America,NAC,1991,10.6
North America,NAC,1990,11.0
North America,NAC,1989,
North America,NAC,1988,
North America,NAC,1987,
North America,NAC,1986,
North America,NAC,1985,
North America,NAC,1984,
North America,NAC,1983,
North America,NAC,1982,
North America,NAC,1981,
North America,NAC,1980,
North America,NAC,1979,
North America,NAC,1978,
North America,NAC,1977,
North America,NAC,1976,
North America,NAC,1975,
North America,NAC,1974,
North America,NAC,1973,
North America,NAC,1972,
North America,NAC,1971,
North America,NAC,1970,
North America,NAC,1969,
North America,NAC,1968,
North America,NAC,1967,
North America,NAC,1966,
North America,NAC,1965,
North America,NAC,1964,
North America,NAC,1963,
North America,NAC,1962,
North America,NAC,1961,
North America,NAC,1960,
Not classified,,2025,
Not classified,,2024,
Not classified,,2023,
Not classified,,2022,
Not classified,,2021,
Not classified,,2020,
Not classified,,2019,
Not classified,,2018,
Not classified,,2017,
Not classified,,2016,
Not classified,,2015,
Not classified,,2014,
Not classified,,2013,
Not classified,,2012,
Not classified,,2011,
Not classified,,2010,
Not classified,,2009,
Not classified,,2008,
Not classified,,2007,
Not classified,,2006,
Not classified,,2005,
Not classified,,2004,
Not classified,,2003,
Not classified,,2002,
Not classified,,2001,
Not classified,,2000,
Not classified,,1999,
Not classified,,1998,
Not classified,,1997,
Not classified,,1996,
Not classified,,1995,
Not classified,,1994,
Not classified,,1993,
Not classified,,1992,
Not classified,,1991,
Not classified,,1990,
Not classified,,1989,
Not classified,,1988,
Not classified,,1987,
Not classified,,1986,
Not classified,,1985,
Not classified,,1984,
Not classified,,1983,
Not classified,,1982,
Not classified,,1981,
Not classified,,1980,
Not classified,,1979,
Not classified,,1978,
Not classified,,1977,
Not classified,,1976,
Not classified,,1975,
Not classified,,1974,
Not classified,,1973,
Not classified,,1972,
Not classified,,1971,
Not classified,,1970,
Not classified,,1969,
Not classified,,1968,
Not classified,,1967,
Not classified,,1966,
Not classified,,1965,
Not classified,,1964,
Not classified,,1963,
Not classified,,1962,
Not classified,,1961,
Not classified,,1960,
OECD members,OED,2025,
OECD members,OED,2024,6.71340583345604
OECD members,OED,2023,7.1165633495838
OECD members,OED,2022,6.88348262804695
OECD members,OED,2021,6.96683223067391
OECD members,OED,2020,7.09705176462164
OECD members,OED,2019,7.21198030537372
OECD members,OED,2018,7.31724142421779
OECD members,OED,2017,7.45157408345812
OECD members,OED,2016,7.61012730966197
OECD members,OED,2015,7.81948408324089
OECD members,OED,2014,8.01901609332278
OECD members,OED,2013,8.24204327810092
OECD members,OED,2012,8.42946117167397
OECD members,OED,2011,8.69271975908628
OECD members,OED,2010,8.92189627668077
OECD members,OED,2009,9.28419539882045
OECD members,OED,2008,9.56241048704293
OECD members,OED,2007,9.94498031482296
OECD members,OED,2006,10.3626086722289
OECD members,OED,2005,10.8427954935279
OECD members,OED,2004,11.2946887986361
OECD members,OED,2003,11.7513656136049
OECD members,OED,2002,12.3321619381513
OECD members,OED,2001,12.9132733677358
OECD members,OED,2000,13.490642257495
OECD members,OED,1999,14.3184728455047
OECD members,OED,1998,15.0239346482054
OECD members,OED,1997,15.7950911172526
OECD members,OED,1996,16.6068169085537
OECD members,OED,1995,17.5207632511128
OECD members,OED,1994,18.3510212921271
OECD members,OED,1993,19.2010233041415
OECD members,OED,1992,19.9906191606466
OECD members,OED,1991,20.9045044589091
OECD members,OED,1990,21.87191667906
OECD members,OED,1989,
OECD members,OED,1988,
OECD members,OED,1987,
OECD members,OED,1986,
OECD members,OED,1985,
OECD members,OED,1984,
OECD members,OED,1983,
OECD members,OED,1982,
OECD members,OED,1981,
OECD members,OED,1980,
OECD members,OED,1979,
OECD members,OED,1978,
OECD members,OED,1977,
OECD members,OED,1976,
OECD members,OED,1975,
OECD members,OED,1974,
OECD members,OED,1973,
OECD members,OED,1972,
OECD members,OED,1971,
OECD members,OED,1970,
OECD members,OED,1969,
OECD members,OED,1968,
OECD members,OED,1967,
OECD members,OED,1966,
OECD members,OED,1965,
OECD members,OED,1964,
OECD members,OED,1963,
OECD members,OED,1962,
OECD members,OED,1961,
OECD members,OED,1960,
Other small states,OSS,2025,
Other small states,OSS,2024,28.7917571090766
Other small states,OSS,2023,29.517920526929
Other small states,OSS,2022,30.2201997769141
Other small states,OSS,2021,30.5945761092755
Other small states,OSS,2020,31.6722970550828
Other small states,OSS,2019,32.4535817474853
Other small states,OSS,2018,32.9009289232935
Other small states,OSS,2017,34.0687697615638
Other small states,OSS,2016,34.8615275003077
Other small states,OSS,2015,36.3627671239323
Other small states,OSS,2014,37.7056726380277
Other small states,OSS,2013,38.6929656208662
Other small states,OSS,2012,39.8702260901179
Other small states,OSS,2011,41.7939032990082
Other small states,OSS,2010,44.9563981042654
Other small states,OSS,2009,47.7621627153638
Other small states,OSS,2008,50.0340991815804
Other small states,OSS,2007,52.1729947304819
Other small states,OSS,2006,54.8443961077682
Other small states,OSS,2005,58.337564960843
Other small states,OSS,2004,60.2848616488809
Other small states,OSS,2003,62.1832522663445
Other small states,OSS,2002,63.6084448510669
Other small states,OSS,2001,64.8970344255496
Other small states,OSS,2000,65.4295252718068
Other small states,OSS,1999,83.5547397695669
Other small states,OSS,1998,79.9348154018771
Other small states,OSS,1997,79.1156164637866
Other small states,OSS,1996,79.7810297383202
Other small states,OSS,1995,80.9754100268037
Other small states,OSS,1994,80.0755943198779
Other small states,OSS,1993,80.3807696889287
Other small states,OSS,1992,81.5509207990153
Other small states,OSS,1991,83.7766183702248
Other small states,OSS,1990,84.5896554899778
Other small states,OSS,1989,
Other small states,OSS,1988,
Other small states,OSS,1987,
Other small states,OSS,1986,
Other small states,OSS,1985,
Other small states,OSS,1984,
Other small states,OSS,1983,
Other small states,OSS,1982,
Other small states,OSS,1981,
Other small states,OSS,1980,
Other small states,OSS,1979,
Other small states,OSS,1978,
Other small states,OSS,1977,
Other small states,OSS,1976,
Other small states,OSS,1975,
Other small states,OSS,1974,
Other small states,OSS,1973,
Other small states,OSS,1972,
Other small states,OSS,1971,
Other small states,OSS,1970,
Other small states,OSS,1969,
Other small states,OSS,1968,
Other small states,OSS,1967,
Other small states,OSS,1966,
Other small states,OSS,1965,
Other small states,OSS,1964,
Other small states,OSS,1963,
Other small states,OSS,1962,
Other small states,OSS,1961,
Other small states,OSS,1960,
Pacific island small states,PSS,2025,
Pacific island small states,PSS,2024,23.0630808209574
Pacific island small states,PSS,2023,23.5465315516911
Pacific island small states,PSS,2022,23.9466811196837
Pacific island small states,PSS,2021,24.1984298176051
Pacific island small states,PSS,2020,24.2955926184286
Pacific island small states,PSS,2019,24.5015472120248
Pacific island small states,PSS,2018,24.1138361240092
Pacific island small states,PSS,2017,23.940274908752
Pacific island small states,PSS,2016,23.8342089864802
Pacific island small states,PSS,2015,23.827468127215
Pacific island small states,PSS,2014,23.9384676739014
Pacific island small states,PSS,2013,24.2277773480407
Pacific island small states,PSS,2012,24.6122514542364
Pacific island small states,PSS,2011,25.1378193645706
Pacific island small states,PSS,2010,25.6275626351767
Pacific island small states,PSS,2009,26.6762424299923
Pacific island small states,PSS,2008,26.509661866396
Pacific island small states,PSS,2007,26.8676522210876
Pacific island small states,PSS,2006,27.0895257234727
Pacific island small states,PSS,2005,27.1694637786972
Pacific island small states,PSS,2004,27.2757536191673
Pacific island small states,PSS,2003,27.3746144507153
Pacific island small states,PSS,2002,27.8911392196313
Pacific island small states,PSS,2001,28.0132959949626
Pacific island small states,PSS,2000,28.4177811069496
Pacific island small states,PSS,1999,28.9333233348331
Pacific island small states,PSS,1998,29.4358711054062
Pacific island small states,PSS,1997,30.044777861132
Pacific island small states,PSS,1996,30.6339073397542
Pacific island small states,PSS,1995,31.3180351881752
Pacific island small states,PSS,1994,32.1243291592129
Pacific island small states,PSS,1993,33.0141526658738
Pacific island small states,PSS,1992,33.9772262430522
Pacific island small states,PSS,1991,35.1167709574058
Pacific island small states,PSS,1990,36.227310578715
Pacific island small states,PSS,1989,
Pacific island small states,PSS,1988,
Pacific island small states,PSS,1987,
Pacific island small states,PSS,1986,
Pacific island small states,PSS,1985,
Pacific island small states,PSS,1984,
Pacific island small states,PSS,1983,
Pacific island small states,PSS,1982,
Pacific island small states,PSS,1981,
Pacific island small states,PSS,1980,
Pacific island small states,PSS,1979,
Pacific island small states,PSS,1978,
Pacific island small states,PSS,1977,
Pacific island small states,PSS,1976,
Pacific island small states,PSS,1975,
Pacific island small states,PSS,1974,
Pacific island small states,PSS,1973,
Pacific island small states,PSS,1972,
Pacific island small states,PSS,1971,
Pacific island small states,PSS,1970,
Pacific island small states,PSS,1969,
Pacific island small states,PSS,1968,
Pacific island small states,PSS,1967,
Pacific island small states,PSS,1966,
Pacific island small states,PSS,1965,
Pacific island small states,PSS,1964,
Pacific island small states,PSS,1963,
Pacific island small states,PSS,1962,
Pacific island small states,PSS,1961,
Pacific island small states,PSS,1960,
Post-demographic dividend,PST,2025,
Post-demographic dividend,PST,2024,4.86120404001702
Post-demographic dividend,PST,2023,4.86367907455807
Post-demographic dividend,PST,2022,4.86397469797607
Post-demographic dividend,PST,2021,4.84143434776053
Post-demographic dividend,PST,2020,4.85821344234638
Post-demographic dividend,PST,2019,4.88668719285686
Post-demographic dividend,PST,2018,4.90667244185543
Post-demographic dividend,PST,2017,4.97408120426222
Post-demographic dividend,PST,2016,5.06126925886041
Post-demographic dividend,PST,2015,5.15157604406349
Post-demographic dividend,PST,2014,5.21094423525424
Post-demographic dividend,PST,2013,5.3092283245699
Post-demographic dividend,PST,2012,5.41281926487336
Post-demographic dividend,PST,2011,5.57377640570646
Post-demographic dividend,PST,2010,5.68148348144133
Post-demographic dividend,PST,2009,5.89017464140797
Post-demographic dividend,PST,2008,6.02057201286674
Post-demographic dividend,PST,2007,6.16199940978813
Post-demographic dividend,PST,2006,6.33282296175081
Post-demographic dividend,PST,2005,6.46866845764791
Post-demographic dividend,PST,2004,6.62696457306662
Post-demographic dividend,PST,2003,6.74820146782253
Post-demographic dividend,PST,2002,6.90266318680496
Post-demographic dividend,PST,2001,7.06995955372854
Post-demographic dividend,PST,2000,7.27625064934182
Post-demographic dividend,PST,1999,7.51687207620748
Post-demographic dividend,PST,1998,7.75434933555421
Post-demographic dividend,PST,1997,8.02025267647772
Post-demographic dividend,PST,1996,8.37257625285104
Post-demographic dividend,PST,1995,8.75941491092103
Post-demographic dividend,PST,1994,9.12184134740873
Post-demographic dividend,PST,1993,9.73159372108718
Post-demographic dividend,PST,1992,10.2217261632941
Post-demographic dividend,PST,1991,10.43086335077
Post-demographic dividend,PST,1990,10.8187695190409
Post-demographic dividend,PST,1989,
Post-demographic dividend,PST,1988,
Post-demographic dividend,PST,1987,
Post-demographic dividend,PST,1986,
Post-demographic dividend,PST,1985,
Post-demographic dividend,PST,1984,
Post-demographic dividend,PST,1983,
Post-demographic dividend,PST,1982,
Post-demographic dividend,PST,1981,
Post-demographic dividend,PST,1980,
Post-demographic dividend,PST,1979,
Post-demographic dividend,PST,1978,
Post-demographic dividend,PST,1977,
Post-demographic dividend,PST,1976,
Post-demographic dividend,PST,1975,
Post-demographic dividend,PST,1974,
Post-demographic dividend,PST,1973,
Post-demographic dividend,PST,1972,
Post-demographic dividend,PST,1971,
Post-demographic dividend,PST,1970,
Post-demographic dividend,PST,1969,
Post-demographic dividend,PST,1968,
Post-demographic dividend,PST,1967,
Post-demographic dividend,PST,1966,
Post-demographic dividend,PST,1965,
Post-demographic dividend,PST,1964,
Post-demographic dividend,PST,1963,
Post-demographic dividend,PST,1962,
Post-demographic dividend,PST,1961,
Post-demographic dividend,PST,1960,
Pre-demographic dividend,PRE,2025,
Pre-demographic dividend,PRE,2024,74.4601872947898
Pre-demographic dividend,PRE,2023,76.0732942575731
Pre-demographic dividend,PRE,2022,79.7149340894285
Pre-demographic dividend,PRE,2021,78.5546084126998
Pre-demographic dividend,PRE,2020,79.2919052506055
Pre-demographic dividend,PRE,2019,81.3480106523881
Pre-demographic dividend,PRE,2018,82.3130203380837
Pre-demographic dividend,PRE,2017,85.8918608835943
Pre-demographic dividend,PRE,2016,86.6216026727294
Pre-demographic dividend,PRE,2015,88.0082711512247
Pre-demographic dividend,PRE,2014,89.7347559293146
Pre-demographic dividend,PRE,2013,90.3645430472991
Pre-demographic dividend,PRE,2012,93.5323319667408
Pre-demographic dividend,PRE,2011,99.7290060999196
Pre-demographic dividend,PRE,2010,99.6869369057198
Pre-demographic dividend,PRE,2009,104.898559682785
Pre-demographic dividend,PRE,2008,106.675489316872
Pre-demographic dividend,PRE,2007,111.105326355607
Pre-demographic dividend,PRE,2006,115.833179292551
Pre-demographic dividend,PRE,2005,121.591205491695
Pre-demographic dividend,PRE,2004,129.769509536453
Pre-demographic dividend,PRE,2003,135.117497902469
Pre-demographic dividend,PRE,2002,141.182276925255
Pre-demographic dividend,PRE,2001,148.83645252239
Pre-demographic dividend,PRE,2000,153.006629359386
Pre-demographic dividend,PRE,1999,158.55084535196
Pre-demographic dividend,PRE,1998,167.986404076961
Pre-demographic dividend,PRE,1997,168.849900371405
Pre-demographic dividend,PRE,1996,173.002586831788
Pre-demographic dividend,PRE,1995,171.793352275693
Pre-demographic dividend,PRE,1994,173.986030342528
Pre-demographic dividend,PRE,1993,181.282828132501
Pre-demographic dividend,PRE,1992,183.462343909917
Pre-demographic dividend,PRE,1991,185.402258016079
Pre-demographic dividend,PRE,1990,184.548188682454
Pre-demographic dividend,PRE,1989,
Pre-demographic dividend,PRE,1988,
Pre-demographic dividend,PRE,1987,
Pre-demographic dividend,PRE,1986,
Pre-demographic dividend,PRE,1985,
Pre-demographic dividend,PRE,1984,
Pre-demographic dividend,PRE,1983,
Pre-demographic dividend,PRE,1982,
Pre-demographic dividend,PRE,1981,
Pre-demographic dividend,PRE,1980,
Pre-demographic dividend,PRE,1979,
Pre-demographic dividend,PRE,1978,
Pre-demographic dividend,PRE,1977,
Pre-demographic dividend,PRE,1976,
Pre-demographic dividend,PRE,1975,
Pre-demographic dividend,PRE,1974,
Pre-demographic dividend,PRE,1973,
Pre-demographic dividend,PRE,1972,
Pre-demographic dividend,PRE,1971,
Pre-demographic dividend,PRE,1970,
Pre-demographic dividend,PRE,1969,
Pre-demographic dividend,PRE,1968,
Pre-demographic dividend,PRE,1967,
Pre-demographic dividend,PRE,1966,
Pre-demographic dividend,PRE,1965,
Pre-demographic dividend,PRE,1964,
Pre-demographic dividend,PRE,1963,
Pre-demographic dividend,PRE,1962,
Pre-demographic dividend,PRE,1961,
Pre-demographic dividend,PRE,1960,
Small states,SST,2025,
Small states,SST,2024,25.5588136030043
Small states,SST,2023,26.1930611919865
Small states,SST,2022,26.8196916083767
Small states,SST,2021,27.2395662382228
Small states,SST,2020,27.9736535191704
Small states,SST,2019,28.7067565761136
Small states,SST,2018,28.85209966852
Small states,SST,2017,29.6415589548415
Small states,SST,2016,30.2151314953627
Small states,SST,2015,31.214093957807
Small states,SST,2014,32.1764169270094
Small states,SST,2013,32.9662179630421
Small states,SST,2012,33.9150940110932
Small states,SST,2011,35.3309977435495
Small states,SST,2010,37.495316150762
Small states,SST,2009,39.5042885017229
Small states,SST,2008,40.9811635523341
Small states,SST,2007,42.4416089620418
Small states,SST,2006,44.2304415855355
Small states,SST,2005,46.5517688795085
Small states,SST,2004,47.9166995410659
Small states,SST,2003,49.1659153194765
Small states,SST,2002,50.1315566581818
Small states,SST,2001,50.8844184201196
Small states,SST,2000,51.3808380358797
Small states,SST,1999,63.1773412735219
Small states,SST,1998,61.0892940924986
Small states,SST,1997,60.7958293035437
Small states,SST,1996,61.5486954911731
Small states,SST,1995,62.57830690923
Small states,SST,1994,62.6211234881662
Small states,SST,1993,63.195438619873
Small states,SST,1992,64.5399547164918
Small states,SST,1991,66.1868850449026
Small states,SST,1990,66.931355845555
Small states,SST,1989,
Small states,SST,1988,
Small states,SST,1987,
Small states,SST,1986,
Small states,SST,1985,
Small states,SST,1984,
Small states,SST,1983,
Small states,SST,1982,
Small states,SST,1981,
Small states,SST,1980,
Small states,SST,1979,
Small states,SST,1978,
Small states,SST,1977,
Small states,SST,1976,
Small states,SST,1975,
Small states,SST,1974,
Small states,SST,1973,
Small states,SST,1972,
Small states,SST,1971,
Small states,SST,1970,
Small states,SST,1969,
Small states,SST,1968,
Small states,SST,1967,
Small states,SST,1966,
Small states,SST,1965,
Small states,SST,1964,
Small states,SST,1963,
Small states,SST,1962,
Small states,SST,1961,
Small states,SST,1960,
South Asia,SAS,2025,
South Asia,SAS,2024,26.8
South Asia,SAS,2023,28.0
South Asia,SAS,2022,29.3
South Asia,SAS,2021,30.8
South Asia,SAS,2020,32.4
South Asia,SAS,2019,34.1
South Asia,SAS,2018,36.0
South Asia,SAS,2017,38.1
South Asia,SAS,2016,40.3
South Asia,SAS,2015,42.6
South Asia,SAS,2014,45.1
South Asia,SAS,2013,47.7
South Asia,SAS,2012,50.5
South Asia,SAS,2011,53.4
South Asia,SAS,2010,56.3
South Asia,SAS,2009,59.4
South Asia,SAS,2008,62.4
South Asia,SAS,2007,65.5
South Asia,SAS,2006,68.7
South Asia,SAS,2005,72.0
South Asia,SAS,2004,75.6
South Asia,SAS,2003,78.9
South Asia,SAS,2002,82.4
South Asia,SAS,2001,86.1
South Asia,SAS,2000,90.0
South Asia,SAS,1999,93.9
South Asia,SAS,1998,97.8
South Asia,SAS,1997,101.7
South Asia,SAS,1996,105.5
South Asia,SAS,1995,109.3
South Asia,SAS,1994,113.1
South Asia,SAS,1993,116.8
South Asia,SAS,1992,120.6
South Asia,SAS,1991,124.5
South Asia,SAS,1990,128.6
South Asia,SAS,1989,
South Asia,SAS,1988,
South Asia,SAS,1987,
South Asia,SAS,1986,
South Asia,SAS,1985,
South Asia,SAS,1984,
South Asia,SAS,1983,
South Asia,SAS,1982,
South Asia,SAS,1981,
South Asia,SAS,1980,
South Asia,SAS,1979,
South Asia,SAS,1978,
South Asia,SAS,1977,
South Asia,SAS,1976,
South Asia,SAS,1975,
South Asia,SAS,1974,
South Asia,SAS,1973,
South Asia,SAS,1972,
South Asia,SAS,1971,
South Asia,SAS,1970,
South Asia,SAS,1969,
South Asia,SAS,1968,
South Asia,SAS,1967,
South Asia,SAS,1966,
South Asia,SAS,1965,
South Asia,SAS,1964,
South Asia,SAS,1963,
South Asia,SAS,1962,
South Asia,SAS,1961,
South Asia,SAS,1960,
South Asia (IDA & IBRD),TSA,2025,
South Asia (IDA & IBRD),TSA,2024,26.812007037749
South Asia (IDA & IBRD),TSA,2023,28.0237503925087
South Asia (IDA & IBRD),TSA,2022,29.3184600470079
South Asia (IDA & IBRD),TSA,2021,30.8005662263949
South Asia (IDA & IBRD),TSA,2020,32.4133413201353
South Asia (IDA & IBRD),TSA,2019,34.1788860217225
South Asia (IDA & IBRD),TSA,2018,36.0717212654035
South Asia (IDA & IBRD),TSA,2017,38.066424155829
South Asia (IDA & IBRD),TSA,2016,40.284023817824
South Asia (IDA & IBRD),TSA,2015,42.5754112311521
South Asia (IDA & IBRD),TSA,2014,45.1433866579388
South Asia (IDA & IBRD),TSA,2013,47.7460345372687
South Asia (IDA & IBRD),TSA,2012,50.524216556331
South Asia (IDA & IBRD),TSA,2011,53.3929226830985
South Asia (IDA & IBRD),TSA,2010,56.3382415270381
South Asia (IDA & IBRD),TSA,2009,59.4037799378435
South Asia (IDA & IBRD),TSA,2008,62.4016925335458
South Asia (IDA & IBRD),TSA,2007,65.5676010587084
South Asia (IDA & IBRD),TSA,2006,68.7185869960036
South Asia (IDA & IBRD),TSA,2005,72.0002867368244
South Asia (IDA & IBRD),TSA,2004,75.5748395041314
South Asia (IDA & IBRD),TSA,2003,78.8434660131983
South Asia (IDA & IBRD),TSA,2002,82.4355822752928
South Asia (IDA & IBRD),TSA,2001,86.0929783503114
South Asia (IDA & IBRD),TSA,2000,89.9785139558652
South Asia (IDA & IBRD),TSA,1999,93.8438060851859
South Asia (IDA & IBRD),TSA,1998,97.8149003997397
South Asia (IDA & IBRD),TSA,1997,101.710420408686
South Asia (IDA & IBRD),TSA,1996,105.500853986325
South Asia (IDA & IBRD),TSA,1995,109.303912593563
South Asia (IDA & IBRD),TSA,1994,113.049383142452
South Asia (IDA & IBRD),TSA,1993,116.81116271922
South Asia (IDA & IBRD),TSA,1992,120.614137928546
South Asia (IDA & IBRD),TSA,1991,124.512394653655
South Asia (IDA & IBRD),TSA,1990,128.500088519089
South Asia (IDA & IBRD),TSA,1989,
South Asia (IDA & IBRD),TSA,1988,
South Asia (IDA & IBRD),TSA,1987,
South Asia (IDA & IBRD),TSA,1986,
South Asia (IDA & IBRD),TSA,1985,
South Asia (IDA & IBRD),TSA,1984,
South Asia (IDA & IBRD),TSA,1983,
South Asia (IDA & IBRD),TSA,1982,
South Asia (IDA & IBRD),TSA,1981,
South Asia (IDA & IBRD),TSA,1980,
South Asia (IDA & IBRD),TSA,1979,
South Asia (IDA & IBRD),TSA,1978,
South Asia (IDA & IBRD),TSA,1977,
South Asia (IDA & IBRD),TSA,1976,
South Asia (IDA & IBRD),TSA,1975,
South Asia (IDA & IBRD),TSA,1974,
South Asia (IDA & IBRD),TSA,1973,
South Asia (IDA & IBRD),TSA,1972,
South Asia (IDA & IBRD),TSA,1971,
South Asia (IDA & IBRD),TSA,1970,
South Asia (IDA & IBRD),TSA,1969,
South Asia (IDA & IBRD),TSA,1968,
South Asia (IDA & IBRD),TSA,1967,
South Asia (IDA & IBRD),TSA,1966,
South Asia (IDA & IBRD),TSA,1965,
South Asia (IDA & IBRD),TSA,1964,
South Asia (IDA & IBRD),TSA,1963,
South Asia (IDA & IBRD),TSA,1962,
South Asia (IDA & IBRD),TSA,1961,
South Asia (IDA & IBRD),TSA,1960,
Sub-Saharan Africa,SSF,2025,
Sub-Saharan Africa,SSF,2024,71.2
Sub-Saharan Africa,SSF,2023,73.2
Sub-Saharan Africa,SSF,2022,78.3
Sub-Saharan Africa,SSF,2021,77.1
Sub-Saharan Africa,SSF,2020,75.9
Sub-Saharan Africa,SSF,2019,78.0
Sub-Saharan Africa,SSF,2018,79.0
Sub-Saharan Africa,SSF,2017,82.5
Sub-Saharan Africa,SSF,2016,83.4
Sub-Saharan Africa,SSF,2015,85.0
Sub-Saharan Africa,SSF,2014,86.8
Sub-Saharan Africa,SSF,2013,87.6
Sub-Saharan Africa,SSF,2012,90.7
Sub-Saharan Africa,SSF,2011,97.1
Sub-Saharan Africa,SSF,2010,97.2
Sub-Saharan Africa,SSF,2009,102.8
Sub-Saharan Africa,SSF,2008,104.5
Sub-Saharan Africa,SSF,2007,109.1
Sub-Saharan Africa,SSF,2006,114.0
Sub-Saharan Africa,SSF,2005,119.8
Sub-Saharan Africa,SSF,2004,127.7
Sub-Saharan Africa,SSF,2003,133.0
Sub-Saharan Africa,SSF,2002,138.9
Sub-Saharan Africa,SSF,2001,146.3
Sub-Saharan Africa,SSF,2000,150.4
Sub-Saharan Africa,SSF,1999,155.7
Sub-Saharan Africa,SSF,1998,164.7
Sub-Saharan Africa,SSF,1997,165.5
Sub-Saharan Africa,SSF,1996,169.4
Sub-Saharan Africa,SSF,1995,168.7
Sub-Saharan Africa,SSF,1994,173.5
Sub-Saharan Africa,SSF,1993,176.7
Sub-Saharan Africa,SSF,1992,178.5
Sub-Saharan Africa,SSF,1991,179.8
Sub-Saharan Africa,SSF,1990,178.5
Sub-Saharan Africa,SSF,1989,
Sub-Saharan Africa,SSF,1988,
Sub-Saharan Africa,SSF,1987,
Sub-Saharan Africa,SSF,1986,
Sub-Saharan Africa,SSF,1985,
Sub-Saharan Africa,SSF,1984,
Sub-Saharan Africa,SSF,1983,
Sub-Saharan Africa,SSF,1982,
Sub-Saharan Africa,SSF,1981,
Sub-Saharan Africa,SSF,1980,
Sub-Saharan Africa,SSF,1979,
Sub-Saharan Africa,SSF,1978,
Sub-Saharan Africa,SSF,1977,
Sub-Saharan Africa,SSF,1976,
Sub-Saharan Africa,SSF,1975,
Sub-Saharan Africa,SSF,1974,
Sub-Saharan Africa,SSF,1973,
Sub-Saharan Africa,SSF,1972,
Sub-Saharan Africa,SSF,1971,
Sub-Saharan Africa,SSF,1970,
Sub-Saharan Africa,SSF,1969,
Sub-Saharan Africa,SSF,1968,
Sub-Saharan Africa,SSF,1967,
Sub-Saharan Africa,SSF,1966,
Sub-Saharan Africa,SSF,1965,
Sub-Saharan Africa,SSF,1964,
Sub-Saharan Africa,SSF,1963,
Sub-Saharan Africa,SSF,1962,
Sub-Saharan Africa,SSF,1961,
Sub-Saharan Africa,SSF,1960,
Sub-Saharan Africa (excluding high income),SSA,2025,
Sub-Saharan Africa (excluding high income),SSA,2024,71.1165314293203
Sub-Saharan Africa (excluding high income),SSA,2023,73.1417645901684
Sub-Saharan Africa (excluding high income),SSA,2022,77.9091743780286
Sub-Saharan Africa (excluding high income),SSA,2021,77.0284601519672
Sub-Saharan Africa (excluding high income),SSA,2020,75.7402568059746
Sub-Saharan Africa (excluding high income),SSA,2019,77.7187475707302
Sub-Saharan Africa (excluding high income),SSA,2018,78.7784543306569
Sub-Saharan Africa (excluding high income),SSA,2017,82.2310952069213
Sub-Saharan Africa (excluding high income),SSA,2016,83.1958037176412
Sub-Saharan Africa (excluding high income),SSA,2015,84.7814528552198
Sub-Saharan Africa (excluding high income),SSA,2014,86.6642219799093
Sub-Saharan Africa (excluding high income),SSA,2013,87.5694826672545
Sub-Saharan Africa (excluding high income),SSA,2012,90.7321819475296
Sub-Saharan Africa (excluding high income),SSA,2011,96.6890782678114
Sub-Saharan Africa (excluding high income),SSA,2010,97.1681832204319
Sub-Saharan Africa (excluding high income),SSA,2009,102.315252031653
Sub-Saharan Africa (excluding high income),SSA,2008,104.385931483501
Sub-Saharan Africa (excluding high income),SSA,2007,109.094655424529
Sub-Saharan Africa (excluding high income),SSA,2006,113.983222128896
Sub-Saharan Africa (excluding high income),SSA,2005,119.719264250144
Sub-Saharan Africa (excluding high income),SSA,2004,127.56659869252
Sub-Saharan Africa (excluding high income),SSA,2003,132.900213459488
Sub-Saharan Africa (excluding high income),SSA,2002,138.834747366966
Sub-Saharan Africa (excluding high income),SSA,2001,146.15393268813
Sub-Saharan Africa (excluding high income),SSA,2000,150.457003524654
Sub-Saharan Africa (excluding high income),SSA,1999,155.623326940504
Sub-Saharan Africa (excluding high income),SSA,1998,164.238117479573
Sub-Saharan Africa (excluding high income),SSA,1997,165.391222004895
Sub-Saharan Africa (excluding high income),SSA,1996,169.186611071054
Sub-Saharan Africa (excluding high income),SSA,1995,168.276319462586
Sub-Saharan Africa (excluding high income),SSA,1994,173.066557383461
Sub-Saharan Africa (excluding high income),SSA,1993,176.38784520723
Sub-Saharan Africa (excluding high income),SSA,1992,178.073352259719
Sub-Saharan Africa (excluding high income),SSA,1991,179.193553426217
Sub-Saharan Africa (excluding high income),SSA,1990,178.215342296366
Sub-Saharan Africa (excluding high income),SSA,1989,
Sub-Saharan Africa (excluding high income),SSA,1988,
Sub-Saharan Africa (excluding high income),SSA,1987,
Sub-Saharan Africa (excluding high income),SSA,1986,
Sub-Saharan Africa (excluding high income),SSA,1985,
Sub-Saharan Africa (excluding high income),SSA,1984,
Sub-Saharan Africa (excluding high income),SSA,1983,
Sub-Saharan Africa (excluding high income),SSA,1982,
Sub-Saharan Africa (excluding high income),SSA,1981,
Sub-Saharan Africa (excluding high income),SSA,1980,
Sub-Saharan Africa (excluding high income),SSA,1979,
Sub-Saharan Africa (excluding high income),SSA,1978,
Sub-Saharan Africa (excluding high income),SSA,1977,
Sub-Saharan Africa (excluding high income),SSA,1976,
Sub-Saharan Africa (excluding high income),SSA,1975,
Sub-Saharan Africa (excluding high income),SSA,1974,
Sub-Saharan Africa (excluding high income),SSA,1973,
Sub-Saharan Africa (excluding high income),SSA,1972,
Sub-Saharan Africa (excluding high income),SSA,1971,
Sub-Saharan Africa (excluding high income),SSA,1970,
Sub-Saharan Africa (excluding high income),SSA,1969,
Sub-Saharan Africa (excluding high income),SSA,1968,
Sub-Saharan Africa (excluding high income),SSA,1967,
Sub-Saharan Africa (excluding high income),SSA,1966,
Sub-Saharan Africa (excluding high income),SSA,1965,
Sub-Saharan Africa (excluding high income),SSA,1964,
Sub-Saharan Africa (excluding high income),SSA,1963,
Sub-Saharan Africa (excluding high income),SSA,1962,
Sub-Saharan Africa (excluding high income),SSA,1961,
Sub-Saharan Africa (excluding high income),SSA,1960,
Sub-Saharan Africa (IDA & IBRD countries),TSS,2025,
Sub-Saharan Africa (IDA & IBRD countries),TSS,2024,71.1141650552916
Sub-Saharan Africa (IDA & IBRD countries),TSS,2023,73.1393067892689
Sub-Saharan Africa (IDA & IBRD countries),TSS,2022,77.9064871983318
Sub-Saharan Africa (IDA & IBRD countries),TSS,2021,77.0257501994801
Sub-Saharan Africa (IDA & IBRD countries),TSS,2020,75.7375422540307
Sub-Saharan Africa (IDA & IBRD countries),TSS,2019,77.7158849260533
Sub-Saharan Africa (IDA & IBRD countries),TSS,2018,78.775492858211
Sub-Saharan Africa (IDA & IBRD countries),TSS,2017,82.2279275355716
Sub-Saharan Africa (IDA & IBRD countries),TSS,2016,83.1926115111527
Sub-Saharan Africa (IDA & IBRD countries),TSS,2015,84.7782950529979
Sub-Saharan Africa (IDA & IBRD countries),TSS,2014,86.6610642084607
Sub-Saharan Africa (IDA & IBRD countries),TSS,2013,87.5662468113281
Sub-Saharan Africa (IDA & IBRD countries),TSS,2012,90.7284635079696
Sub-Saharan Africa (IDA & IBRD countries),TSS,2011,96.6851412592745
Sub-Saharan Africa (IDA & IBRD countries),TSS,2010,97.1644504215407
Sub-Saharan Africa (IDA & IBRD countries),TSS,2009,102.310889811034
Sub-Saharan Africa (IDA & IBRD countries),TSS,2008,104.381473735647
Sub-Saharan Africa (IDA & IBRD countries),TSS,2007,109.090045419842
Sub-Saharan Africa (IDA & IBRD countries),TSS,2006,113.978539820994
Sub-Saharan Africa (IDA & IBRD countries),TSS,2005,119.714010800218
Sub-Saharan Africa (IDA & IBRD countries),TSS,2004,127.561205229801
Sub-Saharan Africa (IDA & IBRD countries),TSS,2003,132.894415586813
Sub-Saharan Africa (IDA & IBRD countries),TSS,2002,138.828602023297
Sub-Saharan Africa (IDA & IBRD countries),TSS,2001,146.147484835286
Sub-Saharan Africa (IDA & IBRD countries),TSS,2000,150.449975195054
Sub-Saharan Africa (IDA & IBRD countries),TSS,1999,155.616023986719
Sub-Saharan Africa (IDA & IBRD countries),TSS,1998,164.230330229746
Sub-Saharan Africa (IDA & IBRD countries),TSS,1997,165.382935878501
Sub-Saharan Africa (IDA & IBRD countries),TSS,1996,169.177337336567
Sub-Saharan Africa (IDA & IBRD countries),TSS,1995,168.266809155992
Sub-Saharan Africa (IDA & IBRD countries),TSS,1994,173.05560067896
Sub-Saharan Africa (IDA & IBRD countries),TSS,1993,176.376665542777
Sub-Saharan Africa (IDA & IBRD countries),TSS,1992,178.062225815091
Sub-Saharan Africa (IDA & IBRD countries),TSS,1991,179.181573861302
Sub-Saharan Africa (IDA & IBRD countries),TSS,1990,178.203788087306
Sub-Saharan Africa (IDA & IBRD countries),TSS,1989,
Sub-Saharan Africa (IDA & IBRD countries),TSS,1988,
Sub-Saharan Africa (IDA & IBRD countries),TSS,1987,
Sub-Saharan Africa (IDA & IBRD countries),TSS,1986,
Sub-Saharan Africa (IDA & IBRD countries),TSS,1985,
Sub-Saharan Africa (IDA & IBRD countries),TSS,1984,
Sub-Saharan Africa (IDA & IBRD countries),TSS,1983,
Sub-Saharan Africa (IDA & IBRD countries),TSS,1982,
Sub-Saharan Africa (IDA & IBRD countries),TSS,1981,
Sub-Saharan Africa (IDA & IBRD countries),TSS,1980,
Sub-Saharan Africa (IDA & IBRD countries),TSS,1979,
Sub-Saharan Africa (IDA & IBRD countries),TSS,1978,
Sub-Saharan Africa (IDA & IBRD countries),TSS,1977,
Sub-Saharan Africa (IDA & IBRD countries),TSS,1976,
Sub-Saharan Africa (IDA & IBRD countries),TSS,1975,
Sub-Saharan Africa (IDA & IBRD countries),TSS,1974,
Sub-Saharan Africa (IDA & IBRD countries),TSS,1973,
Sub-Saharan Africa (IDA & IBRD countries),TSS,1972,
Sub-Saharan Africa (IDA & IBRD countries),TSS,1971,
Sub-Saharan Africa (IDA & IBRD countries),TSS,1970,
Sub-Saharan Africa (IDA & IBRD countries),TSS,1969,
Sub-Saharan Africa (IDA & IBRD countries),TSS,1968,
Sub-Saharan Africa (IDA & IBRD countries),TSS,1967,
Sub-Saharan Africa (IDA & IBRD countries),TSS,1966,
Sub-Saharan Africa (IDA & IBRD countries),TSS,1965,
Sub-Saharan Africa (IDA & IBRD countries),TSS,1964,
Sub-Saharan Africa (IDA & IBRD countries),TSS,1963,
Sub-Saharan Africa (IDA & IBRD countries),TSS,1962,
Sub-Saharan Africa (IDA & IBRD countries),TSS,1961,
Sub-Saharan Africa (IDA & IBRD countries),TSS,1960,
Upper middle income,,2025,
Upper middle income,,2024,13.1
Upper middle income,,2023,13.7
Upper middle income,,2022,13.8
Upper middle income,,2021,13.9
Upper middle income,,2020,14.1
Upper middle income,,2019,14.1
Upper middle income,,2018,14.5
Upper middle income,,2017,14.7
Upper middle income,,2016,15.5
Upper middle income,,2015,16.2
Upper middle income,,2014,16.9
Upper middle income,,2013,17.8
Upper middle income,,2012,18.6
Upper middle income,,2011,19.7
Upper middle income,,2010,20.8
Upper middle income,,2009,22.1
Upper middle income,,2008,23.5
Upper middle income,,2007,25.1
Upper middle income,,2006,26.7
Upper middle income,,2005,28.3
Upper middle income,,2004,30.7
Upper middle income,,2003,31.7
Upper middle income,,2002,33.6
Upper middle income,,2001,35.6
Upper middle income,,2000,37.6
Upper middle income,,1999,39.6
Upper middle income,,1998,41.6
Upper middle income,,1997,43.6
Upper middle income,,1996,45.6
Upper middle income,,1995,47.5
Upper middle income,,1994,49.4
Upper middle income,,1993,51.4
Upper middle income,,1992,53.1
Upper middle income,,1991,54.9
Upper middle income,,1990,56.3
Upper middle income,,1989,
Upper middle income,,1988,
Upper middle income,,1987,
Upper middle income,,1986,
Upper middle income,,1985,
Upper middle income,,1984,
Upper middle income,,1983,
Upper middle income,,1982,
Upper middle income,,1981,
Upper middle income,,1980,
Upper middle income,,1979,
Upper middle income,,1978,
Upper middle income,,1977,
Upper middle income,,1976,
Upper middle income,,1975,
Upper middle income,,1974,
Upper middle income,,1973,
Upper middle income,,1972,
Upper middle income,,1971,
Upper middle income,,1970,
Upper middle income,,1969,
Upper middle income,,1968,
Upper middle income,,1967,
Upper middle income,,1966,
Upper middle income,,1965,
Upper middle income,,1964,
Upper middle income,,1963,
Upper middle income,,1962,
Upper middle income,,1961,
Upper middle income,,1960,
World,WLD,2025,
World,WLD,2024,37.4
World,WLD,2023,38.3
World,WLD,2022,40.0
World,WLD,2021,39.6
World,WLD,2020,39.2
World,WLD,2019,39.6
World,WLD,2018,40.0
World,WLD,2017,40.9
World,WLD,2016,41.7
World,WLD,2015,42.9
World,WLD,2014,43.9
World,WLD,2013,45.1
World,WLD,2012,46.7
World,WLD,2011,49.5
World,WLD,2010,50.6
World,WLD,2009,52.9
World,WLD,2008,54.7
World,WLD,2007,57.0
World,WLD,2006,59.6
World,WLD,2005,62.3
World,WLD,2004,65.8
World,WLD,2003,68.3
World,WLD,2002,71.3
World,WLD,2001,74.3
World,WLD,2000,76.7
World,WLD,1999,79.4
World,WLD,1998,82.8
World,WLD,1997,84.3
World,WLD,1996,86.4
World,WLD,1995,87.5
World,WLD,1994,89.4
World,WLD,1993,91.1
World,WLD,1992,92.3
World,WLD,1991,92.9
World,WLD,1990,93.5
World,WLD,1989,
World,WLD,1988,
World,WLD,1987,
World,WLD,1986,
World,WLD,1985,
World,WLD,1984,
World,WLD,1983,
World,WLD,1982,
World,WLD,1981,
World,WLD,1980,
World,WLD,1979,
World,WLD,1978,
World,WLD,1977,
World,WLD,1976,
World,WLD,1975,
World,WLD,1974,
World,WLD,1973,
World,WLD,1972,
World,WLD,1971,
World,WLD,1970,
World,WLD,1969,
World,WLD,1968,
World,WLD,1967,
World,WLD,1966,
World,WLD,1965,
World,WLD,1964,
World,WLD,1963,
World,WLD,1962,
World,WLD,1961,
World,WLD,1960,
Afghanistan,AFG,2025,
Afghanistan,AFG,2024,53.0
Afghanistan,AFG,2023,54.9
Afghanistan,AFG,2022,56.8
Afghanistan,AFG,2021,58.7
Afghanistan,AFG,2020,60.7
Afghanistan,AFG,2019,62.7
Afghanistan,AFG,2018,64.8
Afghanistan,AFG,2017,67.1
Afghanistan,AFG,2016,69.4
Afghanistan,AFG,2015,71.9
Afghanistan,AFG,2014,74.6
Afghanistan,AFG,2013,77.6
Afghanistan,AFG,2012,80.8
Afghanistan,AFG,2011,84.3
Afghanistan,AFG,2010,88.0
Afghanistan,AFG,2009,91.9
Afghanistan,AFG,2008,96.1
Afghanistan,AFG,2007,100.4
Afghanistan,AFG,2006,104.8
Afghanistan,AFG,2005,109.3
Afghanistan,AFG,2004,113.9
Afghanistan,AFG,2003,118.5
Afghanistan,AFG,2002,123.1
Afghanistan,AFG,2001,127.5
Afghanistan,AFG,2000,131.7
Afghanistan,AFG,1999,136.0
Afghanistan,AFG,1998,140.2
Afghanistan,AFG,1997,144.4
Afghanistan,AFG,1996,148.8
Afghanistan,AFG,1995,153.4
Afghanistan,AFG,1994,158.3
Afghanistan,AFG,1993,163.5
Afghanistan,AFG,1992,169.1
Afghanistan,AFG,1991,175.2
Afghanistan,AFG,1990,181.4
Afghanistan,AFG,1989,187.8
Afghanistan,AFG,1988,194.3
Afghanistan,AFG,1987,244.2
Afghanistan,AFG,1986,250.5
Afghanistan,AFG,1985,296.0
Afghanistan,AFG,1984,303.8
Afghanistan,AFG,1983,271.2
Afghanistan,AFG,1982,277.0
Afghanistan,AFG,1981,239.0
Afghanistan,AFG,1980,245.2
Afghanistan,AFG,1979,251.1
Afghanistan,AFG,1978,256.9
Afghanistan,AFG,1977,262.9
Afghanistan,AFG,1976,268.6
Afghanistan,AFG,1975,274.2
Afghanistan,AFG,1974,279.5
Afghanistan,AFG,1973,284.7
Afghanistan,AFG,1972,337.9
Afghanistan,AFG,1971,344.3
Afghanistan,AFG,1970,300.0
Afghanistan,AFG,1969,304.9
Afghanistan,AFG,1968,310.0
Afghanistan,AFG,1967,314.8
Afghanistan,AFG,1966,319.5
Afghanistan,AFG,1965,324.5
Afghanistan,AFG,1964,329.7
Afghanistan,AFG,1963,335.0
Afghanistan,AFG,1962,340.2
Afghanistan,AFG,1961,345.2
Afghanistan,AFG,1960,350.6
Albania,ALB,2025,
Albania,ALB,2024,9.2
Albania,ALB,2023,9.4
Albania,ALB,2022,9.4
Albania,ALB,2021,9.5
Albania,ALB,2020,9.4
Albania,ALB,2019,9.4
Albania,ALB,2018,9.3
Albania,ALB,2017,9.3
Albania,ALB,2016,9.4
Albania,ALB,2015,9.6
Albania,ALB,2014,9.9
Albania,ALB,2013,10.5
Albania,ALB,2012,11.2
Albania,ALB,2011,12.2
Albania,ALB,2010,13.3
Albania,ALB,2009,14.5
Albania,ALB,2008,15.8
Albania,ALB,2007,17.1
Albania,ALB,2006,18.5
Albania,ALB,2005,20.0
Albania,ALB,2004,21.4
Albania,ALB,2003,22.9
Albania,ALB,2002,24.3
Albania,ALB,2001,25.6
Albania,ALB,2000,27.0
Albania,ALB,1999,28.3
Albania,ALB,1998,29.6
Albania,ALB,1997,30.9
Albania,ALB,1996,32.2
Albania,ALB,1995,33.5
Albania,ALB,1994,34.7
Albania,ALB,1993,36.0
Albania,ALB,1992,37.3
Albania,ALB,1991,38.8
Albania,ALB,1990,40.6
Albania,ALB,1989,42.6
Albania,ALB,1988,45.0
Albania,ALB,1987,47.7
Albania,ALB,1986,50.9
Albania,ALB,1985,54.6
Albania,ALB,1984,58.8
Albania,ALB,1983,63.6
Albania,ALB,1982,68.9
Albania,ALB,1981,75.0
Albania,ALB,1980,81.6
Albania,ALB,1979,88.8
Albania,ALB,1978,96.6
Albania,ALB,1977,
Albania,ALB,1976,
Albania,ALB,1975,
Albania,ALB,1974,
Albania,ALB,1973,
Albania,ALB,1972,
Albania,ALB,1971,
Albania,ALB,1970,
Albania,ALB,1969,
Albania,ALB,1968,
Albania,ALB,1967,
Albania,ALB,1966,
Albania,ALB,1965,
Albania,ALB,1964,
Albania,ALB,1963,
Albania,ALB,1962,
Albania,ALB,1961,
Albania,ALB,1960,
Algeria,DZA,2025,
Algeria,DZA,2024,21.6
Algeria,DZA,2023,22.0
Algeria,DZA,2022,22.3
Algeria,DZA,2021,22.6
Algeria,DZA,2020,22.9
Algeria,DZA,2019,23.3
Algeria,DZA,2018,23.7
Algeria,DZA,2017,24.0
Algeria,DZA,2016,24.5
Algeria,DZA,2015,24.9
Algeria,DZA,2014,25.4
Algeria,DZA,2013,25.9
Algeria,DZA,2012,26.6
Algeria,DZA,2011,27.3
Algeria,DZA,2010,28.1
Algeria,DZA,2009,29.0
Algeria,DZA,2008,30.1
Algeria,DZA,2007,31.2
Algeria,DZA,2006,32.5
Algeria,DZA,2005,33.9
Algeria,DZA,2004,35.4
Algeria,DZA,2003,37.0
Algeria,DZA,2002,38.6
Algeria,DZA,2001,40.2
Algeria,DZA,2000,41.7
Algeria,DZA,1999,43.2
Algeria,DZA,1998,44.6
Algeria,DZA,1997,45.9
Algeria,DZA,1996,47.0
Algeria,DZA,1995,48.1
Algeria,DZA,1994,49.0
Algeria,DZA,1993,49.6
Algeria,DZA,1992,50.2
Algeria,DZA,1991,50.8
Algeria,DZA,1990,51.6
Algeria,DZA,1989,53.0
Algeria,DZA,1988,55.4
Algeria,DZA,1987,59.6
Algeria,DZA,1986,66.3
Algeria,DZA,1985,76.1
Algeria,DZA,1984,89.1
Algeria,DZA,1983,105.2
Algeria,DZA,1982,123.1
Algeria,DZA,1981,140.3
Algeria,DZA,1980,155.6
Algeria,DZA,1979,168.8
Algeria,DZA,1978,180.1
Algeria,DZA,1977,190.1
Algeria,DZA,1976,199.5
Algeria,DZA,1975,208.3
Algeria,DZA,1974,216.5
Algeria,DZA,1973,224.0
Algeria,DZA,1972,230.6
Algeria,DZA,1971,236.2
Algeria,DZA,1970,240.5
Algeria,DZA,1969,243.6
Algeria,DZA,1968,245.0
Algeria,DZA,1967,245.2
Algeria,DZA,1966,244.8
Algeria,DZA,1965,243.7
Algeria,DZA,1964,242.3
Algeria,DZA,1963,241.2
Algeria,DZA,1962,240.0
Algeria,DZA,1961,239.5
Algeria,DZA,1960,239.2
American Samoa,ASM,2025,
American Samoa,ASM,2024,
American Samoa,ASM,2023,
American Samoa,ASM,2022,
American Samoa,ASM,2021,
American Samoa,ASM,2020,
American Samoa,ASM,2019,
American Samoa,ASM,2018,
American Samoa,ASM,2017,
American Samoa,ASM,2016,
American Samoa,ASM,2015,
American Samoa,ASM,2014,
American Samoa,ASM,2013,
American Samoa,ASM,2012,
American Samoa,ASM,2011,
American Samoa,ASM,2010,
American Samoa,ASM,2009,
American Samoa,ASM,2008,
American Samoa,ASM,2007,
American Samoa,ASM,2006,
American Samoa,ASM,2005,
American Samoa,ASM,2004,
American Samoa,ASM,2003,
American Samoa,ASM,2002,
American Samoa,ASM,2001,
American Samoa,ASM,2000,
American Samoa,ASM,1999,
American Samoa,ASM,1998,
American Samoa,ASM,1997,
American Samoa,ASM,1996,
American Samoa,ASM,1995,
American Samoa,ASM,1994,
American Samoa,ASM,1993,
American Samoa,ASM,1992,
American Samoa,ASM,1991,
American Samoa,ASM,1990,
American Samoa,ASM,1989,
American Samoa,ASM,1988,
American Samoa,ASM,1987,
American Samoa,ASM,1986,
American Samoa,ASM,1985,
American Samoa,ASM,1984,
American Samoa,ASM,1983,
American Samoa,ASM,1982,
American Samoa,ASM,1981,
American Samoa,ASM,1980,
American Samoa,ASM,1979,
American Samoa,ASM,1978,
American Samoa,ASM,1977,
American Samoa,ASM,1976,
American Samoa,ASM,1975,
American Samoa,ASM,1974,
American Samoa,ASM,1973,
American Samoa,ASM,1972,
American Samoa,ASM,1971,
American Samoa,ASM,1970,
American Samoa,ASM,1969,
American Samoa,ASM,1968,
American Samoa,ASM,1967,
American Samoa,ASM,1966,
American Samoa,ASM,1965,
American Samoa,ASM,1964,
American Samoa,ASM,1963,
American Samoa,ASM,1962,
American Samoa,ASM,1961,
American Samoa,ASM,1960,
Andorra,AND,2025,
Andorra,AND,2024,2.5
Andorra,AND,2023,2.6
Andorra,AND,2022,2.7
Andorra,AND,2021,2.8
Andorra,AND,2020,2.9
Andorra,AND,2019,3.0
Andorra,AND,2018,3.1
Andorra,AND,2017,3.2
Andorra,AND,2016,3.4
Andorra,AND,2015,3.5
Andorra,AND,2014,3.7
Andorra,AND,2013,3.9
Andorra,AND,2012,4.1
Andorra,AND,2011,4.3
Andorra,AND,2010,4.5
Andorra,AND,2009,4.8
Andorra,AND,2008,5.0
Andorra,AND,2007,5.3
Andorra,AND,2006,5.6
Andorra,AND,2005,5.9
Andorra,AND,2004,6.2
Andorra,AND,2003,6.5
Andorra,AND,2002,6.8
Andorra,AND,2001,7.2
Andorra,AND,2000,7.6
Andorra,AND,1999,8.0
Andorra,AND,1998,8.4
Andorra,AND,1997,8.8
Andorra,AND,1996,9.3
Andorra,AND,1995,9.8
Andorra,AND,1994,10.3
Andorra,AND,1993,11.0
Andorra,AND,1992,11.6
Andorra,AND,1991,12.3
Andorra,AND,1990,13.0
Andorra,AND,1989,13.8
Andorra,AND,1988,14.5
Andorra,AND,1987,15.4
Andorra,AND,1986,16.3
Andorra,AND,1985,17.2
Andorra,AND,1984,
Andorra,AND,1983,
Andorra,AND,1982,
Andorra,AND,1981,
Andorra,AND,1980,
Andorra,AND,1979,
Andorra,AND,1978,
Andorra,AND,1977,
Andorra,AND,1976,
Andorra,AND,1975,
Andorra,AND,1974,
Andorra,AND,1973,
Andorra,AND,1972,
Andorra,AND,1971,
Andorra,AND,1970,
Andorra,AND,1969,
Andorra,AND,1968,
Andorra,AND,1967,
Andorra,AND,1966,
Andorra,AND,1965,
Andorra,AND,1964,
Andorra,AND,1963,
Andorra,AND,1962,
Andorra,AND,1961,
Andorra,AND,1960,
Angola,AGO,2025,
Angola,AGO,2024,49.0
Angola,AGO,2023,50.5
Angola,AGO,2022,51.9
Angola,AGO,2021,53.2
Angola,AGO,2020,54.2
Angola,AGO,2019,55.3
Angola,AGO,2018,56.5
Angola,AGO,2017,57.9
Angola,AGO,2016,59.6
Angola,AGO,2015,61.8
Angola,AGO,2014,64.5
Angola,AGO,2013,67.9
Angola,AGO,2012,72.0
Angola,AGO,2011,77.2
Angola,AGO,2010,83.4
Angola,AGO,2009,90.7
Angola,AGO,2008,99.2
Angola,AGO,2007,109.0
Angola,AGO,2006,119.8
Angola,AGO,2005,131.5
Angola,AGO,2004,143.7
Angola,AGO,2003,155.5
Angola,AGO,2002,166.4
Angola,AGO,2001,176.3
Angola,AGO,2000,185.0
Angola,AGO,1999,192.2
Angola,AGO,1998,198.4
Angola,AGO,1997,203.5
Angola,AGO,1996,207.3
Angola,AGO,1995,209.9
Angola,AGO,1994,211.4
Angola,AGO,1993,212.1
Angola,AGO,1992,212.4
Angola,AGO,1991,212.6
Angola,AGO,1990,212.7
Angola,AGO,1989,213.2
Angola,AGO,1988,213.8
Angola,AGO,1987,214.6
Angola,AGO,1986,215.6
Angola,AGO,1985,217.3
Angola,AGO,1984,219.3
Angola,AGO,1983,222.1
Angola,AGO,1982,225.5
Angola,AGO,1981,228.8
Angola,AGO,1980,232.8
Angola,AGO,1979,
Angola,AGO,1978,
Angola,AGO,1977,
Angola,AGO,1976,
Angola,AGO,1975,
Angola,AGO,1974,
Angola,AGO,1973,
Angola,AGO,1972,
Angola,AGO,1971,
Angola,AGO,1970,
Angola,AGO,1969,
Angola,AGO,1968,
Angola,AGO,1967,
Angola,AGO,1966,
Angola,AGO,1965,
Angola,AGO,1964,
Angola,AGO,1963,
Angola,AGO,1962,
Angola,AGO,1961,
Angola,AGO,1960,
Antigua and Barbuda,ATG,2025,
Antigua and Barbuda,ATG,2024,9.1
Antigua and Barbuda,ATG,2023,9.3
Antigua and Barbuda,ATG,2022,9.6
Antigua and Barbuda,ATG,2021,9.8
Antigua and Barbuda,ATG,2020,10.1
Antigua and Barbuda,ATG,2019,10.3
Antigua and Barbuda,ATG,2018,10.5
Antigua and Barbuda,ATG,2017,10.7
Antigua and Barbuda,ATG,2016,10.8
Antigua and Barbuda,ATG,2015,11.0
Antigua and Barbuda,ATG,2014,11.2
Antigua and Barbuda,ATG,2013,11.4
Antigua and Barbuda,ATG,2012,11.6
Antigua and Barbuda,ATG,2011,11.8
Antigua and Barbuda,ATG,2010,12.0
Antigua and Barbuda,ATG,2009,12.2
Antigua and Barbuda,ATG,2008,12.5
Antigua and Barbuda,ATG,2007,12.7
Antigua and Barbuda,ATG,2006,13.0
Antigua and Barbuda,ATG,2005,13.3
Antigua and Barbuda,ATG,2004,13.6
Antigua and Barbuda,ATG,2003,13.9
Antigua and Barbuda,ATG,2002,14.3
Antigua and Barbuda,ATG,2001,14.6
Antigua and Barbuda,ATG,2000,14.9
Antigua and Barbuda,ATG,1999,15.2
Antigua and Barbuda,ATG,1998,15.4
Antigua and Barbuda,ATG,1997,15.5
Antigua and Barbuda,ATG,1996,15.5
Antigua and Barbuda,ATG,1995,15.4
Antigua and Barbuda,ATG,1994,15.1
Antigua and Barbuda,ATG,1993,14.7
Antigua and Barbuda,ATG,1992,14.3
Antigua and Barbuda,ATG,1991,13.9
Antigua and Barbuda,ATG,1990,13.6
Antigua and Barbuda,ATG,1989,13.2
Antigua and Barbuda,ATG,1988,13.0
Antigua and Barbuda,ATG,1987,12.9
Antigua and Barbuda,ATG,1986,12.8
Antigua and Barbuda,ATG,1985,12.9
Antigua and Barbuda,ATG,1984,13.2
Antigua and Barbuda,ATG,1983,13.6
Antigua and Barbuda,ATG,1982,14.2
Antigua and Barbuda,ATG,1981,15.0
Antigua and Barbuda,ATG,1980,16.0
Antigua and Barbuda,ATG,1979,17.1
Antigua and Barbuda,ATG,1978,18.4
Antigua and Barbuda,ATG,1977,19.7
Antigua and Barbuda,ATG,1976,21.1
Antigua and Barbuda,ATG,1975,22.5
Antigua and Barbuda,ATG,1974,24.0
Antigua and Barbuda,ATG,1973,25.6
Antigua and Barbuda,ATG,1972,27.4
Antigua and Barbuda,ATG,1971,29.6
Antigua and Barbuda,ATG,1970,32.2
Antigua and Barbuda,ATG,1969,35.4
Antigua and Barbuda,ATG,1968,39.2
Antigua and Barbuda,ATG,1967,43.6
Antigua and Barbuda,ATG,1966,48.6
Antigua and Barbuda,ATG,1965,54.1
Antigua and Barbuda,ATG,1964,60.0
Antigua and Barbuda,ATG,1963,65.9
Antigua and Barbuda,ATG,1962,71.8
Antigua and Barbuda,ATG,1961,77.4
Antigua and Barbuda,ATG,1960,82.6
Argentina,ARG,2025,
Argentina,ARG,2024,9.5
Argentina,ARG,2023,9.7
Argentina,ARG,2022,9.9
Argentina,ARG,2021,10.1
Argentina,ARG,2020,10.3
Argentina,ARG,2019,10.5
Argentina,ARG,2018,10.7
Argentina,ARG,2017,11.0
Argentina,ARG,2016,11.4
Argentina,ARG,2015,11.7
Argentina,ARG,2014,12.2
Argentina,ARG,2013,12.7
Argentina,ARG,2012,13.3
Argentina,ARG,2011,13.9
Argentina,ARG,2010,14.4
Argentina,ARG,2009,15.0
Argentina,ARG,2008,15.4
Argentina,ARG,2007,15.8
Argentina,ARG,2006,16.2
Argentina,ARG,2005,16.7
Argentina,ARG,2004,17.3
Argentina,ARG,2003,17.8
Argentina,ARG,2002,18.3
Argentina,ARG,2001,18.8
Argentina,ARG,2000,19.4
Argentina,ARG,1999,20.0
Argentina,ARG,1998,20.9
Argentina,ARG,1997,21.9
Argentina,ARG,1996,23.0
Argentina,ARG,1995,24.2
Argentina,ARG,1994,25.4
Argentina,ARG,1993,26.6
Argentina,ARG,1992,27.6
Argentina,ARG,1991,28.3
Argentina,ARG,1990,28.8
Argentina,ARG,1989,29.0
Argentina,ARG,1988,29.0
Argentina,ARG,1987,29.1
Argentina,ARG,1986,29.6
Argentina,ARG,1985,30.6
Argentina,ARG,1984,32.1
Argentina,ARG,1983,34.1
Argentina,ARG,1982,36.5
Argentina,ARG,1981,39.4
Argentina,ARG,1980,42.8
Argentina,ARG,1979,46.8
Argentina,ARG,1978,51.2
Argentina,ARG,1977,55.7
Argentina,ARG,1976,59.8
Argentina,ARG,1975,63.3
Argentina,ARG,1974,66.1
Argentina,ARG,1973,68.1
Argentina,ARG,1972,69.7
Argentina,ARG,1971,70.8
Argentina,ARG,1970,71.8
Argentina,ARG,1969,72.6
Argentina,ARG,1968,
Argentina,ARG,1967,
Argentina,ARG,1966,
Argentina,ARG,1965,
Argentina,ARG,1964,
Argentina,ARG,1963,
Argentina,ARG,1962,
Argentina,ARG,1961,
Argentina,ARG,1960,
Armenia,ARM,2025,
Armenia,ARM,2024,9.6
Armenia,ARM,2023,10.0
Armenia,ARM,2022,10.5
Armenia,ARM,2021,11.0
Armenia,ARM,2020,11.6
Armenia,ARM,2019,12.1
Armenia,ARM,2018,12.7
Armenia,ARM,2017,13.3
Armenia,ARM,2016,14.0
Armenia,ARM,2015,14.7
Armenia,ARM,2014,15.4
Armenia,ARM,2013,16.1
Armenia,ARM,2012,16.9
Armenia,ARM,2011,17.8
Armenia,ARM,2010,18.7
Armenia,ARM,2009,19.6
Armenia,ARM,2008,20.6
Armenia,ARM,2007,21.6
Armenia,ARM,2006,22.7
Armenia,ARM,2005,23.9
Armenia,ARM,2004,25.1
Armenia,ARM,2003,26.4
Armenia,ARM,2002,27.7
Armenia,ARM,2001,29.1
Armenia,ARM,2000,30.6
Armenia,ARM,1999,32.1
Armenia,ARM,1998,33.7
Armenia,ARM,1997,35.3
Armenia,ARM,1996,37.0
Armenia,ARM,1995,38.8
Armenia,ARM,1994,40.7
Armenia,ARM,1993,42.6
Armenia,ARM,1992,44.6
Armenia,ARM,1991,46.6
Armenia,ARM,1990,48.7
Armenia,ARM,1989,50.8
Armenia,ARM,1988,101.6
Armenia,ARM,1987,55.2
Armenia,ARM,1986,57.5
Armenia,ARM,1985,59.9
Armenia,ARM,1984,62.4
Armenia,ARM,1983,65.0
Armenia,ARM,1982,67.7
Armenia,ARM,1981,70.6
Armenia,ARM,1980,73.6
Armenia,ARM,1979,76.7
Armenia,ARM,1978,80.0
Armenia,ARM,1977,83.4
Armenia,ARM,1976,87.0
Armenia,ARM,1975,
Armenia,ARM,1974,
Armenia,ARM,1973,
Armenia,ARM,1972,
Armenia,ARM,1971,
Armenia,ARM,1970,
Armenia,ARM,1969,
Armenia,ARM,1968,
Armenia,ARM,1967,
Armenia,ARM,1966,
Armenia,ARM,1965,
Armenia,ARM,1964,
Armenia,ARM,1963,
Armenia,ARM,1962,
Armenia,ARM,1961,
Armenia,ARM,1960,
Aruba,ABW,2025,
Aruba,ABW,2024,
Aruba,ABW,2023,
Aruba,ABW,2022,
Aruba,ABW,2021,
Aruba,ABW,2020,
Aruba,ABW,2019,
Aruba,ABW,2018,
Aruba,ABW,2017,
Aruba,ABW,2016,
Aruba,ABW,2015,
Aruba,ABW,2014,
Aruba,ABW,2013,
Aruba,ABW,2012,
Aruba,ABW,2011,
Aruba,ABW,2010,
Aruba,ABW,2009,
Aruba,ABW,2008,
Aruba,ABW,2007,
Aruba,ABW,2006,
Aruba,ABW,2005,
Aruba,ABW,2004,
Aruba,ABW,2003,
Aruba,ABW,2002,
Aruba,ABW,2001,
Aruba,ABW,2000,
Aruba,ABW,1999,
Aruba,ABW,1998,
Aruba,ABW,1997,
Aruba,ABW,1996,
Aruba,ABW,1995,
Aruba,ABW,1994,
Aruba,ABW,1993,
Aruba,ABW,1992,
Aruba,ABW,1991,
Aruba,ABW,1990,
Aruba,ABW,1989,
Aruba,ABW,1988,
Aruba,ABW,1987,
Aruba,ABW,1986,
Aruba,ABW,1985,
Aruba,ABW,1984,
Aruba,ABW,1983,
Aruba,ABW,1982,
Aruba,ABW,1981,
Aruba,ABW,1980,
Aruba,ABW,1979,
Aruba,ABW,1978,
Aruba,ABW,1977,
Aruba,ABW,1976,
Aruba,ABW,1975,
Aruba,ABW,1974,
Aruba,ABW,1973,
Aruba,ABW,1972,
Aruba,ABW,1971,
Aruba,ABW,1970,
Aruba,ABW,1969,
Aruba,ABW,1968,
Aruba,ABW,1967,
Aruba,ABW,1966,
Aruba,ABW,1965,
Aruba,ABW,1964,
Aruba,ABW,1963,
Aruba,ABW,1962,
Aruba,ABW,1961,
Aruba,ABW,1960,
Australia,AUS,2025,
Australia,AUS,2024,3.6
Australia,AUS,2023,3.7
Australia,AUS,2022,3.7
Australia,AUS,2021,3.7
Australia,AUS,2020,3.8
Australia,AUS,2019,3.8
Australia,AUS,2018,3.8
Australia,AUS,2017,3.8
Australia,AUS,2016,3.8
Australia,AUS,2015,3.9
Australia,AUS,2014,4.0
Australia,AUS,2013,4.1
Australia,AUS,2012,4.3
Australia,AUS,2011,4.5
Australia,AUS,2010,4.8
Australia,AUS,2009,5.0
Australia,AUS,2008,5.2
Australia,AUS,2007,5.4
Australia,AUS,2006,5.6
Australia,AUS,2005,5.7
Australia,AUS,2004,5.8
Australia,AUS,2003,5.9
Australia,AUS,2002,6.0
Australia,AUS,2001,6.1
Australia,AUS,2000,6.2
Australia,AUS,1999,6.3
Australia,AUS,1998,6.4
Australia,AUS,1997,6.6
Australia,AUS,1996,6.8
Australia,AUS,1995,7.0
Australia,AUS,1994,7.3
Australia,AUS,1993,7.7
Australia,AUS,1992,8.2
Australia,AUS,1991,8.7
Australia,AUS,1990,9.2
Australia,AUS,1989,9.7
Australia,AUS,1988,10.2
Australia,AUS,1987,10.6
Australia,AUS,1986,11.0
Australia,AUS,1985,11.3
Australia,AUS,1984,11.6
Australia,AUS,1983,11.9
Australia,AUS,1982,12.2
Australia,AUS,1981,12.5
Australia,AUS,1980,13.0
Australia,AUS,1979,13.6
Australia,AUS,1978,14.4
Australia,AUS,1977,15.2
Australia,AUS,1976,16.2
Australia,AUS,1975,17.3
Australia,AUS,1974,18.4
Australia,AUS,1973,19.4
Australia,AUS,1972,20.3
Australia,AUS,1971,21.0
Australia,AUS,1970,21.5
Australia,AUS,1969,21.7
Australia,AUS,1968,21.9
Australia,AUS,1967,22.0
Australia,AUS,1966,22.1
Australia,AUS,1965,22.3
Australia,AUS,1964,22.7
Australia,AUS,1963,23.2
Australia,AUS,1962,23.7
Australia,AUS,1961,24.3
Australia,AUS,1960,24.9
Austria,AUT,2025,
Austria,AUT,2024,3.3
Austria,AUT,2023,3.3
Austria,AUT,2022,3.3
Austria,AUT,2021,3.4
Austria,AUT,2020,3.4
Austria,AUT,2019,3.5
Austria,AUT,2018,3.5
Austria,AUT,2017,3.6
Austria,AUT,2016,3.6
Austria,AUT,2015,3.7
Austria,AUT,2014,3.8
Austria,AUT,2013,3.9
Austria,AUT,2012,4.0
Austria,AUT,2011,4.2
Austria,AUT,2010,4.3
Austria,AUT,2009,4.4
Austria,AUT,2008,4.5
Austria,AUT,2007,4.6
Austria,AUT,2006,4.8
Austria,AUT,2005,4.9
Austria,AUT,2004,5.0
Austria,AUT,2003,5.2
Austria,AUT,2002,5.3
Austria,AUT,2001,5.4
Austria,AUT,2000,5.5
Austria,AUT,1999,5.6
Austria,AUT,1998,5.8
Austria,AUT,1997,6.0
Austria,AUT,1996,6.4
Austria,AUT,1995,6.8
Austria,AUT,1994,7.4
Austria,AUT,1993,7.9
Austria,AUT,1992,8.5
Austria,AUT,1991,9.0
Austria,AUT,1990,9.5
Austria,AUT,1989,10.0
Austria,AUT,1988,10.5
Austria,AUT,1987,11.2
Austria,AUT,1986,11.9
Austria,AUT,1985,12.6
Austria,AUT,1984,13.3
Austria,AUT,1983,14.0
Austria,AUT,1982,14.7
Austria,AUT,1981,15.5
Austria,AUT,1980,16.3
Austria,AUT,1979,17.1
Austria,AUT,1978,18.1
Austria,AUT,1977,19.5
Austria,AUT,1976,21.2
Austria,AUT,1975,23.1
Austria,AUT,1974,25.0
Austria,AUT,1973,26.7
Austria,AUT,1972,27.9
Austria,AUT,1971,28.7
Austria,AUT,1970,29.1
Austria,AUT,1969,29.4
Austria,AUT,1968,29.8
Austria,AUT,1967,30.5
Austria,AUT,1966,31.5
Austria,AUT,1965,32.7
Austria,AUT,1964,34.2
Austria,AUT,1963,35.9
Austria,AUT,1962,38.0
Austria,AUT,1961,40.3
Austria,AUT,1960,42.8
Azerbaijan,AZE,2025,
Azerbaijan,AZE,2024,17.9
Azerbaijan,AZE,2023,18.7
Azerbaijan,AZE,2022,19.6
Azerbaijan,AZE,2021,20.5
Azerbaijan,AZE,2020,21.5
Azerbaijan,AZE,2019,22.7
Azerbaijan,AZE,2018,23.8
Azerbaijan,AZE,2017,25.1
Azerbaijan,AZE,2016,26.5
Azerbaijan,AZE,2015,27.9
Azerbaijan,AZE,2014,29.6
Azerbaijan,AZE,2013,31.4
Azerbaijan,AZE,2012,33.4
Azerbaijan,AZE,2011,35.5
Azerbaijan,AZE,2010,37.8
Azerbaijan,AZE,2009,40.2
Azerbaijan,AZE,2008,42.9
Azerbaijan,AZE,2007,45.7
Azerbaijan,AZE,2006,48.7
Azerbaijan,AZE,2005,52.1
Azerbaijan,AZE,2004,55.8
Azerbaijan,AZE,2003,59.9
Azerbaijan,AZE,2002,64.4
Azerbaijan,AZE,2001,69.3
Azerbaijan,AZE,2000,74.3
Azerbaijan,AZE,1999,79.3
Azerbaijan,AZE,1998,84.0
Azerbaijan,AZE,1997,88.1
Azerbaijan,AZE,1996,91.5
Azerbaijan,AZE,1995,93.8
Azerbaijan,AZE,1994,95.1
Azerbaijan,AZE,1993,95.6
Azerbaijan,AZE,1992,95.5
Azerbaijan,AZE,1991,95.4
Azerbaijan,AZE,1990,95.4
Azerbaijan,AZE,1989,95.9
Azerbaijan,AZE,1988,97.0
Azerbaijan,AZE,1987,98.6
Azerbaijan,AZE,1986,100.5
Azerbaijan,AZE,1985,102.9
Azerbaijan,AZE,1984,105.3
Azerbaijan,AZE,1983,108.0
Azerbaijan,AZE,1982,110.6
Azerbaijan,AZE,1981,
Azerbaijan,AZE,1980,
Azerbaijan,AZE,1979,
Azerbaijan,AZE,1978,
Azerbaijan,AZE,1977,
Azerbaijan,AZE,1976,
Azerbaijan,AZE,1975,
Azerbaijan,AZE,1974,
Azerbaijan,AZE,1973,
Azerbaijan,AZE,1972,
Azerbaijan,AZE,1971,
Azerbaijan,AZE,1970,
Azerbaijan,AZE,1969,
Azerbaijan,AZE,1968,
Azerbaijan,AZE,1967,
Azerbaijan,AZE,1966,
Azerbaijan,AZE,1965,
Azerbaijan,AZE,1964,
Azerbaijan,AZE,1963,
Azerbaijan,AZE,1962,
Azerbaijan,AZE,1961,
Azerbaijan,AZE,1960,
"Bahamas, The",BHS,2025,
"Bahamas, The",BHS,2024,12.4
"Bahamas, The",BHS,2023,12.7
"Bahamas, The",BHS,2022,12.9
"Bahamas, The",BHS,2021,13.1
"Bahamas, The",BHS,2020,13.3
"Bahamas, The",BHS,2019,24.3
"Bahamas, The",BHS,2018,13.5
"Bahamas, The",BHS,2017,13.7
"Bahamas, The",BHS,2016,13.8
"Bahamas, The",BHS,2015,14.0
"Bahamas, The",BHS,2014,14.2
"Bahamas, The",BHS,2013,14.4
"Bahamas, The",BHS,2012,14.7
"Bahamas, The",BHS,2011,15.1
"Bahamas, The",BHS,2010,15.4
"Bahamas, The",BHS,2009,15.8
"Bahamas, The",BHS,2008,16.2
"Bahamas, The",BHS,2007,16.5
"Bahamas, The",BHS,2006,16.8
"Bahamas, The",BHS,2005,16.9
"Bahamas, The",BHS,2004,16.8
"Bahamas, The",BHS,2003,16.7
"Bahamas, The",BHS,2002,16.5
"Bahamas, The",BHS,2001,16.3
"Bahamas, The",BHS,2000,16.2
"Bahamas, The",BHS,1999,16.2
"Bahamas, The",BHS,1998,16.4
"Bahamas, The",BHS,1997,16.9
"Bahamas, The",BHS,1996,17.6
"Bahamas, The",BHS,1995,18.4
"Bahamas, The",BHS,1994,19.3
"Bahamas, The",BHS,1993,20.2
"Bahamas, The",BHS,1992,21.2
"Bahamas, The",BHS,1991,22.3
"Bahamas, The",BHS,1990,23.3
"Bahamas, The",BHS,1989,24.5
"Bahamas, The",BHS,1988,25.5
"Bahamas, The",BHS,1987,26.5
"Bahamas, The",BHS,1986,27.3
"Bahamas, The",BHS,1985,27.8
"Bahamas, The",BHS,1984,28.2
"Bahamas, The",BHS,1983,28.4
"Bahamas, The",BHS,1982,28.7
"Bahamas, The",BHS,1981,29.1
"Bahamas, The",BHS,1980,29.5
"Bahamas, The",BHS,1979,29.9
"Bahamas, The",BHS,1978,30.3
"Bahamas, The",BHS,1977,30.7
"Bahamas, The",BHS,1976,31.0
"Bahamas, The",BHS,1975,31.3
"Bahamas, The",BHS,1974,31.4
"Bahamas, The",BHS,1973,31.3
"Bahamas, The",BHS,1972,31.1
"Bahamas, The",BHS,1971,30.7
"Bahamas, The",BHS,1970,30.3
"Bahamas, The",BHS,1969,29.8
"Bahamas, The",BHS,1968,29.4
"Bahamas, The",BHS,1967,
"Bahamas, The",BHS,1966,
"Bahamas, The",BHS,1965,
"Bahamas, The",BHS,1964,
"Bahamas, The",BHS,1963,
"Bahamas, The",BHS,1962,
"Bahamas, The",BHS,1961,
"Bahamas, The",BHS,1960,
Bahrain,BHR,2025,
Bahrain,BHR,2024,8.8
Bahrain,BHR,2023,8.6
Bahrain,BHR,2022,8.4
Bahrain,BHR,2021,8.2
Bahrain,BHR,2020,8.0
Bahrain,BHR,2019,7.8
Bahrain,BHR,2018,7.7
Bahrain,BHR,2017,7.7
Bahrain,BHR,2016,7.6
Bahrain,BHR,2015,7.7
Bahrain,BHR,2014,7.8
Bahrain,BHR,2013,7.9
Bahrain,BHR,2012,8.1
Bahrain,BHR,2011,8.3
Bahrain,BHR,2010,8.6
Bahrain,BHR,2009,9.0
Bahrain,BHR,2008,9.4
Bahrain,BHR,2007,9.8
Bahrain,BHR,2006,10.3
Bahrain,BHR,2005,10.6
Bahrain,BHR,2004,11.0
Bahrain,BHR,2003,11.3
Bahrain,BHR,2002,11.6
Bahrain,BHR,2001,12.0
Bahrain,BHR,2000,12.5
Bahrain,BHR,1999,13.2
Bahrain,BHR,1998,14.1
Bahrain,BHR,1997,15.2
Bahrain,BHR,1996,16.6
Bahrain,BHR,1995,18.2
Bahrain,BHR,1994,19.7
Bahrain,BHR,1993,21.0
Bahrain,BHR,1992,22.1
Bahrain,BHR,1991,22.7
Bahrain,BHR,1990,23.0
Bahrain,BHR,1989,23.2
Bahrain,BHR,1988,23.4
Bahrain,BHR,1987,23.8
Bahrain,BHR,1986,24.4
Bahrain,BHR,1985,25.2
Bahrain,BHR,1984,26.3
Bahrain,BHR,1983,27.6
Bahrain,BHR,1982,29.2
Bahrain,BHR,1981,31.0
Bahrain,BHR,1980,33.1
Bahrain,BHR,1979,35.5
Bahrain,BHR,1978,38.2
Bahrain,BHR,1977,41.2
Bahrain,BHR,1976,44.6
Bahrain,BHR,1975,48.5
Bahrain,BHR,1974,53.0
Bahrain,BHR,1973,58.2
Bahrain,BHR,1972,64.1
Bahrain,BHR,1971,70.7
Bahrain,BHR,1970,78.1
Bahrain,BHR,1969,86.4
Bahrain,BHR,1968,95.3
Bahrain,BHR,1967,105.0
Bahrain,BHR,1966,115.6
Bahrain,BHR,1965,126.8
Bahrain,BHR,1964,138.9
Bahrain,BHR,1963,152.1
Bahrain,BHR,1962,166.2
Bahrain,BHR,1961,181.3
Bahrain,BHR,1960,197.6
Bangladesh,BGD,2025,
Bangladesh,BGD,2024,30.5
Bangladesh,BGD,2023,30.6
Bangladesh,BGD,2022,30.7
Bangladesh,BGD,2021,30.9
Bangladesh,BGD,2020,31.4
Bangladesh,BGD,2019,32.3
Bangladesh,BGD,2018,33.5
Bangladesh,BGD,2017,35.0
Bangladesh,BGD,2016,36.7
Bangladesh,BGD,2015,38.5
Bangladesh,BGD,2014,40.5
Bangladesh,BGD,2013,42.4
Bangladesh,BGD,2012,44.4
Bangladesh,BGD,2011,46.5
Bangladesh,BGD,2010,48.7
Bangladesh,BGD,2009,51.1
Bangladesh,BGD,2008,53.6
Bangladesh,BGD,2007,56.5
Bangladesh,BGD,2006,59.6
Bangladesh,BGD,2005,63.0
Bangladesh,BGD,2004,66.8
Bangladesh,BGD,2003,70.8
Bangladesh,BGD,2002,75.3
Bangladesh,BGD,2001,80.2
Bangladesh,BGD,2000,85.5
Bangladesh,BGD,1999,91.2
Bangladesh,BGD,1998,97.1
Bangladesh,BGD,1997,103.3
Bangladesh,BGD,1996,109.4
Bangladesh,BGD,1995,115.5
Bangladesh,BGD,1994,121.6
Bangladesh,BGD,1993,127.8
Bangladesh,BGD,1992,134.1
Bangladesh,BGD,1991,140.3
Bangladesh,BGD,1990,146.5
Bangladesh,BGD,1989,152.8
Bangladesh,BGD,1988,159.3
Bangladesh,BGD,1987,165.8
Bangladesh,BGD,1986,172.3
Bangladesh,BGD,1985,178.6
Bangladesh,BGD,1984,184.7
Bangladesh,BGD,1983,190.6
Bangladesh,BGD,1982,196.2
Bangladesh,BGD,1981,201.8
Bangladesh,BGD,1980,207.2
Bangladesh,BGD,1979,212.4
Bangladesh,BGD,1978,217.2
Bangladesh,BGD,1977,221.5
Bangladesh,BGD,1976,224.9
Bangladesh,BGD,1975,273.0
Bangladesh,BGD,1974,275.7
Bangladesh,BGD,1973,229.1
Bangladesh,BGD,1972,228.8
Bangladesh,BGD,1971,367.0
Bangladesh,BGD,1970,271.0
Bangladesh,BGD,1969,227.0
Bangladesh,BGD,1968,227.2
Bangladesh,BGD,1967,228.5
Bangladesh,BGD,1966,230.9
Bangladesh,BGD,1965,234.2
Bangladesh,BGD,1964,238.7
Bangladesh,BGD,1963,244.1
Bangladesh,BGD,1962,250.2
Bangladesh,BGD,1961,256.7
Bangladesh,BGD,1960,263.6
Barbados,BRB,2025,
Barbados,BRB,2024,9.8
Barbados,BRB,2023,10.1
Barbados,BRB,2022,10.4
Barbados,BRB,2021,10.7
Barbados,BRB,2020,11.1
Barbados,BRB,2019,11.4
Barbados,BRB,2018,11.8
Barbados,BRB,2017,12.1
Barbados,BRB,2016,12.4
Barbados,BRB,2015,12.8
Barbados,BRB,2014,13.1
Barbados,BRB,2013,13.3
Barbados,BRB,2012,13.5
Barbados,BRB,2011,13.7
Barbados,BRB,2010,13.9
Barbados,BRB,2009,14.1
Barbados,BRB,2008,14.3
Barbados,BRB,2007,14.5
Barbados,BRB,2006,14.7
Barbados,BRB,2005,14.8
Barbados,BRB,2004,14.9
Barbados,BRB,2003,14.8
Barbados,BRB,2002,14.7
Barbados,BRB,2001,14.5
Barbados,BRB,2000,14.4
Barbados,BRB,1999,14.3
Barbados,BRB,1998,14.2
Barbados,BRB,1997,14.3
Barbados,BRB,1996,14.5
Barbados,BRB,1995,14.9
Barbados,BRB,1994,15.3
Barbados,BRB,1993,15.9
Barbados,BRB,1992,16.6
Barbados,BRB,1991,17.3
Barbados,BRB,1990,18.1
Barbados,BRB,1989,18.9
Barbados,BRB,1988,19.7
Barbados,BRB,1987,20.5
Barbados,BRB,1986,21.2
Barbados,BRB,1985,21.9
Barbados,BRB,1984,22.6
Barbados,BRB,1983,23.4
Barbados,BRB,1982,24.4
Barbados,BRB,1981,25.5
Barbados,BRB,1980,26.9
Barbados,BRB,1979,28.6
Barbados,BRB,1978,30.4
Barbados,BRB,1977,32.3
Barbados,BRB,1976,34.3
Barbados,BRB,1975,36.4
Barbados,BRB,1974,38.6
Barbados,BRB,1973,40.8
Barbados,BRB,1972,43.2
Barbados,BRB,1971,45.5
Barbados,BRB,1970,47.9
Barbados,BRB,1969,50.4
Barbados,BRB,1968,52.8
Barbados,BRB,1967,55.3
Barbados,BRB,1966,57.9
Barbados,BRB,1965,61.0
Barbados,BRB,1964,64.5
Barbados,BRB,1963,68.6
Barbados,BRB,1962,73.3
Barbados,BRB,1961,78.6
Barbados,BRB,1960,84.7
Belarus,BLR,2025,
Belarus,BLR,2024,2.3
Belarus,BLR,2023,2.4
Belarus,BLR,2022,2.6
Belarus,BLR,2021,2.7
Belarus,BLR,2020,2.9
Belarus,BLR,2019,3.1
Belarus,BLR,2018,3.4
Belarus,BLR,2017,3.6
Belarus,BLR,2016,3.9
Belarus,BLR,2015,4.1
Belarus,BLR,2014,4.3
Belarus,BLR,2013,4.6
Belarus,BLR,2012,4.9
Belarus,BLR,2011,5.2
Belarus,BLR,2010,5.6
Belarus,BLR,2009,6.1
Belarus,BLR,2008,6.6
Belarus,BLR,2007,7.3
Belarus,BLR,2006,8.0
Belarus,BLR,2005,8.7
Belarus,BLR,2004,9.4
Belarus,BLR,2003,10.1
Belarus,BLR,2002,10.9
Belarus,BLR,2001,11.8
Belarus,BLR,2000,12.8
Belarus,BLR,1999,13.7
Belarus,BLR,1998,14.5
Belarus,BLR,1997,15.1
Belarus,BLR,1996,15.5
Belarus,BLR,1995,15.7
Belarus,BLR,1994,15.7
Belarus,BLR,1993,15.5
Belarus,BLR,1992,15.3
Belarus,BLR,1991,15.2
Belarus,BLR,1990,15.2
Belarus,BLR,1989,15.5
Belarus,BLR,1988,15.9
Belarus,BLR,1987,16.4
Belarus,BLR,1986,17.0
Belarus,BLR,1985,17.6
Belarus,BLR,1984,18.2
Belarus,BLR,1983,18.8
Belarus,BLR,1982,19.4
Belarus,BLR,1981,20.0
Belarus,BLR,1980,20.6
Belarus,BLR,1979,21.0
Belarus,BLR,1978,21.4
Belarus,BLR,1977,21.6
Belarus,BLR,1976,21.7
Belarus,BLR,1975,21.8
Belarus,BLR,1974,21.9
Belarus,BLR,1973,22.0
Belarus,BLR,1972,22.2
Belarus,BLR,1971,22.6
Belarus,BLR,1970,23.1
Belarus,BLR,1969,23.7
Belarus,BLR,1968,24.6
Belarus,BLR,1967,25.6
Belarus,BLR,1966,27.0
Belarus,BLR,1965,28.8
Belarus,BLR,1964,30.9
Belarus,BLR,1963,33.6
Belarus,BLR,1962,36.7
Belarus,BLR,1961,40.5
Belarus,BLR,1960,44.8
Belgium,BEL,2025,
Belgium,BEL,2024,3.7
Belgium,BEL,2023,3.7
Belgium,BEL,2022,3.8
Belgium,BEL,2021,3.8
Belgium,BEL,2020,3.9
Belgium,BEL,2019,3.9
Belgium,BEL,2018,4.0
Belgium,BEL,2017,4.0
Belgium,BEL,2016,4.1
Belgium,BEL,2015,4.1
Belgium,BEL,2014,4.1
Belgium,BEL,2013,4.2
Belgium,BEL,2012,4.3
Belgium,BEL,2011,4.4
Belgium,BEL,2010,4.5
Belgium,BEL,2009,4.6
Belgium,BEL,2008,4.7
Belgium,BEL,2007,4.8
Belgium,BEL,2006,4.9
Belgium,BEL,2005,5.0
Belgium,BEL,2004,5.2
Belgium,BEL,2003,5.3
Belgium,BEL,2002,5.5
Belgium,BEL,2001,5.7
Belgium,BEL,2000,5.9
Belgium,BEL,1999,6.1
Belgium,BEL,1998,6.4
Belgium,BEL,1997,6.7
Belgium,BEL,1996,7.2
Belgium,BEL,1995,7.6
Belgium,BEL,1994,8.2
Belgium,BEL,1993,8.7
Belgium,BEL,1992,9.2
Belgium,BEL,1991,9.6
Belgium,BEL,1990,10.0
Belgium,BEL,1989,10.3
Belgium,BEL,1988,10.7
Belgium,BEL,1987,11.0
Belgium,BEL,1986,11.4
Belgium,BEL,1985,11.8
Belgium,BEL,1984,12.2
Belgium,BEL,1983,12.7
Belgium,BEL,1982,13.3
Belgium,BEL,1981,13.9
Belgium,BEL,1980,14.5
Belgium,BEL,1979,15.2
Belgium,BEL,1978,15.9
Belgium,BEL,1977,16.7
Belgium,BEL,1976,17.6
Belgium,BEL,1975,18.6
Belgium,BEL,1974,19.6
Belgium,BEL,1973,20.8
Belgium,BEL,1972,21.9
Belgium,BEL,1971,23.0
Belgium,BEL,1970,23.9
Belgium,BEL,1969,24.8
Belgium,BEL,1968,25.5
Belgium,BEL,1967,26.3
Belgium,BEL,1966,27.0
Belgium,BEL,1965,27.9
Belgium,BEL,1964,28.9
Belgium,BEL,1963,30.0
Belgium,BEL,1962,31.2
Belgium,BEL,1961,32.5
Belgium,BEL,1960,33.9
Belize,BLZ,2025,
Belize,BLZ,2024,12.7
Belize,BLZ,2023,12.8
Belize,BLZ,2022,12.8
Belize,BLZ,2021,13.0
Belize,BLZ,2020,13.2
Belize,BLZ,2019,13.5
Belize,BLZ,2018,13.9
Belize,BLZ,2017,14.4
Belize,BLZ,2016,15.0
Belize,BLZ,2015,15.6
Belize,BLZ,2014,16.3
Belize,BLZ,2013,17.0
Belize,BLZ,2012,17.7
Belize,BLZ,2011,18.3
Belize,BLZ,2010,18.8
Belize,BLZ,2009,19.3
Belize,BLZ,2008,19.7
Belize,BLZ,2007,20.2
Belize,BLZ,2006,20.6
Belize,BLZ,2005,21.0
Belize,BLZ,2004,21.5
Belize,BLZ,2003,22.1
Belize,BLZ,2002,22.8
Belize,BLZ,2001,23.6
Belize,BLZ,2000,24.5
Belize,BLZ,1999,25.4
Belize,BLZ,1998,26.4
Belize,BLZ,1997,27.5
Belize,BLZ,1996,28.6
Belize,BLZ,1995,29.9
Belize,BLZ,1994,31.4
Belize,BLZ,1993,33.0
Belize,BLZ,1992,34.9
Belize,BLZ,1991,37.1
Belize,BLZ,1990,39.4
Belize,BLZ,1989,41.9
Belize,BLZ,1988,44.6
Belize,BLZ,1987,47.3
Belize,BLZ,1986,50.1
Belize,BLZ,1985,52.9
Belize,BLZ,1984,55.6
Belize,BLZ,1983,58.2
Belize,BLZ,1982,60.9
Belize,BLZ,1981,63.5
Belize,BLZ,1980,66.1
Belize,BLZ,1979,68.9
Belize,BLZ,1978,71.6
Belize,BLZ,1977,74.6
Belize,BLZ,1976,77.7
Belize,BLZ,1975,81.0
Belize,BLZ,1974,84.4
Belize,BLZ,1973,88.1
Belize,BLZ,1972,92.0
Belize,BLZ,1971,95.9
Belize,BLZ,1970,100.3
Belize,BLZ,1969,105.1
Belize,BLZ,1968,109.8
Belize,BLZ,1967,114.9
Belize,BLZ,1966,
Belize,BLZ,1965,
Belize,BLZ,1964,
Belize,BLZ,1963,
Belize,BLZ,1962,
Belize,BLZ,1961,
Belize,BLZ,1960,
Benin,BEN,2025,
Benin,BEN,2024,74.7
Benin,BEN,2023,77.2
Benin,BEN,2022,79.6
Benin,BEN,2021,82.2
Benin,BEN,2020,84.6
Benin,BEN,2019,87.0
Benin,BEN,2018,89.4
Benin,BEN,2017,91.8
Benin,BEN,2016,94.0
Benin,BEN,2015,96.1
Benin,BEN,2014,98.4
Benin,BEN,2013,100.6
Benin,BEN,2012,102.9
Benin,BEN,2011,105.1
Benin,BEN,2010,107.4
Benin,BEN,2009,109.7
Benin,BEN,2008,112.0
Benin,BEN,2007,114.4
Benin,BEN,2006,117.0
Benin,BEN,2005,119.7
Benin,BEN,2004,122.5
Benin,BEN,2003,125.4
Benin,BEN,2002,128.5
Benin,BEN,2001,131.7
Benin,BEN,2000,135.0
Benin,BEN,1999,138.3
Benin,BEN,1998,141.5
Benin,BEN,1997,144.8
Benin,BEN,1996,148.1
Benin,BEN,1995,151.5
Benin,BEN,1994,155.2
Benin,BEN,1993,159.0
Benin,BEN,1992,163.0
Benin,BEN,1991,167.0
Benin,BEN,1990,171.2
Benin,BEN,1989,175.4
Benin,BEN,1988,179.4
Benin,BEN,1987,183.5
Benin,BEN,1986,187.4
Benin,BEN,1985,191.3
Benin,BEN,1984,195.3
Benin,BEN,1983,199.1
Benin,BEN,1982,203.1
Benin,BEN,1981,207.1
Benin,BEN,1980,211.3
Benin,BEN,1979,215.8
Benin,BEN,1978,220.6
Benin,BEN,1977,225.5
Benin,BEN,1976,230.6
Benin,BEN,1975,235.9
Benin,BEN,1974,240.9
Benin,BEN,1973,245.9
Benin,BEN,1972,250.7
Benin,BEN,1971,255.3
Benin,BEN,1970,259.7
Benin,BEN,1969,264.1
Benin,BEN,1968,268.3
Benin,BEN,1967,273.0
Benin,BEN,1966,277.7
Benin,BEN,1965,282.6
Benin,BEN,1964,287.8
Benin,BEN,1963,292.9
Benin,BEN,1962,298.0
Benin,BEN,1961,302.8
Benin,BEN,1960,307.6
Bermuda,BMU,2025,
Bermuda,BMU,2024,
Bermuda,BMU,2023,
Bermuda,BMU,2022,
Bermuda,BMU,2021,
Bermuda,BMU,2020,
Bermuda,BMU,2019,
Bermuda,BMU,2018,
Bermuda,BMU,2017,
Bermuda,BMU,2016,
Bermuda,BMU,2015,
Bermuda,BMU,2014,
Bermuda,BMU,2013,
Bermuda,BMU,2012,
Bermuda,BMU,2011,
Bermuda,BMU,2010,
Bermuda,BMU,2009,
Bermuda,BMU,2008,
Bermuda,BMU,2007,
Bermuda,BMU,2006,
Bermuda,BMU,2005,
Bermuda,BMU,2004,
Bermuda,BMU,2003,
Bermuda,BMU,2002,
Bermuda,BMU,2001,
Bermuda,BMU,2000,
Bermuda,BMU,1999,
Bermuda,BMU,1998,
Bermuda,BMU,1997,
Bermuda,BMU,1996,
Bermuda,BMU,1995,
Bermuda,BMU,1994,
Bermuda,BMU,1993,
Bermuda,BMU,1992,
Bermuda,BMU,1991,
Bermuda,BMU,1990,
Bermuda,BMU,1989,
Bermuda,BMU,1988,
Bermuda,BMU,1987,
Bermuda,BMU,1986,
Bermuda,BMU,1985,
Bermuda,BMU,1984,
Bermuda,BMU,1983,
Bermuda,BMU,1982,
Bermuda,BMU,1981,
Bermuda,BMU,1980,
Bermuda,BMU,1979,
Bermuda,BMU,1978,
Bermuda,BMU,1977,
Bermuda,BMU,1976,
Bermuda,BMU,1975,
Bermuda,BMU,1974,
Bermuda,BMU,1973,
Bermuda,BMU,1972,
Bermuda,BMU,1971,
Bermuda,BMU,1970,
Bermuda,BMU,1969,
Bermuda,BMU,1968,
Bermuda,BMU,1967,
Bermuda,BMU,1966,
Bermuda,BMU,1965,
Bermuda,BMU,1964,
Bermuda,BMU,1963,
Bermuda,BMU,1962,
Bermuda,BMU,1961,
Bermuda,BMU,1960,
Bhutan,BTN,2025,
Bhutan,BTN,2024,17.2
Bhutan,BTN,2023,18.0
Bhutan,BTN,2022,19.0
Bhutan,BTN,2021,20.0
Bhutan,BTN,2020,21.3
Bhutan,BTN,2019,22.7
Bhutan,BTN,2018,24.2
Bhutan,BTN,2017,25.8
Bhutan,BTN,2016,27.4
Bhutan,BTN,2015,29.2
Bhutan,BTN,2014,31.2
Bhutan,BTN,2013,33.2
Bhutan,BTN,2012,35.5
Bhutan,BTN,2011,37.9
Bhutan,BTN,2010,40.5
Bhutan,BTN,2009,43.3
Bhutan,BTN,2008,46.2
Bhutan,BTN,2007,49.5
Bhutan,BTN,2006,52.9
Bhutan,BTN,2005,56.7
Bhutan,BTN,2004,60.6
Bhutan,BTN,2003,64.6
Bhutan,BTN,2002,68.8
Bhutan,BTN,2001,73.2
Bhutan,BTN,2000,77.7
Bhutan,BTN,1999,82.2
Bhutan,BTN,1998,87.1
Bhutan,BTN,1997,92.0
Bhutan,BTN,1996,96.9
Bhutan,BTN,1995,102.0
Bhutan,BTN,1994,107.0
Bhutan,BTN,1993,112.1
Bhutan,BTN,1992,117.2
Bhutan,BTN,1991,122.4
Bhutan,BTN,1990,128.0
Bhutan,BTN,1989,133.8
Bhutan,BTN,1988,139.8
Bhutan,BTN,1987,146.2
Bhutan,BTN,1986,152.8
Bhutan,BTN,1985,159.5
Bhutan,BTN,1984,166.3
Bhutan,BTN,1983,173.4
Bhutan,BTN,1982,180.3
Bhutan,BTN,1981,187.6
Bhutan,BTN,1980,195.3
Bhutan,BTN,1979,202.8
Bhutan,BTN,1978,210.0
Bhutan,BTN,1977,216.8
Bhutan,BTN,1976,223.8
Bhutan,BTN,1975,230.4
Bhutan,BTN,1974,237.2
Bhutan,BTN,1973,243.5
Bhutan,BTN,1972,249.9
Bhutan,BTN,1971,256.5
Bhutan,BTN,1970,262.7
Bhutan,BTN,1969,269.1
Bhutan,BTN,1968,275.7
Bhutan,BTN,1967,
Bhutan,BTN,1966,
Bhutan,BTN,1965,
Bhutan,BTN,1964,
Bhutan,BTN,1963,
Bhutan,BTN,1962,
Bhutan,BTN,1961,
Bhutan,BTN,1960,
Bolivia,BOL,2025,
Bolivia,BOL,2024,15.7
Bolivia,BOL,2023,16.4
Bolivia,BOL,2022,17.3
Bolivia,BOL,2021,18.2
Bolivia,BOL,2020,19.3
Bolivia,BOL,2019,20.6
Bolivia,BOL,2018,22.0
Bolivia,BOL,2017,23.4
Bolivia,BOL,2016,25.0
Bolivia,BOL,2015,26.7
Bolivia,BOL,2014,28.4
Bolivia,BOL,2013,30.3
Bolivia,BOL,2012,32.3
Bolivia,BOL,2011,34.4
Bolivia,BOL,2010,36.7
Bolivia,BOL,2009,39.1
Bolivia,BOL,2008,41.8
Bolivia,BOL,2007,44.7
Bolivia,BOL,2006,47.7
Bolivia,BOL,2005,51.0
Bolivia,BOL,2004,54.5
Bolivia,BOL,2003,58.2
Bolivia,BOL,2002,62.1
Bolivia,BOL,2001,66.3
Bolivia,BOL,2000,70.7
Bolivia,BOL,1999,75.3
Bolivia,BOL,1998,79.9
Bolivia,BOL,1997,84.6
Bolivia,BOL,1996,89.4
Bolivia,BOL,1995,94.1
Bolivia,BOL,1994,98.8
Bolivia,BOL,1993,103.5
Bolivia,BOL,1992,108.2
Bolivia,BOL,1991,113.0
Bolivia,BOL,1990,117.8
Bolivia,BOL,1989,122.8
Bolivia,BOL,1988,127.8
Bolivia,BOL,1987,132.9
Bolivia,BOL,1986,137.8
Bolivia,BOL,1985,142.6
Bolivia,BOL,1984,147.4
Bolivia,BOL,1983,151.9
Bolivia,BOL,1982,156.3
Bolivia,BOL,1981,160.8
Bolivia,BOL,1980,165.4
Bolivia,BOL,1979,170.4
Bolivia,BOL,1978,175.7
Bolivia,BOL,1977,181.4
Bolivia,BOL,1976,187.4
Bolivia,BOL,1975,193.7
Bolivia,BOL,1974,200.1
Bolivia,BOL,1973,206.6
Bolivia,BOL,1972,212.8
Bolivia,BOL,1971,219.2
Bolivia,BOL,1970,225.4
Bolivia,BOL,1969,231.5
Bolivia,BOL,1968,237.8
Bolivia,BOL,1967,243.8
Bolivia,BOL,1966,249.8
Bolivia,BOL,1965,255.9
Bolivia,BOL,1964,261.9
Bolivia,BOL,1963,267.8
Bolivia,BOL,1962,273.6
Bolivia,BOL,1961,279.5
Bolivia,BOL,1960,285.4
Bosnia and Herzegovina,BIH,2025,
Bosnia and Herzegovina,BIH,2024,6.9
Bosnia and Herzegovina,BIH,2023,6.0
Bosnia and Herzegovina,BIH,2022,6.2
Bosnia and Herzegovina,BIH,2021,6.4
Bosnia and Herzegovina,BIH,2020,6.6
Bosnia and Herzegovina,BIH,2019,6.7
Bosnia and Herzegovina,BIH,2018,6.8
Bosnia and Herzegovina,BIH,2017,6.8
Bosnia and Herzegovina,BIH,2016,6.8
Bosnia and Herzegovina,BIH,2015,6.7
Bosnia and Herzegovina,BIH,2014,6.7
Bosnia and Herzegovina,BIH,2013,6.7
Bosnia and Herzegovina,BIH,2012,6.7
Bosnia and Herzegovina,BIH,2011,6.8
Bosnia and Herzegovina,BIH,2010,6.8
Bosnia and Herzegovina,BIH,2009,6.9
Bosnia and Herzegovina,BIH,2008,7.0
Bosnia and Herzegovina,BIH,2007,7.1
Bosnia and Herzegovina,BIH,2006,7.2
Bosnia and Herzegovina,BIH,2005,7.4
Bosnia and Herzegovina,BIH,2004,7.6
Bosnia and Herzegovina,BIH,2003,8.0
Bosnia and Herzegovina,BIH,2002,8.4
Bosnia and Herzegovina,BIH,2001,8.9
Bosnia and Herzegovina,BIH,2000,9.5
Bosnia and Herzegovina,BIH,1999,10.2
Bosnia and Herzegovina,BIH,1998,10.9
Bosnia and Herzegovina,BIH,1997,11.7
Bosnia and Herzegovina,BIH,1996,12.4
Bosnia and Herzegovina,BIH,1995,20.1
Bosnia and Herzegovina,BIH,1994,14.0
Bosnia and Herzegovina,BIH,1993,63.4
Bosnia and Herzegovina,BIH,1992,62.3
Bosnia and Herzegovina,BIH,1991,16.9
Bosnia and Herzegovina,BIH,1990,18.2
Bosnia and Herzegovina,BIH,1989,19.6
Bosnia and Herzegovina,BIH,1988,21.2
Bosnia and Herzegovina,BIH,1987,23.0
Bosnia and Herzegovina,BIH,1986,24.9
Bosnia and Herzegovina,BIH,1985,27.0
Bosnia and Herzegovina,BIH,1984,29.4
Bosnia and Herzegovina,BIH,1983,
Bosnia and Herzegovina,BIH,1982,
Bosnia and Herzegovina,BIH,1981,
Bosnia and Herzegovina,BIH,1980,
Bosnia and Herzegovina,BIH,1979,
Bosnia and Herzegovina,BIH,1978,
Bosnia and Herzegovina,BIH,1977,
Bosnia and Herzegovina,BIH,1976,
Bosnia and Herzegovina,BIH,1975,
Bosnia and Herzegovina,BIH,1974,
Bosnia and Herzegovina,BIH,1973,
Bosnia and Herzegovina,BIH,1972,
Bosnia and Herzegovina,BIH,1971,
Bosnia and Herzegovina,BIH,1970,
Bosnia and Herzegovina,BIH,1969,
Bosnia and Herzegovina,BIH,1968,
Bosnia and Herzegovina,BIH,1967,
Bosnia and Herzegovina,BIH,1966,
Bosnia and Herzegovina,BIH,1965,
Bosnia and Herzegovina,BIH,1964,
Bosnia and Herzegovina,BIH,1963,
Bosnia and Herzegovina,BIH,1962,
Bosnia and Herzegovina,BIH,1961,
Bosnia and Herzegovina,BIH,1960,
Botswana,BWA,2025,
Botswana,BWA,2024,33.3
Botswana,BWA,2023,34.6
Botswana,BWA,2022,35.7
Botswana,BWA,2021,37.1
Botswana,BWA,2020,38.9
Botswana,BWA,2019,40.0
Botswana,BWA,2018,41.2
Botswana,BWA,2017,42.1
Botswana,BWA,2016,45.1
Botswana,BWA,2015,46.7
Botswana,BWA,2014,49.0
Botswana,BWA,2013,50.3
Botswana,BWA,2012,53.9
Botswana,BWA,2011,58.8
Botswana,BWA,2010,58.4
Botswana,BWA,2009,60.6
Botswana,BWA,2008,63.7
Botswana,BWA,2007,64.3
Botswana,BWA,2006,66.0
Botswana,BWA,2005,70.8
Botswana,BWA,2004,75.7
Botswana,BWA,2003,76.7
Botswana,BWA,2002,77.9
Botswana,BWA,2001,79.3
Botswana,BWA,2000,79.8
Botswana,BWA,1999,78.5
Botswana,BWA,1998,75.4
Botswana,BWA,1997,73.4
Botswana,BWA,1996,70.4
Botswana,BWA,1995,66.4
Botswana,BWA,1994,66.2
Botswana,BWA,1993,61.5
Botswana,BWA,1992,57.1
Botswana,BWA,1991,53.6
Botswana,BWA,1990,51.5
Botswana,BWA,1989,50.5
Botswana,BWA,1988,50.7
Botswana,BWA,1987,52.1
Botswana,BWA,1986,54.2
Botswana,BWA,1985,56.6
Botswana,BWA,1984,59.1
Botswana,BWA,1983,61.9
Botswana,BWA,1982,65.2
Botswana,BWA,1981,69.0
Botswana,BWA,1980,73.3
Botswana,BWA,1979,78.1
Botswana,BWA,1978,83.3
Botswana,BWA,1977,88.9
Botswana,BWA,1976,94.8
Botswana,BWA,1975,100.4
Botswana,BWA,1974,105.8
Botswana,BWA,1973,111.1
Botswana,BWA,1972,115.9
Botswana,BWA,1971,120.7
Botswana,BWA,1970,125.3
Botswana,BWA,1969,129.7
Botswana,BWA,1968,133.9
Botswana,BWA,1967,138.1
Botswana,BWA,1966,141.9
Botswana,BWA,1965,145.5
Botswana,BWA,1964,149.5
Botswana,BWA,1963,153.9
Botswana,BWA,1962,158.2
Botswana,BWA,1961,162.7
Botswana,BWA,1960,167.8
Brazil,BRA,2025,
Brazil,BRA,2024,14.2
Brazil,BRA,2023,14.4
Brazil,BRA,2022,14.6
Brazil,BRA,2021,14.7
Brazil,BRA,2020,14.9
Brazil,BRA,2019,15.0
Brazil,BRA,2018,15.2
Brazil,BRA,2017,15.4
Brazil,BRA,2016,16.8
Brazil,BRA,2015,16.0
Brazil,BRA,2014,16.3
Brazil,BRA,2013,16.7
Brazil,BRA,2012,17.2
Brazil,BRA,2011,17.9
Brazil,BRA,2010,18.6
Brazil,BRA,2009,19.5
Brazil,BRA,2008,20.5
Brazil,BRA,2007,21.7
Brazil,BRA,2006,23.1
Brazil,BRA,2005,24.6
Brazil,BRA,2004,26.3
Brazil,BRA,2003,28.2
Brazil,BRA,2002,30.1
Brazil,BRA,2001,32.2
Brazil,BRA,2000,34.4
Brazil,BRA,1999,36.8
Brazil,BRA,1998,39.3
Brazil,BRA,1997,41.9
Brazil,BRA,1996,44.7
Brazil,BRA,1995,47.7
Brazil,BRA,1994,50.8
Brazil,BRA,1993,53.9
Brazil,BRA,1992,57.1
Brazil,BRA,1991,60.1
Brazil,BRA,1990,62.8
Brazil,BRA,1989,65.5
Brazil,BRA,1988,68.1
Brazil,BRA,1987,70.9
Brazil,BRA,1986,73.6
Brazil,BRA,1985,76.5
Brazil,BRA,1984,79.8
Brazil,BRA,1983,83.3
Brazil,BRA,1982,87.3
Brazil,BRA,1981,91.5
Brazil,BRA,1980,95.8
Brazil,BRA,1979,100.0
Brazil,BRA,1978,104.1
Brazil,BRA,1977,108.0
Brazil,BRA,1976,111.8
Brazil,BRA,1975,115.4
Brazil,BRA,1974,118.9
Brazil,BRA,1973,122.3
Brazil,BRA,1972,125.6
Brazil,BRA,1971,128.9
Brazil,BRA,1970,132.1
Brazil,BRA,1969,135.3
Brazil,BRA,1968,138.4
Brazil,BRA,1967,141.6
Brazil,BRA,1966,145.0
Brazil,BRA,1965,148.5
Brazil,BRA,1964,152.2
Brazil,BRA,1963,156.1
Brazil,BRA,1962,160.4
Brazil,BRA,1961,165.0
Brazil,BRA,1960,169.8
British Virgin Islands,VGB,2025,
British Virgin Islands,VGB,2024,12.4
British Virgin Islands,VGB,2023,12.7
British Virgin Islands,VGB,2022,13.1
British Virgin Islands,VGB,2021,13.5
British Virgin Islands,VGB,2020,13.8
British Virgin Islands,VGB,2019,14.2
British Virgin Islands,VGB,2018,14.6
British Virgin Islands,VGB,2017,14.9
British Virgin Islands,VGB,2016,15.2
British Virgin Islands,VGB,2015,15.5
British Virgin Islands,VGB,2014,15.6
British Virgin Islands,VGB,2013,15.6
British Virgin Islands,VGB,2012,15.6
British Virgin Islands,VGB,2011,15.6
British Virgin Islands,VGB,2010,15.6
British Virgin Islands,VGB,2009,15.6
British Virgin Islands,VGB,2008,15.7
British Virgin Islands,VGB,2007,15.7
British Virgin Islands,VGB,2006,15.8
British Virgin Islands,VGB,2005,15.9
British Virgin Islands,VGB,2004,16.0
British Virgin Islands,VGB,2003,16.1
British Virgin Islands,VGB,2002,16.4
British Virgin Islands,VGB,2001,16.6
British Virgin Islands,VGB,2000,16.8
British Virgin Islands,VGB,1999,17.1
British Virgin Islands,VGB,1998,17.5
British Virgin Islands,VGB,1997,17.9
British Virgin Islands,VGB,1996,18.3
British Virgin Islands,VGB,1995,18.9
British Virgin Islands,VGB,1994,19.4
British Virgin Islands,VGB,1993,20.2
British Virgin Islands,VGB,1992,21.0
British Virgin Islands,VGB,1991,21.9
British Virgin Islands,VGB,1990,22.9
British Virgin Islands,VGB,1989,24.1
British Virgin Islands,VGB,1988,25.3
British Virgin Islands,VGB,1987,26.5
British Virgin Islands,VGB,1986,27.8
British Virgin Islands,VGB,1985,29.1
British Virgin Islands,VGB,1984,30.3
British Virgin Islands,VGB,1983,31.4
British Virgin Islands,VGB,1982,32.5
British Virgin Islands,VGB,1981,33.6
British Virgin Islands,VGB,1980,34.5
British Virgin Islands,VGB,1979,35.4
British Virgin Islands,VGB,1978,36.2
British Virgin Islands,VGB,1977,37.1
British Virgin Islands,VGB,1976,38.0
British Virgin Islands,VGB,1975,39.1
British Virgin Islands,VGB,1974,40.4
British Virgin Islands,VGB,1973,42.0
British Virgin Islands,VGB,1972,43.8
British Virgin Islands,VGB,1971,46.0
British Virgin Islands,VGB,1970,48.6
British Virgin Islands,VGB,1969,51.4
British Virgin Islands,VGB,1968,54.6
British Virgin Islands,VGB,1967,58.1
British Virgin Islands,VGB,1966,61.9
British Virgin Islands,VGB,1965,66.0
British Virgin Islands,VGB,1964,70.3
British Virgin Islands,VGB,1963,75.0
British Virgin Islands,VGB,1962,79.9
British Virgin Islands,VGB,1961,85.0
British Virgin Islands,VGB,1960,90.5
Brunei Darussalam,BRN,2025,
Brunei Darussalam,BRN,2024,9.9
Brunei Darussalam,BRN,2023,10.1
Brunei Darussalam,BRN,2022,10.2
Brunei Darussalam,BRN,2021,10.3
Brunei Darussalam,BRN,2020,10.4
Brunei Darussalam,BRN,2019,10.5
Brunei Darussalam,BRN,2018,10.6
Brunei Darussalam,BRN,2017,10.7
Brunei Darussalam,BRN,2016,10.7
Brunei Darussalam,BRN,2015,10.7
Brunei Darussalam,BRN,2014,10.6
Brunei Darussalam,BRN,2013,10.4
Brunei Darussalam,BRN,2012,10.2
Brunei Darussalam,BRN,2011,10.0
Brunei Darussalam,BRN,2010,9.9
Brunei Darussalam,BRN,2009,9.7
Brunei Darussalam,BRN,2008,9.6
Brunei Darussalam,BRN,2007,9.6
Brunei Darussalam,BRN,2006,9.5
Brunei Darussalam,BRN,2005,9.5
Brunei Darussalam,BRN,2004,9.6
Brunei Darussalam,BRN,2003,9.7
Brunei Darussalam,BRN,2002,9.8
Brunei Darussalam,BRN,2001,10.0
Brunei Darussalam,BRN,2000,10.3
Brunei Darussalam,BRN,1999,10.6
Brunei Darussalam,BRN,1998,11.0
Brunei Darussalam,BRN,1997,11.4
Brunei Darussalam,BRN,1996,11.9
Brunei Darussalam,BRN,1995,12.3
Brunei Darussalam,BRN,1994,12.7
Brunei Darussalam,BRN,1993,12.9
Brunei Darussalam,BRN,1992,13.1
Brunei Darussalam,BRN,1991,13.2
Brunei Darussalam,BRN,1990,13.3
Brunei Darussalam,BRN,1989,13.5
Brunei Darussalam,BRN,1988,13.7
Brunei Darussalam,BRN,1987,14.2
Brunei Darussalam,BRN,1986,14.8
Brunei Darussalam,BRN,1985,15.7
Brunei Darussalam,BRN,1984,16.7
Brunei Darussalam,BRN,1983,17.9
Brunei Darussalam,BRN,1982,19.3
Brunei Darussalam,BRN,1981,20.9
Brunei Darussalam,BRN,1980,22.8
Brunei Darussalam,BRN,1979,24.8
Brunei Darussalam,BRN,1978,27.0
Brunei Darussalam,BRN,1977,29.5
Brunei Darussalam,BRN,1976,32.1
Brunei Darussalam,BRN,1975,34.9
Brunei Darussalam,BRN,1974,37.8
Brunei Darussalam,BRN,1973,40.7
Brunei Darussalam,BRN,1972,43.6
Brunei Darussalam,BRN,1971,46.4
Brunei Darussalam,BRN,1970,49.1
Brunei Darussalam,BRN,1969,51.7
Brunei Darussalam,BRN,1968,54.3
Brunei Darussalam,BRN,1967,57.0
Brunei Darussalam,BRN,1966,59.9
Brunei Darussalam,BRN,1965,63.2
Brunei Darussalam,BRN,1964,67.1
Brunei Darussalam,BRN,1963,71.5
Brunei Darussalam,BRN,1962,76.6
Brunei Darussalam,BRN,1961,82.4
Brunei Darussalam,BRN,1960,88.9
Bulgaria,BGR,2025,
Bulgaria,BGR,2024,5.7
Bulgaria,BGR,2023,5.9
Bulgaria,BGR,2022,6.1
Bulgaria,BGR,2021,6.3
Bulgaria,BGR,2020,6.5
Bulgaria,BGR,2019,6.7
Bulgaria,BGR,2018,7.0
Bulgaria,BGR,2017,7.3
Bulgaria,BGR,2016,7.7
Bulgaria,BGR,2015,8.2
Bulgaria,BGR,2014,8.7
Bulgaria,BGR,2013,9.3
Bulgaria,BGR,2012,9.9
Bulgaria,BGR,2011,10.4
Bulgaria,BGR,2010,10.9
Bulgaria,BGR,2009,11.1
Bulgaria,BGR,2008,11.4
Bulgaria,BGR,2007,11.9
Bulgaria,BGR,2006,12.5
Bulgaria,BGR,2005,13.3
Bulgaria,BGR,2004,14.2
Bulgaria,BGR,2003,15.1
Bulgaria,BGR,2002,16.0
Bulgaria,BGR,2001,16.7
Bulgaria,BGR,2000,17.5
Bulgaria,BGR,1999,18.3
Bulgaria,BGR,1998,19.0
Bulgaria,BGR,1997,19.3
Bulgaria,BGR,1996,19.3
Bulgaria,BGR,1995,19.2
Bulgaria,BGR,1994,19.2
Bulgaria,BGR,1993,19.3
Bulgaria,BGR,1992,19.1
Bulgaria,BGR,1991,18.8
Bulgaria,BGR,1990,18.4
Bulgaria,BGR,1989,17.9
Bulgaria,BGR,1988,17.7
Bulgaria,BGR,1987,18.0
Bulgaria,BGR,1986,18.8
Bulgaria,BGR,1985,19.7
Bulgaria,BGR,1984,20.6
Bulgaria,BGR,1983,21.5
Bulgaria,BGR,1982,22.2
Bulgaria,BGR,1981,23.0
Bulgaria,BGR,1980,23.8
Bulgaria,BGR,1979,25.0
Bulgaria,BGR,1978,26.1
Bulgaria,BGR,1977,27.1
Bulgaria,BGR,1976,27.9
Bulgaria,BGR,1975,28.6
Bulgaria,BGR,1974,29.1
Bulgaria,BGR,1973,29.6
Bulgaria,BGR,1972,30.2
Bulgaria,BGR,1971,31.1
Bulgaria,BGR,1970,32.3
Bulgaria,BGR,1969,34.0
Bulgaria,BGR,1968,35.6
Bulgaria,BGR,1967,36.4
Bulgaria,BGR,1966,36.8
Bulgaria,BGR,1965,37.4
Bulgaria,BGR,1964,38.7
Bulgaria,BGR,1963,41.0
Bulgaria,BGR,1962,44.3
Bulgaria,BGR,1961,48.9
Bulgaria,BGR,1960,54.6
Burkina Faso,BFA,2025,
Burkina Faso,BFA,2024,74.9
Burkina Faso,BFA,2023,77.4
Burkina Faso,BFA,2022,79.8
Burkina Faso,BFA,2021,82.4
Burkina Faso,BFA,2020,85.1
Burkina Faso,BFA,2019,88.1
Burkina Faso,BFA,2018,91.0
Burkina Faso,BFA,2017,94.1
Burkina Faso,BFA,2016,97.4
Burkina Faso,BFA,2015,100.8
Burkina Faso,BFA,2014,104.3
Burkina Faso,BFA,2013,108.2
Burkina Faso,BFA,2012,112.3
Burkina Faso,BFA,2011,116.6
Burkina Faso,BFA,2010,121.3
Burkina Faso,BFA,2009,126.5
Burkina Faso,BFA,2008,132.1
Burkina Faso,BFA,2007,138.1
Burkina Faso,BFA,2006,144.4
Burkina Faso,BFA,2005,150.8
Burkina Faso,BFA,2004,156.8
Burkina Faso,BFA,2003,162.3
Burkina Faso,BFA,2002,167.3
Burkina Faso,BFA,2001,171.9
Burkina Faso,BFA,2000,176.0
Burkina Faso,BFA,1999,179.8
Burkina Faso,BFA,1998,183.4
Burkina Faso,BFA,1997,186.7
Burkina Faso,BFA,1996,189.6
Burkina Faso,BFA,1995,192.0
Burkina Faso,BFA,1994,193.7
Burkina Faso,BFA,1993,194.6
Burkina Faso,BFA,1992,195.3
Burkina Faso,BFA,1991,195.7
Burkina Faso,BFA,1990,196.6
Burkina Faso,BFA,1989,198.1
Burkina Faso,BFA,1988,200.5
Burkina Faso,BFA,1987,203.8
Burkina Faso,BFA,1986,207.9
Burkina Faso,BFA,1985,212.2
Burkina Faso,BFA,1984,216.7
Burkina Faso,BFA,1983,221.2
Burkina Faso,BFA,1982,225.8
Burkina Faso,BFA,1981,230.9
Burkina Faso,BFA,1980,236.7
Burkina Faso,BFA,1979,243.6
Burkina Faso,BFA,1978,251.5
Burkina Faso,BFA,1977,260.5
Burkina Faso,BFA,1976,270.1
Burkina Faso,BFA,1975,280.1
Burkina Faso,BFA,1974,289.2
Burkina Faso,BFA,1973,296.9
Burkina Faso,BFA,1972,303.0
Burkina Faso,BFA,1971,307.8
Burkina Faso,BFA,1970,311.4
Burkina Faso,BFA,1969,314.5
Burkina Faso,BFA,1968,317.5
Burkina Faso,BFA,1967,320.1
Burkina Faso,BFA,1966,322.7
Burkina Faso,BFA,1965,325.7
Burkina Faso,BFA,1964,328.7
Burkina Faso,BFA,1963,332.1
Burkina Faso,BFA,1962,335.5
Burkina Faso,BFA,1961,339.1
Burkina Faso,BFA,1960,343.1
Burundi,BDI,2025,
Burundi,BDI,2024,47.1
Burundi,BDI,2023,48.7
Burundi,BDI,2022,50.3
Burundi,BDI,2021,52.3
Burundi,BDI,2020,54.3
Burundi,BDI,2019,56.2
Burundi,BDI,2018,58.5
Burundi,BDI,2017,60.9
Burundi,BDI,2016,63.7
Burundi,BDI,2015,66.9
Burundi,BDI,2014,70.6
Burundi,BDI,2013,74.9
Burundi,BDI,2012,79.6
Burundi,BDI,2011,84.7
Burundi,BDI,2010,90.2
Burundi,BDI,2009,96.1
Burundi,BDI,2008,102.6
Burundi,BDI,2007,109.5
Burundi,BDI,2006,116.6
Burundi,BDI,2005,123.7
Burundi,BDI,2004,130.4
Burundi,BDI,2003,136.6
Burundi,BDI,2002,142.3
Burundi,BDI,2001,147.5
Burundi,BDI,2000,152.4
Burundi,BDI,1999,156.9
Burundi,BDI,1998,160.8
Burundi,BDI,1997,164.1
Burundi,BDI,1996,189.6
Burundi,BDI,1995,168.2
Burundi,BDI,1994,169.4
Burundi,BDI,1993,192.2
Burundi,BDI,1992,169.7
Burundi,BDI,1991,169.3
Burundi,BDI,1990,168.6
Burundi,BDI,1989,168.1
Burundi,BDI,1988,168.1
Burundi,BDI,1987,169.2
Burundi,BDI,1986,172.0
Burundi,BDI,1985,176.9
Burundi,BDI,1984,183.9
Burundi,BDI,1983,192.7
Burundi,BDI,1982,202.9
Burundi,BDI,1981,213.4
Burundi,BDI,1980,223.5
Burundi,BDI,1979,232.3
Burundi,BDI,1978,239.6
Burundi,BDI,1977,244.9
Burundi,BDI,1976,247.9
Burundi,BDI,1975,249.3
Burundi,BDI,1974,249.8
Burundi,BDI,1973,250.2
Burundi,BDI,1972,317.5
Burundi,BDI,1971,250.0
Burundi,BDI,1970,249.8
Burundi,BDI,1969,249.1
Burundi,BDI,1968,248.0
Burundi,BDI,1967,246.4
Burundi,BDI,1966,244.2
Burundi,BDI,1965,242.0
Burundi,BDI,1964,240.2
Burundi,BDI,1963,
Burundi,BDI,1962,
Burundi,BDI,1961,
Burundi,BDI,1960,
Cabo Verde,CPV,2025,
Cabo Verde,CPV,2024,11.1
Cabo Verde,CPV,2023,11.6
Cabo Verde,CPV,2022,12.1
Cabo Verde,CPV,2021,12.7
Cabo Verde,CPV,2020,13.3
Cabo Verde,CPV,2019,14.1
Cabo Verde,CPV,2018,15.1
Cabo Verde,CPV,2017,16.2
Cabo Verde,CPV,2016,17.6
Cabo Verde,CPV,2015,19.2
Cabo Verde,CPV,2014,20.9
Cabo Verde,CPV,2013,22.6
Cabo Verde,CPV,2012,24.2
Cabo Verde,CPV,2011,25.6
Cabo Verde,CPV,2010,26.7
Cabo Verde,CPV,2009,27.5
Cabo Verde,CPV,2008,27.9
Cabo Verde,CPV,2007,28.1
Cabo Verde,CPV,2006,28.0
Cabo Verde,CPV,2005,28.0
Cabo Verde,CPV,2004,28.2
Cabo Verde,CPV,2003,29.0
Cabo Verde,CPV,2002,30.5
Cabo Verde,CPV,2001,32.8
Cabo Verde,CPV,2000,36.0
Cabo Verde,CPV,1999,40.0
Cabo Verde,CPV,1998,44.3
Cabo Verde,CPV,1997,48.4
Cabo Verde,CPV,1996,51.7
Cabo Verde,CPV,1995,53.7
Cabo Verde,CPV,1994,54.5
Cabo Verde,CPV,1993,54.6
Cabo Verde,CPV,1992,54.6
Cabo Verde,CPV,1991,55.0
Cabo Verde,CPV,1990,56.4
Cabo Verde,CPV,1989,58.8
Cabo Verde,CPV,1988,62.1
Cabo Verde,CPV,1987,65.9
Cabo Verde,CPV,1986,69.6
Cabo Verde,CPV,1985,72.5
Cabo Verde,CPV,1984,74.6
Cabo Verde,CPV,1983,75.8
Cabo Verde,CPV,1982,76.5
Cabo Verde,CPV,1981,77.1
Cabo Verde,CPV,1980,78.1
Cabo Verde,CPV,1979,80.0
Cabo Verde,CPV,1978,82.7
Cabo Verde,CPV,1977,86.2
Cabo Verde,CPV,1976,90.8
Cabo Verde,CPV,1975,95.9
Cabo Verde,CPV,1974,101.7
Cabo Verde,CPV,1973,107.8
Cabo Verde,CPV,1972,114.1
Cabo Verde,CPV,1971,120.5
Cabo Verde,CPV,1970,126.7
Cabo Verde,CPV,1969,132.9
Cabo Verde,CPV,1968,138.8
Cabo Verde,CPV,1967,144.2
Cabo Verde,CPV,1966,149.1
Cabo Verde,CPV,1965,153.6
Cabo Verde,CPV,1964,157.9
Cabo Verde,CPV,1963,161.6
Cabo Verde,CPV,1962,164.8
Cabo Verde,CPV,1961,168.1
Cabo Verde,CPV,1960,171.4
Cambodia,KHM,2025,
Cambodia,KHM,2024,18.4
Cambodia,KHM,2023,19.1
Cambodia,KHM,2022,19.9
Cambodia,KHM,2021,20.8
Cambodia,KHM,2020,21.8
Cambodia,KHM,2019,22.8
Cambodia,KHM,2018,24.1
Cambodia,KHM,2017,25.6
Cambodia,KHM,2016,27.5
Cambodia,KHM,2015,29.6
Cambodia,KHM,2014,32.0
Cambodia,KHM,2013,34.5
Cambodia,KHM,2012,37.2
Cambodia,KHM,2011,40.3
Cambodia,KHM,2010,43.5
Cambodia,KHM,2009,47.0
Cambodia,KHM,2008,50.8
Cambodia,KHM,2007,54.9
Cambodia,KHM,2006,59.3
Cambodia,KHM,2005,64.4
Cambodia,KHM,2004,70.4
Cambodia,KHM,2003,77.5
Cambodia,KHM,2002,86.2
Cambodia,KHM,2001,96.0
Cambodia,KHM,2000,105.2
Cambodia,KHM,1999,112.1
Cambodia,KHM,1998,116.5
Cambodia,KHM,1997,118.8
Cambodia,KHM,1996,119.5
Cambodia,KHM,1995,119.0
Cambodia,KHM,1994,118.0
Cambodia,KHM,1993,117.0
Cambodia,KHM,1992,116.4
Cambodia,KHM,1991,116.3
Cambodia,KHM,1990,116.3
Cambodia,KHM,1989,116.2
Cambodia,KHM,1988,116.3
Cambodia,KHM,1987,116.9
Cambodia,KHM,1986,118.4
Cambodia,KHM,1985,120.6
Cambodia,KHM,1984,124.2
Cambodia,KHM,1983,130.6
Cambodia,KHM,1982,141.9
Cambodia,KHM,1981,159.1
Cambodia,KHM,1980,181.5
Cambodia,KHM,1979,207.3
Cambodia,KHM,1978,518.7
Cambodia,KHM,1977,543.0
Cambodia,KHM,1976,551.3
Cambodia,KHM,1975,535.0
Cambodia,KHM,1974,
Cambodia,KHM,1973,
Cambodia,KHM,1972,
Cambodia,KHM,1971,
Cambodia,KHM,1970,
Cambodia,KHM,1969,
Cambodia,KHM,1968,
Cambodia,KHM,1967,
Cambodia,KHM,1966,
Cambodia,KHM,1965,
Cambodia,KHM,1964,
Cambodia,KHM,1963,
Cambodia,KHM,1962,
Cambodia,KHM,1961,
Cambodia,KHM,1960,
Cameroon,CMR,2025,
Cameroon,CMR,2024,64.8
Cameroon,CMR,2023,67.0
Cameroon,CMR,2022,69.4
Cameroon,CMR,2021,71.9
Cameroon,CMR,2020,74.4
Cameroon,CMR,2019,76.6
Cameroon,CMR,2018,78.9
Cameroon,CMR,2017,81.9
Cameroon,CMR,2016,85.1
Cameroon,CMR,2015,88.5
Cameroon,CMR,2014,92.4
Cameroon,CMR,2013,96.5
Cameroon,CMR,2012,100.8
Cameroon,CMR,2011,105.2
Cameroon,CMR,2010,109.5
Cameroon,CMR,2009,113.7
Cameroon,CMR,2008,117.2
Cameroon,CMR,2007,120.8
Cameroon,CMR,2006,124.2
Cameroon,CMR,2005,127.6
Cameroon,CMR,2004,130.9
Cameroon,CMR,2003,134.3
Cameroon,CMR,2002,137.6
Cameroon,CMR,2001,141.0
Cameroon,CMR,2000,143.9
Cameroon,CMR,1999,146.4
Cameroon,CMR,1998,147.8
Cameroon,CMR,1997,148.4
Cameroon,CMR,1996,148.2
Cameroon,CMR,1995,147.1
Cameroon,CMR,1994,145.4
Cameroon,CMR,1993,143.1
Cameroon,CMR,1992,140.9
Cameroon,CMR,1991,138.8
Cameroon,CMR,1990,137.4
Cameroon,CMR,1989,137.2
Cameroon,CMR,1988,138.4
Cameroon,CMR,1987,141.0
Cameroon,CMR,1986,145.1
Cameroon,CMR,1985,150.3
Cameroon,CMR,1984,156.2
Cameroon,CMR,1983,162.6
Cameroon,CMR,1982,169.0
Cameroon,CMR,1981,174.9
Cameroon,CMR,1980,180.0
Cameroon,CMR,1979,184.3
Cameroon,CMR,1978,187.5
Cameroon,CMR,1977,189.6
Cameroon,CMR,1976,190.9
Cameroon,CMR,1975,192.2
Cameroon,CMR,1974,194.0
Cameroon,CMR,1973,196.7
Cameroon,CMR,1972,201.0
Cameroon,CMR,1971,206.8
Cameroon,CMR,1970,214.2
Cameroon,CMR,1969,222.8
Cameroon,CMR,1968,231.8
Cameroon,CMR,1967,240.5
Cameroon,CMR,1966,248.5
Cameroon,CMR,1965,255.4
Cameroon,CMR,1964,261.4
Cameroon,CMR,1963,266.4
Cameroon,CMR,1962,271.3
Cameroon,CMR,1961,276.9
Cameroon,CMR,1960,283.4
Canada,CAN,2025,
Canada,CAN,2024,5.4
Canada,CAN,2023,5.4
Canada,CAN,2022,5.3
Canada,CAN,2021,5.2
Canada,CAN,2020,5.2
Canada,CAN,2019,5.2
Canada,CAN,2018,5.2
Canada,CAN,2017,5.2
Canada,CAN,2016,5.3
Canada,CAN,2015,5.3
Canada,CAN,2014,5.4
Canada,CAN,2013,5.5
Canada,CAN,2012,5.6
Canada,CAN,2011,5.6
Canada,CAN,2010,5.7
Canada,CAN,2009,5.8
Canada,CAN,2008,5.9
Canada,CAN,2007,6.0
Canada,CAN,2006,6.0
Canada,CAN,2005,6.1
Canada,CAN,2004,6.1
Canada,CAN,2003,6.2
Canada,CAN,2002,6.2
Canada,CAN,2001,6.2
Canada,CAN,2000,6.2
Canada,CAN,1999,6.3
Canada,CAN,1998,6.4
Canada,CAN,1997,6.5
Canada,CAN,1996,6.7
Canada,CAN,1995,6.9
Canada,CAN,1994,7.2
Canada,CAN,1993,7.4
Canada,CAN,1992,7.7
Canada,CAN,1991,8.0
Canada,CAN,1990,8.3
Canada,CAN,1989,8.6
Canada,CAN,1988,8.8
Canada,CAN,1987,9.1
Canada,CAN,1986,9.4
Canada,CAN,1985,9.7
Canada,CAN,1984,10.1
Canada,CAN,1983,10.6
Canada,CAN,1982,11.2
Canada,CAN,1981,11.8
Canada,CAN,1980,12.5
Canada,CAN,1979,13.3
Canada,CAN,1978,14.2
Canada,CAN,1977,15.1
Canada,CAN,1976,16.0
Canada,CAN,1975,17.0
Canada,CAN,1974,17.9
Canada,CAN,1973,18.9
Canada,CAN,1972,19.9
Canada,CAN,1971,21.0
Canada,CAN,1970,22.0
Canada,CAN,1969,22.9
Canada,CAN,1968,23.9
Canada,CAN,1967,25.0
Canada,CAN,1966,26.0
Canada,CAN,1965,27.1
Canada,CAN,1964,28.2
Canada,CAN,1963,29.4
Canada,CAN,1962,30.5
Canada,CAN,1961,31.6
Canada,CAN,1960,32.6
Cayman Islands,CYM,2025,
Cayman Islands,CYM,2024,
Cayman Islands,CYM,2023,
Cayman Islands,CYM,2022,
Cayman Islands,CYM,2021,
Cayman Islands,CYM,2020,
Cayman Islands,CYM,2019,
Cayman Islands,CYM,2018,
Cayman Islands,CYM,2017,
Cayman Islands,CYM,2016,
Cayman Islands,CYM,2015,
Cayman Islands,CYM,2014,
Cayman Islands,CYM,2013,
Cayman Islands,CYM,2012,
Cayman Islands,CYM,2011,
Cayman Islands,CYM,2010,
Cayman Islands,CYM,2009,
Cayman Islands,CYM,2008,
Cayman Islands,CYM,2007,
Cayman Islands,CYM,2006,
Cayman Islands,CYM,2005,
Cayman Islands,CYM,2004,
Cayman Islands,CYM,2003,
Cayman Islands,CYM,2002,
Cayman Islands,CYM,2001,
Cayman Islands,CYM,2000,
Cayman Islands,CYM,1999,
Cayman Islands,CYM,1998,
Cayman Islands,CYM,1997,
Cayman Islands,CYM,1996,
Cayman Islands,CYM,1995,
Cayman Islands,CYM,1994,
Cayman Islands,CYM,1993,
Cayman Islands,CYM,1992,
Cayman Islands,CYM,1991,
Cayman Islands,CYM,1990,
Cayman Islands,CYM,1989,
Cayman Islands,CYM,1988,
Cayman Islands,CYM,1987,
Cayman Islands,CYM,1986,
Cayman Islands,CYM,1985,
Cayman Islands,CYM,1984,
Cayman Islands,CYM,1983,
Cayman Islands,CYM,1982,
Cayman Islands,CYM,1981,
Cayman Islands,CYM,1980,
Cayman Islands,CYM,1979,
Cayman Islands,CYM,1978,
Cayman Islands,CYM,1977,
Cayman Islands,CYM,1976,
Cayman Islands,CYM,1975,
Cayman Islands,CYM,1974,
Cayman Islands,CYM,1973,
Cayman Islands,CYM,1972,
Cayman Islands,CYM,1971,
Cayman Islands,CYM,1970,
Cayman Islands,CYM,1969,
Cayman Islands,CYM,1968,
Cayman Islands,CYM,1967,
Cayman Islands,CYM,1966,
Cayman Islands,CYM,1965,
Cayman Islands,CYM,1964,
Cayman Islands,CYM,1963,
Cayman Islands,CYM,1962,
Cayman Islands,CYM,1961,
Cayman Islands,CYM,1960,
Central African Republic,CAF,2025,
Central African Republic,CAF,2024,89.7
Central African Republic,CAF,2023,92.6
Central African Republic,CAF,2022,424.6
Central African Republic,CAF,2021,178.7
Central African Republic,CAF,2020,124.2
Central African Republic,CAF,2019,254.7
Central African Republic,CAF,2018,120.2
Central African Republic,CAF,2017,155.2
Central African Republic,CAF,2016,126.8
Central African Republic,CAF,2015,113.7
Central African Republic,CAF,2014,186.8
Central African Republic,CAF,2013,134.2
Central African Republic,CAF,2012,121.9
Central African Republic,CAF,2011,125.1
Central African Republic,CAF,2010,150.7
Central African Republic,CAF,2009,489.3
Central African Republic,CAF,2008,135.5
Central African Republic,CAF,2007,139.3
Central African Republic,CAF,2006,143.5
Central African Republic,CAF,2005,147.9
Central African Republic,CAF,2004,151.8
Central African Republic,CAF,2003,155.6
Central African Republic,CAF,2002,159.0
Central African Republic,CAF,2001,162.5
Central African Republic,CAF,2000,165.5
Central African Republic,CAF,1999,168.0
Central African Republic,CAF,1998,170.1
Central African Republic,CAF,1997,172.1
Central African Republic,CAF,1996,173.7
Central African Republic,CAF,1995,175.0
Central African Republic,CAF,1994,175.9
Central African Republic,CAF,1993,176.7
Central African Republic,CAF,1992,177.4
Central African Republic,CAF,1991,178.1
Central African Republic,CAF,1990,178.6
Central African Republic,CAF,1989,179.0
Central African Republic,CAF,1988,179.4
Central African Republic,CAF,1987,180.0
Central African Republic,CAF,1986,180.6
Central African Republic,CAF,1985,181.4
Central African Republic,CAF,1984,182.4
Central African Republic,CAF,1983,183.6
Central African Republic,CAF,1982,185.3
Central African Republic,CAF,1981,187.3
Central African Republic,CAF,1980,189.7
Central African Republic,CAF,1979,192.4
Central African Republic,CAF,1978,195.5
Central African Republic,CAF,1977,198.9
Central African Republic,CAF,1976,202.5
Central African Republic,CAF,1975,206.2
Central African Republic,CAF,1974,210.0
Central African Republic,CAF,1973,214.0
Central African Republic,CAF,1972,218.3
Central African Republic,CAF,1971,222.8
Central African Republic,CAF,1970,227.8
Central African Republic,CAF,1969,233.2
Central African Republic,CAF,1968,238.6
Central African Republic,CAF,1967,244.6
Central African Republic,CAF,1966,250.6
Central African Republic,CAF,1965,256.7
Central African Republic,CAF,1964,262.5
Central African Republic,CAF,1963,268.5
Central African Republic,CAF,1962,274.1
Central African Republic,CAF,1961,279.5
Central African Republic,CAF,1960,285.1
Chad,TCD,2025,
Chad,TCD,2024,97.3
Chad,TCD,2023,100.6
Chad,TCD,2022,103.9
Chad,TCD,2021,107.3
Chad,TCD,2020,110.6
Chad,TCD,2019,114.0
Chad,TCD,2018,117.6
Chad,TCD,2017,121.4
Chad,TCD,2016,125.0
Chad,TCD,2015,128.7
Chad,TCD,2014,132.3
Chad,TCD,2013,135.8
Chad,TCD,2012,139.3
Chad,TCD,2011,142.9
Chad,TCD,2010,146.7
Chad,TCD,2009,150.5
Chad,TCD,2008,154.3
Chad,TCD,2007,158.1
Chad,TCD,2006,161.8
Chad,TCD,2005,165.4
Chad,TCD,2004,168.8
Chad,TCD,2003,172.3
Chad,TCD,2002,175.6
Chad,TCD,2001,179.0
Chad,TCD,2000,182.4
Chad,TCD,1999,185.8
Chad,TCD,1998,189.0
Chad,TCD,1997,191.9
Chad,TCD,1996,194.7
Chad,TCD,1995,197.5
Chad,TCD,1994,200.2
Chad,TCD,1993,202.8
Chad,TCD,1992,205.5
Chad,TCD,1991,208.4
Chad,TCD,1990,211.4
Chad,TCD,1989,214.3
Chad,TCD,1988,217.4
Chad,TCD,1987,220.4
Chad,TCD,1986,223.3
Chad,TCD,1985,226.1
Chad,TCD,1984,228.9
Chad,TCD,1983,231.6
Chad,TCD,1982,234.2
Chad,TCD,1981,236.6
Chad,TCD,1980,238.9
Chad,TCD,1979,240.9
Chad,TCD,1978,242.7
Chad,TCD,1977,244.3
Chad,TCD,1976,246.0
Chad,TCD,1975,247.7
Chad,TCD,1974,249.2
Chad,TCD,1973,250.7
Chad,TCD,1972,252.0
Chad,TCD,1971,253.5
Chad,TCD,1970,254.9
Chad,TCD,1969,256.4
Chad,TCD,1968,257.7
Chad,TCD,1967,259.1
Chad,TCD,1966,260.5
Chad,TCD,1965,261.7
Chad,TCD,1964,263.1
Chad,TCD,1963,264.1
Chad,TCD,1962,265.3
Chad,TCD,1961,266.6
Chad,TCD,1960,267.6
Channel Islands,CHI,2025,
Channel Islands,CHI,2024,
Channel Islands,CHI,2023,
Channel Islands,CHI,2022,
Channel Islands,CHI,2021,
Channel Islands,CHI,2020,
Channel Islands,CHI,2019,
Channel Islands,CHI,2018,
Channel Islands,CHI,2017,
Channel Islands,CHI,2016,
Channel Islands,CHI,2015,
Channel Islands,CHI,2014,
Channel Islands,CHI,2013,
Channel Islands,CHI,2012,
Channel Islands,CHI,2011,
Channel Islands,CHI,2010,
Channel Islands,CHI,2009,
Channel Islands,CHI,2008,
Channel Islands,CHI,2007,
Channel Islands,CHI,2006,
Channel Islands,CHI,2005,
Channel Islands,CHI,2004,
Channel Islands,CHI,2003,
Channel Islands,CHI,2002,
Channel Islands,CHI,2001,
Channel Islands,CHI,2000,
Channel Islands,CHI,1999,
Channel Islands,CHI,1998,
Channel Islands,CHI,1997,
Channel Islands,CHI,1996,
Channel Islands,CHI,1995,
Channel Islands,CHI,1994,
Channel Islands,CHI,1993,
Channel Islands,CHI,1992,
Channel Islands,CHI,1991,
Channel Islands,CHI,1990,
Channel Islands,CHI,1989,
Channel Islands,CHI,1988,
Channel Islands,CHI,1987,
Channel Islands,CHI,1986,
Channel Islands,CHI,1985,
Channel Islands,CHI,1984,
Channel Islands,CHI,1983,
Channel Islands,CHI,1982,
Channel Islands,CHI,1981,
Channel Islands,CHI,1980,
Channel Islands,CHI,1979,
Channel Islands,CHI,1978,
Channel Islands,CHI,1977,
Channel Islands,CHI,1976,
Channel Islands,CHI,1975,
Channel Islands,CHI,1974,
Channel Islands,CHI,1973,
Channel Islands,CHI,1972,
Channel Islands,CHI,1971,
Channel Islands,CHI,1970,
Channel Islands,CHI,1969,
Channel Islands,CHI,1968,
Channel Islands,CHI,1967,
Channel Islands,CHI,1966,
Channel Islands,CHI,1965,
Channel Islands,CHI,1964,
Channel Islands,CHI,1963,
Channel Islands,CHI,1962,
Channel Islands,CHI,1961,
Channel Islands,CHI,1960,
Chile,CHL,2025,
Chile,CHL,2024,6.8
Chile,CHL,2023,6.9
Chile,CHL,2022,6.8
Chile,CHL,2021,6.7
Chile,CHL,2020,6.8
Chile,CHL,2019,7.0
Chile,CHL,2018,7.3
Chile,CHL,2017,7.6
Chile,CHL,2016,7.7
Chile,CHL,2015,7.9
Chile,CHL,2014,8.1
Chile,CHL,2013,8.3
Chile,CHL,2012,8.4
Chile,CHL,2011,8.6
Chile,CHL,2010,8.7
Chile,CHL,2009,8.8
Chile,CHL,2008,8.8
Chile,CHL,2007,8.9
Chile,CHL,2006,9.0
Chile,CHL,2005,9.1
Chile,CHL,2004,9.2
Chile,CHL,2003,9.4
Chile,CHL,2002,9.8
Chile,CHL,2001,10.3
Chile,CHL,2000,10.9
Chile,CHL,1999,11.4
Chile,CHL,1998,11.9
Chile,CHL,1997,12.2
Chile,CHL,1996,12.6
Chile,CHL,1995,13.1
Chile,CHL,1994,13.9
Chile,CHL,1993,15.0
Chile,CHL,1992,16.3
Chile,CHL,1991,17.6
Chile,CHL,1990,19.0
Chile,CHL,1989,20.4
Chile,CHL,1988,21.5
Chile,CHL,1987,21.9
Chile,CHL,1986,22.1
Chile,CHL,1985,22.3
Chile,CHL,1984,23.2
Chile,CHL,1983,24.7
Chile,CHL,1982,26.9
Chile,CHL,1981,29.9
Chile,CHL,1980,33.2
Chile,CHL,1979,36.9
Chile,CHL,1978,41.6
Chile,CHL,1977,48.4
Chile,CHL,1976,56.8
Chile,CHL,1975,65.0
Chile,CHL,1974,71.0
Chile,CHL,1973,74.8
Chile,CHL,1972,77.4
Chile,CHL,1971,79.2
Chile,CHL,1970,80.7
Chile,CHL,1969,82.3
Chile,CHL,1968,86.0
Chile,CHL,1967,93.4
Chile,CHL,1966,104.1
Chile,CHL,1965,116.0
Chile,CHL,1964,126.7
Chile,CHL,1963,135.9
Chile,CHL,1962,143.3
Chile,CHL,1961,149.0
Chile,CHL,1960,152.8
China,CHN,2025,
China,CHN,2024,5.7
China,CHN,2023,6.1
China,CHN,2022,6.6
China,CHN,2021,7.0
China,CHN,2020,7.5
China,CHN,2019,8.0
China,CHN,2018,8.6
China,CHN,2017,9.3
China,CHN,2016,10.0
China,CHN,2015,10.7
China,CHN,2014,11.6
China,CHN,2013,12.5
China,CHN,2012,13.5
China,CHN,2011,14.6
China,CHN,2010,15.7
China,CHN,2009,17.1
China,CHN,2008,18.5
China,CHN,2007,20.1
China,CHN,2006,21.9
China,CHN,2005,24.0
China,CHN,2004,26.3
China,CHN,2003,28.8
China,CHN,2002,31.4
China,CHN,2001,34.1
China,CHN,2000,36.6
China,CHN,1999,39.1
China,CHN,1998,41.4
China,CHN,1997,43.5
China,CHN,1996,45.5
China,CHN,1995,47.4
China,CHN,1994,49.2
China,CHN,1993,50.8
China,CHN,1992,52.1
China,CHN,1991,53.0
China,CHN,1990,53.6
China,CHN,1989,53.8
China,CHN,1988,53.9
China,CHN,1987,53.8
China,CHN,1986,53.9
China,CHN,1985,54.2
China,CHN,1984,54.9
China,CHN,1983,56.1
China,CHN,1982,57.7
China,CHN,1981,59.9
China,CHN,1980,62.6
China,CHN,1979,65.9
China,CHN,1978,69.8
China,CHN,1977,74.2
China,CHN,1976,79.1
China,CHN,1975,84.3
China,CHN,1974,89.7
China,CHN,1973,95.2
China,CHN,1972,100.8
China,CHN,1971,106.3
China,CHN,1970,112.1
China,CHN,1969,118.0
China,CHN,1968,
China,CHN,1967,
China,CHN,1966,
China,CHN,1965,
China,CHN,1964,
China,CHN,1963,
China,CHN,1962,
China,CHN,1961,
China,CHN,1960,
Colombia,COL,2025,
Colombia,COL,2024,11.5
Colombia,COL,2023,11.9
Colombia,COL,2022,12.3
Colombia,COL,2021,12.7
Colombia,COL,2020,13.1
Colombia,COL,2019,13.5
Colombia,COL,2018,14.0
Colombia,COL,2017,14.5
Colombia,COL,2016,15.0
Colombia,COL,2015,15.5
Colombia,COL,2014,16.0
Colombia,COL,2013,16.5
Colombia,COL,2012,17.1
Colombia,COL,2011,17.6
Colombia,COL,2010,18.2
Colombia,COL,2009,18.8
Colombia,COL,2008,19.5
Colombia,COL,2007,20.1
Colombia,COL,2006,20.7
Colombia,COL,2005,21.4
Colombia,COL,2004,22.1
Colombia,COL,2003,22.7
Colombia,COL,2002,23.5
Colombia,COL,2001,24.2
Colombia,COL,2000,25.0
Colombia,COL,1999,25.9
Colombia,COL,1998,26.8
Colombia,COL,1997,27.8
Colombia,COL,1996,28.8
Colombia,COL,1995,29.9
Colombia,COL,1994,31.0
Colombia,COL,1993,32.2
Colombia,COL,1992,33.3
Colombia,COL,1991,34.5
Colombia,COL,1990,35.8
Colombia,COL,1989,37.1
Colombia,COL,1988,38.5
Colombia,COL,1987,40.1
Colombia,COL,1986,42.0
Colombia,COL,1985,49.3
Colombia,COL,1984,46.4
Colombia,COL,1983,49.1
Colombia,COL,1982,52.1
Colombia,COL,1981,55.3
Colombia,COL,1980,58.7
Colombia,COL,1979,62.4
Colombia,COL,1978,66.3
Colombia,COL,1977,70.3
Colombia,COL,1976,74.4
Colombia,COL,1975,78.5
Colombia,COL,1974,82.5
Colombia,COL,1973,86.5
Colombia,COL,1972,90.3
Colombia,COL,1971,94.1
Colombia,COL,1970,97.7
Colombia,COL,1969,101.3
Colombia,COL,1968,104.9
Colombia,COL,1967,108.3
Colombia,COL,1966,111.9
Colombia,COL,1965,115.5
Colombia,COL,1964,119.1
Colombia,COL,1963,122.9
Colombia,COL,1962,127.0
Colombia,COL,1961,131.4
Colombia,COL,1960,135.8
Comoros,COM,2025,
Comoros,COM,2024,39.0
Comoros,COM,2023,40.2
Comoros,COM,2022,41.4
Comoros,COM,2021,42.6
Comoros,COM,2020,43.7
Comoros,COM,2019,44.8
Comoros,COM,2018,45.8
Comoros,COM,2017,46.9
Comoros,COM,2016,47.9
Comoros,COM,2015,48.9
Comoros,COM,2014,50.0
Comoros,COM,2013,51.2
Comoros,COM,2012,52.5
Comoros,COM,2011,54.0
Comoros,COM,2010,55.6
Comoros,COM,2009,57.3
Comoros,COM,2008,59.2
Comoros,COM,2007,61.2
Comoros,COM,2006,63.4
Comoros,COM,2005,65.8
Comoros,COM,2004,68.3
Comoros,COM,2003,71.0
Comoros,COM,2002,73.8
Comoros,COM,2001,76.8
Comoros,COM,2000,79.9
Comoros,COM,1999,83.0
Comoros,COM,1998,86.4
Comoros,COM,1997,90.0
Comoros,COM,1996,93.7
Comoros,COM,1995,97.8
Comoros,COM,1994,102.1
Comoros,COM,1993,106.5
Comoros,COM,1992,111.1
Comoros,COM,1991,115.8
Comoros,COM,1990,120.5
Comoros,COM,1989,125.2
Comoros,COM,1988,130.0
Comoros,COM,1987,134.9
Comoros,COM,1986,140.0
Comoros,COM,1985,145.2
Comoros,COM,1984,150.6
Comoros,COM,1983,156.1
Comoros,COM,1982,161.8
Comoros,COM,1981,167.6
Comoros,COM,1980,173.5
Comoros,COM,1979,179.3
Comoros,COM,1978,185.2
Comoros,COM,1977,191.0
Comoros,COM,1976,196.8
Comoros,COM,1975,202.7
Comoros,COM,1974,208.4
Comoros,COM,1973,214.3
Comoros,COM,1972,220.0
Comoros,COM,1971,225.9
Comoros,COM,1970,232.1
Comoros,COM,1969,
Comoros,COM,1968,
Comoros,COM,1967,
Comoros,COM,1966,
Comoros,COM,1965,
Comoros,COM,1964,
Comoros,COM,1963,
Comoros,COM,1962,
Comoros,COM,1961,
Comoros,COM,1960,
"Congo, Dem. Rep.",COD,2025,
"Congo, Dem. Rep.",COD,2024,89.7
"Congo, Dem. Rep.",COD,2023,91.3
"Congo, Dem. Rep.",COD,2022,92.5
"Congo, Dem. Rep.",COD,2021,92.9
"Congo, Dem. Rep.",COD,2020,92.7
"Congo, Dem. Rep.",COD,2019,92.2
"Congo, Dem. Rep.",COD,2018,91.7
"Congo, Dem. Rep.",COD,2017,91.5
"Congo, Dem. Rep.",COD,2016,91.5
"Congo, Dem. Rep.",COD,2015,91.9
"Congo, Dem. Rep.",COD,2014,92.7
"Congo, Dem. Rep.",COD,2013,94.1
"Congo, Dem. Rep.",COD,2012,95.9
"Congo, Dem. Rep.",COD,2011,98.3
"Congo, Dem. Rep.",COD,2010,101.4
"Congo, Dem. Rep.",COD,2009,105.0
"Congo, Dem. Rep.",COD,2008,109.2
"Congo, Dem. Rep.",COD,2007,113.8
"Congo, Dem. Rep.",COD,2006,118.9
"Congo, Dem. Rep.",COD,2005,124.4
"Congo, Dem. Rep.",COD,2004,159.4
"Congo, Dem. Rep.",COD,2003,165.9
"Congo, Dem. Rep.",COD,2002,172.2
"Congo, Dem. Rep.",COD,2001,178.4
"Congo, Dem. Rep.",COD,2000,184.6
"Congo, Dem. Rep.",COD,1999,190.4
"Congo, Dem. Rep.",COD,1998,195.5
"Congo, Dem. Rep.",COD,1997,206.8
"Congo, Dem. Rep.",COD,1996,210.4
"Congo, Dem. Rep.",COD,1995,169.4
"Congo, Dem. Rep.",COD,1994,171.4
"Congo, Dem. Rep.",COD,1993,173.4
"Congo, Dem. Rep.",COD,1992,175.4
"Congo, Dem. Rep.",COD,1991,177.7
"Congo, Dem. Rep.",COD,1990,180.0
"Congo, Dem. Rep.",COD,1989,182.4
"Congo, Dem. Rep.",COD,1988,184.8
"Congo, Dem. Rep.",COD,1987,187.1
"Congo, Dem. Rep.",COD,1986,189.4
"Congo, Dem. Rep.",COD,1985,191.8
"Congo, Dem. Rep.",COD,1984,194.3
"Congo, Dem. Rep.",COD,1983,196.9
"Congo, Dem. Rep.",COD,1982,200.0
"Congo, Dem. Rep.",COD,1981,203.2
"Congo, Dem. Rep.",COD,1980,206.6
"Congo, Dem. Rep.",COD,1979,210.2
"Congo, Dem. Rep.",COD,1978,213.9
"Congo, Dem. Rep.",COD,1977,218.2
"Congo, Dem. Rep.",COD,1976,222.0
"Congo, Dem. Rep.",COD,1975,226.0
"Congo, Dem. Rep.",COD,1974,229.8
"Congo, Dem. Rep.",COD,1973,233.8
"Congo, Dem. Rep.",COD,1972,237.7
"Congo, Dem. Rep.",COD,1971,241.4
"Congo, Dem. Rep.",COD,1970,244.8
"Congo, Dem. Rep.",COD,1969,247.8
"Congo, Dem. Rep.",COD,1968,
"Congo, Dem. Rep.",COD,1967,
"Congo, Dem. Rep.",COD,1966,
"Congo, Dem. Rep.",COD,1965,
"Congo, Dem. Rep.",COD,1964,
"Congo, Dem. Rep.",COD,1963,
"Congo, Dem. Rep.",COD,1962,
"Congo, Dem. Rep.",COD,1961,
"Congo, Dem. Rep.",COD,1960,
"Congo, Rep.",COG,2025,
"Congo, Rep.",COG,2024,39.1
"Congo, Rep.",COG,2023,40.3
"Congo, Rep.",COG,2022,41.5
"Congo, Rep.",COG,2021,43.0
"Congo, Rep.",COG,2020,44.5
"Congo, Rep.",COG,2019,52.2
"Congo, Rep.",COG,2018,47.6
"Congo, Rep.",COG,2017,49.3
"Congo, Rep.",COG,2016,51.0
"Congo, Rep.",COG,2015,52.7
"Congo, Rep.",COG,2014,54.5
"Congo, Rep.",COG,2013,56.2
"Congo, Rep.",COG,2012,57.9
"Congo, Rep.",COG,2011,60.0
"Congo, Rep.",COG,2010,62.4
"Congo, Rep.",COG,2009,65.3
"Congo, Rep.",COG,2008,69.2
"Congo, Rep.",COG,2007,73.9
"Congo, Rep.",COG,2006,79.5
"Congo, Rep.",COG,2005,85.7
"Congo, Rep.",COG,2004,92.3
"Congo, Rep.",COG,2003,98.9
"Congo, Rep.",COG,2002,104.6
"Congo, Rep.",COG,2001,109.3
"Congo, Rep.",COG,2000,112.5
"Congo, Rep.",COG,1999,113.7
"Congo, Rep.",COG,1998,113.2
"Congo, Rep.",COG,1997,111.0
"Congo, Rep.",COG,1996,108.0
"Congo, Rep.",COG,1995,104.5
"Congo, Rep.",COG,1994,101.1
"Congo, Rep.",COG,1993,97.9
"Congo, Rep.",COG,1992,95.3
"Congo, Rep.",COG,1991,93.1
"Congo, Rep.",COG,1990,91.5
"Congo, Rep.",COG,1989,90.7
"Congo, Rep.",COG,1988,90.6
"Congo, Rep.",COG,1987,91.4
"Congo, Rep.",COG,1986,92.8
"Congo, Rep.",COG,1985,94.5
"Congo, Rep.",COG,1984,96.7
"Congo, Rep.",COG,1983,99.3
"Congo, Rep.",COG,1982,102.0
"Congo, Rep.",COG,1981,104.4
"Congo, Rep.",COG,1980,107.0
"Congo, Rep.",COG,1979,109.6
"Congo, Rep.",COG,1978,112.2
"Congo, Rep.",COG,1977,114.7
"Congo, Rep.",COG,1976,117.6
"Congo, Rep.",COG,1975,120.4
"Congo, Rep.",COG,1974,123.3
"Congo, Rep.",COG,1973,126.5
"Congo, Rep.",COG,1972,129.7
"Congo, Rep.",COG,1971,133.0
"Congo, Rep.",COG,1970,136.6
"Congo, Rep.",COG,1969,140.9
"Congo, Rep.",COG,1968,145.3
"Congo, Rep.",COG,1967,150.1
"Congo, Rep.",COG,1966,155.4
"Congo, Rep.",COG,1965,160.8
"Congo, Rep.",COG,1964,166.5
"Congo, Rep.",COG,1963,172.7
"Congo, Rep.",COG,1962,179.2
"Congo, Rep.",COG,1961,186.2
"Congo, Rep.",COG,1960,193.5
Costa Rica,CRI,2025,
Costa Rica,CRI,2024,10.4
Costa Rica,CRI,2023,10.1
Costa Rica,CRI,2022,9.9
Costa Rica,CRI,2021,9.6
Costa Rica,CRI,2020,9.3
Costa Rica,CRI,2019,9.1
Costa Rica,CRI,2018,9.0
Costa Rica,CRI,2017,8.9
Costa Rica,CRI,2016,8.9
Costa Rica,CRI,2015,9.0
Costa Rica,CRI,2014,9.2
Costa Rica,CRI,2013,9.5
Costa Rica,CRI,2012,9.8
Costa Rica,CRI,2011,10.2
Costa Rica,CRI,2010,10.5
Costa Rica,CRI,2009,10.7
Costa Rica,CRI,2008,10.9
Costa Rica,CRI,2007,11.1
Costa Rica,CRI,2006,11.2
Costa Rica,CRI,2005,11.3
Costa Rica,CRI,2004,11.5
Costa Rica,CRI,2003,11.8
Costa Rica,CRI,2002,12.2
Costa Rica,CRI,2001,12.6
Costa Rica,CRI,2000,13.1
Costa Rica,CRI,1999,13.6
Costa Rica,CRI,1998,14.1
Costa Rica,CRI,1997,14.5
Costa Rica,CRI,1996,14.7
Costa Rica,CRI,1995,14.9
Costa Rica,CRI,1994,15.1
Costa Rica,CRI,1993,15.3
Costa Rica,CRI,1992,15.7
Costa Rica,CRI,1991,16.2
Costa Rica,CRI,1990,16.9
Costa Rica,CRI,1989,17.8
Costa Rica,CRI,1988,18.9
Costa Rica,CRI,1987,20.0
Costa Rica,CRI,1986,21.2
Costa Rica,CRI,1985,22.0
Costa Rica,CRI,1984,22.5
Costa Rica,CRI,1983,22.7
Costa Rica,CRI,1982,22.9
Costa Rica,CRI,1981,23.4
Costa Rica,CRI,1980,24.4
Costa Rica,CRI,1979,26.5
Costa Rica,CRI,1978,29.6
Costa Rica,CRI,1977,33.8
Costa Rica,CRI,1976,39.2
Costa Rica,CRI,1975,45.4
Costa Rica,CRI,1974,51.8
Costa Rica,CRI,1973,58.3
Costa Rica,CRI,1972,64.5
Costa Rica,CRI,1971,70.1
Costa Rica,CRI,1970,74.8
Costa Rica,CRI,1969,78.5
Costa Rica,CRI,1968,81.7
Costa Rica,CRI,1967,84.8
Costa Rica,CRI,1966,87.9
Costa Rica,CRI,1965,90.2
Costa Rica,CRI,1964,91.6
Costa Rica,CRI,1963,92.4
Costa Rica,CRI,1962,92.8
Costa Rica,CRI,1961,93.7
Costa Rica,CRI,1960,96.1
Cote d'Ivoire,CIV,2025,
Cote d'Ivoire,CIV,2024,64.5
Cote d'Ivoire,CIV,2023,66.5
Cote d'Ivoire,CIV,2022,68.7
Cote d'Ivoire,CIV,2021,70.8
Cote d'Ivoire,CIV,2020,73.0
Cote d'Ivoire,CIV,2019,75.3
Cote d'Ivoire,CIV,2018,77.9
Cote d'Ivoire,CIV,2017,80.5
Cote d'Ivoire,CIV,2016,83.0
Cote d'Ivoire,CIV,2015,85.5
Cote d'Ivoire,CIV,2014,88.6
Cote d'Ivoire,CIV,2013,92.0
Cote d'Ivoire,CIV,2012,95.3
Cote d'Ivoire,CIV,2011,98.4
Cote d'Ivoire,CIV,2010,101.6
Cote d'Ivoire,CIV,2009,105.2
Cote d'Ivoire,CIV,2008,109.0
Cote d'Ivoire,CIV,2007,113.5
Cote d'Ivoire,CIV,2006,117.4
Cote d'Ivoire,CIV,2005,121.2
Cote d'Ivoire,CIV,2004,125.3
Cote d'Ivoire,CIV,2003,129.2
Cote d'Ivoire,CIV,2002,133.1
Cote d'Ivoire,CIV,2001,136.9
Cote d'Ivoire,CIV,2000,140.4
Cote d'Ivoire,CIV,1999,143.6
Cote d'Ivoire,CIV,1998,146.4
Cote d'Ivoire,CIV,1997,148.9
Cote d'Ivoire,CIV,1996,150.9
Cote d'Ivoire,CIV,1995,152.4
Cote d'Ivoire,CIV,1994,153.5
Cote d'Ivoire,CIV,1993,154.1
Cote d'Ivoire,CIV,1992,154.2
Cote d'Ivoire,CIV,1991,154.1
Cote d'Ivoire,CIV,1990,153.6
Cote d'Ivoire,CIV,1989,153.2
Cote d'Ivoire,CIV,1988,152.9
Cote d'Ivoire,CIV,1987,152.9
Cote d'Ivoire,CIV,1986,153.6
Cote d'Ivoire,CIV,1985,154.7
Cote d'Ivoire,CIV,1984,156.5
Cote d'Ivoire,CIV,1983,158.8
Cote d'Ivoire,CIV,1982,161.8
Cote d'Ivoire,CIV,1981,165.5
Cote d'Ivoire,CIV,1980,170.0
Cote d'Ivoire,CIV,1979,175.1
Cote d'Ivoire,CIV,1978,181.3
Cote d'Ivoire,CIV,1977,188.4
Cote d'Ivoire,CIV,1976,196.2
Cote d'Ivoire,CIV,1975,204.5
Cote d'Ivoire,CIV,1974,213.2
Cote d'Ivoire,CIV,1973,221.8
Cote d'Ivoire,CIV,1972,230.1
Cote d'Ivoire,CIV,1971,238.1
Cote d'Ivoire,CIV,1970,245.6
Cote d'Ivoire,CIV,1969,252.8
Cote d'Ivoire,CIV,1968,259.9
Cote d'Ivoire,CIV,1967,266.9
Cote d'Ivoire,CIV,1966,274.0
Cote d'Ivoire,CIV,1965,281.1
Cote d'Ivoire,CIV,1964,288.3
Cote d'Ivoire,CIV,1963,295.8
Cote d'Ivoire,CIV,1962,303.5
Cote d'Ivoire,CIV,1961,311.2
Cote d'Ivoire,CIV,1960,319.3
Croatia,HRV,2025,
Croatia,HRV,2024,5.6
Croatia,HRV,2023,5.1
Croatia,HRV,2022,4.6
Croatia,HRV,2021,4.6
Croatia,HRV,2020,4.7
Croatia,HRV,2019,4.7
Croatia,HRV,2018,4.8
Croatia,HRV,2017,4.8
Croatia,HRV,2016,4.9
Croatia,HRV,2015,4.9
Croatia,HRV,2014,5.0
Croatia,HRV,2013,5.1
Croatia,HRV,2012,5.2
Croatia,HRV,2011,5.3
Croatia,HRV,2010,5.5
Croatia,HRV,2009,5.7
Croatia,HRV,2008,5.9
Croatia,HRV,2007,6.2
Croatia,HRV,2006,6.4
Croatia,HRV,2005,6.7
Croatia,HRV,2004,7.1
Croatia,HRV,2003,8.2
Croatia,HRV,2002,7.7
Croatia,HRV,2001,8.0
Croatia,HRV,2000,8.3
Croatia,HRV,1999,8.6
Croatia,HRV,1998,9.0
Croatia,HRV,1997,9.3
Croatia,HRV,1996,9.6
Croatia,HRV,1995,10.0
Croatia,HRV,1994,10.4
Croatia,HRV,1993,10.9
Croatia,HRV,1992,11.5
Croatia,HRV,1991,14.3
Croatia,HRV,1990,12.9
Croatia,HRV,1989,13.8
Croatia,HRV,1988,14.8
Croatia,HRV,1987,15.8
Croatia,HRV,1986,17.0
Croatia,HRV,1985,18.0
Croatia,HRV,1984,19.1
Croatia,HRV,1983,20.0
Croatia,HRV,1982,21.0
Croatia,HRV,1981,21.9
Croatia,HRV,1980,
Croatia,HRV,1979,
Croatia,HRV,1978,
Croatia,HRV,1977,
Croatia,HRV,1976,
Croatia,HRV,1975,
Croatia,HRV,1974,
Croatia,HRV,1973,
Croatia,HRV,1972,
Croatia,HRV,1971,
Croatia,HRV,1970,
Croatia,HRV,1969,
Croatia,HRV,1968,
Croatia,HRV,1967,
Croatia,HRV,1966,
Croatia,HRV,1965,
Croatia,HRV,1964,
Croatia,HRV,1963,
Croatia,HRV,1962,
Croatia,HRV,1961,
Croatia,HRV,1960,
Cuba,CUB,2025,
Cuba,CUB,2024,8.6
Cuba,CUB,2023,8.2
Cuba,CUB,2022,7.8
Cuba,CUB,2021,7.5
Cuba,CUB,2020,7.2
Cuba,CUB,2019,6.9
Cuba,CUB,2018,6.6
Cuba,CUB,2017,6.4
Cuba,CUB,2016,6.3
Cuba,CUB,2015,6.1
Cuba,CUB,2014,6.1
Cuba,CUB,2013,6.0
Cuba,CUB,2012,6.1
Cuba,CUB,2011,6.1
Cuba,CUB,2010,6.2
Cuba,CUB,2009,6.3
Cuba,CUB,2008,6.5
Cuba,CUB,2007,6.6
Cuba,CUB,2006,6.8
Cuba,CUB,2005,7.1
Cuba,CUB,2004,7.3
Cuba,CUB,2003,7.6
Cuba,CUB,2002,7.9
Cuba,CUB,2001,8.2
Cuba,CUB,2000,8.6
Cuba,CUB,1999,8.9
Cuba,CUB,1998,9.3
Cuba,CUB,1997,9.7
Cuba,CUB,1996,10.2
Cuba,CUB,1995,10.6
Cuba,CUB,1994,11.1
Cuba,CUB,1993,11.6
Cuba,CUB,1992,12.2
Cuba,CUB,1991,12.8
Cuba,CUB,1990,13.5
Cuba,CUB,1989,14.1
Cuba,CUB,1988,14.9
Cuba,CUB,1987,15.7
Cuba,CUB,1986,16.5
Cuba,CUB,1985,17.3
Cuba,CUB,1984,18.2
Cuba,CUB,1983,19.1
Cuba,CUB,1982,20.0
Cuba,CUB,1981,21.1
Cuba,CUB,1980,22.2
Cuba,CUB,1979,23.4
Cuba,CUB,1978,24.8
Cuba,CUB,1977,26.2
Cuba,CUB,1976,27.8
Cuba,CUB,1975,29.4
Cuba,CUB,1974,31.2
Cuba,CUB,1973,32.9
Cuba,CUB,1972,34.8
Cuba,CUB,1971,36.5
Cuba,CUB,1970,38.1
Cuba,CUB,1969,39.6
Cuba,CUB,1968,41.0
Cuba,CUB,1967,42.1
Cuba,CUB,1966,43.0
Cuba,CUB,1965,43.7
Cuba,CUB,1964,44.2
Cuba,CUB,1963,44.5
Cuba,CUB,1962,44.5
Cuba,CUB,1961,44.4
Cuba,CUB,1960,44.1
Curacao,CUW,2025,
Curacao,CUW,2024,
Curacao,CUW,2023,
Curacao,CUW,2022,
Curacao,CUW,2021,
Curacao,CUW,2020,
Curacao,CUW,2019,
Curacao,CUW,2018,
Curacao,CUW,2017,
Curacao,CUW,2016,
Curacao,CUW,2015,
Curacao,CUW,2014,
Curacao,CUW,2013,
Curacao,CUW,2012,
Curacao,CUW,2011,
Curacao,CUW,2010,
Curacao,CUW,2009,
Curacao,CUW,2008,
Curacao,CUW,2007,
Curacao,CUW,2006,
Curacao,CUW,2005,
Curacao,CUW,2004,
Curacao,CUW,2003,
Curacao,CUW,2002,
Curacao,CUW,2001,
Curacao,CUW,2000,
Curacao,CUW,1999,
Curacao,CUW,1998,
Curacao,CUW,1997,
Curacao,CUW,1996,
Curacao,CUW,1995,
Curacao,CUW,1994,
Curacao,CUW,1993,
Curacao,CUW,1992,
Curacao,CUW,1991,
Curacao,CUW,1990,
Curacao,CUW,1989,
Curacao,CUW,1988,
Curacao,CUW,1987,
Curacao,CUW,1986,
Curacao,CUW,1985,
Curacao,CUW,1984,
Curacao,CUW,1983,
Curacao,CUW,1982,
Curacao,CUW,1981,
Curacao,CUW,1980,
Curacao,CUW,1979,
Curacao,CUW,1978,
Curacao,CUW,1977,
Curacao,CUW,1976,
Curacao,CUW,1975,
Curacao,CUW,1974,
Curacao,CUW,1973,
Curacao,CUW,1972,
Curacao,CUW,1971,
Curacao,CUW,1970,
Curacao,CUW,1969,
Curacao,CUW,1968,
Curacao,CUW,1967,
Curacao,CUW,1966,
Curacao,CUW,1965,
Curacao,CUW,1964,
Curacao,CUW,1963,
Curacao,CUW,1962,
Curacao,CUW,1961,
Curacao,CUW,1960,
Cyprus,CYP,2025,
Cyprus,CYP,2024,5.0
Cyprus,CYP,2023,4.6
Cyprus,CYP,2022,4.1
Cyprus,CYP,2021,3.7
Cyprus,CYP,2020,3.3
Cyprus,CYP,2019,3.0
Cyprus,CYP,2018,2.7
Cyprus,CYP,2017,2.6
Cyprus,CYP,2016,2.5
Cyprus,CYP,2015,2.5
Cyprus,CYP,2014,2.6
Cyprus,CYP,2013,2.7
Cyprus,CYP,2012,2.8
Cyprus,CYP,2011,3.0
Cyprus,CYP,2010,3.2
Cyprus,CYP,2009,3.5
Cyprus,CYP,2008,3.8
Cyprus,CYP,2007,4.1
Cyprus,CYP,2006,4.4
Cyprus,CYP,2005,4.7
Cyprus,CYP,2004,5.1
Cyprus,CYP,2003,5.4
Cyprus,CYP,2002,5.8
Cyprus,CYP,2001,6.2
Cyprus,CYP,2000,6.6
Cyprus,CYP,1999,7.0
Cyprus,CYP,1998,7.5
Cyprus,CYP,1997,8.0
Cyprus,CYP,1996,8.5
Cyprus,CYP,1995,9.1
Cyprus,CYP,1994,9.7
Cyprus,CYP,1993,10.3
Cyprus,CYP,1992,10.8
Cyprus,CYP,1991,11.1
Cyprus,CYP,1990,11.2
Cyprus,CYP,1989,11.2
Cyprus,CYP,1988,11.2
Cyprus,CYP,1987,11.4
Cyprus,CYP,1986,12.0
Cyprus,CYP,1985,13.1
Cyprus,CYP,1984,14.6
Cyprus,CYP,1983,16.2
Cyprus,CYP,1982,17.8
Cyprus,CYP,1981,19.6
Cyprus,CYP,1980,21.6
Cyprus,CYP,1979,23.9
Cyprus,CYP,1978,26.6
Cyprus,CYP,1977,29.5
Cyprus,CYP,1976,32.2
Cyprus,CYP,1975,34.1
Cyprus,CYP,1974,35.3
Cyprus,CYP,1973,36.1
Cyprus,CYP,1972,36.5
Cyprus,CYP,1971,36.9
Cyprus,CYP,1970,
Cyprus,CYP,1969,
Cyprus,CYP,1968,
Cyprus,CYP,1967,
Cyprus,CYP,1966,
Cyprus,CYP,1965,
Cyprus,CYP,1964,
Cyprus,CYP,1963,
Cyprus,CYP,1962,
Cyprus,CYP,1961,
Cyprus,CYP,1960,
Czechia,CZE,2025,
Czechia,CZE,2024,2.6
Czechia,CZE,2023,2.6
Czechia,CZE,2022,2.7
Czechia,CZE,2021,2.8
Czechia,CZE,2020,2.9
Czechia,CZE,2019,3.0
Czechia,CZE,2018,3.1
Czechia,CZE,2017,3.2
Czechia,CZE,2016,3.2
Czechia,CZE,2015,3.2
Czechia,CZE,2014,3.1
Czechia,CZE,2013,3.1
Czechia,CZE,2012,3.2
Czechia,CZE,2011,3.3
Czechia,CZE,2010,3.4
Czechia,CZE,2009,3.5
Czechia,CZE,2008,3.7
Czechia,CZE,2007,3.9
Czechia,CZE,2006,4.1
Czechia,CZE,2005,4.4
Czechia,CZE,2004,4.6
Czechia,CZE,2003,4.8
Czechia,CZE,2002,5.0
Czechia,CZE,2001,5.2
Czechia,CZE,2000,5.5
Czechia,CZE,1999,5.8
Czechia,CZE,1998,6.3
Czechia,CZE,1997,6.9
Czechia,CZE,1996,7.7
Czechia,CZE,1995,8.5
Czechia,CZE,1994,9.4
Czechia,CZE,1993,10.3
Czechia,CZE,1992,11.0
Czechia,CZE,1991,11.7
Czechia,CZE,1990,12.2
Czechia,CZE,1989,12.6
Czechia,CZE,1988,13.0
Czechia,CZE,1987,13.4
Czechia,CZE,1986,13.8
Czechia,CZE,1985,14.2
Czechia,CZE,1984,14.4
Czechia,CZE,1983,14.7
Czechia,CZE,1982,15.2
Czechia,CZE,1981,16.0
Czechia,CZE,1980,16.9
Czechia,CZE,1979,17.9
Czechia,CZE,1978,18.9
Czechia,CZE,1977,19.9
Czechia,CZE,1976,20.8
Czechia,CZE,1975,21.6
Czechia,CZE,1974,22.3
Czechia,CZE,1973,22.9
Czechia,CZE,1972,23.4
Czechia,CZE,1971,23.9
Czechia,CZE,1970,24.3
Czechia,CZE,1969,24.5
Czechia,CZE,1968,24.7
Czechia,CZE,1967,24.8
Czechia,CZE,1966,24.7
Czechia,CZE,1965,24.6
Czechia,CZE,1964,24.4
Czechia,CZE,1963,24.3
Czechia,CZE,1962,24.2
Czechia,CZE,1961,24.4
Czechia,CZE,1960,24.8
Denmark,DNK,2025,
Denmark,DNK,2024,4.0
Denmark,DNK,2023,3.9
Denmark,DNK,2022,3.8
Denmark,DNK,2021,3.7
Denmark,DNK,2020,3.7
Denmark,DNK,2019,3.8
Denmark,DNK,2018,3.9
Denmark,DNK,2017,3.9
Denmark,DNK,2016,4.0
Denmark,DNK,2015,4.1
Denmark,DNK,2014,4.1
Denmark,DNK,2013,4.1
Denmark,DNK,2012,4.1
Denmark,DNK,2011,4.1
Denmark,DNK,2010,4.1
Denmark,DNK,2009,4.2
Denmark,DNK,2008,4.3
Denmark,DNK,2007,4.5
Denmark,DNK,2006,4.6
Denmark,DNK,2005,4.8
Denmark,DNK,2004,5.0
Denmark,DNK,2003,5.2
Denmark,DNK,2002,5.4
Denmark,DNK,2001,5.5
Denmark,DNK,2000,5.6
Denmark,DNK,1999,5.7
Denmark,DNK,1998,5.9
Denmark,DNK,1997,6.0
Denmark,DNK,1996,6.2
Denmark,DNK,1995,6.5
Denmark,DNK,1994,6.9
Denmark,DNK,1993,7.3
Denmark,DNK,1992,7.9
Denmark,DNK,1991,8.4
Denmark,DNK,1990,8.9
Denmark,DNK,1989,9.4
Denmark,DNK,1988,9.6
Denmark,DNK,1987,9.7
Denmark,DNK,1986,9.7
Denmark,DNK,1985,9.6
Denmark,DNK,1984,9.6
Denmark,DNK,1983,9.5
Denmark,DNK,1982,9.6
Denmark,DNK,1981,9.7
Denmark,DNK,1980,10.0
Denmark,DNK,1979,10.3
Denmark,DNK,1978,10.6
Denmark,DNK,1977,11.1
Denmark,DNK,1976,11.6
Denmark,DNK,1975,12.3
Denmark,DNK,1974,13.1
Denmark,DNK,1973,13.9
Denmark,DNK,1972,14.9
Denmark,DNK,1971,15.8
Denmark,DNK,1970,16.6
Denmark,DNK,1969,17.4
Denmark,DNK,1968,18.1
Denmark,DNK,1967,19.0
Denmark,DNK,1966,20.0
Denmark,DNK,1965,21.1
Denmark,DNK,1964,22.1
Denmark,DNK,1963,23.0
Denmark,DNK,1962,23.8
Denmark,DNK,1961,24.5
Denmark,DNK,1960,25.0
Djibouti,DJI,2025,
Djibouti,DJI,2024,48.9
Djibouti,DJI,2023,50.5
Djibouti,DJI,2022,52.1
Djibouti,DJI,2021,54.0
Djibouti,DJI,2020,55.7
Djibouti,DJI,2019,57.5
Djibouti,DJI,2018,59.4
Djibouti,DJI,2017,61.2
Djibouti,DJI,2016,63.2
Djibouti,DJI,2015,65.2
Djibouti,DJI,2014,67.2
Djibouti,DJI,2013,69.2
Djibouti,DJI,2012,71.3
Djibouti,DJI,2011,73.4
Djibouti,DJI,2010,75.5
Djibouti,DJI,2009,77.7
Djibouti,DJI,2008,79.9
Djibouti,DJI,2007,82.3
Djibouti,DJI,2006,84.6
Djibouti,DJI,2005,86.9
Djibouti,DJI,2004,89.3
Djibouti,DJI,2003,91.6
Djibouti,DJI,2002,94.0
Djibouti,DJI,2001,96.3
Djibouti,DJI,2000,98.5
Djibouti,DJI,1999,100.5
Djibouti,DJI,1998,102.3
Djibouti,DJI,1997,104.0
Djibouti,DJI,1996,105.5
Djibouti,DJI,1995,106.9
Djibouti,DJI,1994,108.2
Djibouti,DJI,1993,109.6
Djibouti,DJI,1992,111.3
Djibouti,DJI,1991,113.1
Djibouti,DJI,1990,115.3
Djibouti,DJI,1989,117.8
Djibouti,DJI,1988,120.7
Djibouti,DJI,1987,123.8
Djibouti,DJI,1986,127.2
Djibouti,DJI,1985,130.7
Djibouti,DJI,1984,134.6
Djibouti,DJI,1983,138.7
Djibouti,DJI,1982,142.7
Djibouti,DJI,1981,146.9
Djibouti,DJI,1980,150.9
Djibouti,DJI,1979,155.2
Djibouti,DJI,1978,159.8
Djibouti,DJI,1977,164.5
Djibouti,DJI,1976,169.5
Djibouti,DJI,1975,
Djibouti,DJI,1974,
Djibouti,DJI,1973,
Djibouti,DJI,1972,
Djibouti,DJI,1971,
Djibouti,DJI,1970,
Djibouti,DJI,1969,
Djibouti,DJI,1968,
Djibouti,DJI,1967,
Djibouti,DJI,1966,
Djibouti,DJI,1965,
Djibouti,DJI,1964,
Djibouti,DJI,1963,
Djibouti,DJI,1962,
Djibouti,DJI,1961,
Djibouti,DJI,1960,
Dominica,DMA,2025,
Dominica,DMA,2024,35.7
Dominica,DMA,2023,35.4
Dominica,DMA,2022,35.0
Dominica,DMA,2021,34.4
Dominica,DMA,2020,33.8
Dominica,DMA,2019,33.0
Dominica,DMA,2018,32.1
Dominica,DMA,2017,31.1
Dominica,DMA,2016,30.2
Dominica,DMA,2015,29.2
Dominica,DMA,2014,28.3
Dominica,DMA,2013,27.4
Dominica,DMA,2012,26.5
Dominica,DMA,2011,25.7
Dominica,DMA,2010,24.9
Dominica,DMA,2009,24.2
Dominica,DMA,2008,23.5
Dominica,DMA,2007,22.8
Dominica,DMA,2006,22.2
Dominica,DMA,2005,21.6
Dominica,DMA,2004,21.1
Dominica,DMA,2003,20.6
Dominica,DMA,2002,20.1
Dominica,DMA,2001,19.7
Dominica,DMA,2000,19.4
Dominica,DMA,1999,19.1
Dominica,DMA,1998,18.8
Dominica,DMA,1997,18.6
Dominica,DMA,1996,18.4
Dominica,DMA,1995,18.3
Dominica,DMA,1994,18.2
Dominica,DMA,1993,18.2
Dominica,DMA,1992,18.2
Dominica,DMA,1991,18.4
Dominica,DMA,1990,18.5
Dominica,DMA,1989,18.8
Dominica,DMA,1988,19.1
Dominica,DMA,1987,19.5
Dominica,DMA,1986,20.0
Dominica,DMA,1985,20.6
Dominica,DMA,1984,21.4
Dominica,DMA,1983,22.3
Dominica,DMA,1982,23.3
Dominica,DMA,1981,24.5
Dominica,DMA,1980,25.8
Dominica,DMA,1979,33.4
Dominica,DMA,1978,29.2
Dominica,DMA,1977,31.2
Dominica,DMA,1976,33.6
Dominica,DMA,1975,36.2
Dominica,DMA,1974,39.1
Dominica,DMA,1973,42.4
Dominica,DMA,1972,46.1
Dominica,DMA,1971,50.3
Dominica,DMA,1970,54.8
Dominica,DMA,1969,59.9
Dominica,DMA,1968,65.5
Dominica,DMA,1967,71.6
Dominica,DMA,1966,78.4
Dominica,DMA,1965,85.9
Dominica,DMA,1964,94.1
Dominica,DMA,1963,103.2
Dominica,DMA,1962,113.3
Dominica,DMA,1961,124.3
Dominica,DMA,1960,136.4
Dominican Republic,DOM,2025,
Dominican Republic,DOM,2024,30.6
Dominican Republic,DOM,2023,31.5
Dominican Republic,DOM,2022,32.3
Dominican Republic,DOM,2021,33.0
Dominican Republic,DOM,2020,33.8
Dominican Republic,DOM,2019,34.4
Dominican Republic,DOM,2018,34.7
Dominican Republic,DOM,2017,34.9
Dominican Republic,DOM,2016,34.9
Dominican Republic,DOM,2015,34.9
Dominican Republic,DOM,2014,34.9
Dominican Republic,DOM,2013,34.8
Dominican Republic,DOM,2012,34.8
Dominican Republic,DOM,2011,34.8
Dominican Republic,DOM,2010,34.9
Dominican Republic,DOM,2009,34.9
Dominican Republic,DOM,2008,35.1
Dominican Republic,DOM,2007,35.3
Dominican Republic,DOM,2006,35.6
Dominican Republic,DOM,2005,36.0
Dominican Republic,DOM,2004,36.4
Dominican Republic,DOM,2003,37.0
Dominican Republic,DOM,2002,37.7
Dominican Republic,DOM,2001,38.6
Dominican Republic,DOM,2000,39.6
Dominican Republic,DOM,1999,40.8
Dominican Republic,DOM,1998,42.2
Dominican Republic,DOM,1997,43.8
Dominican Republic,DOM,1996,45.6
Dominican Republic,DOM,1995,47.6
Dominican Republic,DOM,1994,49.8
Dominican Republic,DOM,1993,52.1
Dominican Republic,DOM,1992,54.4
Dominican Republic,DOM,1991,56.8
Dominican Republic,DOM,1990,59.3
Dominican Republic,DOM,1989,61.8
Dominican Republic,DOM,1988,64.2
Dominican Republic,DOM,1987,66.7
Dominican Republic,DOM,1986,69.4
Dominican Republic,DOM,1985,72.0
Dominican Republic,DOM,1984,74.8
Dominican Republic,DOM,1983,77.6
Dominican Republic,DOM,1982,80.5
Dominican Republic,DOM,1981,83.6
Dominican Republic,DOM,1980,86.8
Dominican Republic,DOM,1979,90.1
Dominican Republic,DOM,1978,93.5
Dominican Republic,DOM,1977,97.1
Dominican Republic,DOM,1976,100.9
Dominican Republic,DOM,1975,104.8
Dominican Republic,DOM,1974,108.8
Dominican Republic,DOM,1973,112.9
Dominican Republic,DOM,1972,116.8
Dominican Republic,DOM,1971,120.5
Dominican Republic,DOM,1970,123.8
Dominican Republic,DOM,1969,127.0
Dominican Republic,DOM,1968,130.0
Dominican Republic,DOM,1967,132.9
Dominican Republic,DOM,1966,135.7
Dominican Republic,DOM,1965,138.6
Dominican Republic,DOM,1964,141.1
Dominican Republic,DOM,1963,143.4
Dominican Republic,DOM,1962,145.4
Dominican Republic,DOM,1961,147.0
Dominican Republic,DOM,1960,148.2
Ecuador,ECU,2025,
Ecuador,ECU,2024,12.9
Ecuador,ECU,2023,13.0
Ecuador,ECU,2022,13.2
Ecuador,ECU,2021,13.4
Ecuador,ECU,2020,13.6
Ecuador,ECU,2019,13.8
Ecuador,ECU,2018,14.1
Ecuador,ECU,2017,14.4
Ecuador,ECU,2016,14.8
Ecuador,ECU,2015,15.3
Ecuador,ECU,2014,15.9
Ecuador,ECU,2013,16.6
Ecuador,ECU,2012,17.4
Ecuador,ECU,2011,18.2
Ecuador,ECU,2010,19.1
Ecuador,ECU,2009,20.0
Ecuador,ECU,2008,20.9
Ecuador,ECU,2007,21.8
Ecuador,ECU,2006,22.7
Ecuador,ECU,2005,23.6
Ecuador,ECU,2004,24.5
Ecuador,ECU,2003,25.5
Ecuador,ECU,2002,26.6
Ecuador,ECU,2001,28.0
Ecuador,ECU,2000,29.6
Ecuador,ECU,1999,31.3
Ecuador,ECU,1998,33.3
Ecuador,ECU,1997,35.6
Ecuador,ECU,1996,38.0
Ecuador,ECU,1995,40.5
Ecuador,ECU,1994,43.2
Ecuador,ECU,1993,45.8
Ecuador,ECU,1992,48.4
Ecuador,ECU,1991,51.1
Ecuador,ECU,1990,53.7
Ecuador,ECU,1989,56.5
Ecuador,ECU,1988,59.3
Ecuador,ECU,1987,62.4
Ecuador,ECU,1986,65.7
Ecuador,ECU,1985,69.4
Ecuador,ECU,1984,73.4
Ecuador,ECU,1983,77.7
Ecuador,ECU,1982,82.1
Ecuador,ECU,1981,86.5
Ecuador,ECU,1980,90.9
Ecuador,ECU,1979,95.4
Ecuador,ECU,1978,99.8
Ecuador,ECU,1977,104.4
Ecuador,ECU,1976,109.4
Ecuador,ECU,1975,114.5
Ecuador,ECU,1974,119.7
Ecuador,ECU,1973,124.6
Ecuador,ECU,1972,129.2
Ecuador,ECU,1971,133.1
Ecuador,ECU,1970,136.5
Ecuador,ECU,1969,139.6
Ecuador,ECU,1968,142.5
Ecuador,ECU,1967,145.4
Ecuador,ECU,1966,148.6
Ecuador,ECU,1965,152.2
Ecuador,ECU,1964,156.3
Ecuador,ECU,1963,160.7
Ecuador,ECU,1962,165.5
Ecuador,ECU,1961,170.6
Ecuador,ECU,1960,176.1
"Egypt, Arab Rep.",EGY,2025,
"Egypt, Arab Rep.",EGY,2024,22.4
"Egypt, Arab Rep.",EGY,2023,22.9
"Egypt, Arab Rep.",EGY,2022,23.5
"Egypt, Arab Rep.",EGY,2021,24.0
"Egypt, Arab Rep.",EGY,2020,24.4
"Egypt, Arab Rep.",EGY,2019,24.8
"Egypt, Arab Rep.",EGY,2018,25.2
"Egypt, Arab Rep.",EGY,2017,25.6
"Egypt, Arab Rep.",EGY,2016,26.0
"Egypt, Arab Rep.",EGY,2015,26.5
"Egypt, Arab Rep.",EGY,2014,27.1
"Egypt, Arab Rep.",EGY,2013,27.8
"Egypt, Arab Rep.",EGY,2012,28.6
"Egypt, Arab Rep.",EGY,2011,29.5
"Egypt, Arab Rep.",EGY,2010,30.5
"Egypt, Arab Rep.",EGY,2009,31.6
"Egypt, Arab Rep.",EGY,2008,32.8
"Egypt, Arab Rep.",EGY,2007,34.2
"Egypt, Arab Rep.",EGY,2006,35.6
"Egypt, Arab Rep.",EGY,2005,37.0
"Egypt, Arab Rep.",EGY,2004,38.6
"Egypt, Arab Rep.",EGY,2003,40.4
"Egypt, Arab Rep.",EGY,2002,42.5
"Egypt, Arab Rep.",EGY,2001,44.8
"Egypt, Arab Rep.",EGY,2000,47.3
"Egypt, Arab Rep.",EGY,1999,50.2
"Egypt, Arab Rep.",EGY,1998,53.4
"Egypt, Arab Rep.",EGY,1997,56.9
"Egypt, Arab Rep.",EGY,1996,60.7
"Egypt, Arab Rep.",EGY,1995,64.8
"Egypt, Arab Rep.",EGY,1994,69.0
"Egypt, Arab Rep.",EGY,1993,73.3
"Egypt, Arab Rep.",EGY,1992,77.5
"Egypt, Arab Rep.",EGY,1991,81.7
"Egypt, Arab Rep.",EGY,1990,86.0
"Egypt, Arab Rep.",EGY,1989,90.7
"Egypt, Arab Rep.",EGY,1988,96.3
"Egypt, Arab Rep.",EGY,1987,102.9
"Egypt, Arab Rep.",EGY,1986,110.7
"Egypt, Arab Rep.",EGY,1985,119.6
"Egypt, Arab Rep.",EGY,1984,129.5
"Egypt, Arab Rep.",EGY,1983,139.8
"Egypt, Arab Rep.",EGY,1982,149.9
"Egypt, Arab Rep.",EGY,1981,160.0
"Egypt, Arab Rep.",EGY,1980,169.8
"Egypt, Arab Rep.",EGY,1979,179.7
"Egypt, Arab Rep.",EGY,1978,189.5
"Egypt, Arab Rep.",EGY,1977,199.7
"Egypt, Arab Rep.",EGY,1976,209.7
"Egypt, Arab Rep.",EGY,1975,219.4
"Egypt, Arab Rep.",EGY,1974,228.2
"Egypt, Arab Rep.",EGY,1973,235.7
"Egypt, Arab Rep.",EGY,1972,241.5
"Egypt, Arab Rep.",EGY,1971,246.1
"Egypt, Arab Rep.",EGY,1970,250.0
"Egypt, Arab Rep.",EGY,1969,253.7
"Egypt, Arab Rep.",EGY,1968,257.7
"Egypt, Arab Rep.",EGY,1967,262.5
"Egypt, Arab Rep.",EGY,1966,268.4
"Egypt, Arab Rep.",EGY,1965,275.6
"Egypt, Arab Rep.",EGY,1964,283.9
"Egypt, Arab Rep.",EGY,1963,293.2
"Egypt, Arab Rep.",EGY,1962,303.4
"Egypt, Arab Rep.",EGY,1961,314.0
"Egypt, Arab Rep.",EGY,1960,324.4
El Salvador,SLV,2025,
El Salvador,SLV,2024,10.0
El Salvador,SLV,2023,10.4
El Salvador,SLV,2022,10.8
El Salvador,SLV,2021,11.2
El Salvador,SLV,2020,11.7
El Salvador,SLV,2019,12.2
El Salvador,SLV,2018,12.7
El Salvador,SLV,2017,13.3
El Salvador,SLV,2016,13.9
El Salvador,SLV,2015,14.6
El Salvador,SLV,2014,15.3
El Salvador,SLV,2013,16.0
El Salvador,SLV,2012,16.7
El Salvador,SLV,2011,17.6
El Salvador,SLV,2010,18.4
El Salvador,SLV,2009,19.4
El Salvador,SLV,2008,20.4
El Salvador,SLV,2007,21.5
El Salvador,SLV,2006,22.7
El Salvador,SLV,2005,24.0
El Salvador,SLV,2004,25.4
El Salvador,SLV,2003,26.9
El Salvador,SLV,2002,28.6
El Salvador,SLV,2001,30.3
El Salvador,SLV,2000,32.2
El Salvador,SLV,1999,34.2
El Salvador,SLV,1998,36.4
El Salvador,SLV,1997,38.9
El Salvador,SLV,1996,41.4
El Salvador,SLV,1995,44.2
El Salvador,SLV,1994,47.0
El Salvador,SLV,1993,50.0
El Salvador,SLV,1992,53.0
El Salvador,SLV,1991,56.2
El Salvador,SLV,1990,59.5
El Salvador,SLV,1989,63.0
El Salvador,SLV,1988,66.8
El Salvador,SLV,1987,70.8
El Salvador,SLV,1986,75.2
El Salvador,SLV,1985,80.0
El Salvador,SLV,1984,85.0
El Salvador,SLV,1983,90.3
El Salvador,SLV,1982,95.8
El Salvador,SLV,1981,101.4
El Salvador,SLV,1980,127.5
El Salvador,SLV,1979,112.7
El Salvador,SLV,1978,118.3
El Salvador,SLV,1977,123.9
El Salvador,SLV,1976,129.5
El Salvador,SLV,1975,134.9
El Salvador,SLV,1974,140.1
El Salvador,SLV,1973,144.9
El Salvador,SLV,1972,149.7
El Salvador,SLV,1971,154.3
El Salvador,SLV,1970,158.6
El Salvador,SLV,1969,162.9
El Salvador,SLV,1968,167.2
El Salvador,SLV,1967,171.2
El Salvador,SLV,1966,175.5
El Salvador,SLV,1965,179.7
El Salvador,SLV,1964,183.8
El Salvador,SLV,1963,188.0
El Salvador,SLV,1962,192.4
El Salvador,SLV,1961,196.5
El Salvador,SLV,1960,200.9
Equatorial Guinea,GNQ,2025,
Equatorial Guinea,GNQ,2024,68.0
Equatorial Guinea,GNQ,2023,70.4
Equatorial Guinea,GNQ,2022,72.8
Equatorial Guinea,GNQ,2021,75.1
Equatorial Guinea,GNQ,2020,77.9
Equatorial Guinea,GNQ,2019,80.7
Equatorial Guinea,GNQ,2018,83.2
Equatorial Guinea,GNQ,2017,86.1
Equatorial Guinea,GNQ,2016,89.0
Equatorial Guinea,GNQ,2015,92.1
Equatorial Guinea,GNQ,2014,95.3
Equatorial Guinea,GNQ,2013,98.6
Equatorial Guinea,GNQ,2012,102.0
Equatorial Guinea,GNQ,2011,105.6
Equatorial Guinea,GNQ,2010,109.4
Equatorial Guinea,GNQ,2009,113.5
Equatorial Guinea,GNQ,2008,118.0
Equatorial Guinea,GNQ,2007,122.6
Equatorial Guinea,GNQ,2006,127.4
Equatorial Guinea,GNQ,2005,132.3
Equatorial Guinea,GNQ,2004,137.0
Equatorial Guinea,GNQ,2003,141.5
Equatorial Guinea,GNQ,2002,145.9
Equatorial Guinea,GNQ,2001,150.2
Equatorial Guinea,GNQ,2000,154.5
Equatorial Guinea,GNQ,1999,158.6
Equatorial Guinea,GNQ,1998,162.2
Equatorial Guinea,GNQ,1997,165.3
Equatorial Guinea,GNQ,1996,167.8
Equatorial Guinea,GNQ,1995,169.8
Equatorial Guinea,GNQ,1994,171.3
Equatorial Guinea,GNQ,1993,172.7
Equatorial Guinea,GNQ,1992,173.9
Equatorial Guinea,GNQ,1991,175.4
Equatorial Guinea,GNQ,1990,176.7
Equatorial Guinea,GNQ,1989,178.1
Equatorial Guinea,GNQ,1988,179.8
Equatorial Guinea,GNQ,1987,181.5
Equatorial Guinea,GNQ,1986,183.9
Equatorial Guinea,GNQ,1985,186.8
Equatorial Guinea,GNQ,1984,190.4
Equatorial Guinea,GNQ,1983,194.5
Equatorial Guinea,GNQ,1982,198.6
Equatorial Guinea,GNQ,1981,
Equatorial Guinea,GNQ,1980,
Equatorial Guinea,GNQ,1979,
Equatorial Guinea,GNQ,1978,
Equatorial Guinea,GNQ,1977,
Equatorial Guinea,GNQ,1976,
Equatorial Guinea,GNQ,1975,
Equatorial Guinea,GNQ,1974,
Equatorial Guinea,GNQ,1973,
Equatorial Guinea,GNQ,1972,
Equatorial Guinea,GNQ,1971,
Equatorial Guinea,GNQ,1970,
Equatorial Guinea,GNQ,1969,
Equatorial Guinea,GNQ,1968,
Equatorial Guinea,GNQ,1967,
Equatorial Guinea,GNQ,1966,
Equatorial Guinea,GNQ,1965,
Equatorial Guinea,GNQ,1964,
Equatorial Guinea,GNQ,1963,
Equatorial Guinea,GNQ,1962,
Equatorial Guinea,GNQ,1961,
Equatorial Guinea,GNQ,1960,
Eritrea,ERI,2025,
Eritrea,ERI,2024,34.3
Eritrea,ERI,2023,35.4
Eritrea,ERI,2022,36.6
Eritrea,ERI,2021,37.8
Eritrea,ERI,2020,39.1
Eritrea,ERI,2019,40.5
Eritrea,ERI,2018,41.9
Eritrea,ERI,2017,43.3
Eritrea,ERI,2016,44.7
Eritrea,ERI,2015,46.4
Eritrea,ERI,2014,48.1
Eritrea,ERI,2013,49.7
Eritrea,ERI,2012,51.4
Eritrea,ERI,2011,53.3
Eritrea,ERI,2010,55.2
Eritrea,ERI,2009,57.3
Eritrea,ERI,2008,59.6
Eritrea,ERI,2007,62.0
Eritrea,ERI,2006,64.7
Eritrea,ERI,2005,67.5
Eritrea,ERI,2004,70.5
Eritrea,ERI,2003,73.8
Eritrea,ERI,2002,77.3
Eritrea,ERI,2001,81.1
Eritrea,ERI,2000,85.3
Eritrea,ERI,1999,110.2
Eritrea,ERI,1998,95.0
Eritrea,ERI,1997,100.8
Eritrea,ERI,1996,107.3
Eritrea,ERI,1995,114.5
Eritrea,ERI,1994,122.4
Eritrea,ERI,1993,130.5
Eritrea,ERI,1992,138.6
Eritrea,ERI,1991,146.3
Eritrea,ERI,1990,153.4
Eritrea,ERI,1989,160.0
Eritrea,ERI,1988,165.7
Eritrea,ERI,1987,170.9
Eritrea,ERI,1986,175.4
Eritrea,ERI,1985,274.2
Eritrea,ERI,1984,279.4
Eritrea,ERI,1983,284.0
Eritrea,ERI,1982,189.4
Eritrea,ERI,1981,192.5
Eritrea,ERI,1980,195.4
Eritrea,ERI,1979,198.6
Eritrea,ERI,1978,201.9
Eritrea,ERI,1977,206.0
Eritrea,ERI,1976,210.3
Eritrea,ERI,1975,254.6
Eritrea,ERI,1974,220.5
Eritrea,ERI,1973,
Eritrea,ERI,1972,
Eritrea,ERI,1971,
Eritrea,ERI,1970,
Eritrea,ERI,1969,
Eritrea,ERI,1968,
Eritrea,ERI,1967,
Eritrea,ERI,1966,
Eritrea,ERI,1965,
Eritrea,ERI,1964,
Eritrea,ERI,1963,
Eritrea,ERI,1962,
Eritrea,ERI,1961,
Eritrea,ERI,1960,
Estonia,EST,2025,
Estonia,EST,2024,2.0
Estonia,EST,2023,2.1
Estonia,EST,2022,2.2
Estonia,EST,2021,2.3
Estonia,EST,2020,2.4
Estonia,EST,2019,2.5
Estonia,EST,2018,2.7
Estonia,EST,2017,2.8
Estonia,EST,2016,3.0
Estonia,EST,2015,3.2
Estonia,EST,2014,3.4
Estonia,EST,2013,3.6
Estonia,EST,2012,3.9
Estonia,EST,2011,4.2
Estonia,EST,2010,4.6
Estonia,EST,2009,5.0
Estonia,EST,2008,5.4
Estonia,EST,2007,5.9
Estonia,EST,2006,6.5
Estonia,EST,2005,7.1
Estonia,EST,2004,7.8
Estonia,EST,2003,8.5
Estonia,EST,2002,9.3
Estonia,EST,2001,10.1
Estonia,EST,2000,11.0
Estonia,EST,1999,12.0
Estonia,EST,1998,12.9
Estonia,EST,1997,13.9
Estonia,EST,1996,14.8
Estonia,EST,1995,15.7
Estonia,EST,1994,16.4
Estonia,EST,1993,16.9
Estonia,EST,1992,17.3
Estonia,EST,1991,17.5
Estonia,EST,1990,17.7
Estonia,EST,1989,17.9
Estonia,EST,1988,18.1
Estonia,EST,1987,18.4
Estonia,EST,1986,18.7
Estonia,EST,1985,19.2
Estonia,EST,1984,19.7
Estonia,EST,1983,20.2
Estonia,EST,1982,20.7
Estonia,EST,1981,21.2
Estonia,EST,1980,21.6
Estonia,EST,1979,21.8
Estonia,EST,1978,21.9
Estonia,EST,1977,21.9
Estonia,EST,1976,21.8
Estonia,EST,1975,21.7
Estonia,EST,1974,21.6
Estonia,EST,1973,21.6
Estonia,EST,1972,21.7
Estonia,EST,1971,21.9
Estonia,EST,1970,22.2
Estonia,EST,1969,22.6
Estonia,EST,1968,23.3
Estonia,EST,1967,24.1
Estonia,EST,1966,25.1
Estonia,EST,1965,26.3
Estonia,EST,1964,27.7
Estonia,EST,1963,29.3
Estonia,EST,1962,31.1
Estonia,EST,1961,33.0
Estonia,EST,1960,35.0
Eswatini,SWZ,2025,
Eswatini,SWZ,2024,45.1
Eswatini,SWZ,2023,46.2
Eswatini,SWZ,2022,47.3
Eswatini,SWZ,2021,47.9
Eswatini,SWZ,2020,50.5
Eswatini,SWZ,2019,51.5
Eswatini,SWZ,2018,50.4
Eswatini,SWZ,2017,53.6
Eswatini,SWZ,2016,54.4
Eswatini,SWZ,2015,57.5
Eswatini,SWZ,2014,60.0
Eswatini,SWZ,2013,59.7
Eswatini,SWZ,2012,62.7
Eswatini,SWZ,2011,67.6
Eswatini,SWZ,2010,82.1
Eswatini,SWZ,2009,92.4
Eswatini,SWZ,2008,97.9
Eswatini,SWZ,2007,100.3
Eswatini,SWZ,2006,106.4
Eswatini,SWZ,2005,117.0
Eswatini,SWZ,2004,118.0
Eswatini,SWZ,2003,117.9
Eswatini,SWZ,2002,117.0
Eswatini,SWZ,2001,115.7
Eswatini,SWZ,2000,112.5
Eswatini,SWZ,1999,107.6
Eswatini,SWZ,1998,101.9
Eswatini,SWZ,1997,95.4
Eswatini,SWZ,1996,88.4
Eswatini,SWZ,1995,81.3
Eswatini,SWZ,1994,75.3
Eswatini,SWZ,1993,70.0
Eswatini,SWZ,1992,66.7
Eswatini,SWZ,1991,65.5
Eswatini,SWZ,1990,66.3
Eswatini,SWZ,1989,68.5
Eswatini,SWZ,1988,71.7
Eswatini,SWZ,1987,75.7
Eswatini,SWZ,1986,80.2
Eswatini,SWZ,1985,85.2
Eswatini,SWZ,1984,90.6
Eswatini,SWZ,1983,107.0
Eswatini,SWZ,1982,102.0
Eswatini,SWZ,1981,107.8
Eswatini,SWZ,1980,113.3
Eswatini,SWZ,1979,118.9
Eswatini,SWZ,1978,124.6
Eswatini,SWZ,1977,130.2
Eswatini,SWZ,1976,136.0
Eswatini,SWZ,1975,142.1
Eswatini,SWZ,1974,148.1
Eswatini,SWZ,1973,154.1
Eswatini,SWZ,1972,159.7
Eswatini,SWZ,1971,165.0
Eswatini,SWZ,1970,169.9
Eswatini,SWZ,1969,174.5
Eswatini,SWZ,1968,178.8
Eswatini,SWZ,1967,183.0
Eswatini,SWZ,1966,186.9
Eswatini,SWZ,1965,190.9
Eswatini,SWZ,1964,194.9
Eswatini,SWZ,1963,198.6
Eswatini,SWZ,1962,202.3
Eswatini,SWZ,1961,205.8
Eswatini,SWZ,1960,208.9
Ethiopia,ETH,2025,
Ethiopia,ETH,2024,44.5
Ethiopia,ETH,2023,51.5
Ethiopia,ETH,2022,68.1
Ethiopia,ETH,2021,70.4
Ethiopia,ETH,2020,51.5
Ethiopia,ETH,2019,53.6
Ethiopia,ETH,2018,55.8
Ethiopia,ETH,2017,58.4
Ethiopia,ETH,2016,61.3
Ethiopia,ETH,2015,64.4
Ethiopia,ETH,2014,67.7
Ethiopia,ETH,2013,71.2
Ethiopia,ETH,2012,74.8
Ethiopia,ETH,2011,78.6
Ethiopia,ETH,2010,82.7
Ethiopia,ETH,2009,87.1
Ethiopia,ETH,2008,91.8
Ethiopia,ETH,2007,96.9
Ethiopia,ETH,2006,102.4
Ethiopia,ETH,2005,108.3
Ethiopia,ETH,2004,114.6
Ethiopia,ETH,2003,121.0
Ethiopia,ETH,2002,127.4
Ethiopia,ETH,2001,133.8
Ethiopia,ETH,2000,140.1
Ethiopia,ETH,1999,146.3
Ethiopia,ETH,1998,152.5
Ethiopia,ETH,1997,159.0
Ethiopia,ETH,1996,165.6
Ethiopia,ETH,1995,172.3
Ethiopia,ETH,1994,178.9
Ethiopia,ETH,1993,185.5
Ethiopia,ETH,1992,191.5
Ethiopia,ETH,1991,197.0
Ethiopia,ETH,1990,202.0
Ethiopia,ETH,1989,206.5
Ethiopia,ETH,1988,210.9
Ethiopia,ETH,1987,215.1
Ethiopia,ETH,1986,299.5
Ethiopia,ETH,1985,306.0
Ethiopia,ETH,1984,317.3
Ethiopia,ETH,1983,323.3
Ethiopia,ETH,1982,235.8
Ethiopia,ETH,1981,239.2
Ethiopia,ETH,1980,241.9
Ethiopia,ETH,1979,244.0
Ethiopia,ETH,1978,245.7
Ethiopia,ETH,1977,246.4
Ethiopia,ETH,1976,247.0
Ethiopia,ETH,1975,284.8
Ethiopia,ETH,1974,286.1
Ethiopia,ETH,1973,287.6
Ethiopia,ETH,1972,289.0
Ethiopia,ETH,1971,249.3
Ethiopia,ETH,1970,249.6
Ethiopia,ETH,1969,250.1
Ethiopia,ETH,1968,250.3
Ethiopia,ETH,1967,250.8
Ethiopia,ETH,1966,251.4
Ethiopia,ETH,1965,
Ethiopia,ETH,1964,
Ethiopia,ETH,1963,
Ethiopia,ETH,1962,
Ethiopia,ETH,1961,
Ethiopia,ETH,1960,
Faroe Islands,FRO,2025,
Faroe Islands,FRO,2024,
Faroe Islands,FRO,2023,
Faroe Islands,FRO,2022,
Faroe Islands,FRO,2021,
Faroe Islands,FRO,2020,
Faroe Islands,FRO,2019,
Faroe Islands,FRO,2018,
Faroe Islands,FRO,2017,
Faroe Islands,FRO,2016,
Faroe Islands,FRO,2015,
Faroe Islands,FRO,2014,
Faroe Islands,FRO,2013,
Faroe Islands,FRO,2012,
Faroe Islands,FRO,2011,
Faroe Islands,FRO,2010,
Faroe Islands,FRO,2009,
Faroe Islands,FRO,2008,
Faroe Islands,FRO,2007,
Faroe Islands,FRO,2006,
Faroe Islands,FRO,2005,
Faroe Islands,FRO,2004,
Faroe Islands,FRO,2003,
Faroe Islands,FRO,2002,
Faroe Islands,FRO,2001,
Faroe Islands,FRO,2000,
Faroe Islands,FRO,1999,
Faroe Islands,FRO,1998,
Faroe Islands,FRO,1997,
Faroe Islands,FRO,1996,
Faroe Islands,FRO,1995,
Faroe Islands,FRO,1994,
Faroe Islands,FRO,1993,
Faroe Islands,FRO,1992,
Faroe Islands,FRO,1991,
Faroe Islands,FRO,1990,
Faroe Islands,FRO,1989,
Faroe Islands,FRO,1988,
Faroe Islands,FRO,1987,
Faroe Islands,FRO,1986,
Faroe Islands,FRO,1985,
Faroe Islands,FRO,1984,
Faroe Islands,FRO,1983,
Faroe Islands,FRO,1982,
Faroe Islands,FRO,1981,
Faroe Islands,FRO,1980,
Faroe Islands,FRO,1979,
Faroe Islands,FRO,1978,
Faroe Islands,FRO,1977,
Faroe Islands,FRO,1976,
Faroe Islands,FRO,1975,
Faroe Islands,FRO,1974,
Faroe Islands,FRO,1973,
Faroe Islands,FRO,1972,
Faroe Islands,FRO,1971,
Faroe Islands,FRO,1970,
Faroe Islands,FRO,1969,
Faroe Islands,FRO,1968,
Faroe Islands,FRO,1967,
Faroe Islands,FRO,1966,
Faroe Islands,FRO,1965,
Faroe Islands,FRO,1964,
Faroe Islands,FRO,1963,
Faroe Islands,FRO,1962,
Faroe Islands,FRO,1961,
Faroe Islands,FRO,1960,
Fiji,FJI,2025,
Fiji,FJI,2024,29.1
Fiji,FJI,2023,29.2
Fiji,FJI,2022,28.9
Fiji,FJI,2021,28.3
Fiji,FJI,2020,27.2
Fiji,FJI,2019,25.7
Fiji,FJI,2018,24.2
Fiji,FJI,2017,22.7
Fiji,FJI,2016,21.6
Fiji,FJI,2015,20.9
Fiji,FJI,2014,20.6
Fiji,FJI,2013,20.7
Fiji,FJI,2012,21.0
Fiji,FJI,2011,21.6
Fiji,FJI,2010,22.2
Fiji,FJI,2009,22.8
Fiji,FJI,2008,23.2
Fiji,FJI,2007,23.5
Fiji,FJI,2006,23.5
Fiji,FJI,2005,23.3
Fiji,FJI,2004,23.1
Fiji,FJI,2003,22.8
Fiji,FJI,2002,22.7
Fiji,FJI,2001,22.6
Fiji,FJI,2000,22.6
Fiji,FJI,1999,22.8
Fiji,FJI,1998,23.0
Fiji,FJI,1997,23.4
Fiji,FJI,1996,23.8
Fiji,FJI,1995,24.4
Fiji,FJI,1994,25.1
Fiji,FJI,1993,25.9
Fiji,FJI,1992,26.7
Fiji,FJI,1991,27.8
Fiji,FJI,1990,28.8
Fiji,FJI,1989,30.0
Fiji,FJI,1988,31.2
Fiji,FJI,1987,32.4
Fiji,FJI,1986,33.7
Fiji,FJI,1985,35.1
Fiji,FJI,1984,36.7
Fiji,FJI,1983,38.4
Fiji,FJI,1982,40.3
Fiji,FJI,1981,42.3
Fiji,FJI,1980,44.5
Fiji,FJI,1979,46.7
Fiji,FJI,1978,48.8
Fiji,FJI,1977,50.8
Fiji,FJI,1976,52.5
Fiji,FJI,1975,53.9
Fiji,FJI,1974,54.9
Fiji,FJI,1973,55.6
Fiji,FJI,1972,56.0
Fiji,FJI,1971,56.3
Fiji,FJI,1970,56.6
Fiji,FJI,1969,57.2
Fiji,FJI,1968,58.1
Fiji,FJI,1967,59.4
Fiji,FJI,1966,61.2
Fiji,FJI,1965,63.4
Fiji,FJI,1964,66.0
Fiji,FJI,1963,68.9
Fiji,FJI,1962,72.1
Fiji,FJI,1961,75.5
Fiji,FJI,1960,79.2
Finland,FIN,2025,
Finland,FIN,2024,2.4
Finland,FIN,2023,2.4
Finland,FIN,2022,2.4
Finland,FIN,2021,2.4
Finland,FIN,2020,2.4
Finland,FIN,2019,2.4
Finland,FIN,2018,2.4
Finland,FIN,2017,2.4
Finland,FIN,2016,2.4
Finland,FIN,2015,2.5
Finland,FIN,2014,2.6
Finland,FIN,2013,2.6
Finland,FIN,2012,2.8
Finland,FIN,2011,2.9
Finland,FIN,2010,3.0
Finland,FIN,2009,3.2
Finland,FIN,2008,3.3
Finland,FIN,2007,3.5
Finland,FIN,2006,3.6
Finland,FIN,2005,3.7
Finland,FIN,2004,3.9
Finland,FIN,2003,4.0
Finland,FIN,2002,4.1
Finland,FIN,2001,4.2
Finland,FIN,2000,4.3
Finland,FIN,1999,4.4
Finland,FIN,1998,4.6
Finland,FIN,1997,4.7
Finland,FIN,1996,4.9
Finland,FIN,1995,5.2
Finland,FIN,1994,5.5
Finland,FIN,1993,5.8
Finland,FIN,1992,6.1
Finland,FIN,1991,6.4
Finland,FIN,1990,6.7
Finland,FIN,1989,6.9
Finland,FIN,1988,7.1
Finland,FIN,1987,7.2
Finland,FIN,1986,7.3
Finland,FIN,1985,7.3
Finland,FIN,1984,7.4
Finland,FIN,1983,7.6
Finland,FIN,1982,7.9
Finland,FIN,1981,8.2
Finland,FIN,1980,8.7
Finland,FIN,1979,9.2
Finland,FIN,1978,9.9
Finland,FIN,1977,10.6
Finland,FIN,1976,11.4
Finland,FIN,1975,12.3
Finland,FIN,1974,13.1
Finland,FIN,1973,13.9
Finland,FIN,1972,14.6
Finland,FIN,1971,15.4
Finland,FIN,1970,16.1
Finland,FIN,1969,16.8
Finland,FIN,1968,17.6
Finland,FIN,1967,18.4
Finland,FIN,1966,19.2
Finland,FIN,1965,20.2
Finland,FIN,1964,21.3
Finland,FIN,1963,22.5
Finland,FIN,1962,23.8
Finland,FIN,1961,25.2
Finland,FIN,1960,26.8
France,FRA,2025,
France,FRA,2024,4.3
France,FRA,2023,4.3
France,FRA,2022,4.3
France,FRA,2021,4.3
France,FRA,2020,4.2
France,FRA,2019,4.2
France,FRA,2018,4.2
France,FRA,2017,4.2
France,FRA,2016,4.2
France,FRA,2015,4.2
France,FRA,2014,4.1
France,FRA,2013,4.1
France,FRA,2012,4.1
France,FRA,2011,4.2
France,FRA,2010,4.2
France,FRA,2009,4.3
France,FRA,2008,4.4
France,FRA,2007,4.4
France,FRA,2006,4.5
France,FRA,2005,4.6
France,FRA,2004,4.8
France,FRA,2003,4.9
France,FRA,2002,5.1
France,FRA,2001,5.2
France,FRA,2000,5.4
France,FRA,1999,5.5
France,FRA,1998,5.7
France,FRA,1997,5.8
France,FRA,1996,6.1
France,FRA,1995,6.5
France,FRA,1994,7.0
France,FRA,1993,7.5
France,FRA,1992,8.1
France,FRA,1991,8.6
France,FRA,1990,9.0
France,FRA,1989,9.3
France,FRA,1988,9.6
France,FRA,1987,9.8
France,FRA,1986,10.1
France,FRA,1985,10.4
France,FRA,1984,10.7
France,FRA,1983,11.1
France,FRA,1982,11.5
France,FRA,1981,11.9
France,FRA,1980,12.4
France,FRA,1979,12.8
France,FRA,1978,13.4
France,FRA,1977,13.9
France,FRA,1976,14.4
France,FRA,1975,14.9
France,FRA,1974,15.4
France,FRA,1973,16.0
France,FRA,1972,16.6
France,FRA,1971,17.4
France,FRA,1970,18.2
France,FRA,1969,19.1
France,FRA,1968,19.9
France,FRA,1967,20.6
France,FRA,1966,21.4
France,FRA,1965,22.4
France,FRA,1964,23.4
France,FRA,1963,24.5
France,FRA,1962,25.7
France,FRA,1961,27.0
France,FRA,1960,28.5
French Polynesia,PYF,2025,
French Polynesia,PYF,2024,
French Polynesia,PYF,2023,
French Polynesia,PYF,2022,
French Polynesia,PYF,2021,
French Polynesia,PYF,2020,
French Polynesia,PYF,2019,
French Polynesia,PYF,2018,
French Polynesia,PYF,2017,
French Polynesia,PYF,2016,
French Polynesia,PYF,2015,
French Polynesia,PYF,2014,
French Polynesia,PYF,2013,
French Polynesia,PYF,2012,
French Polynesia,PYF,2011,
French Polynesia,PYF,2010,
French Polynesia,PYF,2009,
French Polynesia,PYF,2008,
French Polynesia,PYF,2007,
French Polynesia,PYF,2006,
French Polynesia,PYF,2005,
French Polynesia,PYF,2004,
French Polynesia,PYF,2003,
French Polynesia,PYF,2002,
French Polynesia,PYF,2001,
French Polynesia,PYF,2000,
French Polynesia,PYF,1999,
French Polynesia,PYF,1998,
French Polynesia,PYF,1997,
French Polynesia,PYF,1996,
French Polynesia,PYF,1995,
French Polynesia,PYF,1994,
French Polynesia,PYF,1993,
French Polynesia,PYF,1992,
French Polynesia,PYF,1991,
French Polynesia,PYF,1990,
French Polynesia,PYF,1989,
French Polynesia,PYF,1988,
French Polynesia,PYF,1987,
French Polynesia,PYF,1986,
French Polynesia,PYF,1985,
French Polynesia,PYF,1984,
French Polynesia,PYF,1983,
French Polynesia,PYF,1982,
French Polynesia,PYF,1981,
French Polynesia,PYF,1980,
French Polynesia,PYF,1979,
French Polynesia,PYF,1978,
French Polynesia,PYF,1977,
French Polynesia,PYF,1976,
French Polynesia,PYF,1975,
French Polynesia,PYF,1974,
French Polynesia,PYF,1973,
French Polynesia,PYF,1972,
French Polynesia,PYF,1971,
French Polynesia,PYF,1970,
French Polynesia,PYF,1969,
French Polynesia,PYF,1968,
French Polynesia,PYF,1967,
French Polynesia,PYF,1966,
French Polynesia,PYF,1965,
French Polynesia,PYF,1964,
French Polynesia,PYF,1963,
French Polynesia,PYF,1962,
French Polynesia,PYF,1961,
French Polynesia,PYF,1960,
Gabon,GAB,2025,
Gabon,GAB,2024,32.6
Gabon,GAB,2023,33.8
Gabon,GAB,2022,34.7
Gabon,GAB,2021,35.8
Gabon,GAB,2020,36.8
Gabon,GAB,2019,38.5
Gabon,GAB,2018,39.9
Gabon,GAB,2017,41.4
Gabon,GAB,2016,42.7
Gabon,GAB,2015,44.4
Gabon,GAB,2014,45.8
Gabon,GAB,2013,47.3
Gabon,GAB,2012,49.4
Gabon,GAB,2011,51.3
Gabon,GAB,2010,53.4
Gabon,GAB,2009,55.6
Gabon,GAB,2008,57.6
Gabon,GAB,2007,59.7
Gabon,GAB,2006,61.8
Gabon,GAB,2005,63.6
Gabon,GAB,2004,65.6
Gabon,GAB,2003,67.7
Gabon,GAB,2002,69.6
Gabon,GAB,2001,71.5
Gabon,GAB,2000,73.3
Gabon,GAB,1999,74.9
Gabon,GAB,1998,76.3
Gabon,GAB,1997,77.4
Gabon,GAB,1996,78.3
Gabon,GAB,1995,79.2
Gabon,GAB,1994,79.9
Gabon,GAB,1993,80.8
Gabon,GAB,1992,81.8
Gabon,GAB,1991,82.9
Gabon,GAB,1990,84.3
Gabon,GAB,1989,85.9
Gabon,GAB,1988,87.6
Gabon,GAB,1987,89.6
Gabon,GAB,1986,92.0
Gabon,GAB,1985,94.7
Gabon,GAB,1984,97.5
Gabon,GAB,1983,100.6
Gabon,GAB,1982,104.0
Gabon,GAB,1981,107.7
Gabon,GAB,1980,111.5
Gabon,GAB,1979,115.3
Gabon,GAB,1978,119.5
Gabon,GAB,1977,123.7
Gabon,GAB,1976,128.0
Gabon,GAB,1975,132.5
Gabon,GAB,1974,137.0
Gabon,GAB,1973,141.9
Gabon,GAB,1972,146.7
Gabon,GAB,1971,151.8
Gabon,GAB,1970,156.9
Gabon,GAB,1969,162.2
Gabon,GAB,1968,167.7
Gabon,GAB,1967,173.4
Gabon,GAB,1966,179.2
Gabon,GAB,1965,185.2
Gabon,GAB,1964,191.5
Gabon,GAB,1963,198.0
Gabon,GAB,1962,204.7
Gabon,GAB,1961,211.6
Gabon,GAB,1960,218.8
"Gambia, The",GMB,2025,
"Gambia, The",GMB,2024,42.4
"Gambia, The",GMB,2023,43.8
"Gambia, The",GMB,2022,45.3
"Gambia, The",GMB,2021,47.0
"Gambia, The",GMB,2020,48.6
"Gambia, The",GMB,2019,50.4
"Gambia, The",GMB,2018,52.3
"Gambia, The",GMB,2017,54.3
"Gambia, The",GMB,2016,56.6
"Gambia, The",GMB,2015,58.9
"Gambia, The",GMB,2014,61.4
"Gambia, The",GMB,2013,64.0
"Gambia, The",GMB,2012,66.8
"Gambia, The",GMB,2011,69.7
"Gambia, The",GMB,2010,72.7
"Gambia, The",GMB,2009,76.0
"Gambia, The",GMB,2008,79.4
"Gambia, The",GMB,2007,83.0
"Gambia, The",GMB,2006,86.8
"Gambia, The",GMB,2005,90.7
"Gambia, The",GMB,2004,94.9
"Gambia, The",GMB,2003,99.2
"Gambia, The",GMB,2002,103.6
"Gambia, The",GMB,2001,108.1
"Gambia, The",GMB,2000,112.8
"Gambia, The",GMB,1999,117.7
"Gambia, The",GMB,1998,122.6
"Gambia, The",GMB,1997,127.6
"Gambia, The",GMB,1996,132.9
"Gambia, The",GMB,1995,138.2
"Gambia, The",GMB,1994,143.7
"Gambia, The",GMB,1993,149.3
"Gambia, The",GMB,1992,154.9
"Gambia, The",GMB,1991,160.5
"Gambia, The",GMB,1990,166.2
"Gambia, The",GMB,1989,172.1
"Gambia, The",GMB,1988,178.1
"Gambia, The",GMB,1987,184.2
"Gambia, The",GMB,1986,190.7
"Gambia, The",GMB,1985,197.4
"Gambia, The",GMB,1984,204.1
"Gambia, The",GMB,1983,210.7
"Gambia, The",GMB,1982,217.2
"Gambia, The",GMB,1981,223.9
"Gambia, The",GMB,1980,230.3
"Gambia, The",GMB,1979,236.7
"Gambia, The",GMB,1978,243.0
"Gambia, The",GMB,1977,249.5
"Gambia, The",GMB,1976,255.8
"Gambia, The",GMB,1975,262.5
"Gambia, The",GMB,1974,269.2
"Gambia, The",GMB,1973,275.9
"Gambia, The",GMB,1972,282.5
"Gambia, The",GMB,1971,289.0
"Gambia, The",GMB,1970,295.6
"Gambia, The",GMB,1969,301.9
"Gambia, The",GMB,1968,307.9
"Gambia, The",GMB,1967,314.0
"Gambia, The",GMB,1966,320.4
"Gambia, The",GMB,1965,326.7
"Gambia, The",GMB,1964,333.1
"Gambia, The",GMB,1963,339.6
"Gambia, The",GMB,1962,346.4
"Gambia, The",GMB,1961,353.1
"Gambia, The",GMB,1960,360.1
Georgia,GEO,2025,
Georgia,GEO,2024,8.6
Georgia,GEO,2023,8.8
Georgia,GEO,2022,9.0
Georgia,GEO,2021,9.2
Georgia,GEO,2020,9.4
Georgia,GEO,2019,9.6
Georgia,GEO,2018,9.8
Georgia,GEO,2017,10.0
Georgia,GEO,2016,10.2
Georgia,GEO,2015,10.6
Georgia,GEO,2014,11.0
Georgia,GEO,2013,11.5
Georgia,GEO,2012,12.2
Georgia,GEO,2011,13.1
Georgia,GEO,2010,14.2
Georgia,GEO,2009,15.5
Georgia,GEO,2008,17.1
Georgia,GEO,2007,19.0
Georgia,GEO,2006,21.0
Georgia,GEO,2005,23.3
Georgia,GEO,2004,25.8
Georgia,GEO,2003,28.3
Georgia,GEO,2002,30.9
Georgia,GEO,2001,33.4
Georgia,GEO,2000,35.8
Georgia,GEO,1999,38.1
Georgia,GEO,1998,40.0
Georgia,GEO,1997,41.8
Georgia,GEO,1996,43.2
Georgia,GEO,1995,44.4
Georgia,GEO,1994,45.3
Georgia,GEO,1993,46.0
Georgia,GEO,1992,46.5
Georgia,GEO,1991,46.9
Georgia,GEO,1990,47.3
Georgia,GEO,1989,47.7
Georgia,GEO,1988,48.1
Georgia,GEO,1987,48.6
Georgia,GEO,1986,49.4
Georgia,GEO,1985,50.3
Georgia,GEO,1984,51.5
Georgia,GEO,1983,53.1
Georgia,GEO,1982,54.9
Georgia,GEO,1981,56.9
Georgia,GEO,1980,59.0
Georgia,GEO,1979,61.0
Georgia,GEO,1978,63.3
Georgia,GEO,1977,65.7
Georgia,GEO,1976,68.2
Georgia,GEO,1975,70.7
Georgia,GEO,1974,
Georgia,GEO,1973,
Georgia,GEO,1972,
Georgia,GEO,1971,
Georgia,GEO,1970,
Georgia,GEO,1969,
Georgia,GEO,1968,
Georgia,GEO,1967,
Georgia,GEO,1966,
Georgia,GEO,1965,
Georgia,GEO,1964,
Georgia,GEO,1963,
Georgia,GEO,1962,
Georgia,GEO,1961,
Georgia,GEO,1960,
Germany,DEU,2025,
Germany,DEU,2024,3.7
Germany,DEU,2023,3.7
Germany,DEU,2022,3.7
Germany,DEU,2021,3.7
Germany,DEU,2020,3.7
Germany,DEU,2019,3.7
Germany,DEU,2018,3.8
Germany,DEU,2017,3.8
Germany,DEU,2016,3.9
Germany,DEU,2015,3.9
Germany,DEU,2014,4.0
Germany,DEU,2013,4.0
Germany,DEU,2012,4.0
Germany,DEU,2011,4.1
Germany,DEU,2010,4.2
Germany,DEU,2009,4.3
Germany,DEU,2008,4.4
Germany,DEU,2007,4.5
Germany,DEU,2006,4.6
Germany,DEU,2005,4.7
Germany,DEU,2004,4.9
Germany,DEU,2003,5.0
Germany,DEU,2002,5.1
Germany,DEU,2001,5.2
Germany,DEU,2000,5.4
Germany,DEU,1999,5.5
Germany,DEU,1998,5.7
Germany,DEU,1997,5.9
Germany,DEU,1996,6.2
Germany,DEU,1995,6.5
Germany,DEU,1994,6.8
Germany,DEU,1993,7.2
Germany,DEU,1992,7.6
Germany,DEU,1991,8.0
Germany,DEU,1990,8.5
Germany,DEU,1989,9.0
Germany,DEU,1988,9.5
Germany,DEU,1987,10.1
Germany,DEU,1986,10.6
Germany,DEU,1985,11.1
Germany,DEU,1984,11.8
Germany,DEU,1983,12.5
Germany,DEU,1982,13.2
Germany,DEU,1981,14.1
Germany,DEU,1980,15.0
Germany,DEU,1979,16.0
Germany,DEU,1978,17.1
Germany,DEU,1977,18.3
Germany,DEU,1976,19.6
Germany,DEU,1975,20.8
Germany,DEU,1974,22.0
Germany,DEU,1973,23.1
Germany,DEU,1972,24.0
Germany,DEU,1971,24.9
Germany,DEU,1970,25.6
Germany,DEU,1969,26.4
Germany,DEU,1968,27.1
Germany,DEU,1967,
Germany,DEU,1966,
Germany,DEU,1965,
Germany,DEU,1964,
Germany,DEU,1963,
Germany,DEU,1962,
Germany,DEU,1961,
Germany,DEU,1960,
Ghana,GHA,2025,
Ghana,GHA,2024,35.9
Ghana,GHA,2023,37.2
Ghana,GHA,2022,38.6
Ghana,GHA,2021,40.3
Ghana,GHA,2020,42.2
Ghana,GHA,2019,44.1
Ghana,GHA,2018,46.1
Ghana,GHA,2017,48.2
Ghana,GHA,2016,50.3
Ghana,GHA,2015,52.5
Ghana,GHA,2014,54.9
Ghana,GHA,2013,57.5
Ghana,GHA,2012,60.3
Ghana,GHA,2011,63.3
Ghana,GHA,2010,66.5
Ghana,GHA,2009,69.8
Ghana,GHA,2008,73.1
Ghana,GHA,2007,76.2
Ghana,GHA,2006,79.1
Ghana,GHA,2005,82.0
Ghana,GHA,2004,85.0
Ghana,GHA,2003,88.2
Ghana,GHA,2002,91.9
Ghana,GHA,2001,95.8
Ghana,GHA,2000,99.9
Ghana,GHA,1999,103.9
Ghana,GHA,1998,107.4
Ghana,GHA,1997,110.3
Ghana,GHA,1996,112.5
Ghana,GHA,1995,114.4
Ghana,GHA,1994,116.0
Ghana,GHA,1993,117.8
Ghana,GHA,1992,120.2
Ghana,GHA,1991,123.5
Ghana,GHA,1990,127.6
Ghana,GHA,1989,132.7
Ghana,GHA,1988,138.4
Ghana,GHA,1987,144.3
Ghana,GHA,1986,150.1
Ghana,GHA,1985,155.3
Ghana,GHA,1984,159.7
Ghana,GHA,1983,162.8
Ghana,GHA,1982,164.9
Ghana,GHA,1981,166.6
Ghana,GHA,1980,168.1
Ghana,GHA,1979,170.2
Ghana,GHA,1978,173.4
Ghana,GHA,1977,177.5
Ghana,GHA,1976,182.2
Ghana,GHA,1975,187.1
Ghana,GHA,1974,191.8
Ghana,GHA,1973,195.9
Ghana,GHA,1972,199.2
Ghana,GHA,1971,201.5
Ghana,GHA,1970,202.8
Ghana,GHA,1969,203.4
Ghana,GHA,1968,203.3
Ghana,GHA,1967,203.0
Ghana,GHA,1966,202.7
Ghana,GHA,1965,202.8
Ghana,GHA,1964,203.2
Ghana,GHA,1963,204.1
Ghana,GHA,1962,205.2
Ghana,GHA,1961,206.9
Ghana,GHA,1960,209.0
Gibraltar,GIB,2025,
Gibraltar,GIB,2024,
Gibraltar,GIB,2023,
Gibraltar,GIB,2022,
Gibraltar,GIB,2021,
Gibraltar,GIB,2020,
Gibraltar,GIB,2019,
Gibraltar,GIB,2018,
Gibraltar,GIB,2017,
Gibraltar,GIB,2016,
Gibraltar,GIB,2015,
Gibraltar,GIB,2014,
Gibraltar,GIB,2013,
Gibraltar,GIB,2012,
Gibraltar,GIB,2011,
Gibraltar,GIB,2010,
Gibraltar,GIB,2009,
Gibraltar,GIB,2008,
Gibraltar,GIB,2007,
Gibraltar,GIB,2006,
Gibraltar,GIB,2005,
Gibraltar,GIB,2004,
Gibraltar,GIB,2003,
Gibraltar,GIB,2002,
Gibraltar,GIB,2001,
Gibraltar,GIB,2000,
Gibraltar,GIB,1999,
Gibraltar,GIB,1998,
Gibraltar,GIB,1997,
Gibraltar,GIB,1996,
Gibraltar,GIB,1995,
Gibraltar,GIB,1994,
Gibraltar,GIB,1993,
Gibraltar,GIB,1992,
Gibraltar,GIB,1991,
Gibraltar,GIB,1990,
Gibraltar,GIB,1989,
Gibraltar,GIB,1988,
Gibraltar,GIB,1987,
Gibraltar,GIB,1986,
Gibraltar,GIB,1985,
Gibraltar,GIB,1984,
Gibraltar,GIB,1983,
Gibraltar,GIB,1982,
Gibraltar,GIB,1981,
Gibraltar,GIB,1980,
Gibraltar,GIB,1979,
Gibraltar,GIB,1978,
Gibraltar,GIB,1977,
Gibraltar,GIB,1976,
Gibraltar,GIB,1975,
Gibraltar,GIB,1974,
Gibraltar,GIB,1973,
Gibraltar,GIB,1972,
Gibraltar,GIB,1971,
Gibraltar,GIB,1970,
Gibraltar,GIB,1969,
Gibraltar,GIB,1968,
Gibraltar,GIB,1967,
Gibraltar,GIB,1966,
Gibraltar,GIB,1965,
Gibraltar,GIB,1964,
Gibraltar,GIB,1963,
Gibraltar,GIB,1962,
Gibraltar,GIB,1961,
Gibraltar,GIB,1960,
Greece,GRC,2025,
Greece,GRC,2024,3.8
Greece,GRC,2023,3.9
Greece,GRC,2022,4.0
Greece,GRC,2021,4.0
Greece,GRC,2020,4.1
Greece,GRC,2019,4.1
Greece,GRC,2018,4.2
Greece,GRC,2017,4.3
Greece,GRC,2016,4.3
Greece,GRC,2015,4.3
Greece,GRC,2014,4.2
Greece,GRC,2013,4.1
Greece,GRC,2012,4.0
Greece,GRC,2011,4.0
Greece,GRC,2010,3.9
Greece,GRC,2009,4.0
Greece,GRC,2008,4.0
Greece,GRC,2007,4.1
Greece,GRC,2006,4.3
Greece,GRC,2005,4.6
Greece,GRC,2004,4.9
Greece,GRC,2003,5.2
Greece,GRC,2002,5.6
Greece,GRC,2001,6.0
Greece,GRC,2000,6.4
Greece,GRC,1999,6.9
Greece,GRC,1998,7.3
Greece,GRC,1997,7.7
Greece,GRC,1996,8.1
Greece,GRC,1995,8.5
Greece,GRC,1994,8.8
Greece,GRC,1993,9.1
Greece,GRC,1992,9.5
Greece,GRC,1991,9.9
Greece,GRC,1990,10.5
Greece,GRC,1989,11.1
Greece,GRC,1988,11.9
Greece,GRC,1987,12.7
Greece,GRC,1986,13.6
Greece,GRC,1985,14.5
Greece,GRC,1984,15.4
Greece,GRC,1983,16.2
Greece,GRC,1982,17.2
Greece,GRC,1981,18.3
Greece,GRC,1980,19.6
Greece,GRC,1979,20.9
Greece,GRC,1978,22.4
Greece,GRC,1977,23.8
Greece,GRC,1976,25.0
Greece,GRC,1975,26.1
Greece,GRC,1974,27.0
Greece,GRC,1973,27.6
Greece,GRC,1972,28.4
Greece,GRC,1971,29.6
Greece,GRC,1970,31.4
Greece,GRC,1969,33.3
Greece,GRC,1968,35.3
Greece,GRC,1967,37.1
Greece,GRC,1966,38.6
Greece,GRC,1965,39.8
Greece,GRC,1964,41.1
Greece,GRC,1963,42.5
Greece,GRC,1962,43.9
Greece,GRC,1961,45.1
Greece,GRC,1960,46.2
Greenland,GRL,2025,
Greenland,GRL,2024,
Greenland,GRL,2023,
Greenland,GRL,2022,
Greenland,GRL,2021,
Greenland,GRL,2020,
Greenland,GRL,2019,
Greenland,GRL,2018,
Greenland,GRL,2017,
Greenland,GRL,2016,
Greenland,GRL,2015,
Greenland,GRL,2014,
Greenland,GRL,2013,
Greenland,GRL,2012,
Greenland,GRL,2011,
Greenland,GRL,2010,
Greenland,GRL,2009,
Greenland,GRL,2008,
Greenland,GRL,2007,
Greenland,GRL,2006,
Greenland,GRL,2005,
Greenland,GRL,2004,
Greenland,GRL,2003,
Greenland,GRL,2002,
Greenland,GRL,2001,
Greenland,GRL,2000,
Greenland,GRL,1999,
Greenland,GRL,1998,
Greenland,GRL,1997,
Greenland,GRL,1996,
Greenland,GRL,1995,
Greenland,GRL,1994,
Greenland,GRL,1993,
Greenland,GRL,1992,
Greenland,GRL,1991,
Greenland,GRL,1990,
Greenland,GRL,1989,
Greenland,GRL,1988,
Greenland,GRL,1987,
Greenland,GRL,1986,
Greenland,GRL,1985,
Greenland,GRL,1984,
Greenland,GRL,1983,
Greenland,GRL,1982,
Greenland,GRL,1981,
Greenland,GRL,1980,
Greenland,GRL,1979,
Greenland,GRL,1978,
Greenland,GRL,1977,
Greenland,GRL,1976,
Greenland,GRL,1975,
Greenland,GRL,1974,
Greenland,GRL,1973,
Greenland,GRL,1972,
Greenland,GRL,1971,
Greenland,GRL,1970,
Greenland,GRL,1969,
Greenland,GRL,1968,
Greenland,GRL,1967,
Greenland,GRL,1966,
Greenland,GRL,1965,
Greenland,GRL,1964,
Greenland,GRL,1963,
Greenland,GRL,1962,
Greenland,GRL,1961,
Greenland,GRL,1960,
Grenada,GRD,2025,
Grenada,GRD,2024,18.0
Grenada,GRD,2023,18.3
Grenada,GRD,2022,18.5
Grenada,GRD,2021,18.7
Grenada,GRD,2020,18.6
Grenada,GRD,2019,18.5
Grenada,GRD,2018,18.3
Grenada,GRD,2017,18.1
Grenada,GRD,2016,17.8
Grenada,GRD,2015,17.5
Grenada,GRD,2014,17.2
Grenada,GRD,2013,16.8
Grenada,GRD,2012,16.4
Grenada,GRD,2011,16.0
Grenada,GRD,2010,15.7
Grenada,GRD,2009,15.4
Grenada,GRD,2008,15.1
Grenada,GRD,2007,14.9
Grenada,GRD,2006,14.9
Grenada,GRD,2005,14.8
Grenada,GRD,2004,14.8
Grenada,GRD,2003,14.9
Grenada,GRD,2002,15.1
Grenada,GRD,2001,15.3
Grenada,GRD,2000,15.5
Grenada,GRD,1999,15.8
Grenada,GRD,1998,16.2
Grenada,GRD,1997,16.7
Grenada,GRD,1996,17.3
Grenada,GRD,1995,17.9
Grenada,GRD,1994,18.7
Grenada,GRD,1993,19.5
Grenada,GRD,1992,20.4
Grenada,GRD,1991,21.3
Grenada,GRD,1990,22.4
Grenada,GRD,1989,23.5
Grenada,GRD,1988,24.6
Grenada,GRD,1987,25.8
Grenada,GRD,1986,27.1
Grenada,GRD,1985,28.5
Grenada,GRD,1984,30.0
Grenada,GRD,1983,31.5
Grenada,GRD,1982,33.1
Grenada,GRD,1981,34.7
Grenada,GRD,1980,36.2
Grenada,GRD,1979,37.7
Grenada,GRD,1978,39.1
Grenada,GRD,1977,40.4
Grenada,GRD,1976,41.5
Grenada,GRD,1975,42.6
Grenada,GRD,1974,43.6
Grenada,GRD,1973,44.7
Grenada,GRD,1972,45.9
Grenada,GRD,1971,47.2
Grenada,GRD,1970,48.7
Grenada,GRD,1969,50.6
Grenada,GRD,1968,53.0
Grenada,GRD,1967,55.9
Grenada,GRD,1966,59.5
Grenada,GRD,1965,63.9
Grenada,GRD,1964,69.1
Grenada,GRD,1963,75.0
Grenada,GRD,1962,81.6
Grenada,GRD,1961,88.3
Grenada,GRD,1960,95.0
Guam,GUM,2025,
Guam,GUM,2024,
Guam,GUM,2023,
Guam,GUM,2022,
Guam,GUM,2021,
Guam,GUM,2020,
Guam,GUM,2019,
Guam,GUM,2018,
Guam,GUM,2017,
Guam,GUM,2016,
Guam,GUM,2015,
Guam,GUM,2014,
Guam,GUM,2013,
Guam,GUM,2012,
Guam,GUM,2011,
Guam,GUM,2010,
Guam,GUM,2009,
Guam,GUM,2008,
Guam,GUM,2007,
Guam,GUM,2006,
Guam,GUM,2005,
Guam,GUM,2004,
Guam,GUM,2003,
Guam,GUM,2002,
Guam,GUM,2001,
Guam,GUM,2000,
Guam,GUM,1999,
Guam,GUM,1998,
Guam,GUM,1997,
Guam,GUM,1996,
Guam,GUM,1995,
Guam,GUM,1994,
Guam,GUM,1993,
Guam,GUM,1992,
Guam,GUM,1991,
Guam,GUM,1990,
Guam,GUM,1989,
Guam,GUM,1988,
Guam,GUM,1987,
Guam,GUM,1986,
Guam,GUM,1985,
Guam,GUM,1984,
Guam,GUM,1983,
Guam,GUM,1982,
Guam,GUM,1981,
Guam,GUM,1980,
Guam,GUM,1979,
Guam,GUM,1978,
Guam,GUM,1977,
Guam,GUM,1976,
Guam,GUM,1975,
Guam,GUM,1974,
Guam,GUM,1973,
Guam,GUM,1972,
Guam,GUM,1971,
Guam,GUM,1970,
Guam,GUM,1969,
Guam,GUM,1968,
Guam,GUM,1967,
Guam,GUM,1966,
Guam,GUM,1965,
Guam,GUM,1964,
Guam,GUM,1963,
Guam,GUM,1962,
Guam,GUM,1961,
Guam,GUM,1960,
Guatemala,GTM,2025,
Guatemala,GTM,2024,20.5
Guatemala,GTM,2023,21.2
Guatemala,GTM,2022,21.9
Guatemala,GTM,2021,22.7
Guatemala,GTM,2020,23.5
Guatemala,GTM,2019,24.3
Guatemala,GTM,2018,25.1
Guatemala,GTM,2017,26.1
Guatemala,GTM,2016,27.0
Guatemala,GTM,2015,28.1
Guatemala,GTM,2014,29.2
Guatemala,GTM,2013,30.4
Guatemala,GTM,2012,31.8
Guatemala,GTM,2011,33.1
Guatemala,GTM,2010,34.5
Guatemala,GTM,2009,36.0
Guatemala,GTM,2008,37.5
Guatemala,GTM,2007,39.1
Guatemala,GTM,2006,40.7
Guatemala,GTM,2005,42.4
Guatemala,GTM,2004,44.1
Guatemala,GTM,2003,45.9
Guatemala,GTM,2002,47.7
Guatemala,GTM,2001,49.7
Guatemala,GTM,2000,51.8
Guatemala,GTM,1999,54.0
Guatemala,GTM,1998,56.3
Guatemala,GTM,1997,58.7
Guatemala,GTM,1996,61.2
Guatemala,GTM,1995,63.9
Guatemala,GTM,1994,66.8
Guatemala,GTM,1993,69.9
Guatemala,GTM,1992,73.1
Guatemala,GTM,1991,76.4
Guatemala,GTM,1990,80.0
Guatemala,GTM,1989,83.7
Guatemala,GTM,1988,87.5
Guatemala,GTM,1987,91.4
Guatemala,GTM,1986,95.5
Guatemala,GTM,1985,99.7
Guatemala,GTM,1984,103.9
Guatemala,GTM,1983,108.3
Guatemala,GTM,1982,136.1
Guatemala,GTM,1981,117.2
Guatemala,GTM,1980,121.7
Guatemala,GTM,1979,126.3
Guatemala,GTM,1978,131.0
Guatemala,GTM,1977,135.7
Guatemala,GTM,1976,165.4
Guatemala,GTM,1975,145.3
Guatemala,GTM,1974,150.3
Guatemala,GTM,1973,155.2
Guatemala,GTM,1972,160.3
Guatemala,GTM,1971,165.4
Guatemala,GTM,1970,170.5
Guatemala,GTM,1969,175.5
Guatemala,GTM,1968,180.5
Guatemala,GTM,1967,185.5
Guatemala,GTM,1966,190.5
Guatemala,GTM,1965,195.4
Guatemala,GTM,1964,200.3
Guatemala,GTM,1963,205.4
Guatemala,GTM,1962,210.4
Guatemala,GTM,1961,215.3
Guatemala,GTM,1960,220.5
Guinea,GIN,2025,
Guinea,GIN,2024,92.1
Guinea,GIN,2023,95.0
Guinea,GIN,2022,97.6
Guinea,GIN,2021,100.3
Guinea,GIN,2020,102.9
Guinea,GIN,2019,105.4
Guinea,GIN,2018,107.5
Guinea,GIN,2017,109.5
Guinea,GIN,2016,111.4
Guinea,GIN,2015,113.7
Guinea,GIN,2014,115.4
Guinea,GIN,2013,116.6
Guinea,GIN,2012,118.4
Guinea,GIN,2011,120.3
Guinea,GIN,2010,122.2
Guinea,GIN,2009,124.4
Guinea,GIN,2008,126.9
Guinea,GIN,2007,129.7
Guinea,GIN,2006,133.1
Guinea,GIN,2005,137.0
Guinea,GIN,2004,141.6
Guinea,GIN,2003,146.9
Guinea,GIN,2002,152.7
Guinea,GIN,2001,159.0
Guinea,GIN,2000,165.7
Guinea,GIN,1999,172.6
Guinea,GIN,1998,179.7
Guinea,GIN,1997,186.6
Guinea,GIN,1996,193.5
Guinea,GIN,1995,200.5
Guinea,GIN,1994,207.5
Guinea,GIN,1993,214.4
Guinea,GIN,1992,221.1
Guinea,GIN,1991,227.5
Guinea,GIN,1990,233.4
Guinea,GIN,1989,238.7
Guinea,GIN,1988,243.7
Guinea,GIN,1987,248.4
Guinea,GIN,1986,253.0
Guinea,GIN,1985,257.6
Guinea,GIN,1984,262.3
Guinea,GIN,1983,266.9
Guinea,GIN,1982,271.5
Guinea,GIN,1981,276.3
Guinea,GIN,1980,281.0
Guinea,GIN,1979,285.9
Guinea,GIN,1978,290.7
Guinea,GIN,1977,295.4
Guinea,GIN,1976,299.9
Guinea,GIN,1975,304.0
Guinea,GIN,1974,307.7
Guinea,GIN,1973,311.0
Guinea,GIN,1972,314.6
Guinea,GIN,1971,317.7
Guinea,GIN,1970,321.0
Guinea,GIN,1969,323.8
Guinea,GIN,1968,326.6
Guinea,GIN,1967,329.3
Guinea,GIN,1966,332.1
Guinea,GIN,1965,334.9
Guinea,GIN,1964,337.3
Guinea,GIN,1963,339.7
Guinea,GIN,1962,342.2
Guinea,GIN,1961,344.4
Guinea,GIN,1960,346.7
Guinea-Bissau,GNB,2025,
Guinea-Bissau,GNB,2024,67.3
Guinea-Bissau,GNB,2023,69.7
Guinea-Bissau,GNB,2022,72.0
Guinea-Bissau,GNB,2021,74.3
Guinea-Bissau,GNB,2020,76.7
Guinea-Bissau,GNB,2019,79.5
Guinea-Bissau,GNB,2018,82.2
Guinea-Bissau,GNB,2017,85.1
Guinea-Bissau,GNB,2016,88.2
Guinea-Bissau,GNB,2015,91.6
Guinea-Bissau,GNB,2014,95.2
Guinea-Bissau,GNB,2013,99.1
Guinea-Bissau,GNB,2012,103.6
Guinea-Bissau,GNB,2011,108.6
Guinea-Bissau,GNB,2010,114.3
Guinea-Bissau,GNB,2009,120.2
Guinea-Bissau,GNB,2008,126.5
Guinea-Bissau,GNB,2007,132.8
Guinea-Bissau,GNB,2006,139.1
Guinea-Bissau,GNB,2005,145.3
Guinea-Bissau,GNB,2004,151.6
Guinea-Bissau,GNB,2003,157.7
Guinea-Bissau,GNB,2002,163.6
Guinea-Bissau,GNB,2001,169.3
Guinea-Bissau,GNB,2000,174.8
Guinea-Bissau,GNB,1999,179.9
Guinea-Bissau,GNB,1998,185.0
Guinea-Bissau,GNB,1997,190.0
Guinea-Bissau,GNB,1996,195.0
Guinea-Bissau,GNB,1995,200.1
Guinea-Bissau,GNB,1994,205.0
Guinea-Bissau,GNB,1993,209.9
Guinea-Bissau,GNB,1992,214.5
Guinea-Bissau,GNB,1991,219.0
Guinea-Bissau,GNB,1990,223.7
Guinea-Bissau,GNB,1989,228.0
Guinea-Bissau,GNB,1988,232.4
Guinea-Bissau,GNB,1987,236.7
Guinea-Bissau,GNB,1986,241.2
Guinea-Bissau,GNB,1985,245.9
Guinea-Bissau,GNB,1984,
Guinea-Bissau,GNB,1983,
Guinea-Bissau,GNB,1982,
Guinea-Bissau,GNB,1981,
Guinea-Bissau,GNB,1980,
Guinea-Bissau,GNB,1979,
Guinea-Bissau,GNB,1978,
Guinea-Bissau,GNB,1977,
Guinea-Bissau,GNB,1976,
Guinea-Bissau,GNB,1975,
Guinea-Bissau,GNB,1974,
Guinea-Bissau,GNB,1973,
Guinea-Bissau,GNB,1972,
Guinea-Bissau,GNB,1971,
Guinea-Bissau,GNB,1970,
Guinea-Bissau,GNB,1969,
Guinea-Bissau,GNB,1968,
Guinea-Bissau,GNB,1967,
Guinea-Bissau,GNB,1966,
Guinea-Bissau,GNB,1965,
Guinea-Bissau,GNB,1964,
Guinea-Bissau,GNB,1963,
Guinea-Bissau,GNB,1962,
Guinea-Bissau,GNB,1961,
Guinea-Bissau,GNB,1960,
Guyana,GUY,2025,
Guyana,GUY,2024,25.2
Guyana,GUY,2023,26.0
Guyana,GUY,2022,26.9
Guyana,GUY,2021,27.8
Guyana,GUY,2020,28.6
Guyana,GUY,2019,29.6
Guyana,GUY,2018,30.5
Guyana,GUY,2017,31.4
Guyana,GUY,2016,32.4
Guyana,GUY,2015,33.3
Guyana,GUY,2014,34.3
Guyana,GUY,2013,35.2
Guyana,GUY,2012,36.0
Guyana,GUY,2011,36.8
Guyana,GUY,2010,37.6
Guyana,GUY,2009,38.3
Guyana,GUY,2008,39.1
Guyana,GUY,2007,39.9
Guyana,GUY,2006,40.7
Guyana,GUY,2005,41.6
Guyana,GUY,2004,42.5
Guyana,GUY,2003,43.4
Guyana,GUY,2002,44.5
Guyana,GUY,2001,45.6
Guyana,GUY,2000,46.7
Guyana,GUY,1999,48.0
Guyana,GUY,1998,49.2
Guyana,GUY,1997,50.6
Guyana,GUY,1996,51.9
Guyana,GUY,1995,53.4
Guyana,GUY,1994,54.9
Guyana,GUY,1993,56.5
Guyana,GUY,1992,58.1
Guyana,GUY,1991,59.8
Guyana,GUY,1990,61.4
Guyana,GUY,1989,62.9
Guyana,GUY,1988,64.3
Guyana,GUY,1987,65.5
Guyana,GUY,1986,66.6
Guyana,GUY,1985,67.5
Guyana,GUY,1984,68.3
Guyana,GUY,1983,69.0
Guyana,GUY,1982,69.6
Guyana,GUY,1981,70.3
Guyana,GUY,1980,70.8
Guyana,GUY,1979,71.4
Guyana,GUY,1978,71.9
Guyana,GUY,1977,72.3
Guyana,GUY,1976,72.7
Guyana,GUY,1975,73.1
Guyana,GUY,1974,73.3
Guyana,GUY,1973,73.5
Guyana,GUY,1972,73.6
Guyana,GUY,1971,73.8
Guyana,GUY,1970,74.0
Guyana,GUY,1969,74.4
Guyana,GUY,1968,75.0
Guyana,GUY,1967,75.8
Guyana,GUY,1966,76.9
Guyana,GUY,1965,78.3
Guyana,GUY,1964,80.1
Guyana,GUY,1963,82.4
Guyana,GUY,1962,85.2
Guyana,GUY,1961,88.5
Guyana,GUY,1960,92.5
Haiti,HTI,2025,
Haiti,HTI,2024,52.8
Haiti,HTI,2023,54.4
Haiti,HTI,2022,56.2
Haiti,HTI,2021,58.1
Haiti,HTI,2020,59.8
Haiti,HTI,2019,61.5
Haiti,HTI,2018,63.4
Haiti,HTI,2017,65.3
Haiti,HTI,2016,67.2
Haiti,HTI,2015,69.1
Haiti,HTI,2014,70.9
Haiti,HTI,2013,72.8
Haiti,HTI,2012,74.6
Haiti,HTI,2011,76.5
Haiti,HTI,2010,137.7
Haiti,HTI,2009,80.2
Haiti,HTI,2008,82.2
Haiti,HTI,2007,84.1
Haiti,HTI,2006,86.2
Haiti,HTI,2005,88.4
Haiti,HTI,2004,90.7
Haiti,HTI,2003,93.3
Haiti,HTI,2002,96.2
Haiti,HTI,2001,99.4
Haiti,HTI,2000,102.9
Haiti,HTI,1999,106.6
Haiti,HTI,1998,110.6
Haiti,HTI,1997,114.7
Haiti,HTI,1996,119.0
Haiti,HTI,1995,123.3
Haiti,HTI,1994,127.7
Haiti,HTI,1993,131.9
Haiti,HTI,1992,136.2
Haiti,HTI,1991,140.3
Haiti,HTI,1990,144.5
Haiti,HTI,1989,148.7
Haiti,HTI,1988,152.9
Haiti,HTI,1987,157.1
Haiti,HTI,1986,161.5
Haiti,HTI,1985,166.0
Haiti,HTI,1984,170.7
Haiti,HTI,1983,175.5
Haiti,HTI,1982,180.5
Haiti,HTI,1981,185.5
Haiti,HTI,1980,190.5
Haiti,HTI,1979,195.6
Haiti,HTI,1978,201.0
Haiti,HTI,1977,206.3
Haiti,HTI,1976,211.8
Haiti,HTI,1975,217.6
Haiti,HTI,1974,223.3
Haiti,HTI,1973,229.2
Haiti,HTI,1972,234.9
Haiti,HTI,1971,240.3
Haiti,HTI,1970,245.6
Haiti,HTI,1969,250.8
Haiti,HTI,1968,256.0
Haiti,HTI,1967,260.9
Haiti,HTI,1966,265.9
Haiti,HTI,1965,270.7
Haiti,HTI,1964,275.3
Haiti,HTI,1963,279.9
Haiti,HTI,1962,284.3
Haiti,HTI,1961,289.1
Haiti,HTI,1960,293.8
Honduras,HND,2025,
Honduras,HND,2024,15.0
Honduras,HND,2023,15.5
Honduras,HND,2022,16.0
Honduras,HND,2021,16.5
Honduras,HND,2020,17.1
Honduras,HND,2019,17.7
Honduras,HND,2018,18.2
Honduras,HND,2017,18.9
Honduras,HND,2016,19.6
Honduras,HND,2015,20.3
Honduras,HND,2014,21.1
Honduras,HND,2013,21.9
Honduras,HND,2012,22.7
Honduras,HND,2011,23.5
Honduras,HND,2010,24.4
Honduras,HND,2009,25.4
Honduras,HND,2008,26.4
Honduras,HND,2007,27.4
Honduras,HND,2006,28.6
Honduras,HND,2005,29.8
Honduras,HND,2004,31.1
Honduras,HND,2003,32.5
Honduras,HND,2002,34.0
Honduras,HND,2001,35.6
Honduras,HND,2000,37.3
Honduras,HND,1999,39.0
Honduras,HND,1998,65.5
Honduras,HND,1997,42.6
Honduras,HND,1996,44.5
Honduras,HND,1995,46.4
Honduras,HND,1994,48.5
Honduras,HND,1993,50.7
Honduras,HND,1992,53.1
Honduras,HND,1991,55.6
Honduras,HND,1990,58.3
Honduras,HND,1989,61.2
Honduras,HND,1988,64.3
Honduras,HND,1987,67.5
Honduras,HND,1986,70.9
Honduras,HND,1985,74.5
Honduras,HND,1984,78.3
Honduras,HND,1983,82.2
Honduras,HND,1982,86.4
Honduras,HND,1981,90.7
Honduras,HND,1980,95.1
Honduras,HND,1979,99.6
Honduras,HND,1978,104.3
Honduras,HND,1977,109.1
Honduras,HND,1976,114.1
Honduras,HND,1975,119.1
Honduras,HND,1974,149.9
Honduras,HND,1973,129.5
Honduras,HND,1972,134.9
Honduras,HND,1971,140.4
Honduras,HND,1970,145.9
Honduras,HND,1969,151.5
Honduras,HND,1968,157.2
Honduras,HND,1967,163.0
Honduras,HND,1966,169.0
Honduras,HND,1965,175.0
Honduras,HND,1964,181.0
Honduras,HND,1963,187.2
Honduras,HND,1962,193.4
Honduras,HND,1961,199.8
Honduras,HND,1960,206.4
"Hong Kong SAR, China",HKG,2025,
"Hong Kong SAR, China",HKG,2024,
"Hong Kong SAR, China",HKG,2023,
"Hong Kong SAR, China",HKG,2022,
"Hong Kong SAR, China",HKG,2021,
"Hong Kong SAR, China",HKG,2020,
"Hong Kong SAR, China",HKG,2019,
"Hong Kong SAR, China",HKG,2018,
"Hong Kong SAR, China",HKG,2017,
"Hong Kong SAR, China",HKG,2016,
"Hong Kong SAR, China",HKG,2015,
"Hong Kong SAR, China",HKG,2014,
"Hong Kong SAR, China",HKG,2013,
"Hong Kong SAR, China",HKG,2012,
"Hong Kong SAR, China",HKG,2011,
"Hong Kong SAR, China",HKG,2010,
"Hong Kong SAR, China",HKG,2009,
"Hong Kong SAR, China",HKG,2008,
"Hong Kong SAR, China",HKG,2007,
"Hong Kong SAR, China",HKG,2006,
"Hong Kong SAR, China",HKG,2005,
"Hong Kong SAR, China",HKG,2004,
"Hong Kong SAR, China",HKG,2003,
"Hong Kong SAR, China",HKG,2002,
"Hong Kong SAR, China",HKG,2001,
"Hong Kong SAR, China",HKG,2000,
"Hong Kong SAR, China",HKG,1999,
"Hong Kong SAR, China",HKG,1998,
"Hong Kong SAR, China",HKG,1997,
"Hong Kong SAR, China",HKG,1996,
"Hong Kong SAR, China",HKG,1995,
"Hong Kong SAR, China",HKG,1994,
"Hong Kong SAR, China",HKG,1993,
"Hong Kong SAR, China",HKG,1992,
"Hong Kong SAR, China",HKG,1991,
"Hong Kong SAR, China",HKG,1990,
"Hong Kong SAR, China",HKG,1989,
"Hong Kong SAR, China",HKG,1988,
"Hong Kong SAR, China",HKG,1987,
"Hong Kong SAR, China",HKG,1986,
"Hong Kong SAR, China",HKG,1985,
"Hong Kong SAR, China",HKG,1984,
"Hong Kong SAR, China",HKG,1983,
"Hong Kong SAR, China",HKG,1982,
"Hong Kong SAR, China",HKG,1981,
"Hong Kong SAR, China",HKG,1980,
"Hong Kong SAR, China",HKG,1979,
"Hong Kong SAR, China",HKG,1978,
"Hong Kong SAR, China",HKG,1977,
"Hong Kong SAR, China",HKG,1976,
"Hong Kong SAR, China",HKG,1975,
"Hong Kong SAR, China",HKG,1974,
"Hong Kong SAR, China",HKG,1973,
"Hong Kong SAR, China",HKG,1972,
"Hong Kong SAR, China",HKG,1971,
"Hong Kong SAR, China",HKG,1970,
"Hong Kong SAR, China",HKG,1969,
"Hong Kong SAR, China",HKG,1968,
"Hong Kong SAR, China",HKG,1967,
"Hong Kong SAR, China",HKG,1966,
"Hong Kong SAR, China",HKG,1965,
"Hong Kong SAR, China",HKG,1964,
"Hong Kong SAR, China",HKG,1963,
"Hong Kong SAR, China",HKG,1962,
"Hong Kong SAR, China",HKG,1961,
"Hong Kong SAR, China",HKG,1960,
Hungary,HUN,2025,
Hungary,HUN,2024,3.7
Hungary,HUN,2023,3.8
Hungary,HUN,2022,3.9
Hungary,HUN,2021,4.0
Hungary,HUN,2020,4.0
Hungary,HUN,2019,4.1
Hungary,HUN,2018,4.3
Hungary,HUN,2017,4.5
Hungary,HUN,2016,4.7
Hungary,HUN,2015,5.1
Hungary,HUN,2014,5.3
Hungary,HUN,2013,5.6
Hungary,HUN,2012,5.7
Hungary,HUN,2011,5.9
Hungary,HUN,2010,6.0
Hungary,HUN,2009,6.2
Hungary,HUN,2008,6.5
Hungary,HUN,2007,6.8
Hungary,HUN,2006,7.2
Hungary,HUN,2005,7.5
Hungary,HUN,2004,8.0
Hungary,HUN,2003,8.4
Hungary,HUN,2002,9.0
Hungary,HUN,2001,9.5
Hungary,HUN,2000,10.1
Hungary,HUN,1999,10.6
Hungary,HUN,1998,11.1
Hungary,HUN,1997,11.5
Hungary,HUN,1996,11.9
Hungary,HUN,1995,12.5
Hungary,HUN,1994,13.4
Hungary,HUN,1993,14.5
Hungary,HUN,1992,15.7
Hungary,HUN,1991,16.5
Hungary,HUN,1990,17.2
Hungary,HUN,1989,17.8
Hungary,HUN,1988,18.7
Hungary,HUN,1987,19.7
Hungary,HUN,1986,20.7
Hungary,HUN,1985,21.5
Hungary,HUN,1984,21.9
Hungary,HUN,1983,21.9
Hungary,HUN,1982,22.0
Hungary,HUN,1981,22.6
Hungary,HUN,1980,23.7
Hungary,HUN,1979,25.2
Hungary,HUN,1978,27.0
Hungary,HUN,1977,29.3
Hungary,HUN,1976,32.3
Hungary,HUN,1975,35.5
Hungary,HUN,1974,37.7
Hungary,HUN,1973,38.3
Hungary,HUN,1972,38.2
Hungary,HUN,1971,38.3
Hungary,HUN,1970,38.9
Hungary,HUN,1969,39.8
Hungary,HUN,1968,40.8
Hungary,HUN,1967,42.0
Hungary,HUN,1966,43.2
Hungary,HUN,1965,44.5
Hungary,HUN,1964,45.9
Hungary,HUN,1963,47.5
Hungary,HUN,1962,49.4
Hungary,HUN,1961,51.6
Hungary,HUN,1960,54.1
Iceland,ISL,2025,
Iceland,ISL,2024,2.8
Iceland,ISL,2023,2.9
Iceland,ISL,2022,2.9
Iceland,ISL,2021,2.9
Iceland,ISL,2020,2.8
Iceland,ISL,2019,2.8
Iceland,ISL,2018,2.7
Iceland,ISL,2017,2.7
Iceland,ISL,2016,2.6
Iceland,ISL,2015,2.6
Iceland,ISL,2014,2.6
Iceland,ISL,2013,2.6
Iceland,ISL,2012,2.6
Iceland,ISL,2011,2.6
Iceland,ISL,2010,2.7
Iceland,ISL,2009,2.7
Iceland,ISL,2008,2.8
Iceland,ISL,2007,2.8
Iceland,ISL,2006,2.9
Iceland,ISL,2005,3.1
Iceland,ISL,2004,3.2
Iceland,ISL,2003,3.3
Iceland,ISL,2002,3.5
Iceland,ISL,2001,3.7
Iceland,ISL,2000,3.9
Iceland,ISL,1999,4.1
Iceland,ISL,1998,4.4
Iceland,ISL,1997,4.6
Iceland,ISL,1996,4.9
Iceland,ISL,1995,5.2
Iceland,ISL,1994,5.4
Iceland,ISL,1993,5.7
Iceland,ISL,1992,5.9
Iceland,ISL,1991,6.2
Iceland,ISL,1990,6.4
Iceland,ISL,1989,6.6
Iceland,ISL,1988,6.9
Iceland,ISL,1987,7.1
Iceland,ISL,1986,7.4
Iceland,ISL,1985,7.6
Iceland,ISL,1984,7.9
Iceland,ISL,1983,8.3
Iceland,ISL,1982,8.7
Iceland,ISL,1981,9.2
Iceland,ISL,1980,9.7
Iceland,ISL,1979,10.3
Iceland,ISL,1978,10.9
Iceland,ISL,1977,11.5
Iceland,ISL,1976,12.2
Iceland,ISL,1975,12.8
Iceland,ISL,1974,13.5
Iceland,ISL,1973,14.1
Iceland,ISL,1972,14.8
Iceland,ISL,1971,15.4
Iceland,ISL,1970,16.0
Iceland,ISL,1969,16.6
Iceland,ISL,1968,17.2
Iceland,ISL,1967,17.9
Iceland,ISL,1966,18.5
Iceland,ISL,1965,19.1
Iceland,ISL,1964,19.7
Iceland,ISL,1963,20.2
Iceland,ISL,1962,20.7
Iceland,ISL,1961,21.1
Iceland,ISL,1960,21.4
India,IND,2025,
India,IND,2024,26.6
India,IND,2023,28.0
India,IND,2022,29.5
India,IND,2021,31.2
India,IND,2020,33.0
India,IND,2019,34.9
India,IND,2018,36.9
India,IND,2017,39.0
India,IND,2016,41.3
India,IND,2015,43.7
India,IND,2014,46.4
India,IND,2013,49.1
India,IND,2012,52.0
India,IND,2011,55.0
India,IND,2010,58.1
India,IND,2009,61.2
India,IND,2008,64.5
India,IND,2007,67.8
India,IND,2006,71.0
India,IND,2005,74.3
India,IND,2004,77.7
India,IND,2003,81.1
India,IND,2002,84.6
India,IND,2001,88.1
India,IND,2000,91.8
India,IND,1999,95.4
India,IND,1998,99.1
India,IND,1997,102.7
India,IND,1996,106.2
India,IND,1995,109.7
India,IND,1994,113.1
India,IND,1993,116.5
India,IND,1992,119.9
India,IND,1991,123.4
India,IND,1990,127.0
India,IND,1989,130.9
India,IND,1988,134.8
India,IND,1987,138.8
India,IND,1986,142.8
India,IND,1985,146.8
India,IND,1984,151.0
India,IND,1983,155.2
India,IND,1982,159.8
India,IND,1981,164.6
India,IND,1980,169.8
India,IND,1979,175.2
India,IND,1978,180.7
India,IND,1977,186.1
India,IND,1976,191.3
India,IND,1975,196.1
India,IND,1974,200.6
India,IND,1973,204.5
India,IND,1972,208.2
India,IND,1971,211.4
India,IND,1970,214.4
India,IND,1969,217.1
India,IND,1968,219.7
India,IND,1967,222.1
India,IND,1966,224.5
India,IND,1965,227.0
India,IND,1964,229.6
India,IND,1963,232.2
India,IND,1962,235.0
India,IND,1961,238.1
India,IND,1960,241.3
Indonesia,IDN,2025,
Indonesia,IDN,2024,17.7
Indonesia,IDN,2023,18.4
Indonesia,IDN,2022,19.1
Indonesia,IDN,2021,19.9
Indonesia,IDN,2020,20.8
Indonesia,IDN,2019,21.8
Indonesia,IDN,2018,22.8
Indonesia,IDN,2017,23.8
Indonesia,IDN,2016,25.0
Indonesia,IDN,2015,26.1
Indonesia,IDN,2014,27.3
Indonesia,IDN,2013,28.6
Indonesia,IDN,2012,29.9
Indonesia,IDN,2011,31.2
Indonesia,IDN,2010,32.6
Indonesia,IDN,2009,34.1
Indonesia,IDN,2008,35.6
Indonesia,IDN,2007,37.2
Indonesia,IDN,2006,38.9
Indonesia,IDN,2005,40.7
Indonesia,IDN,2004,48.6
Indonesia,IDN,2003,44.6
Indonesia,IDN,2002,46.7
Indonesia,IDN,2001,49.0
Indonesia,IDN,2000,51.4
Indonesia,IDN,1999,53.9
Indonesia,IDN,1998,56.6
Indonesia,IDN,1997,59.4
Indonesia,IDN,1996,62.4
Indonesia,IDN,1995,65.5
Indonesia,IDN,1994,68.8
Indonesia,IDN,1993,72.2
Indonesia,IDN,1992,75.8
Indonesia,IDN,1991,79.4
Indonesia,IDN,1990,83.2
Indonesia,IDN,1989,86.9
Indonesia,IDN,1988,90.7
Indonesia,IDN,1987,94.4
Indonesia,IDN,1986,98.1
Indonesia,IDN,1985,101.8
Indonesia,IDN,1984,105.4
Indonesia,IDN,1983,109.1
Indonesia,IDN,1982,112.8
Indonesia,IDN,1981,116.6
Indonesia,IDN,1980,120.4
Indonesia,IDN,1979,124.2
Indonesia,IDN,1978,128.1
Indonesia,IDN,1977,132.2
Indonesia,IDN,1976,136.4
Indonesia,IDN,1975,140.9
Indonesia,IDN,1974,145.6
Indonesia,IDN,1973,150.5
Indonesia,IDN,1972,155.6
Indonesia,IDN,1971,160.9
Indonesia,IDN,1970,166.3
Indonesia,IDN,1969,171.8
Indonesia,IDN,1968,177.5
Indonesia,IDN,1967,183.3
Indonesia,IDN,1966,189.1
Indonesia,IDN,1965,229.9
Indonesia,IDN,1964,200.7
Indonesia,IDN,1963,206.4
Indonesia,IDN,1962,212.3
Indonesia,IDN,1961,218.2
Indonesia,IDN,1960,224.5
"Iran, Islamic Rep.",IRN,2025,
"Iran, Islamic Rep.",IRN,2024,11.3
"Iran, Islamic Rep.",IRN,2023,11.7
"Iran, Islamic Rep.",IRN,2022,12.1
"Iran, Islamic Rep.",IRN,2021,12.6
"Iran, Islamic Rep.",IRN,2020,13.0
"Iran, Islamic Rep.",IRN,2019,13.4
"Iran, Islamic Rep.",IRN,2018,13.9
"Iran, Islamic Rep.",IRN,2017,14.4
"Iran, Islamic Rep.",IRN,2016,14.9
"Iran, Islamic Rep.",IRN,2015,15.5
"Iran, Islamic Rep.",IRN,2014,16.1
"Iran, Islamic Rep.",IRN,2013,16.8
"Iran, Islamic Rep.",IRN,2012,17.5
"Iran, Islamic Rep.",IRN,2011,18.3
"Iran, Islamic Rep.",IRN,2010,19.3
"Iran, Islamic Rep.",IRN,2009,20.4
"Iran, Islamic Rep.",IRN,2008,21.7
"Iran, Islamic Rep.",IRN,2007,23.1
"Iran, Islamic Rep.",IRN,2006,24.7
"Iran, Islamic Rep.",IRN,2005,26.5
"Iran, Islamic Rep.",IRN,2004,28.3
"Iran, Islamic Rep.",IRN,2003,30.3
"Iran, Islamic Rep.",IRN,2002,32.3
"Iran, Islamic Rep.",IRN,2001,34.3
"Iran, Islamic Rep.",IRN,2000,36.4
"Iran, Islamic Rep.",IRN,1999,38.4
"Iran, Islamic Rep.",IRN,1998,40.4
"Iran, Islamic Rep.",IRN,1997,42.4
"Iran, Islamic Rep.",IRN,1996,44.3
"Iran, Islamic Rep.",IRN,1995,46.2
"Iran, Islamic Rep.",IRN,1994,48.2
"Iran, Islamic Rep.",IRN,1993,50.3
"Iran, Islamic Rep.",IRN,1992,52.5
"Iran, Islamic Rep.",IRN,1991,55.1
"Iran, Islamic Rep.",IRN,1990,58.0
"Iran, Islamic Rep.",IRN,1989,61.1
"Iran, Islamic Rep.",IRN,1988,64.6
"Iran, Islamic Rep.",IRN,1987,68.4
"Iran, Islamic Rep.",IRN,1986,72.5
"Iran, Islamic Rep.",IRN,1985,76.9
"Iran, Islamic Rep.",IRN,1984,81.8
"Iran, Islamic Rep.",IRN,1983,87.3
"Iran, Islamic Rep.",IRN,1982,93.8
"Iran, Islamic Rep.",IRN,1981,101.0
"Iran, Islamic Rep.",IRN,1980,109.2
"Iran, Islamic Rep.",IRN,1979,117.9
"Iran, Islamic Rep.",IRN,1978,127.0
"Iran, Islamic Rep.",IRN,1977,136.3
"Iran, Islamic Rep.",IRN,1976,145.4
"Iran, Islamic Rep.",IRN,1975,154.3
"Iran, Islamic Rep.",IRN,1974,163.0
"Iran, Islamic Rep.",IRN,1973,171.7
"Iran, Islamic Rep.",IRN,1972,180.2
"Iran, Islamic Rep.",IRN,1971,189.2
"Iran, Islamic Rep.",IRN,1970,
"Iran, Islamic Rep.",IRN,1969,
"Iran, Islamic Rep.",IRN,1968,
"Iran, Islamic Rep.",IRN,1967,
"Iran, Islamic Rep.",IRN,1966,
"Iran, Islamic Rep.",IRN,1965,
"Iran, Islamic Rep.",IRN,1964,
"Iran, Islamic Rep.",IRN,1963,
"Iran, Islamic Rep.",IRN,1962,
"Iran, Islamic Rep.",IRN,1961,
"Iran, Islamic Rep.",IRN,1960,
Iraq,IRQ,2025,
Iraq,IRQ,2024,21.8
Iraq,IRQ,2023,22.5
Iraq,IRQ,2022,23.3
Iraq,IRQ,2021,24.0
Iraq,IRQ,2020,24.9
Iraq,IRQ,2019,25.7
Iraq,IRQ,2018,26.5
Iraq,IRQ,2017,27.5
Iraq,IRQ,2016,28.4
Iraq,IRQ,2015,29.3
Iraq,IRQ,2014,30.3
Iraq,IRQ,2013,31.3
Iraq,IRQ,2012,32.4
Iraq,IRQ,2011,33.4
Iraq,IRQ,2010,34.5
Iraq,IRQ,2009,35.6
Iraq,IRQ,2008,36.7
Iraq,IRQ,2007,37.7
Iraq,IRQ,2006,38.8
Iraq,IRQ,2005,39.7
Iraq,IRQ,2004,40.7
Iraq,IRQ,2003,41.6
Iraq,IRQ,2002,42.5
Iraq,IRQ,2001,43.4
Iraq,IRQ,2000,44.3
Iraq,IRQ,1999,45.3
Iraq,IRQ,1998,46.3
Iraq,IRQ,1997,47.2
Iraq,IRQ,1996,48.2
Iraq,IRQ,1995,49.1
Iraq,IRQ,1994,50.0
Iraq,IRQ,1993,50.9
Iraq,IRQ,1992,51.9
Iraq,IRQ,1991,65.7
Iraq,IRQ,1990,81.4
Iraq,IRQ,1989,82.9
Iraq,IRQ,1988,70.2
Iraq,IRQ,1987,57.8
Iraq,IRQ,1986,59.4
Iraq,IRQ,1985,61.1
Iraq,IRQ,1984,63.0
Iraq,IRQ,1983,65.1
Iraq,IRQ,1982,67.3
Iraq,IRQ,1981,69.8
Iraq,IRQ,1980,72.4
Iraq,IRQ,1979,75.3
Iraq,IRQ,1978,78.4
Iraq,IRQ,1977,81.7
Iraq,IRQ,1976,85.3
Iraq,IRQ,1975,89.2
Iraq,IRQ,1974,93.3
Iraq,IRQ,1973,97.7
Iraq,IRQ,1972,102.3
Iraq,IRQ,1971,107.1
Iraq,IRQ,1970,112.2
Iraq,IRQ,1969,117.6
Iraq,IRQ,1968,123.3
Iraq,IRQ,1967,129.5
Iraq,IRQ,1966,136.2
Iraq,IRQ,1965,143.4
Iraq,IRQ,1964,151.2
Iraq,IRQ,1963,159.8
Iraq,IRQ,1962,169.0
Iraq,IRQ,1961,179.0
Iraq,IRQ,1960,189.9
Ireland,IRL,2025,
Ireland,IRL,2024,3.9
Ireland,IRL,2023,3.8
Ireland,IRL,2022,3.7
Ireland,IRL,2021,3.6
Ireland,IRL,2020,3.5
Ireland,IRL,2019,3.4
Ireland,IRL,2018,3.4
Ireland,IRL,2017,3.5
Ireland,IRL,2016,3.6
Ireland,IRL,2015,3.7
Ireland,IRL,2014,3.8
Ireland,IRL,2013,3.9
Ireland,IRL,2012,4.0
Ireland,IRL,2011,4.1
Ireland,IRL,2010,4.2
Ireland,IRL,2009,4.3
Ireland,IRL,2008,4.4
Ireland,IRL,2007,4.6
Ireland,IRL,2006,4.8
Ireland,IRL,2005,5.2
Ireland,IRL,2004,5.6
Ireland,IRL,2003,6.1
Ireland,IRL,2002,6.5
Ireland,IRL,2001,6.9
Ireland,IRL,2000,7.2
Ireland,IRL,1999,7.3
Ireland,IRL,1998,7.3
Ireland,IRL,1997,7.3
Ireland,IRL,1996,7.3
Ireland,IRL,1995,7.3
Ireland,IRL,1994,7.4
Ireland,IRL,1993,7.7
Ireland,IRL,1992,8.1
Ireland,IRL,1991,8.7
Ireland,IRL,1990,9.2
Ireland,IRL,1989,9.6
Ireland,IRL,1988,9.9
Ireland,IRL,1987,10.2
Ireland,IRL,1986,10.4
Ireland,IRL,1985,10.7
Ireland,IRL,1984,11.1
Ireland,IRL,1983,11.7
Ireland,IRL,1982,12.4
Ireland,IRL,1981,13.2
Ireland,IRL,1980,14.3
Ireland,IRL,1979,15.6
Ireland,IRL,1978,16.9
Ireland,IRL,1977,18.1
Ireland,IRL,1976,19.1
Ireland,IRL,1975,20.0
Ireland,IRL,1974,20.6
Ireland,IRL,1973,21.1
Ireland,IRL,1972,21.4
Ireland,IRL,1971,21.7
Ireland,IRL,1970,22.2
Ireland,IRL,1969,23.0
Ireland,IRL,1968,24.1
Ireland,IRL,1967,25.5
Ireland,IRL,1966,27.1
Ireland,IRL,1965,28.7
Ireland,IRL,1964,30.1
Ireland,IRL,1963,31.3
Ireland,IRL,1962,32.5
Ireland,IRL,1961,33.8
Ireland,IRL,1960,35.2
Isle of Man,IMN,2025,
Isle of Man,IMN,2024,
Isle of Man,IMN,2023,
Isle of Man,IMN,2022,
Isle of Man,IMN,2021,
Isle of Man,IMN,2020,
Isle of Man,IMN,2019,
Isle of Man,IMN,2018,
Isle of Man,IMN,2017,
Isle of Man,IMN,2016,
Isle of Man,IMN,2015,
Isle of Man,IMN,2014,
Isle of Man,IMN,2013,
Isle of Man,IMN,2012,
Isle of Man,IMN,2011,
Isle of Man,IMN,2010,
Isle of Man,IMN,2009,
Isle of Man,IMN,2008,
Isle of Man,IMN,2007,
Isle of Man,IMN,2006,
Isle of Man,IMN,2005,
Isle of Man,IMN,2004,
Isle of Man,IMN,2003,
Isle of Man,IMN,2002,
Isle of Man,IMN,2001,
Isle of Man,IMN,2000,
Isle of Man,IMN,1999,
Isle of Man,IMN,1998,
Isle of Man,IMN,1997,
Isle of Man,IMN,1996,
Isle of Man,IMN,1995,
Isle of Man,IMN,1994,
Isle of Man,IMN,1993,
Isle of Man,IMN,1992,
Isle of Man,IMN,1991,
Isle of Man,IMN,1990,
Isle of Man,IMN,1989,
Isle of Man,IMN,1988,
Isle of Man,IMN,1987,
Isle of Man,IMN,1986,
Isle of Man,IMN,1985,
Isle of Man,IMN,1984,
Isle of Man,IMN,1983,
Isle of Man,IMN,1982,
Isle of Man,IMN,1981,
Isle of Man,IMN,1980,
Isle of Man,IMN,1979,
Isle of Man,IMN,1978,
Isle of Man,IMN,1977,
Isle of Man,IMN,1976,
Isle of Man,IMN,1975,
Isle of Man,IMN,1974,
Isle of Man,IMN,1973,
Isle of Man,IMN,1972,
Isle of Man,IMN,1971,
Isle of Man,IMN,1970,
Isle of Man,IMN,1969,
Isle of Man,IMN,1968,
Isle of Man,IMN,1967,
Isle of Man,IMN,1966,
Isle of Man,IMN,1965,
Isle of Man,IMN,1964,
Isle of Man,IMN,1963,
Isle of Man,IMN,1962,
Isle of Man,IMN,1961,
Isle of Man,IMN,1960,
Israel,ISR,2025,
Israel,ISR,2024,3.3
Israel,ISR,2023,3.4
Israel,ISR,2022,3.4
Israel,ISR,2021,3.5
Israel,ISR,2020,3.5
Israel,ISR,2019,3.6
Israel,ISR,2018,3.7
Israel,ISR,2017,3.7
Israel,ISR,2016,3.8
Israel,ISR,2015,3.9
Israel,ISR,2014,4.0
Israel,ISR,2013,4.1
Israel,ISR,2012,4.3
Israel,ISR,2011,4.4
Israel,ISR,2010,4.6
Israel,ISR,2009,4.7
Israel,ISR,2008,4.9
Israel,ISR,2007,5.1
Israel,ISR,2006,5.3
Israel,ISR,2005,5.6
Israel,ISR,2004,5.8
Israel,ISR,2003,6.1
Israel,ISR,2002,6.4
Israel,ISR,2001,6.6
Israel,ISR,2000,6.9
Israel,ISR,1999,7.2
Israel,ISR,1998,7.5
Israel,ISR,1997,7.8
Israel,ISR,1996,8.2
Israel,ISR,1995,8.7
Israel,ISR,1994,9.2
Israel,ISR,1993,9.8
Israel,ISR,1992,10.4
Israel,ISR,1991,11.0
Israel,ISR,1990,11.5
Israel,ISR,1989,12.0
Israel,ISR,1988,12.6
Israel,ISR,1987,13.1
Israel,ISR,1986,13.7
Israel,ISR,1985,14.4
Israel,ISR,1984,15.1
Israel,ISR,1983,15.9
Israel,ISR,1982,16.6
Israel,ISR,1981,17.4
Israel,ISR,1980,18.2
Israel,ISR,1979,19.3
Israel,ISR,1978,20.5
Israel,ISR,1977,21.9
Israel,ISR,1976,23.3
Israel,ISR,1975,24.8
Israel,ISR,1974,26.1
Israel,ISR,1973,27.2
Israel,ISR,1972,28.2
Israel,ISR,1971,29.1
Israel,ISR,1970,30.0
Israel,ISR,1969,31.1
Israel,ISR,1968,32.3
Israel,ISR,1967,33.6
Israel,ISR,1966,35.1
Israel,ISR,1965,36.8
Israel,ISR,1964,38.6
Israel,ISR,1963,40.6
Israel,ISR,1962,42.6
Israel,ISR,1961,44.8
Israel,ISR,1960,47.1
Italy,ITA,2025,
Italy,ITA,2024,2.7
Italy,ITA,2023,2.8
Italy,ITA,2022,2.8
Italy,ITA,2021,2.9
Italy,ITA,2020,3.0
Italy,ITA,2019,3.1
Italy,ITA,2018,3.2
Italy,ITA,2017,3.3
Italy,ITA,2016,3.4
Italy,ITA,2015,3.5
Italy,ITA,2014,3.6
Italy,ITA,2013,3.7
Italy,ITA,2012,3.8
Italy,ITA,2011,3.9
Italy,ITA,2010,4.0
Italy,ITA,2009,4.1
Italy,ITA,2008,4.1
Italy,ITA,2007,4.2
Italy,ITA,2006,4.3
Italy,ITA,2005,4.5
Italy,ITA,2004,4.6
Italy,ITA,2003,4.8
Italy,ITA,2002,5.1
Italy,ITA,2001,5.3
Italy,ITA,2000,5.6
Italy,ITA,1999,5.9
Italy,ITA,1998,6.2
Italy,ITA,1997,6.6
Italy,ITA,1996,7.0
Italy,ITA,1995,7.5
Italy,ITA,1994,8.0
Italy,ITA,1993,8.5
Italy,ITA,1992,8.9
Italy,ITA,1991,9.3
Italy,ITA,1990,9.7
Italy,ITA,1989,10.0
Italy,ITA,1988,10.4
Italy,ITA,1987,10.8
Italy,ITA,1986,11.4
Italy,ITA,1985,12.0
Italy,ITA,1984,12.7
Italy,ITA,1983,13.5
Italy,ITA,1982,14.3
Italy,ITA,1981,15.2
Italy,ITA,1980,16.1
Italy,ITA,1979,17.0
Italy,ITA,1978,18.1
Italy,ITA,1977,19.5
Italy,ITA,1976,21.1
Italy,ITA,1975,23.1
Italy,ITA,1974,25.3
Italy,ITA,1973,27.6
Italy,ITA,1972,29.8
Italy,ITA,1971,31.8
Italy,ITA,1970,33.6
Italy,ITA,1969,35.1
Italy,ITA,1968,36.4
Italy,ITA,1967,37.8
Italy,ITA,1966,39.3
Italy,ITA,1965,41.1
Italy,ITA,1964,43.1
Italy,ITA,1963,45.3
Italy,ITA,1962,47.6
Italy,ITA,1961,49.8
Italy,ITA,1960,51.9
Jamaica,JAM,2025,
Jamaica,JAM,2024,17.8
Jamaica,JAM,2023,18.1
Jamaica,JAM,2022,18.4
Jamaica,JAM,2021,18.6
Jamaica,JAM,2020,18.7
Jamaica,JAM,2019,18.8
Jamaica,JAM,2018,18.7
Jamaica,JAM,2017,18.7
Jamaica,JAM,2016,18.7
Jamaica,JAM,2015,18.7
Jamaica,JAM,2014,18.8
Jamaica,JAM,2013,18.9
Jamaica,JAM,2012,18.9
Jamaica,JAM,2011,19.0
Jamaica,JAM,2010,19.0
Jamaica,JAM,2009,19.1
Jamaica,JAM,2008,19.1
Jamaica,JAM,2007,19.1
Jamaica,JAM,2006,19.1
Jamaica,JAM,2005,19.1
Jamaica,JAM,2004,19.1
Jamaica,JAM,2003,19.3
Jamaica,JAM,2002,19.6
Jamaica,JAM,2001,20.0
Jamaica,JAM,2000,20.5
Jamaica,JAM,1999,21.1
Jamaica,JAM,1998,21.9
Jamaica,JAM,1997,22.6
Jamaica,JAM,1996,23.4
Jamaica,JAM,1995,24.3
Jamaica,JAM,1994,25.0
Jamaica,JAM,1993,25.8
Jamaica,JAM,1992,26.5
Jamaica,JAM,1991,27.3
Jamaica,JAM,1990,28.0
Jamaica,JAM,1989,28.7
Jamaica,JAM,1988,29.4
Jamaica,JAM,1987,30.2
Jamaica,JAM,1986,31.0
Jamaica,JAM,1985,32.0
Jamaica,JAM,1984,32.9
Jamaica,JAM,1983,33.9
Jamaica,JAM,1982,35.0
Jamaica,JAM,1981,36.2
Jamaica,JAM,1980,37.5
Jamaica,JAM,1979,38.8
Jamaica,JAM,1978,40.1
Jamaica,JAM,1977,41.6
Jamaica,JAM,1976,43.2
Jamaica,JAM,1975,45.0
Jamaica,JAM,1974,46.9
Jamaica,JAM,1973,49.1
Jamaica,JAM,1972,51.4
Jamaica,JAM,1971,53.8
Jamaica,JAM,1970,56.1
Jamaica,JAM,1969,58.4
Jamaica,JAM,1968,60.6
Jamaica,JAM,1967,62.7
Jamaica,JAM,1966,64.8
Jamaica,JAM,1965,66.9
Jamaica,JAM,1964,69.2
Jamaica,JAM,1963,71.8
Jamaica,JAM,1962,74.8
Jamaica,JAM,1961,78.2
Jamaica,JAM,1960,82.0
Japan,JPN,2025,
Japan,JPN,2024,2.4
Japan,JPN,2023,2.4
Japan,JPN,2022,2.4
Japan,JPN,2021,2.4
Japan,JPN,2020,2.4
Japan,JPN,2019,2.5
Japan,JPN,2018,2.5
Japan,JPN,2017,2.6
Japan,JPN,2016,2.7
Japan,JPN,2015,2.8
Japan,JPN,2014,2.9
Japan,JPN,2013,3.0
Japan,JPN,2012,3.1
Japan,JPN,2011,3.3
Japan,JPN,2010,3.3
Japan,JPN,2009,3.4
Japan,JPN,2008,3.4
Japan,JPN,2007,3.5
Japan,JPN,2006,3.6
Japan,JPN,2005,3.7
Japan,JPN,2004,3.9
Japan,JPN,2003,4.0
Japan,JPN,2002,4.1
Japan,JPN,2001,4.3
Japan,JPN,2000,4.5
Japan,JPN,1999,4.7
Japan,JPN,1998,5.0
Japan,JPN,1997,5.2
Japan,JPN,1996,5.5
Japan,JPN,1995,5.7
Japan,JPN,1994,5.9
Japan,JPN,1993,6.0
Japan,JPN,1992,6.1
Japan,JPN,1991,6.2
Japan,JPN,1990,6.3
Japan,JPN,1989,6.4
Japan,JPN,1988,6.6
Japan,JPN,1987,6.8
Japan,JPN,1986,7.1
Japan,JPN,1985,7.5
Japan,JPN,1984,7.9
Japan,JPN,1983,8.3
Japan,JPN,1982,8.8
Japan,JPN,1981,9.3
Japan,JPN,1980,9.9
Japan,JPN,1979,10.5
Japan,JPN,1978,11.1
Japan,JPN,1977,11.8
Japan,JPN,1976,12.5
Japan,JPN,1975,13.3
Japan,JPN,1974,14.1
Japan,JPN,1973,14.9
Japan,JPN,1972,15.7
Japan,JPN,1971,16.5
Japan,JPN,1970,17.5
Japan,JPN,1969,18.5
Japan,JPN,1968,19.6
Japan,JPN,1967,21.0
Japan,JPN,1966,22.6
Japan,JPN,1965,24.6
Japan,JPN,1964,27.0
Japan,JPN,1963,29.7
Japan,JPN,1962,32.9
Japan,JPN,1961,36.3
Japan,JPN,1960,39.8
Jordan,JOR,2025,
Jordan,JOR,2024,12.9
Jordan,JOR,2023,13.3
Jordan,JOR,2022,13.7
Jordan,JOR,2021,14.1
Jordan,JOR,2020,14.5
Jordan,JOR,2019,14.9
Jordan,JOR,2018,15.3
Jordan,JOR,2017,15.7
Jordan,JOR,2016,16.1
Jordan,JOR,2015,16.5
Jordan,JOR,2014,17.0
Jordan,JOR,2013,17.4
Jordan,JOR,2012,17.9
Jordan,JOR,2011,18.4
Jordan,JOR,2010,18.9
Jordan,JOR,2009,19.5
Jordan,JOR,2008,20.1
Jordan,JOR,2007,20.7
Jordan,JOR,2006,21.3
Jordan,JOR,2005,22.0
Jordan,JOR,2004,22.7
Jordan,JOR,2003,23.5
Jordan,JOR,2002,24.2
Jordan,JOR,2001,25.0
Jordan,JOR,2000,25.8
Jordan,JOR,1999,26.6
Jordan,JOR,1998,27.5
Jordan,JOR,1997,28.3
Jordan,JOR,1996,29.2
Jordan,JOR,1995,30.1
Jordan,JOR,1994,31.1
Jordan,JOR,1993,32.1
Jordan,JOR,1992,33.2
Jordan,JOR,1991,34.3
Jordan,JOR,1990,35.6
Jordan,JOR,1989,37.0
Jordan,JOR,1988,38.4
Jordan,JOR,1987,40.1
Jordan,JOR,1986,41.8
Jordan,JOR,1985,43.8
Jordan,JOR,1984,45.8
Jordan,JOR,1983,48.0
Jordan,JOR,1982,50.3
Jordan,JOR,1981,52.7
Jordan,JOR,1980,55.2
Jordan,JOR,1979,57.9
Jordan,JOR,1978,60.7
Jordan,JOR,1977,63.7
Jordan,JOR,1976,66.9
Jordan,JOR,1975,70.2
Jordan,JOR,1974,73.7
Jordan,JOR,1973,77.4
Jordan,JOR,1972,81.3
Jordan,JOR,1971,85.5
Jordan,JOR,1970,89.8
Jordan,JOR,1969,94.5
Jordan,JOR,1968,99.4
Jordan,JOR,1967,104.7
Jordan,JOR,1966,110.4
Jordan,JOR,1965,116.6
Jordan,JOR,1964,123.2
Jordan,JOR,1963,130.5
Jordan,JOR,1962,138.2
Jordan,JOR,1961,146.5
Jordan,JOR,1960,155.4
Kazakhstan,KAZ,2025,
Kazakhstan,KAZ,2024,9.4
Kazakhstan,KAZ,2023,9.6
Kazakhstan,KAZ,2022,9.8
Kazakhstan,KAZ,2021,10.0
Kazakhstan,KAZ,2020,10.1
Kazakhstan,KAZ,2019,10.2
Kazakhstan,KAZ,2018,10.3
Kazakhstan,KAZ,2017,10.5
Kazakhstan,KAZ,2016,11.0
Kazakhstan,KAZ,2015,11.9
Kazakhstan,KAZ,2014,13.0
Kazakhstan,KAZ,2013,14.5
Kazakhstan,KAZ,2012,16.3
Kazakhstan,KAZ,2011,18.3
Kazakhstan,KAZ,2010,20.4
Kazakhstan,KAZ,2009,22.5
Kazakhstan,KAZ,2008,24.7
Kazakhstan,KAZ,2007,26.8
Kazakhstan,KAZ,2006,28.9
Kazakhstan,KAZ,2005,31.0
Kazakhstan,KAZ,2004,33.0
Kazakhstan,KAZ,2003,35.1
Kazakhstan,KAZ,2002,37.2
Kazakhstan,KAZ,2001,39.6
Kazakhstan,KAZ,2000,42.1
Kazakhstan,KAZ,1999,44.7
Kazakhstan,KAZ,1998,47.1
Kazakhstan,KAZ,1997,49.3
Kazakhstan,KAZ,1996,51.0
Kazakhstan,KAZ,1995,51.9
Kazakhstan,KAZ,1994,52.1
Kazakhstan,KAZ,1993,51.7
Kazakhstan,KAZ,1992,51.1
Kazakhstan,KAZ,1991,50.8
Kazakhstan,KAZ,1990,51.1
Kazakhstan,KAZ,1989,51.9
Kazakhstan,KAZ,1988,53.2
Kazakhstan,KAZ,1987,55.0
Kazakhstan,KAZ,1986,57.0
Kazakhstan,KAZ,1985,59.2
Kazakhstan,KAZ,1984,61.4
Kazakhstan,KAZ,1983,63.6
Kazakhstan,KAZ,1982,65.8
Kazakhstan,KAZ,1981,68.1
Kazakhstan,KAZ,1980,70.2
Kazakhstan,KAZ,1979,72.2
Kazakhstan,KAZ,1978,73.7
Kazakhstan,KAZ,1977,75.2
Kazakhstan,KAZ,1976,76.5
Kazakhstan,KAZ,1975,78.1
Kazakhstan,KAZ,1974,79.7
Kazakhstan,KAZ,1973,81.6
Kazakhstan,KAZ,1972,83.5
Kazakhstan,KAZ,1971,85.6
Kazakhstan,KAZ,1970,
Kazakhstan,KAZ,1969,
Kazakhstan,KAZ,1968,
Kazakhstan,KAZ,1967,
Kazakhstan,KAZ,1966,
Kazakhstan,KAZ,1965,
Kazakhstan,KAZ,1964,
Kazakhstan,KAZ,1963,
Kazakhstan,KAZ,1962,
Kazakhstan,KAZ,1961,
Kazakhstan,KAZ,1960,
Kenya,KEN,2025,
Kenya,KEN,2024,38.8
Kenya,KEN,2023,39.6
Kenya,KEN,2022,40.5
Kenya,KEN,2021,41.3
Kenya,KEN,2020,42.1
Kenya,KEN,2019,42.7
Kenya,KEN,2018,43.7
Kenya,KEN,2017,44.7
Kenya,KEN,2016,45.5
Kenya,KEN,2015,46.8
Kenya,KEN,2014,48.3
Kenya,KEN,2013,49.4
Kenya,KEN,2012,50.7
Kenya,KEN,2011,51.7
Kenya,KEN,2010,53.1
Kenya,KEN,2009,55.2
Kenya,KEN,2008,58.0
Kenya,KEN,2007,62.9
Kenya,KEN,2006,66.8
Kenya,KEN,2005,71.2
Kenya,KEN,2004,76.1
Kenya,KEN,2003,80.8
Kenya,KEN,2002,85.6
Kenya,KEN,2001,90.5
Kenya,KEN,2000,95.2
Kenya,KEN,1999,99.5
Kenya,KEN,1998,103.0
Kenya,KEN,1997,105.9
Kenya,KEN,1996,108.0
Kenya,KEN,1995,109.3
Kenya,KEN,1994,109.7
Kenya,KEN,1993,109.0
Kenya,KEN,1992,107.1
Kenya,KEN,1991,104.4
Kenya,KEN,1990,101.4
Kenya,KEN,1989,98.6
Kenya,KEN,1988,96.4
Kenya,KEN,1987,95.2
Kenya,KEN,1986,95.1
Kenya,KEN,1985,95.9
Kenya,KEN,1984,97.5
Kenya,KEN,1983,99.8
Kenya,KEN,1982,102.7
Kenya,KEN,1981,106.0
Kenya,KEN,1980,109.7
Kenya,KEN,1979,113.5
Kenya,KEN,1978,117.8
Kenya,KEN,1977,122.2
Kenya,KEN,1976,126.6
Kenya,KEN,1975,131.0
Kenya,KEN,1974,135.2
Kenya,KEN,1973,139.3
Kenya,KEN,1972,143.2
Kenya,KEN,1971,146.8
Kenya,KEN,1970,150.2
Kenya,KEN,1969,153.6
Kenya,KEN,1968,156.8
Kenya,KEN,1967,160.0
Kenya,KEN,1966,163.2
Kenya,KEN,1965,166.6
Kenya,KEN,1964,170.7
Kenya,KEN,1963,175.8
Kenya,KEN,1962,182.0
Kenya,KEN,1961,189.1
Kenya,KEN,1960,197.2
Kiribati,KIR,2025,
Kiribati,KIR,2024,53.1
Kiribati,KIR,2023,54.5
Kiribati,KIR,2022,55.9
Kiribati,KIR,2021,57.2
Kiribati,KIR,2020,58.3
Kiribati,KIR,2019,59.1
Kiribati,KIR,2018,59.6
Kiribati,KIR,2017,59.6
Kiribati,KIR,2016,59.1
Kiribati,KIR,2015,58.6
Kiribati,KIR,2014,58.0
Kiribati,KIR,2013,57.7
Kiribati,KIR,2012,57.4
Kiribati,KIR,2011,57.5
Kiribati,KIR,2010,57.7
Kiribati,KIR,2009,58.2
Kiribati,KIR,2008,58.7
Kiribati,KIR,2007,59.2
Kiribati,KIR,2006,59.7
Kiribati,KIR,2005,60.1
Kiribati,KIR,2004,60.7
Kiribati,KIR,2003,61.4
Kiribati,KIR,2002,62.5
Kiribati,KIR,2001,64.1
Kiribati,KIR,2000,65.8
Kiribati,KIR,1999,67.8
Kiribati,KIR,1998,69.8
Kiribati,KIR,1997,71.9
Kiribati,KIR,1996,73.9
Kiribati,KIR,1995,76.1
Kiribati,KIR,1994,78.5
Kiribati,KIR,1993,81.2
Kiribati,KIR,1992,84.2
Kiribati,KIR,1991,87.5
Kiribati,KIR,1990,91.2
Kiribati,KIR,1989,94.8
Kiribati,KIR,1988,98.7
Kiribati,KIR,1987,102.2
Kiribati,KIR,1986,105.5
Kiribati,KIR,1985,108.3
Kiribati,KIR,1984,110.9
Kiribati,KIR,1983,113.1
Kiribati,KIR,1982,115.2
Kiribati,KIR,1981,117.2
Kiribati,KIR,1980,118.7
Kiribati,KIR,1979,120.2
Kiribati,KIR,1978,121.4
Kiribati,KIR,1977,122.5
Kiribati,KIR,1976,123.7
Kiribati,KIR,1975,125.0
Kiribati,KIR,1974,126.9
Kiribati,KIR,1973,129.1
Kiribati,KIR,1972,132.3
Kiribati,KIR,1971,136.3
Kiribati,KIR,1970,140.8
Kiribati,KIR,1969,145.8
Kiribati,KIR,1968,151.4
Kiribati,KIR,1967,157.4
Kiribati,KIR,1966,163.6
Kiribati,KIR,1965,170.0
Kiribati,KIR,1964,176.5
Kiribati,KIR,1963,182.7
Kiribati,KIR,1962,188.7
Kiribati,KIR,1961,194.2
Kiribati,KIR,1960,199.0
"Korea, Dem. People's Rep.",PRK,2025,
"Korea, Dem. People's Rep.",PRK,2024,16.7
"Korea, Dem. People's Rep.",PRK,2023,18.0
"Korea, Dem. People's Rep.",PRK,2022,17.7
"Korea, Dem. People's Rep.",PRK,2021,17.4
"Korea, Dem. People's Rep.",PRK,2020,17.4
"Korea, Dem. People's Rep.",PRK,2019,17.7
"Korea, Dem. People's Rep.",PRK,2018,18.4
"Korea, Dem. People's Rep.",PRK,2017,19.1
"Korea, Dem. People's Rep.",PRK,2016,20.6
"Korea, Dem. People's Rep.",PRK,2015,21.4
"Korea, Dem. People's Rep.",PRK,2014,22.6
"Korea, Dem. People's Rep.",PRK,2013,24.1
"Korea, Dem. People's Rep.",PRK,2012,25.7
"Korea, Dem. People's Rep.",PRK,2011,27.2
"Korea, Dem. People's Rep.",PRK,2010,28.7
"Korea, Dem. People's Rep.",PRK,2009,30.0
"Korea, Dem. People's Rep.",PRK,2008,31.0
"Korea, Dem. People's Rep.",PRK,2007,32.4
"Korea, Dem. People's Rep.",PRK,2006,32.8
"Korea, Dem. People's Rep.",PRK,2005,33.3
"Korea, Dem. People's Rep.",PRK,2004,33.8
"Korea, Dem. People's Rep.",PRK,2003,34.5
"Korea, Dem. People's Rep.",PRK,2002,97.8
"Korea, Dem. People's Rep.",PRK,2001,99.0
"Korea, Dem. People's Rep.",PRK,2000,100.2
"Korea, Dem. People's Rep.",PRK,1999,101.7
"Korea, Dem. People's Rep.",PRK,1998,103.2
"Korea, Dem. People's Rep.",PRK,1997,104.6
"Korea, Dem. People's Rep.",PRK,1996,106.2
"Korea, Dem. People's Rep.",PRK,1995,107.7
"Korea, Dem. People's Rep.",PRK,1994,42.5
"Korea, Dem. People's Rep.",PRK,1993,42.7
"Korea, Dem. People's Rep.",PRK,1992,42.5
"Korea, Dem. People's Rep.",PRK,1991,41.8
"Korea, Dem. People's Rep.",PRK,1990,40.7
"Korea, Dem. People's Rep.",PRK,1989,39.5
"Korea, Dem. People's Rep.",PRK,1988,38.3
"Korea, Dem. People's Rep.",PRK,1987,37.8
"Korea, Dem. People's Rep.",PRK,1986,36.8
"Korea, Dem. People's Rep.",PRK,1985,36.8
"Korea, Dem. People's Rep.",PRK,1984,37.1
"Korea, Dem. People's Rep.",PRK,1983,38.0
"Korea, Dem. People's Rep.",PRK,1982,39.1
"Korea, Dem. People's Rep.",PRK,1981,40.5
"Korea, Dem. People's Rep.",PRK,1980,42.2
"Korea, Dem. People's Rep.",PRK,1979,44.0
"Korea, Dem. People's Rep.",PRK,1978,45.9
"Korea, Dem. People's Rep.",PRK,1977,48.0
"Korea, Dem. People's Rep.",PRK,1976,50.3
"Korea, Dem. People's Rep.",PRK,1975,52.8
"Korea, Dem. People's Rep.",PRK,1974,55.6
"Korea, Dem. People's Rep.",PRK,1973,58.6
"Korea, Dem. People's Rep.",PRK,1972,62.0
"Korea, Dem. People's Rep.",PRK,1971,65.8
"Korea, Dem. People's Rep.",PRK,1970,69.9
"Korea, Dem. People's Rep.",PRK,1969,74.5
"Korea, Dem. People's Rep.",PRK,1968,79.4
"Korea, Dem. People's Rep.",PRK,1967,84.5
"Korea, Dem. People's Rep.",PRK,1966,89.6
"Korea, Dem. People's Rep.",PRK,1965,94.6
"Korea, Dem. People's Rep.",PRK,1964,99.2
"Korea, Dem. People's Rep.",PRK,1963,103.6
"Korea, Dem. People's Rep.",PRK,1962,107.6
"Korea, Dem. People's Rep.",PRK,1961,111.6
"Korea, Dem. People's Rep.",PRK,1960,115.8
"Korea, Rep.",KOR,2025,
"Korea, Rep.",KOR,2024,2.8
"Korea, Rep.",KOR,2023,2.9
"Korea, Rep.",KOR,2022,2.9
"Korea, Rep.",KOR,2021,3.0
"Korea, Rep.",KOR,2020,3.1
"Korea, Rep.",KOR,2019,3.1
"Korea, Rep.",KOR,2018,3.2
"Korea, Rep.",KOR,2017,3.3
"Korea, Rep.",KOR,2016,3.4
"Korea, Rep.",KOR,2015,3.5
"Korea, Rep.",KOR,2014,3.6
"Korea, Rep.",KOR,2013,3.7
"Korea, Rep.",KOR,2012,3.8
"Korea, Rep.",KOR,2011,4.0
"Korea, Rep.",KOR,2010,4.1
"Korea, Rep.",KOR,2009,4.3
"Korea, Rep.",KOR,2008,4.5
"Korea, Rep.",KOR,2007,4.8
"Korea, Rep.",KOR,2006,5.2
"Korea, Rep.",KOR,2005,5.6
"Korea, Rep.",KOR,2004,6.0
"Korea, Rep.",KOR,2003,6.4
"Korea, Rep.",KOR,2002,6.8
"Korea, Rep.",KOR,2001,7.2
"Korea, Rep.",KOR,2000,7.6
"Korea, Rep.",KOR,1999,8.0
"Korea, Rep.",KOR,1998,8.5
"Korea, Rep.",KOR,1997,9.1
"Korea, Rep.",KOR,1996,9.8
"Korea, Rep.",KOR,1995,10.5
"Korea, Rep.",KOR,1994,11.4
"Korea, Rep.",KOR,1993,12.3
"Korea, Rep.",KOR,1992,13.3
"Korea, Rep.",KOR,1991,14.5
"Korea, Rep.",KOR,1990,15.7
"Korea, Rep.",KOR,1989,17.1
"Korea, Rep.",KOR,1988,18.7
"Korea, Rep.",KOR,1987,20.5
"Korea, Rep.",KOR,1986,22.4
"Korea, Rep.",KOR,1985,24.6
"Korea, Rep.",KOR,1984,26.9
"Korea, Rep.",KOR,1983,29.3
"Korea, Rep.",KOR,1982,31.6
"Korea, Rep.",KOR,1981,34.0
"Korea, Rep.",KOR,1980,36.3
"Korea, Rep.",KOR,1979,38.5
"Korea, Rep.",KOR,1978,40.4
"Korea, Rep.",KOR,1977,42.4
"Korea, Rep.",KOR,1976,44.2
"Korea, Rep.",KOR,1975,46.2
"Korea, Rep.",KOR,1974,48.3
"Korea, Rep.",KOR,1973,50.8
"Korea, Rep.",KOR,1972,53.7
"Korea, Rep.",KOR,1971,57.2
"Korea, Rep.",KOR,1970,61.4
"Korea, Rep.",KOR,1969,66.0
"Korea, Rep.",KOR,1968,71.1
"Korea, Rep.",KOR,1967,76.5
"Korea, Rep.",KOR,1966,81.9
"Korea, Rep.",KOR,1965,87.3
"Korea, Rep.",KOR,1964,92.4
"Korea, Rep.",KOR,1963,97.4
"Korea, Rep.",KOR,1962,102.3
"Korea, Rep.",KOR,1961,107.2
"Korea, Rep.",KOR,1960,112.9
Kosovo,XKX,2025,
Kosovo,XKX,2024,8.7
Kosovo,XKX,2023,9.1
Kosovo,XKX,2022,9.5
Kosovo,XKX,2021,10.0
Kosovo,XKX,2020,10.5
Kosovo,XKX,2019,11.2
Kosovo,XKX,2018,11.9
Kosovo,XKX,2017,12.6
Kosovo,XKX,2016,13.4
Kosovo,XKX,2015,14.3
Kosovo,XKX,2014,15.2
Kosovo,XKX,2013,16.3
Kosovo,XKX,2012,17.4
Kosovo,XKX,2011,18.7
Kosovo,XKX,2010,20.1
Kosovo,XKX,2009,21.7
Kosovo,XKX,2008,23.6
Kosovo,XKX,2007,25.7
Kosovo,XKX,2006,28.0
Kosovo,XKX,2005,30.6
Kosovo,XKX,2004,33.5
Kosovo,XKX,2003,36.7
Kosovo,XKX,2002,40.3
Kosovo,XKX,2001,44.2
Kosovo,XKX,2000,48.4
Kosovo,XKX,1999,52.8
Kosovo,XKX,1998,57.6
Kosovo,XKX,1997,62.6
Kosovo,XKX,1996,67.7
Kosovo,XKX,1995,73.2
Kosovo,XKX,1994,78.9
Kosovo,XKX,1993,84.8
Kosovo,XKX,1992,91.0
Kosovo,XKX,1991,97.5
Kosovo,XKX,1990,104.4
Kosovo,XKX,1989,111.9
Kosovo,XKX,1988,120.0
Kosovo,XKX,1987,128.5
Kosovo,XKX,1986,137.8
Kosovo,XKX,1985,147.9
Kosovo,XKX,1984,
Kosovo,XKX,1983,
Kosovo,XKX,1982,
Kosovo,XKX,1981,
Kosovo,XKX,1980,
Kosovo,XKX,1979,
Kosovo,XKX,1978,
Kosovo,XKX,1977,
Kosovo,XKX,1976,
Kosovo,XKX,1975,
Kosovo,XKX,1974,
Kosovo,XKX,1973,
Kosovo,XKX,1972,
Kosovo,XKX,1971,
Kosovo,XKX,1970,
Kosovo,XKX,1969,
Kosovo,XKX,1968,
Kosovo,XKX,1967,
Kosovo,XKX,1966,
Kosovo,XKX,1965,
Kosovo,XKX,1964,
Kosovo,XKX,1963,
Kosovo,XKX,1962,
Kosovo,XKX,1961,
Kosovo,XKX,1960,
Kuwait,KWT,2025,
Kuwait,KWT,2024,8.1
Kuwait,KWT,2023,8.4
Kuwait,KWT,2022,8.6
Kuwait,KWT,2021,8.7
Kuwait,KWT,2020,8.8
Kuwait,KWT,2019,8.9
Kuwait,KWT,2018,8.9
Kuwait,KWT,2017,8.9
Kuwait,KWT,2016,9.0
Kuwait,KWT,2015,9.1
Kuwait,KWT,2014,9.3
Kuwait,KWT,2013,9.6
Kuwait,KWT,2012,10.0
Kuwait,KWT,2011,10.3
Kuwait,KWT,2010,10.7
Kuwait,KWT,2009,11.0
Kuwait,KWT,2008,11.2
Kuwait,KWT,2007,11.4
Kuwait,KWT,2006,11.6
Kuwait,KWT,2005,11.8
Kuwait,KWT,2004,12.0
Kuwait,KWT,2003,12.2
Kuwait,KWT,2002,12.3
Kuwait,KWT,2001,12.5
Kuwait,KWT,2000,12.7
Kuwait,KWT,1999,13.1
Kuwait,KWT,1998,13.4
Kuwait,KWT,1997,13.8
Kuwait,KWT,1996,14.2
Kuwait,KWT,1995,14.6
Kuwait,KWT,1994,14.9
Kuwait,KWT,1993,15.2
Kuwait,KWT,1992,15.7
Kuwait,KWT,1991,16.4
Kuwait,KWT,1990,17.2
Kuwait,KWT,1989,18.3
Kuwait,KWT,1988,19.4
Kuwait,KWT,1987,20.4
Kuwait,KWT,1986,21.6
Kuwait,KWT,1985,23.0
Kuwait,KWT,1984,24.9
Kuwait,KWT,1983,27.2
Kuwait,KWT,1982,30.0
Kuwait,KWT,1981,32.9
Kuwait,KWT,1980,36.0
Kuwait,KWT,1979,38.9
Kuwait,KWT,1978,41.8
Kuwait,KWT,1977,44.8
Kuwait,KWT,1976,48.0
Kuwait,KWT,1975,51.2
Kuwait,KWT,1974,54.6
Kuwait,KWT,1973,58.1
Kuwait,KWT,1972,61.8
Kuwait,KWT,1971,65.8
Kuwait,KWT,1970,70.1
Kuwait,KWT,1969,74.8
Kuwait,KWT,1968,79.9
Kuwait,KWT,1967,85.6
Kuwait,KWT,1966,91.9
Kuwait,KWT,1965,98.8
Kuwait,KWT,1964,106.4
Kuwait,KWT,1963,114.6
Kuwait,KWT,1962,123.2
Kuwait,KWT,1961,132.2
Kuwait,KWT,1960,142.0
Kyrgyz Republic,KGZ,2025,
Kyrgyz Republic,KGZ,2024,16.8
Kyrgyz Republic,KGZ,2023,17.0
Kyrgyz Republic,KGZ,2022,17.3
Kyrgyz Republic,KGZ,2021,17.5
Kyrgyz Republic,KGZ,2020,17.8
Kyrgyz Republic,KGZ,2019,18.3
Kyrgyz Republic,KGZ,2018,19.0
Kyrgyz Republic,KGZ,2017,20.0
Kyrgyz Republic,KGZ,2016,21.1
Kyrgyz Republic,KGZ,2015,22.3
Kyrgyz Republic,KGZ,2014,23.5
Kyrgyz Republic,KGZ,2013,24.7
Kyrgyz Republic,KGZ,2012,26.0
Kyrgyz Republic,KGZ,2011,27.6
Kyrgyz Republic,KGZ,2010,29.5
Kyrgyz Republic,KGZ,2009,31.6
Kyrgyz Republic,KGZ,2008,33.8
Kyrgyz Republic,KGZ,2007,35.9
Kyrgyz Republic,KGZ,2006,37.6
Kyrgyz Republic,KGZ,2005,39.2
Kyrgyz Republic,KGZ,2004,40.9
Kyrgyz Republic,KGZ,2003,43.0
Kyrgyz Republic,KGZ,2002,45.5
Kyrgyz Republic,KGZ,2001,48.1
Kyrgyz Republic,KGZ,2000,50.8
Kyrgyz Republic,KGZ,1999,53.6
Kyrgyz Republic,KGZ,1998,56.4
Kyrgyz Republic,KGZ,1997,59.1
Kyrgyz Republic,KGZ,1996,61.8
Kyrgyz Republic,KGZ,1995,64.0
Kyrgyz Republic,KGZ,1994,65.3
Kyrgyz Republic,KGZ,1993,65.5
Kyrgyz Republic,KGZ,1992,65.2
Kyrgyz Republic,KGZ,1991,64.7
Kyrgyz Republic,KGZ,1990,64.5
Kyrgyz Republic,KGZ,1989,65.5
Kyrgyz Republic,KGZ,1988,67.9
Kyrgyz Republic,KGZ,1987,71.2
Kyrgyz Republic,KGZ,1986,75.2
Kyrgyz Republic,KGZ,1985,79.6
Kyrgyz Republic,KGZ,1984,84.1
Kyrgyz Republic,KGZ,1983,88.7
Kyrgyz Republic,KGZ,1982,93.0
Kyrgyz Republic,KGZ,1981,96.8
Kyrgyz Republic,KGZ,1980,100.5
Kyrgyz Republic,KGZ,1979,103.5
Kyrgyz Republic,KGZ,1978,106.1
Kyrgyz Republic,KGZ,1977,108.5
Kyrgyz Republic,KGZ,1976,111.1
Kyrgyz Republic,KGZ,1975,113.5
Kyrgyz Republic,KGZ,1974,
Kyrgyz Republic,KGZ,1973,
Kyrgyz Republic,KGZ,1972,
Kyrgyz Republic,KGZ,1971,
Kyrgyz Republic,KGZ,1970,
Kyrgyz Republic,KGZ,1969,
Kyrgyz Republic,KGZ,1968,
Kyrgyz Republic,KGZ,1967,
Kyrgyz Republic,KGZ,1966,
Kyrgyz Republic,KGZ,1965,
Kyrgyz Republic,KGZ,1964,
Kyrgyz Republic,KGZ,1963,
Kyrgyz Republic,KGZ,1962,
Kyrgyz Republic,KGZ,1961,
Kyrgyz Republic,KGZ,1960,
Lao PDR,LAO,2025,
Lao PDR,LAO,2024,29.4
Lao PDR,LAO,2023,30.5
Lao PDR,LAO,2022,31.8
Lao PDR,LAO,2021,33.2
Lao PDR,LAO,2020,34.8
Lao PDR,LAO,2019,36.5
Lao PDR,LAO,2018,38.3
Lao PDR,LAO,2017,40.2
Lao PDR,LAO,2016,42.2
Lao PDR,LAO,2015,44.4
Lao PDR,LAO,2014,46.8
Lao PDR,LAO,2013,49.4
Lao PDR,LAO,2012,52.1
Lao PDR,LAO,2011,55.1
Lao PDR,LAO,2010,58.4
Lao PDR,LAO,2009,61.8
Lao PDR,LAO,2008,65.5
Lao PDR,LAO,2007,69.5
Lao PDR,LAO,2006,73.5
Lao PDR,LAO,2005,77.7
Lao PDR,LAO,2004,82.1
Lao PDR,LAO,2003,86.6
Lao PDR,LAO,2002,91.1
Lao PDR,LAO,2001,95.6
Lao PDR,LAO,2000,100.1
Lao PDR,LAO,1999,104.5
Lao PDR,LAO,1998,109.0
Lao PDR,LAO,1997,113.5
Lao PDR,LAO,1996,118.1
Lao PDR,LAO,1995,123.0
Lao PDR,LAO,1994,127.8
Lao PDR,LAO,1993,133.0
Lao PDR,LAO,1992,138.2
Lao PDR,LAO,1991,143.6
Lao PDR,LAO,1990,148.9
Lao PDR,LAO,1989,154.3
Lao PDR,LAO,1988,159.5
Lao PDR,LAO,1987,164.7
Lao PDR,LAO,1986,169.7
Lao PDR,LAO,1985,174.8
Lao PDR,LAO,1984,179.8
Lao PDR,LAO,1983,184.9
Lao PDR,LAO,1982,190.0
Lao PDR,LAO,1981,195.4
Lao PDR,LAO,1980,200.9
Lao PDR,LAO,1979,206.8
Lao PDR,LAO,1978,212.8
Lao PDR,LAO,1977,
Lao PDR,LAO,1976,
Lao PDR,LAO,1975,
Lao PDR,LAO,1974,
Lao PDR,LAO,1973,
Lao PDR,LAO,1972,
Lao PDR,LAO,1971,
Lao PDR,LAO,1970,
Lao PDR,LAO,1969,
Lao PDR,LAO,1968,
Lao PDR,LAO,1967,
Lao PDR,LAO,1966,
Lao PDR,LAO,1965,
Lao PDR,LAO,1964,
Lao PDR,LAO,1963,
Lao PDR,LAO,1962,
Lao PDR,LAO,1961,
Lao PDR,LAO,1960,
Latvia,LVA,2025,
Latvia,LVA,2024,2.5
Latvia,LVA,2023,2.8
Latvia,LVA,2022,3.0
Latvia,LVA,2021,3.3
Latvia,LVA,2020,3.6
Latvia,LVA,2019,3.9
Latvia,LVA,2018,4.2
Latvia,LVA,2017,4.5
Latvia,LVA,2016,4.8
Latvia,LVA,2015,5.1
Latvia,LVA,2014,5.6
Latvia,LVA,2013,6.1
Latvia,LVA,2012,6.6
Latvia,LVA,2011,7.2
Latvia,LVA,2010,7.7
Latvia,LVA,2009,8.3
Latvia,LVA,2008,8.8
Latvia,LVA,2007,9.3
Latvia,LVA,2006,9.9
Latvia,LVA,2005,10.5
Latvia,LVA,2004,11.1
Latvia,LVA,2003,11.9
Latvia,LVA,2002,12.6
Latvia,LVA,2001,13.4
Latvia,LVA,2000,14.3
Latvia,LVA,1999,15.4
Latvia,LVA,1998,16.7
Latvia,LVA,1997,18.0
Latvia,LVA,1996,19.0
Latvia,LVA,1995,19.7
Latvia,LVA,1994,20.0
Latvia,LVA,1993,19.9
Latvia,LVA,1992,19.3
Latvia,LVA,1991,18.2
Latvia,LVA,1990,16.9
Latvia,LVA,1989,15.9
Latvia,LVA,1988,15.5
Latvia,LVA,1987,15.7
Latvia,LVA,1986,16.4
Latvia,LVA,1985,17.4
Latvia,LVA,1984,18.5
Latvia,LVA,1983,19.5
Latvia,LVA,1982,20.2
Latvia,LVA,1981,20.8
Latvia,LVA,1980,21.2
Latvia,LVA,1979,21.6
Latvia,LVA,1978,22.0
Latvia,LVA,1977,22.3
Latvia,LVA,1976,22.4
Latvia,LVA,1975,22.2
Latvia,LVA,1974,21.8
Latvia,LVA,1973,21.4
Latvia,LVA,1972,21.2
Latvia,LVA,1971,21.1
Latvia,LVA,1970,21.4
Latvia,LVA,1969,21.8
Latvia,LVA,1968,22.4
Latvia,LVA,1967,23.1
Latvia,LVA,1966,24.0
Latvia,LVA,1965,25.2
Latvia,LVA,1964,26.5
Latvia,LVA,1963,28.0
Latvia,LVA,1962,29.6
Latvia,LVA,1961,31.4
Latvia,LVA,1960,33.2
Lebanon,LBN,2025,
Lebanon,LBN,2024,17.6
Lebanon,LBN,2023,17.0
Lebanon,LBN,2022,16.3
Lebanon,LBN,2021,15.7
Lebanon,LBN,2020,15.1
Lebanon,LBN,2019,14.5
Lebanon,LBN,2018,14.0
Lebanon,LBN,2017,13.5
Lebanon,LBN,2016,13.2
Lebanon,LBN,2015,12.9
Lebanon,LBN,2014,12.8
Lebanon,LBN,2013,12.7
Lebanon,LBN,2012,12.7
Lebanon,LBN,2011,12.8
Lebanon,LBN,2010,13.0
Lebanon,LBN,2009,13.2
Lebanon,LBN,2008,13.6
Lebanon,LBN,2007,14.1
Lebanon,LBN,2006,14.6
Lebanon,LBN,2005,15.3
Lebanon,LBN,2004,16.1
Lebanon,LBN,2003,17.0
Lebanon,LBN,2002,18.0
Lebanon,LBN,2001,18.9
Lebanon,LBN,2000,20.0
Lebanon,LBN,1999,21.0
Lebanon,LBN,1998,22.0
Lebanon,LBN,1997,23.1
Lebanon,LBN,1996,24.1
Lebanon,LBN,1995,25.2
Lebanon,LBN,1994,26.4
Lebanon,LBN,1993,27.6
Lebanon,LBN,1992,28.9
Lebanon,LBN,1991,30.3
Lebanon,LBN,1990,31.9
Lebanon,LBN,1989,33.5
Lebanon,LBN,1988,56.4
Lebanon,LBN,1987,58.6
Lebanon,LBN,1986,47.9
Lebanon,LBN,1985,50.1
Lebanon,LBN,1984,52.3
Lebanon,LBN,1983,54.5
Lebanon,LBN,1982,125.7
Lebanon,LBN,1981,72.9
Lebanon,LBN,1980,75.2
Lebanon,LBN,1979,77.4
Lebanon,LBN,1978,79.5
Lebanon,LBN,1977,81.5
Lebanon,LBN,1976,209.1
Lebanon,LBN,1975,57.1
Lebanon,LBN,1974,58.0
Lebanon,LBN,1973,58.6
Lebanon,LBN,1972,59.1
Lebanon,LBN,1971,59.6
Lebanon,LBN,1970,60.1
Lebanon,LBN,1969,60.7
Lebanon,LBN,1968,61.4
Lebanon,LBN,1967,62.2
Lebanon,LBN,1966,63.2
Lebanon,LBN,1965,64.4
Lebanon,LBN,1964,66.0
Lebanon,LBN,1963,67.7
Lebanon,LBN,1962,69.8
Lebanon,LBN,1961,72.0
Lebanon,LBN,1960,74.5
Lesotho,LSO,2025,
Lesotho,LSO,2024,60.0
Lesotho,LSO,2023,61.3
Lesotho,LSO,2022,62.0
Lesotho,LSO,2021,64.0
Lesotho,LSO,2020,66.3
Lesotho,LSO,2019,68.1
Lesotho,LSO,2018,68.8
Lesotho,LSO,2017,70.1
Lesotho,LSO,2016,71.4
Lesotho,LSO,2015,75.1
Lesotho,LSO,2014,77.6
Lesotho,LSO,2013,79.3
Lesotho,LSO,2012,81.4
Lesotho,LSO,2011,85.2
Lesotho,LSO,2010,90.9
Lesotho,LSO,2009,99.1
Lesotho,LSO,2008,111.6
Lesotho,LSO,2007,111.9
Lesotho,LSO,2006,114.7
Lesotho,LSO,2005,114.6
Lesotho,LSO,2004,113.9
Lesotho,LSO,2003,113.2
Lesotho,LSO,2002,112.1
Lesotho,LSO,2001,110.3
Lesotho,LSO,2000,108.3
Lesotho,LSO,1999,106.3
Lesotho,LSO,1998,104.2
Lesotho,LSO,1997,102.1
Lesotho,LSO,1996,98.9
Lesotho,LSO,1995,95.1
Lesotho,LSO,1994,91.1
Lesotho,LSO,1993,87.6
Lesotho,LSO,1992,85.4
Lesotho,LSO,1991,84.4
Lesotho,LSO,1990,84.5
Lesotho,LSO,1989,85.7
Lesotho,LSO,1988,87.7
Lesotho,LSO,1987,90.2
Lesotho,LSO,1986,93.3
Lesotho,LSO,1985,96.9
Lesotho,LSO,1984,101.1
Lesotho,LSO,1983,105.7
Lesotho,LSO,1982,110.7
Lesotho,LSO,1981,116.4
Lesotho,LSO,1980,122.4
Lesotho,LSO,1979,128.6
Lesotho,LSO,1978,134.8
Lesotho,LSO,1977,141.1
Lesotho,LSO,1976,147.4
Lesotho,LSO,1975,153.3
Lesotho,LSO,1974,158.7
Lesotho,LSO,1973,163.3
Lesotho,LSO,1972,167.6
Lesotho,LSO,1971,171.6
Lesotho,LSO,1970,175.5
Lesotho,LSO,1969,179.2
Lesotho,LSO,1968,182.2
Lesotho,LSO,1967,184.5
Lesotho,LSO,1966,185.8
Lesotho,LSO,1965,186.2
Lesotho,LSO,1964,185.9
Lesotho,LSO,1963,185.1
Lesotho,LSO,1962,184.4
Lesotho,LSO,1961,184.3
Lesotho,LSO,1960,185.3
Liberia,LBR,2025,
Liberia,LBR,2024,86.4
Liberia,LBR,2023,87.3
Liberia,LBR,2022,87.8
Liberia,LBR,2021,88.0
Liberia,LBR,2020,88.3
Liberia,LBR,2019,88.7
Liberia,LBR,2018,89.4
Liberia,LBR,2017,90.3
Liberia,LBR,2016,91.5
Liberia,LBR,2015,93.2
Liberia,LBR,2014,97.0
Liberia,LBR,2013,97.0
Liberia,LBR,2012,99.5
Liberia,LBR,2011,102.4
Liberia,LBR,2010,105.7
Liberia,LBR,2009,109.5
Liberia,LBR,2008,114.0
Liberia,LBR,2007,119.6
Liberia,LBR,2006,126.5
Liberia,LBR,2005,134.9
Liberia,LBR,2004,144.8
Liberia,LBR,2003,156.2
Liberia,LBR,2002,168.6
Liberia,LBR,2001,181.7
Liberia,LBR,2000,194.9
Liberia,LBR,1999,208.0
Liberia,LBR,1998,220.7
Liberia,LBR,1997,232.7
Liberia,LBR,1996,243.8
Liberia,LBR,1995,253.7
Liberia,LBR,1994,261.9
Liberia,LBR,1993,268.1
Liberia,LBR,1992,271.7
Liberia,LBR,1991,272.3
Liberia,LBR,1990,270.0
Liberia,LBR,1989,265.5
Liberia,LBR,1988,259.5
Liberia,LBR,1987,253.4
Liberia,LBR,1986,247.9
Liberia,LBR,1985,243.9
Liberia,LBR,1984,241.6
Liberia,LBR,1983,241.1
Liberia,LBR,1982,242.1
Liberia,LBR,1981,244.0
Liberia,LBR,1980,246.6
Liberia,LBR,1979,249.7
Liberia,LBR,1978,253.1
Liberia,LBR,1977,256.6
Liberia,LBR,1976,260.2
Liberia,LBR,1975,264.2
Liberia,LBR,1974,268.4
Liberia,LBR,1973,272.6
Liberia,LBR,1972,276.8
Liberia,LBR,1971,281.3
Liberia,LBR,1970,285.9
Liberia,LBR,1969,290.6
Liberia,LBR,1968,295.0
Liberia,LBR,1967,299.2
Liberia,LBR,1966,302.5
Liberia,LBR,1965,305.1
Liberia,LBR,1964,307.0
Liberia,LBR,1963,308.6
Liberia,LBR,1962,309.7
Liberia,LBR,1961,310.1
Liberia,LBR,1960,309.7
Libya,LBY,2025,
Libya,LBY,2024,9.8
Libya,LBY,2023,31.7
Libya,LBY,2022,10.4
Libya,LBY,2021,10.8
Libya,LBY,2020,11.2
Libya,LBY,2019,11.6
Libya,LBY,2018,11.9
Libya,LBY,2017,12.4
Libya,LBY,2016,12.8
Libya,LBY,2015,13.3
Libya,LBY,2014,13.8
Libya,LBY,2013,14.4
Libya,LBY,2012,15.0
Libya,LBY,2011,19.6
Libya,LBY,2010,16.6
Libya,LBY,2009,17.6
Libya,LBY,2008,18.8
Libya,LBY,2007,20.2
Libya,LBY,2006,21.7
Libya,LBY,2005,23.1
Libya,LBY,2004,24.4
Libya,LBY,2003,25.5
Libya,LBY,2002,26.5
Libya,LBY,2001,27.3
Libya,LBY,2000,28.1
Libya,LBY,1999,29.0
Libya,LBY,1998,29.9
Libya,LBY,1997,30.9
Libya,LBY,1996,31.9
Libya,LBY,1995,33.2
Libya,LBY,1994,34.6
Libya,LBY,1993,36.2
Libya,LBY,1992,38.0
Libya,LBY,1991,40.0
Libya,LBY,1990,42.1
Libya,LBY,1989,44.5
Libya,LBY,1988,46.9
Libya,LBY,1987,49.6
Libya,LBY,1986,52.3
Libya,LBY,1985,55.2
Libya,LBY,1984,58.2
Libya,LBY,1983,61.4
Libya,LBY,1982,64.6
Libya,LBY,1981,68.1
Libya,LBY,1980,71.7
Libya,LBY,1979,75.5
Libya,LBY,1978,79.8
Libya,LBY,1977,84.5
Libya,LBY,1976,89.9
Libya,LBY,1975,95.8
Libya,LBY,1974,102.4
Libya,LBY,1973,109.7
Libya,LBY,1972,117.8
Libya,LBY,1971,126.9
Libya,LBY,1970,136.7
Libya,LBY,1969,147.2
Libya,LBY,1968,158.5
Libya,LBY,1967,170.7
Libya,LBY,1966,183.7
Libya,LBY,1965,197.5
Libya,LBY,1964,211.6
Libya,LBY,1963,226.5
Libya,LBY,1962,242.5
Libya,LBY,1961,259.0
Libya,LBY,1960,276.8
Liechtenstein,LIE,2025,
Liechtenstein,LIE,2024,
Liechtenstein,LIE,2023,
Liechtenstein,LIE,2022,
Liechtenstein,LIE,2021,
Liechtenstein,LIE,2020,
Liechtenstein,LIE,2019,
Liechtenstein,LIE,2018,
Liechtenstein,LIE,2017,
Liechtenstein,LIE,2016,
Liechtenstein,LIE,2015,
Liechtenstein,LIE,2014,
Liechtenstein,LIE,2013,
Liechtenstein,LIE,2012,
Liechtenstein,LIE,2011,
Liechtenstein,LIE,2010,
Liechtenstein,LIE,2009,
Liechtenstein,LIE,2008,
Liechtenstein,LIE,2007,
Liechtenstein,LIE,2006,
Liechtenstein,LIE,2005,
Liechtenstein,LIE,2004,
Liechtenstein,LIE,2003,
Liechtenstein,LIE,2002,
Liechtenstein,LIE,2001,
Liechtenstein,LIE,2000,
Liechtenstein,LIE,1999,
Liechtenstein,LIE,1998,
Liechtenstein,LIE,1997,
Liechtenstein,LIE,1996,
Liechtenstein,LIE,1995,
Liechtenstein,LIE,1994,
Liechtenstein,LIE,1993,
Liechtenstein,LIE,1992,
Liechtenstein,LIE,1991,
Liechtenstein,LIE,1990,
Liechtenstein,LIE,1989,
Liechtenstein,LIE,1988,
Liechtenstein,LIE,1987,
Liechtenstein,LIE,1986,
Liechtenstein,LIE,1985,
Liechtenstein,LIE,1984,
Liechtenstein,LIE,1983,
Liechtenstein,LIE,1982,
Liechtenstein,LIE,1981,
Liechtenstein,LIE,1980,
Liechtenstein,LIE,1979,
Liechtenstein,LIE,1978,
Liechtenstein,LIE,1977,
Liechtenstein,LIE,1976,
Liechtenstein,LIE,1975,
Liechtenstein,LIE,1974,
Liechtenstein,LIE,1973,
Liechtenstein,LIE,1972,
Liechtenstein,LIE,1971,
Liechtenstein,LIE,1970,
Liechtenstein,LIE,1969,
Liechtenstein,LIE,1968,
Liechtenstein,LIE,1967,
Liechtenstein,LIE,1966,
Liechtenstein,LIE,1965,
Liechtenstein,LIE,1964,
Liechtenstein,LIE,1963,
Liechtenstein,LIE,1962,
Liechtenstein,LIE,1961,
Liechtenstein,LIE,1960,
Lithuania,LTU,2025,
Lithuania,LTU,2024,3.4
Lithuania,LTU,2023,3.4
Lithuania,LTU,2022,3.5
Lithuania,LTU,2021,3.6
Lithuania,LTU,2020,3.7
Lithuania,LTU,2019,3.9
Lithuania,LTU,2018,4.2
Lithuania,LTU,2017,4.5
Lithuania,LTU,2016,4.8
Lithuania,LTU,2015,5.0
Lithuania,LTU,2014,5.1
Lithuania,LTU,2013,5.1
Lithuania,LTU,2012,5.3
Lithuania,LTU,2011,5.6
Lithuania,LTU,2010,6.1
Lithuania,LTU,2009,6.7
Lithuania,LTU,2008,7.3
Lithuania,LTU,2007,8.0
Lithuania,LTU,2006,8.6
Lithuania,LTU,2005,9.0
Lithuania,LTU,2004,9.3
Lithuania,LTU,2003,9.6
Lithuania,LTU,2002,9.9
Lithuania,LTU,2001,10.3
Lithuania,LTU,2000,10.7
Lithuania,LTU,1999,11.1
Lithuania,LTU,1998,11.6
Lithuania,LTU,1997,12.4
Lithuania,LTU,1996,13.5
Lithuania,LTU,1995,15.1
Lithuania,LTU,1994,16.8
Lithuania,LTU,1993,18.1
Lithuania,LTU,1992,18.0
Lithuania,LTU,1991,16.5
Lithuania,LTU,1990,15.0
Lithuania,LTU,1989,14.3
Lithuania,LTU,1988,14.5
Lithuania,LTU,1987,15.2
Lithuania,LTU,1986,16.3
Lithuania,LTU,1985,17.4
Lithuania,LTU,1984,18.2
Lithuania,LTU,1983,18.8
Lithuania,LTU,1982,19.3
Lithuania,LTU,1981,19.8
Lithuania,LTU,1980,20.4
Lithuania,LTU,1979,21.1
Lithuania,LTU,1978,21.8
Lithuania,LTU,1977,22.4
Lithuania,LTU,1976,22.8
Lithuania,LTU,1975,22.7
Lithuania,LTU,1974,22.0
Lithuania,LTU,1973,21.3
Lithuania,LTU,1972,21.0
Lithuania,LTU,1971,21.7
Lithuania,LTU,1970,23.0
Lithuania,LTU,1969,24.6
Lithuania,LTU,1968,26.2
Lithuania,LTU,1967,27.9
Lithuania,LTU,1966,29.4
Lithuania,LTU,1965,31.2
Lithuania,LTU,1964,33.5
Lithuania,LTU,1963,36.5
Lithuania,LTU,1962,40.0
Lithuania,LTU,1961,44.1
Lithuania,LTU,1960,49.1
Luxembourg,LUX,2025,
Luxembourg,LUX,2024,2.2
Luxembourg,LUX,2023,2.2
Luxembourg,LUX,2022,2.3
Luxembourg,LUX,2021,2.3
Luxembourg,LUX,2020,2.4
Luxembourg,LUX,2019,2.4
Luxembourg,LUX,2018,2.4
Luxembourg,LUX,2017,2.5
Luxembourg,LUX,2016,2.5
Luxembourg,LUX,2015,2.5
Luxembourg,LUX,2014,2.6
Luxembourg,LUX,2013,2.6
Luxembourg,LUX,2012,2.7
Luxembourg,LUX,2011,2.7
Luxembourg,LUX,2010,2.8
Luxembourg,LUX,2009,2.9
Luxembourg,LUX,2008,3.0
Luxembourg,LUX,2007,3.1
Luxembourg,LUX,2006,3.3
Luxembourg,LUX,2005,3.5
Luxembourg,LUX,2004,3.7
Luxembourg,LUX,2003,3.9
Luxembourg,LUX,2002,4.2
Luxembourg,LUX,2001,4.4
Luxembourg,LUX,2000,4.7
Luxembourg,LUX,1999,5.0
Luxembourg,LUX,1998,5.3
Luxembourg,LUX,1997,5.6
Luxembourg,LUX,1996,6.0
Luxembourg,LUX,1995,6.4
Luxembourg,LUX,1994,6.8
Luxembourg,LUX,1993,7.3
Luxembourg,LUX,1992,7.8
Luxembourg,LUX,1991,8.3
Luxembourg,LUX,1990,8.8
Luxembourg,LUX,1989,9.3
Luxembourg,LUX,1988,9.8
Luxembourg,LUX,1987,10.2
Luxembourg,LUX,1986,10.7
Luxembourg,LUX,1985,11.2
Luxembourg,LUX,1984,11.6
Luxembourg,LUX,1983,12.1
Luxembourg,LUX,1982,12.5
Luxembourg,LUX,1981,12.9
Luxembourg,LUX,1980,13.4
Luxembourg,LUX,1979,13.9
Luxembourg,LUX,1978,14.4
Luxembourg,LUX,1977,15.1
Luxembourg,LUX,1976,15.8
Luxembourg,LUX,1975,16.7
Luxembourg,LUX,1974,17.7
Luxembourg,LUX,1973,18.8
Luxembourg,LUX,1972,19.9
Luxembourg,LUX,1971,21.1
Luxembourg,LUX,1970,22.3
Luxembourg,LUX,1969,23.6
Luxembourg,LUX,1968,24.8
Luxembourg,LUX,1967,26.1
Luxembourg,LUX,1966,27.5
Luxembourg,LUX,1965,28.9
Luxembourg,LUX,1964,30.4
Luxembourg,LUX,1963,32.0
Luxembourg,LUX,1962,33.7
Luxembourg,LUX,1961,35.4
Luxembourg,LUX,1960,37.2
"Macao SAR, China",MAC,2025,
"Macao SAR, China",MAC,2024,
"Macao SAR, China",MAC,2023,
"Macao SAR, China",MAC,2022,
"Macao SAR, China",MAC,2021,
"Macao SAR, China",MAC,2020,
"Macao SAR, China",MAC,2019,
"Macao SAR, China",MAC,2018,
"Macao SAR, China",MAC,2017,
"Macao SAR, China",MAC,2016,
"Macao SAR, China",MAC,2015,
"Macao SAR, China",MAC,2014,
"Macao SAR, China",MAC,2013,
"Macao SAR, China",MAC,2012,
"Macao SAR, China",MAC,2011,
"Macao SAR, China",MAC,2010,
"Macao SAR, China",MAC,2009,
"Macao SAR, China",MAC,2008,
"Macao SAR, China",MAC,2007,
"Macao SAR, China",MAC,2006,
"Macao SAR, China",MAC,2005,
"Macao SAR, China",MAC,2004,
"Macao SAR, China",MAC,2003,
"Macao SAR, China",MAC,2002,
"Macao SAR, China",MAC,2001,
"Macao SAR, China",MAC,2000,
"Macao SAR, China",MAC,1999,
"Macao SAR, China",MAC,1998,
"Macao SAR, China",MAC,1997,
"Macao SAR, China",MAC,1996,
"Macao SAR, China",MAC,1995,
"Macao SAR, China",MAC,1994,
"Macao SAR, China",MAC,1993,
"Macao SAR, China",MAC,1992,
"Macao SAR, China",MAC,1991,
"Macao SAR, China",MAC,1990,
"Macao SAR, China",MAC,1989,
"Macao SAR, China",MAC,1988,
"Macao SAR, China",MAC,1987,
"Macao SAR, China",MAC,1986,
"Macao SAR, China",MAC,1985,
"Macao SAR, China",MAC,1984,
"Macao SAR, China",MAC,1983,
"Macao SAR, China",MAC,1982,
"Macao SAR, China",MAC,1981,
"Macao SAR, China",MAC,1980,
"Macao SAR, China",MAC,1979,
"Macao SAR, China",MAC,1978,
"Macao SAR, China",MAC,1977,
"Macao SAR, China",MAC,1976,
"Macao SAR, China",MAC,1975,
"Macao SAR, China",MAC,1974,
"Macao SAR, China",MAC,1973,
"Macao SAR, China",MAC,1972,
"Macao SAR, China",MAC,1971,
"Macao SAR, China",MAC,1970,
"Macao SAR, China",MAC,1969,
"Macao SAR, China",MAC,1968,
"Macao SAR, China",MAC,1967,
"Macao SAR, China",MAC,1966,
"Macao SAR, China",MAC,1965,
"Macao SAR, China",MAC,1964,
"Macao SAR, China",MAC,1963,
"Macao SAR, China",MAC,1962,
"Macao SAR, China",MAC,1961,
"Macao SAR, China",MAC,1960,
Madagascar,MDG,2025,
Madagascar,MDG,2024,62.4
Madagascar,MDG,2023,63.6
Madagascar,MDG,2022,64.5
Madagascar,MDG,2021,65.0
Madagascar,MDG,2020,65.1
Madagascar,MDG,2019,65.0
Madagascar,MDG,2018,64.9
Madagascar,MDG,2017,64.9
Madagascar,MDG,2016,64.9
Madagascar,MDG,2015,65.3
Madagascar,MDG,2014,65.7
Madagascar,MDG,2013,66.4
Madagascar,MDG,2012,67.3
Madagascar,MDG,2011,68.6
Madagascar,MDG,2010,70.3
Madagascar,MDG,2009,72.4
Madagascar,MDG,2008,74.8
Madagascar,MDG,2007,77.6
Madagascar,MDG,2006,80.8
Madagascar,MDG,2005,84.1
Madagascar,MDG,2004,87.8
Madagascar,MDG,2003,91.6
Madagascar,MDG,2002,95.6
Madagascar,MDG,2001,99.8
Madagascar,MDG,2000,104.4
Madagascar,MDG,1999,109.3
Madagascar,MDG,1998,114.4
Madagascar,MDG,1997,119.6
Madagascar,MDG,1996,124.8
Madagascar,MDG,1995,129.8
Madagascar,MDG,1994,134.7
Madagascar,MDG,1993,139.5
Madagascar,MDG,1992,144.3
Madagascar,MDG,1991,149.4
Madagascar,MDG,1990,154.8
Madagascar,MDG,1989,160.4
Madagascar,MDG,1988,165.8
Madagascar,MDG,1987,170.5
Madagascar,MDG,1986,174.2
Madagascar,MDG,1985,176.6
Madagascar,MDG,1984,177.5
Madagascar,MDG,1983,239.5
Madagascar,MDG,1982,304.8
Madagascar,MDG,1981,245.9
Madagascar,MDG,1980,245.2
Madagascar,MDG,1979,169.2
Madagascar,MDG,1978,167.1
Madagascar,MDG,1977,165.1
Madagascar,MDG,1976,163.0
Madagascar,MDG,1975,160.7
Madagascar,MDG,1974,158.2
Madagascar,MDG,1973,155.7
Madagascar,MDG,1972,153.2
Madagascar,MDG,1971,151.2
Madagascar,MDG,1970,149.3
Madagascar,MDG,1969,147.5
Madagascar,MDG,1968,145.6
Madagascar,MDG,1967,
Madagascar,MDG,1966,
Madagascar,MDG,1965,
Madagascar,MDG,1964,
Madagascar,MDG,1963,
Madagascar,MDG,1962,
Madagascar,MDG,1961,
Madagascar,MDG,1960,
Malawi,MWI,2025,
Malawi,MWI,2024,48.8
Malawi,MWI,2023,49.6
Malawi,MWI,2022,50.1
Malawi,MWI,2021,50.0
Malawi,MWI,2020,50.4
Malawi,MWI,2019,51.3
Malawi,MWI,2018,52.0
Malawi,MWI,2017,53.8
Malawi,MWI,2016,55.8
Malawi,MWI,2015,57.4
Malawi,MWI,2014,60.0
Malawi,MWI,2013,62.9
Malawi,MWI,2012,67.9
Malawi,MWI,2011,74.0
Malawi,MWI,2010,80.1
Malawi,MWI,2009,85.3
Malawi,MWI,2008,91.0
Malawi,MWI,2007,96.9
Malawi,MWI,2006,102.7
Malawi,MWI,2005,109.7
Malawi,MWI,2004,118.7
Malawi,MWI,2003,130.0
Malawi,MWI,2002,143.2
Malawi,MWI,2001,239.0
Malawi,MWI,2000,171.0
Malawi,MWI,1999,182.3
Malawi,MWI,1998,191.2
Malawi,MWI,1997,197.5
Malawi,MWI,1996,202.6
Malawi,MWI,1995,207.7
Malawi,MWI,1994,214.7
Malawi,MWI,1993,221.5
Malawi,MWI,1992,228.8
Malawi,MWI,1991,236.5
Malawi,MWI,1990,243.5
Malawi,MWI,1989,249.3
Malawi,MWI,1988,253.2
Malawi,MWI,1987,254.7
Malawi,MWI,1986,254.0
Malawi,MWI,1985,251.2
Malawi,MWI,1984,247.7
Malawi,MWI,1983,245.5
Malawi,MWI,1982,246.2
Malawi,MWI,1981,250.2
Malawi,MWI,1980,256.9
Malawi,MWI,1979,265.4
Malawi,MWI,1978,275.3
Malawi,MWI,1977,285.3
Malawi,MWI,1976,295.0
Malawi,MWI,1975,304.5
Malawi,MWI,1974,313.7
Malawi,MWI,1973,322.4
Malawi,MWI,1972,330.1
Malawi,MWI,1971,336.6
Malawi,MWI,1970,341.7
Malawi,MWI,1969,345.1
Malawi,MWI,1968,347.0
Malawi,MWI,1967,349.0
Malawi,MWI,1966,350.6
Malawi,MWI,1965,352.4
Malawi,MWI,1964,353.5
Malawi,MWI,1963,355.3
Malawi,MWI,1962,356.9
Malawi,MWI,1961,358.5
Malawi,MWI,1960,
Malaysia,MYS,2025,
Malaysia,MYS,2024,8.3
Malaysia,MYS,2023,8.3
Malaysia,MYS,2022,8.2
Malaysia,MYS,2021,8.2
Malaysia,MYS,2020,8.2
Malaysia,MYS,2019,8.2
Malaysia,MYS,2018,8.2
Malaysia,MYS,2017,8.2
Malaysia,MYS,2016,8.2
Malaysia,MYS,2015,8.2
Malaysia,MYS,2014,8.1
Malaysia,MYS,2013,8.0
Malaysia,MYS,2012,8.0
Malaysia,MYS,2011,8.1
Malaysia,MYS,2010,8.1
Malaysia,MYS,2009,8.2
Malaysia,MYS,2008,8.2
Malaysia,MYS,2007,8.3
Malaysia,MYS,2006,8.3
Malaysia,MYS,2005,8.3
Malaysia,MYS,2004,8.4
Malaysia,MYS,2003,8.6
Malaysia,MYS,2002,8.8
Malaysia,MYS,2001,9.3
Malaysia,MYS,2000,9.9
Malaysia,MYS,1999,10.7
Malaysia,MYS,1998,11.6
Malaysia,MYS,1997,12.3
Malaysia,MYS,1996,12.8
Malaysia,MYS,1995,13.3
Malaysia,MYS,1994,13.9
Malaysia,MYS,1993,14.4
Malaysia,MYS,1992,15.1
Malaysia,MYS,1991,15.8
Malaysia,MYS,1990,16.6
Malaysia,MYS,1989,17.4
Malaysia,MYS,1988,18.4
Malaysia,MYS,1987,19.4
Malaysia,MYS,1986,20.5
Malaysia,MYS,1985,21.8
Malaysia,MYS,1984,23.2
Malaysia,MYS,1983,24.8
Malaysia,MYS,1982,26.5
Malaysia,MYS,1981,28.4
Malaysia,MYS,1980,30.4
Malaysia,MYS,1979,32.5
Malaysia,MYS,1978,34.8
Malaysia,MYS,1977,37.2
Malaysia,MYS,1976,39.8
Malaysia,MYS,1975,42.4
Malaysia,MYS,1974,45.2
Malaysia,MYS,1973,48.0
Malaysia,MYS,1972,50.7
Malaysia,MYS,1971,53.3
Malaysia,MYS,1970,55.7
Malaysia,MYS,1969,58.0
Malaysia,MYS,1968,60.3
Malaysia,MYS,1967,62.9
Malaysia,MYS,1966,65.8
Malaysia,MYS,1965,69.2
Malaysia,MYS,1964,73.1
Malaysia,MYS,1963,77.8
Malaysia,MYS,1962,83.0
Malaysia,MYS,1961,88.9
Malaysia,MYS,1960,95.1
Maldives,MDV,2025,
Maldives,MDV,2024,5.4
Maldives,MDV,2023,5.7
Maldives,MDV,2022,6.0
Maldives,MDV,2021,6.4
Maldives,MDV,2020,6.9
Maldives,MDV,2019,7.4
Maldives,MDV,2018,8.0
Maldives,MDV,2017,8.6
Maldives,MDV,2016,9.2
Maldives,MDV,2015,9.9
Maldives,MDV,2014,10.6
Maldives,MDV,2013,11.3
Maldives,MDV,2012,12.1
Maldives,MDV,2011,12.9
Maldives,MDV,2010,13.8
Maldives,MDV,2009,14.9
Maldives,MDV,2008,16.1
Maldives,MDV,2007,17.6
Maldives,MDV,2006,19.4
Maldives,MDV,2005,21.6
Maldives,MDV,2004,27.2
Maldives,MDV,2003,27.4
Maldives,MDV,2002,31.1
Maldives,MDV,2001,35.1
Maldives,MDV,2000,39.5
Maldives,MDV,1999,44.1
Maldives,MDV,1998,48.8
Maldives,MDV,1997,53.5
Maldives,MDV,1996,58.3
Maldives,MDV,1995,63.1
Maldives,MDV,1994,68.0
Maldives,MDV,1993,72.7
Maldives,MDV,1992,77.4
Maldives,MDV,1991,82.1
Maldives,MDV,1990,87.0
Maldives,MDV,1989,92.0
Maldives,MDV,1988,97.2
Maldives,MDV,1987,102.8
Maldives,MDV,1986,108.7
Maldives,MDV,1985,114.9
Maldives,MDV,1984,121.3
Maldives,MDV,1983,128.2
Maldives,MDV,1982,135.4
Maldives,MDV,1981,143.1
Maldives,MDV,1980,151.3
Maldives,MDV,1979,160.0
Maldives,MDV,1978,169.5
Maldives,MDV,1977,179.5
Maldives,MDV,1976,190.2
Maldives,MDV,1975,201.7
Maldives,MDV,1974,213.5
Maldives,MDV,1973,225.4
Maldives,MDV,1972,237.0
Maldives,MDV,1971,248.1
Maldives,MDV,1970,258.5
Maldives,MDV,1969,268.4
Maldives,MDV,1968,278.1
Maldives,MDV,1967,287.9
Maldives,MDV,1966,297.4
Maldives,MDV,1965,306.7
Maldives,MDV,1964,315.8
Maldives,MDV,1963,325.0
Maldives,MDV,1962,334.1
Maldives,MDV,1961,
Maldives,MDV,1960,
Mali,MLI,2025,
Mali,MLI,2024,73.0
Mali,MLI,2023,76.2
Mali,MLI,2022,79.7
Mali,MLI,2021,83.6
Mali,MLI,2020,87.6
Mali,MLI,2019,91.9
Mali,MLI,2018,96.2
Mali,MLI,2017,100.6
Mali,MLI,2016,105.1
Mali,MLI,2015,109.7
Mali,MLI,2014,114.4
Mali,MLI,2013,119.1
Mali,MLI,2012,123.9
Mali,MLI,2011,128.8
Mali,MLI,2010,133.8
Mali,MLI,2009,138.9
Mali,MLI,2008,144.0
Mali,MLI,2007,149.2
Mali,MLI,2006,154.6
Mali,MLI,2005,160.1
Mali,MLI,2004,165.8
Mali,MLI,2003,171.7
Mali,MLI,2002,177.7
Mali,MLI,2001,183.9
Mali,MLI,2000,189.9
Mali,MLI,1999,195.6
Mali,MLI,1998,200.9
Mali,MLI,1997,205.6
Mali,MLI,1996,209.9
Mali,MLI,1995,213.7
Mali,MLI,1994,217.3
Mali,MLI,1993,220.9
Mali,MLI,1992,224.6
Mali,MLI,1991,228.7
Mali,MLI,1990,233.3
Mali,MLI,1989,238.4
Mali,MLI,1988,244.1
Mali,MLI,1987,250.2
Mali,MLI,1986,256.9
Mali,MLI,1985,264.0
Mali,MLI,1984,271.6
Mali,MLI,1983,279.7
Mali,MLI,1982,288.0
Mali,MLI,1981,296.5
Mali,MLI,1980,305.1
Mali,MLI,1979,313.7
Mali,MLI,1978,322.5
Mali,MLI,1977,331.3
Mali,MLI,1976,340.0
Mali,MLI,1975,348.6
Mali,MLI,1974,356.9
Mali,MLI,1973,364.6
Mali,MLI,1972,371.8
Mali,MLI,1971,378.5
Mali,MLI,1970,385.1
Mali,MLI,1969,391.4
Mali,MLI,1968,397.7
Mali,MLI,1967,404.4
Mali,MLI,1966,411.0
Mali,MLI,1965,417.7
Mali,MLI,1964,424.8
Mali,MLI,1963,432.4
Mali,MLI,1962,
Mali,MLI,1961,
Mali,MLI,1960,
Malta,MLT,2025,
Malta,MLT,2024,5.3
Malta,MLT,2023,5.5
Malta,MLT,2022,5.6
Malta,MLT,2021,5.8
Malta,MLT,2020,6.0
Malta,MLT,2019,6.1
Malta,MLT,2018,6.3
Malta,MLT,2017,6.4
Malta,MLT,2016,6.5
Malta,MLT,2015,6.6
Malta,MLT,2014,6.7
Malta,MLT,2013,6.7
Malta,MLT,2012,6.8
Malta,MLT,2011,6.8
Malta,MLT,2010,6.9
Malta,MLT,2009,6.9
Malta,MLT,2008,6.9
Malta,MLT,2007,6.9
Malta,MLT,2006,6.9
Malta,MLT,2005,6.9
Malta,MLT,2004,7.0
Malta,MLT,2003,7.1
Malta,MLT,2002,7.2
Malta,MLT,2001,7.4
Malta,MLT,2000,7.6
Malta,MLT,1999,7.9
Malta,MLT,1998,8.2
Malta,MLT,1997,8.6
Malta,MLT,1996,9.0
Malta,MLT,1995,9.4
Malta,MLT,1994,9.8
Malta,MLT,1993,10.2
Malta,MLT,1992,10.6
Malta,MLT,1991,11.0
Malta,MLT,1990,11.4
Malta,MLT,1989,11.8
Malta,MLT,1988,12.3
Malta,MLT,1987,12.8
Malta,MLT,1986,13.3
Malta,MLT,1985,13.9
Malta,MLT,1984,14.5
Malta,MLT,1983,15.1
Malta,MLT,1982,15.6
Malta,MLT,1981,16.2
Malta,MLT,1980,16.8
Malta,MLT,1979,17.5
Malta,MLT,1978,18.3
Malta,MLT,1977,19.2
Malta,MLT,1976,20.3
Malta,MLT,1975,21.4
Malta,MLT,1974,22.6
Malta,MLT,1973,23.9
Malta,MLT,1972,25.2
Malta,MLT,1971,26.6
Malta,MLT,1970,27.9
Malta,MLT,1969,29.3
Malta,MLT,1968,30.6
Malta,MLT,1967,31.9
Malta,MLT,1966,33.1
Malta,MLT,1965,34.3
Malta,MLT,1964,35.3
Malta,MLT,1963,36.3
Malta,MLT,1962,37.3
Malta,MLT,1961,38.5
Malta,MLT,1960,40.0
Marshall Islands,MHL,2025,
Marshall Islands,MHL,2024,26.7
Marshall Islands,MHL,2023,27.6
Marshall Islands,MHL,2022,28.5
Marshall Islands,MHL,2021,29.4
Marshall Islands,MHL,2020,30.3
Marshall Islands,MHL,2019,31.2
Marshall Islands,MHL,2018,32.2
Marshall Islands,MHL,2017,33.2
Marshall Islands,MHL,2016,34.2
Marshall Islands,MHL,2015,35.2
Marshall Islands,MHL,2014,36.1
Marshall Islands,MHL,2013,37.0
Marshall Islands,MHL,2012,37.8
Marshall Islands,MHL,2011,38.4
Marshall Islands,MHL,2010,39.0
Marshall Islands,MHL,2009,39.5
Marshall Islands,MHL,2008,40.0
Marshall Islands,MHL,2007,40.4
Marshall Islands,MHL,2006,40.9
Marshall Islands,MHL,2005,41.3
Marshall Islands,MHL,2004,41.8
Marshall Islands,MHL,2003,42.2
Marshall Islands,MHL,2002,42.5
Marshall Islands,MHL,2001,42.7
Marshall Islands,MHL,2000,42.7
Marshall Islands,MHL,1999,42.6
Marshall Islands,MHL,1998,42.3
Marshall Islands,MHL,1997,42.0
Marshall Islands,MHL,1996,41.8
Marshall Islands,MHL,1995,41.9
Marshall Islands,MHL,1994,42.4
Marshall Islands,MHL,1993,43.3
Marshall Islands,MHL,1992,44.6
Marshall Islands,MHL,1991,46.1
Marshall Islands,MHL,1990,47.8
Marshall Islands,MHL,1989,49.6
Marshall Islands,MHL,1988,51.4
Marshall Islands,MHL,1987,53.2
Marshall Islands,MHL,1986,55.0
Marshall Islands,MHL,1985,56.7
Marshall Islands,MHL,1984,58.4
Marshall Islands,MHL,1983,60.0
Marshall Islands,MHL,1982,61.6
Marshall Islands,MHL,1981,63.0
Marshall Islands,MHL,1980,64.2
Marshall Islands,MHL,1979,65.2
Marshall Islands,MHL,1978,66.1
Marshall Islands,MHL,1977,67.0
Marshall Islands,MHL,1976,67.7
Marshall Islands,MHL,1975,68.6
Marshall Islands,MHL,1974,69.7
Marshall Islands,MHL,1973,71.3
Marshall Islands,MHL,1972,73.3
Marshall Islands,MHL,1971,75.7
Marshall Islands,MHL,1970,78.6
Marshall Islands,MHL,1969,81.7
Marshall Islands,MHL,1968,85.1
Marshall Islands,MHL,1967,88.5
Marshall Islands,MHL,1966,92.2
Marshall Islands,MHL,1965,96.2
Marshall Islands,MHL,1964,100.4
Marshall Islands,MHL,1963,105.2
Marshall Islands,MHL,1962,110.2
Marshall Islands,MHL,1961,115.5
Marshall Islands,MHL,1960,121.2
Mauritania,MRT,2025,
Mauritania,MRT,2024,36.9
Mauritania,MRT,2023,38.1
Mauritania,MRT,2022,39.4
Mauritania,MRT,2021,40.7
Mauritania,MRT,2020,42.0
Mauritania,MRT,2019,43.4
Mauritania,MRT,2018,44.7
Mauritania,MRT,2017,46.2
Mauritania,MRT,2016,47.7
Mauritania,MRT,2015,49.1
Mauritania,MRT,2014,50.6
Mauritania,MRT,2013,52.1
Mauritania,MRT,2012,53.5
Mauritania,MRT,2011,55.1
Mauritania,MRT,2010,56.8
Mauritania,MRT,2009,58.8
Mauritania,MRT,2008,61.3
Mauritania,MRT,2007,64.3
Mauritania,MRT,2006,68.1
Mauritania,MRT,2005,72.5
Mauritania,MRT,2004,77.5
Mauritania,MRT,2003,82.8
Mauritania,MRT,2002,88.2
Mauritania,MRT,2001,93.4
Mauritania,MRT,2000,98.0
Mauritania,MRT,1999,102.0
Mauritania,MRT,1998,105.2
Mauritania,MRT,1997,107.6
Mauritania,MRT,1996,109.4
Mauritania,MRT,1995,110.7
Mauritania,MRT,1994,111.7
Mauritania,MRT,1993,112.6
Mauritania,MRT,1992,113.6
Mauritania,MRT,1991,114.8
Mauritania,MRT,1990,116.5
Mauritania,MRT,1989,118.7
Mauritania,MRT,1988,122.2
Mauritania,MRT,1987,126.9
Mauritania,MRT,1986,132.3
Mauritania,MRT,1985,138.6
Mauritania,MRT,1984,145.0
Mauritania,MRT,1983,150.8
Mauritania,MRT,1982,156.1
Mauritania,MRT,1981,161.3
Mauritania,MRT,1980,166.4
Mauritania,MRT,1979,171.6
Mauritania,MRT,1978,176.9
Mauritania,MRT,1977,181.9
Mauritania,MRT,1976,186.1
Mauritania,MRT,1975,189.1
Mauritania,MRT,1974,224.1
Mauritania,MRT,1973,225.4
Mauritania,MRT,1972,226.4
Mauritania,MRT,1971,227.9
Mauritania,MRT,1970,231.1
Mauritania,MRT,1969,235.8
Mauritania,MRT,1968,242.5
Mauritania,MRT,1967,209.7
Mauritania,MRT,1966,216.8
Mauritania,MRT,1965,224.0
Mauritania,MRT,1964,230.9
Mauritania,MRT,1963,237.6
Mauritania,MRT,1962,244.6
Mauritania,MRT,1961,251.3
Mauritania,MRT,1960,257.8
Mauritius,MUS,2025,
Mauritius,MUS,2024,15.4
Mauritius,MUS,2023,15.4
Mauritius,MUS,2022,15.5
Mauritius,MUS,2021,15.7
Mauritius,MUS,2020,15.8
Mauritius,MUS,2019,15.7
Mauritius,MUS,2018,15.4
Mauritius,MUS,2017,15.0
Mauritius,MUS,2016,14.6
Mauritius,MUS,2015,14.5
Mauritius,MUS,2014,14.7
Mauritius,MUS,2013,14.9
Mauritius,MUS,2012,15.0
Mauritius,MUS,2011,14.9
Mauritius,MUS,2010,14.8
Mauritius,MUS,2009,14.9
Mauritius,MUS,2008,15.0
Mauritius,MUS,2007,15.2
Mauritius,MUS,2006,15.4
Mauritius,MUS,2005,15.6
Mauritius,MUS,2004,15.7
Mauritius,MUS,2003,16.0
Mauritius,MUS,2002,16.6
Mauritius,MUS,2001,17.5
Mauritius,MUS,2000,18.8
Mauritius,MUS,1999,20.3
Mauritius,MUS,1998,21.8
Mauritius,MUS,1997,22.6
Mauritius,MUS,1996,22.7
Mauritius,MUS,1995,22.3
Mauritius,MUS,1994,21.7
Mauritius,MUS,1993,21.2
Mauritius,MUS,1992,21.1
Mauritius,MUS,1991,21.7
Mauritius,MUS,1990,23.1
Mauritius,MUS,1989,25.1
Mauritius,MUS,1988,27.2
Mauritius,MUS,1987,28.3
Mauritius,MUS,1986,28.7
Mauritius,MUS,1985,28.9
Mauritius,MUS,1984,29.6
Mauritius,MUS,1983,31.1
Mauritius,MUS,1982,33.9
Mauritius,MUS,1981,37.4
Mauritius,MUS,1980,40.9
Mauritius,MUS,1979,43.8
Mauritius,MUS,1978,46.6
Mauritius,MUS,1977,50.3
Mauritius,MUS,1976,55.6
Mauritius,MUS,1975,63.4
Mauritius,MUS,1974,73.4
Mauritius,MUS,1973,81.3
Mauritius,MUS,1972,81.7
Mauritius,MUS,1971,78.2
Mauritius,MUS,1970,79.0
Mauritius,MUS,1969,87.6
Mauritius,MUS,1968,96.9
Mauritius,MUS,1967,97.5
Mauritius,MUS,1966,91.0
Mauritius,MUS,1965,85.2
Mauritius,MUS,1964,84.1
Mauritius,MUS,1963,86.9
Mauritius,MUS,1962,92.5
Mauritius,MUS,1961,99.1
Mauritius,MUS,1960,103.7
Mexico,MEX,2025,
Mexico,MEX,2024,13.1
Mexico,MEX,2023,13.4
Mexico,MEX,2022,13.8
Mexico,MEX,2021,14.2
Mexico,MEX,2020,14.6
Mexico,MEX,2019,15.0
Mexico,MEX,2018,15.4
Mexico,MEX,2017,15.8
Mexico,MEX,2016,16.2
Mexico,MEX,2015,16.6
Mexico,MEX,2014,17.0
Mexico,MEX,2013,17.5
Mexico,MEX,2012,17.9
Mexico,MEX,2011,18.4
Mexico,MEX,2010,18.9
Mexico,MEX,2009,19.5
Mexico,MEX,2008,20.0
Mexico,MEX,2007,20.7
Mexico,MEX,2006,21.3
Mexico,MEX,2005,22.1
Mexico,MEX,2004,23.0
Mexico,MEX,2003,23.9
Mexico,MEX,2002,25.0
Mexico,MEX,2001,26.2
Mexico,MEX,2000,27.4
Mexico,MEX,1999,28.8
Mexico,MEX,1998,30.2
Mexico,MEX,1997,31.8
Mexico,MEX,1996,33.4
Mexico,MEX,1995,35.1
Mexico,MEX,1994,36.9
Mexico,MEX,1993,38.7
Mexico,MEX,1992,40.7
Mexico,MEX,1991,42.7
Mexico,MEX,1990,44.9
Mexico,MEX,1989,47.1
Mexico,MEX,1988,49.4
Mexico,MEX,1987,51.8
Mexico,MEX,1986,54.3
Mexico,MEX,1985,56.9
Mexico,MEX,1984,59.5
Mexico,MEX,1983,62.4
Mexico,MEX,1982,65.4
Mexico,MEX,1981,68.5
Mexico,MEX,1980,71.8
Mexico,MEX,1979,75.1
Mexico,MEX,1978,78.5
Mexico,MEX,1977,81.8
Mexico,MEX,1976,85.2
Mexico,MEX,1975,88.6
Mexico,MEX,1974,92.1
Mexico,MEX,1973,95.7
Mexico,MEX,1972,99.4
Mexico,MEX,1971,103.1
Mexico,MEX,1970,106.9
Mexico,MEX,1969,110.7
Mexico,MEX,1968,114.6
Mexico,MEX,1967,118.6
Mexico,MEX,1966,122.8
Mexico,MEX,1965,127.2
Mexico,MEX,1964,131.8
Mexico,MEX,1963,136.8
Mexico,MEX,1962,142.3
Mexico,MEX,1961,148.1
Mexico,MEX,1960,154.7
"Micronesia, Fed. Sts.",FSM,2025,
"Micronesia, Fed. Sts.",FSM,2024,22.4
"Micronesia, Fed. Sts.",FSM,2023,23.1
"Micronesia, Fed. Sts.",FSM,2022,23.9
"Micronesia, Fed. Sts.",FSM,2021,24.7
"Micronesia, Fed. Sts.",FSM,2020,25.6
"Micronesia, Fed. Sts.",FSM,2019,26.4
"Micronesia, Fed. Sts.",FSM,2018,27.3
"Micronesia, Fed. Sts.",FSM,2017,28.1
"Micronesia, Fed. Sts.",FSM,2016,28.9
"Micronesia, Fed. Sts.",FSM,2015,29.8
"Micronesia, Fed. Sts.",FSM,2014,30.7
"Micronesia, Fed. Sts.",FSM,2013,31.6
"Micronesia, Fed. Sts.",FSM,2012,32.6
"Micronesia, Fed. Sts.",FSM,2011,33.4
"Micronesia, Fed. Sts.",FSM,2010,34.1
"Micronesia, Fed. Sts.",FSM,2009,34.8
"Micronesia, Fed. Sts.",FSM,2008,35.3
"Micronesia, Fed. Sts.",FSM,2007,35.6
"Micronesia, Fed. Sts.",FSM,2006,35.9
"Micronesia, Fed. Sts.",FSM,2005,35.9
"Micronesia, Fed. Sts.",FSM,2004,36.1
"Micronesia, Fed. Sts.",FSM,2003,36.4
"Micronesia, Fed. Sts.",FSM,2002,41.5
"Micronesia, Fed. Sts.",FSM,2001,37.7
"Micronesia, Fed. Sts.",FSM,2000,38.6
"Micronesia, Fed. Sts.",FSM,1999,39.8
"Micronesia, Fed. Sts.",FSM,1998,40.9
"Micronesia, Fed. Sts.",FSM,1997,42.1
"Micronesia, Fed. Sts.",FSM,1996,43.3
"Micronesia, Fed. Sts.",FSM,1995,44.3
"Micronesia, Fed. Sts.",FSM,1994,45.2
"Micronesia, Fed. Sts.",FSM,1993,46.1
"Micronesia, Fed. Sts.",FSM,1992,47.0
"Micronesia, Fed. Sts.",FSM,1991,48.1
"Micronesia, Fed. Sts.",FSM,1990,49.2
"Micronesia, Fed. Sts.",FSM,1989,50.7
"Micronesia, Fed. Sts.",FSM,1988,52.2
"Micronesia, Fed. Sts.",FSM,1987,53.8
"Micronesia, Fed. Sts.",FSM,1986,55.2
"Micronesia, Fed. Sts.",FSM,1985,56.4
"Micronesia, Fed. Sts.",FSM,1984,57.5
"Micronesia, Fed. Sts.",FSM,1983,58.3
"Micronesia, Fed. Sts.",FSM,1982,59.1
"Micronesia, Fed. Sts.",FSM,1981,59.9
"Micronesia, Fed. Sts.",FSM,1980,60.8
"Micronesia, Fed. Sts.",FSM,1979,62.0
"Micronesia, Fed. Sts.",FSM,1978,63.4
"Micronesia, Fed. Sts.",FSM,1977,65.0
"Micronesia, Fed. Sts.",FSM,1976,66.9
"Micronesia, Fed. Sts.",FSM,1975,68.9
"Micronesia, Fed. Sts.",FSM,1974,71.1
"Micronesia, Fed. Sts.",FSM,1973,73.6
"Micronesia, Fed. Sts.",FSM,1972,76.4
"Micronesia, Fed. Sts.",FSM,1971,79.5
"Micronesia, Fed. Sts.",FSM,1970,82.6
"Micronesia, Fed. Sts.",FSM,1969,85.9
"Micronesia, Fed. Sts.",FSM,1968,89.6
"Micronesia, Fed. Sts.",FSM,1967,93.4
"Micronesia, Fed. Sts.",FSM,1966,97.4
"Micronesia, Fed. Sts.",FSM,1965,101.5
"Micronesia, Fed. Sts.",FSM,1964,105.9
"Micronesia, Fed. Sts.",FSM,1963,110.4
"Micronesia, Fed. Sts.",FSM,1962,115.2
"Micronesia, Fed. Sts.",FSM,1961,120.0
"Micronesia, Fed. Sts.",FSM,1960,125.3
Moldova,MDA,2025,
Moldova,MDA,2024,16.5
Moldova,MDA,2023,16.2
Moldova,MDA,2022,16.0
Moldova,MDA,2021,15.8
Moldova,MDA,2020,15.6
Moldova,MDA,2019,15.5
Moldova,MDA,2018,15.4
Moldova,MDA,2017,15.4
Moldova,MDA,2016,15.5
Moldova,MDA,2015,15.6
Moldova,MDA,2014,15.8
Moldova,MDA,2013,16.0
Moldova,MDA,2012,16.2
Moldova,MDA,2011,16.5
Moldova,MDA,2010,16.8
Moldova,MDA,2009,17.2
Moldova,MDA,2008,17.7
Moldova,MDA,2007,18.2
Moldova,MDA,2006,19.0
Moldova,MDA,2005,20.1
Moldova,MDA,2004,21.5
Moldova,MDA,2003,23.4
Moldova,MDA,2002,25.8
Moldova,MDA,2001,28.5
Moldova,MDA,2000,31.4
Moldova,MDA,1999,34.1
Moldova,MDA,1998,36.3
Moldova,MDA,1997,37.9
Moldova,MDA,1996,38.6
Moldova,MDA,1995,38.4
Moldova,MDA,1994,37.5
Moldova,MDA,1993,36.2
Moldova,MDA,1992,34.9
Moldova,MDA,1991,33.9
Moldova,MDA,1990,33.5
Moldova,MDA,1989,33.9
Moldova,MDA,1988,35.0
Moldova,MDA,1987,36.5
Moldova,MDA,1986,38.2
Moldova,MDA,1985,40.2
Moldova,MDA,1984,42.4
Moldova,MDA,1983,44.5
Moldova,MDA,1982,46.4
Moldova,MDA,1981,48.2
Moldova,MDA,1980,49.7
Moldova,MDA,1979,51.0
Moldova,MDA,1978,52.3
Moldova,MDA,1977,53.9
Moldova,MDA,1976,55.4
Moldova,MDA,1975,57.0
Moldova,MDA,1974,58.6
Moldova,MDA,1973,60.3
Moldova,MDA,1972,61.9
Moldova,MDA,1971,63.8
Moldova,MDA,1970,
Moldova,MDA,1969,
Moldova,MDA,1968,
Moldova,MDA,1967,
Moldova,MDA,1966,
Moldova,MDA,1965,
Moldova,MDA,1964,
Moldova,MDA,1963,
Moldova,MDA,1962,
Moldova,MDA,1961,
Moldova,MDA,1960,
Monaco,MCO,2025,
Monaco,MCO,2024,2.7
Monaco,MCO,2023,2.7
Monaco,MCO,2022,2.8
Monaco,MCO,2021,2.9
Monaco,MCO,2020,3.0
Monaco,MCO,2019,3.1
Monaco,MCO,2018,3.2
Monaco,MCO,2017,3.3
Monaco,MCO,2016,3.4
Monaco,MCO,2015,3.5
Monaco,MCO,2014,3.6
Monaco,MCO,2013,3.7
Monaco,MCO,2012,3.8
Monaco,MCO,2011,3.9
Monaco,MCO,2010,4.0
Monaco,MCO,2009,4.1
Monaco,MCO,2008,4.2
Monaco,MCO,2007,4.3
Monaco,MCO,2006,4.4
Monaco,MCO,2005,4.5
Monaco,MCO,2004,4.6
Monaco,MCO,2003,4.7
Monaco,MCO,2002,4.8
Monaco,MCO,2001,5.0
Monaco,MCO,2000,5.2
Monaco,MCO,1999,5.3
Monaco,MCO,1998,5.5
Monaco,MCO,1997,5.8
Monaco,MCO,1996,6.0
Monaco,MCO,1995,6.2
Monaco,MCO,1994,6.5
Monaco,MCO,1993,6.8
Monaco,MCO,1992,7.1
Monaco,MCO,1991,7.4
Monaco,MCO,1990,7.8
Monaco,MCO,1989,8.1
Monaco,MCO,1988,8.5
Monaco,MCO,1987,8.9
Monaco,MCO,1986,9.3
Monaco,MCO,1985,9.7
Monaco,MCO,1984,
Monaco,MCO,1983,
Monaco,MCO,1982,
Monaco,MCO,1981,
Monaco,MCO,1980,
Monaco,MCO,1979,
Monaco,MCO,1978,
Monaco,MCO,1977,
Monaco,MCO,1976,
Monaco,MCO,1975,
Monaco,MCO,1974,
Monaco,MCO,1973,
Monaco,MCO,1972,
Monaco,MCO,1971,
Monaco,MCO,1970,
Monaco,MCO,1969,
Monaco,MCO,1968,
Monaco,MCO,1967,
Monaco,MCO,1966,
Monaco,MCO,1965,
Monaco,MCO,1964,
Monaco,MCO,1963,
Monaco,MCO,1962,
Monaco,MCO,1961,
Monaco,MCO,1960,
Mongolia,MNG,2025,
Mongolia,MNG,2024,13.4
Mongolia,MNG,2023,13.6
Mongolia,MNG,2022,13.9
Mongolia,MNG,2021,14.3
Mongolia,MNG,2020,14.8
Mongolia,MNG,2019,15.6
Mongolia,MNG,2018,16.4
Mongolia,MNG,2017,17.4
Mongolia,MNG,2016,18.4
Mongolia,MNG,2015,19.4
Mongolia,MNG,2014,20.4
Mongolia,MNG,2013,21.5
Mongolia,MNG,2012,22.8
Mongolia,MNG,2011,24.4
Mongolia,MNG,2010,26.3
Mongolia,MNG,2009,28.5
Mongolia,MNG,2008,31.0
Mongolia,MNG,2007,33.8
Mongolia,MNG,2006,37.0
Mongolia,MNG,2005,40.5
Mongolia,MNG,2004,44.3
Mongolia,MNG,2003,48.5
Mongolia,MNG,2002,52.9
Mongolia,MNG,2001,57.7
Mongolia,MNG,2000,62.5
Mongolia,MNG,1999,67.5
Mongolia,MNG,1998,72.4
Mongolia,MNG,1997,77.1
Mongolia,MNG,1996,81.5
Mongolia,MNG,1995,85.8
Mongolia,MNG,1994,89.7
Mongolia,MNG,1993,93.6
Mongolia,MNG,1992,97.6
Mongolia,MNG,1991,101.7
Mongolia,MNG,1990,106.1
Mongolia,MNG,1989,110.9
Mongolia,MNG,1988,116.3
Mongolia,MNG,1987,121.8
Mongolia,MNG,1986,127.5
Mongolia,MNG,1985,133.0
Mongolia,MNG,1984,138.5
Mongolia,MNG,1983,143.9
Mongolia,MNG,1982,149.3
Mongolia,MNG,1981,154.9
Mongolia,MNG,1980,160.6
Mongolia,MNG,1979,166.5
Mongolia,MNG,1978,172.6
Mongolia,MNG,1977,
Mongolia,MNG,1976,
Mongolia,MNG,1975,
Mongolia,MNG,1974,
Mongolia,MNG,1973,
Mongolia,MNG,1972,
Mongolia,MNG,1971,
Mongolia,MNG,1970,
Mongolia,MNG,1969,
Mongolia,MNG,1968,
Mongolia,MNG,1967,
Mongolia,MNG,1966,
Mongolia,MNG,1965,
Mongolia,MNG,1964,
Mongolia,MNG,1963,
Mongolia,MNG,1962,
Mongolia,MNG,1961,
Mongolia,MNG,1960,
Montenegro,MNE,2025,
Montenegro,MNE,2024,2.4
Montenegro,MNE,2023,2.5
Montenegro,MNE,2022,2.6
Montenegro,MNE,2021,2.8
Montenegro,MNE,2020,2.9
Montenegro,MNE,2019,3.1
Montenegro,MNE,2018,3.3
Montenegro,MNE,2017,3.6
Montenegro,MNE,2016,3.9
Montenegro,MNE,2015,4.2
Montenegro,MNE,2014,4.6
Montenegro,MNE,2013,5.0
Montenegro,MNE,2012,5.5
Montenegro,MNE,2011,6.1
Montenegro,MNE,2010,6.7
Montenegro,MNE,2009,7.4
Montenegro,MNE,2008,8.1
Montenegro,MNE,2007,8.9
Montenegro,MNE,2006,9.7
Montenegro,MNE,2005,10.6
Montenegro,MNE,2004,11.4
Montenegro,MNE,2003,12.2
Montenegro,MNE,2002,13.0
Montenegro,MNE,2001,13.7
Montenegro,MNE,2000,14.2
Montenegro,MNE,1999,14.6
Montenegro,MNE,1998,14.9
Montenegro,MNE,1997,15.0
Montenegro,MNE,1996,15.1
Montenegro,MNE,1995,15.1
Montenegro,MNE,1994,15.1
Montenegro,MNE,1993,15.2
Montenegro,MNE,1992,15.4
Montenegro,MNE,1991,15.8
Montenegro,MNE,1990,16.5
Montenegro,MNE,1989,17.5
Montenegro,MNE,1988,18.9
Montenegro,MNE,1987,20.6
Montenegro,MNE,1986,22.5
Montenegro,MNE,1985,24.8
Montenegro,MNE,1984,27.3
Montenegro,MNE,1983,
Montenegro,MNE,1982,
Montenegro,MNE,1981,
Montenegro,MNE,1980,
Montenegro,MNE,1979,
Montenegro,MNE,1978,
Montenegro,MNE,1977,
Montenegro,MNE,1976,
Montenegro,MNE,1975,
Montenegro,MNE,1974,
Montenegro,MNE,1973,
Montenegro,MNE,1972,
Montenegro,MNE,1971,
Montenegro,MNE,1970,
Montenegro,MNE,1969,
Montenegro,MNE,1968,
Montenegro,MNE,1967,
Montenegro,MNE,1966,
Montenegro,MNE,1965,
Montenegro,MNE,1964,
Montenegro,MNE,1963,
Montenegro,MNE,1962,
Montenegro,MNE,1961,
Montenegro,MNE,1960,
Morocco,MAR,2025,
Morocco,MAR,2024,15.7
Morocco,MAR,2023,16.3
Morocco,MAR,2022,17.0
Morocco,MAR,2021,17.6
Morocco,MAR,2020,18.3
Morocco,MAR,2019,19.1
Morocco,MAR,2018,19.9
Morocco,MAR,2017,20.8
Morocco,MAR,2016,21.9
Morocco,MAR,2015,23.1
Morocco,MAR,2014,24.5
Morocco,MAR,2013,26.0
Morocco,MAR,2012,27.5
Morocco,MAR,2011,29.2
Morocco,MAR,2010,30.9
Morocco,MAR,2009,32.8
Morocco,MAR,2008,34.8
Morocco,MAR,2007,36.9
Morocco,MAR,2006,39.2
Morocco,MAR,2005,41.4
Morocco,MAR,2004,43.6
Morocco,MAR,2003,45.8
Morocco,MAR,2002,48.0
Morocco,MAR,2001,50.2
Morocco,MAR,2000,52.4
Morocco,MAR,1999,54.7
Morocco,MAR,1998,57.1
Morocco,MAR,1997,59.6
Morocco,MAR,1996,62.3
Morocco,MAR,1995,65.2
Morocco,MAR,1994,68.1
Morocco,MAR,1993,71.1
Morocco,MAR,1992,74.3
Morocco,MAR,1991,77.6
Morocco,MAR,1990,81.1
Morocco,MAR,1989,84.8
Morocco,MAR,1988,88.9
Morocco,MAR,1987,93.3
Morocco,MAR,1986,98.2
Morocco,MAR,1985,103.5
Morocco,MAR,1984,109.2
Morocco,MAR,1983,115.2
Morocco,MAR,1982,121.6
Morocco,MAR,1981,128.2
Morocco,MAR,1980,135.2
Morocco,MAR,1979,142.2
Morocco,MAR,1978,149.4
Morocco,MAR,1977,156.5
Morocco,MAR,1976,163.1
Morocco,MAR,1975,169.2
Morocco,MAR,1974,174.6
Morocco,MAR,1973,179.3
Morocco,MAR,1972,183.5
Morocco,MAR,1971,187.6
Morocco,MAR,1970,191.9
Morocco,MAR,1969,196.6
Morocco,MAR,1968,201.7
Morocco,MAR,1967,207.3
Morocco,MAR,1966,213.0
Morocco,MAR,1965,218.8
Morocco,MAR,1964,224.5
Morocco,MAR,1963,229.9
Morocco,MAR,1962,235.1
Morocco,MAR,1961,240.3
Morocco,MAR,1960,245.2
Mozambique,MOZ,2025,
Mozambique,MOZ,2024,59.4
Mozambique,MOZ,2023,61.7
Mozambique,MOZ,2022,63.9
Mozambique,MOZ,2021,65.5
Mozambique,MOZ,2020,67.6
Mozambique,MOZ,2019,68.6
Mozambique,MOZ,2018,70.2
Mozambique,MOZ,2017,72.0
Mozambique,MOZ,2016,73.3
Mozambique,MOZ,2015,75.8
Mozambique,MOZ,2014,79.7
Mozambique,MOZ,2013,82.9
Mozambique,MOZ,2012,86.5
Mozambique,MOZ,2011,91.1
Mozambique,MOZ,2010,95.6
Mozambique,MOZ,2009,98.3
Mozambique,MOZ,2008,104.4
Mozambique,MOZ,2007,110.7
Mozambique,MOZ,2006,118.8
Mozambique,MOZ,2005,125.7
Mozambique,MOZ,2004,132.5
Mozambique,MOZ,2003,139.8
Mozambique,MOZ,2002,147.5
Mozambique,MOZ,2001,155.7
Mozambique,MOZ,2000,164.6
Mozambique,MOZ,1999,174.1
Mozambique,MOZ,1998,183.9
Mozambique,MOZ,1997,193.6
Mozambique,MOZ,1996,202.5
Mozambique,MOZ,1995,210.6
Mozambique,MOZ,1994,217.1
Mozambique,MOZ,1993,223.1
Mozambique,MOZ,1992,227.9
Mozambique,MOZ,1991,231.8
Mozambique,MOZ,1990,235.1
Mozambique,MOZ,1989,238.1
Mozambique,MOZ,1988,241.3
Mozambique,MOZ,1987,244.4
Mozambique,MOZ,1986,247.8
Mozambique,MOZ,1985,251.4
Mozambique,MOZ,1984,254.7
Mozambique,MOZ,1983,257.9
Mozambique,MOZ,1982,260.2
Mozambique,MOZ,1981,309.4
Mozambique,MOZ,1980,262.2
Mozambique,MOZ,1979,262.7
Mozambique,MOZ,1978,263.6
Mozambique,MOZ,1977,264.5
Mozambique,MOZ,1976,265.7
Mozambique,MOZ,1975,267.0
Mozambique,MOZ,1974,268.6
Mozambique,MOZ,1973,270.1
Mozambique,MOZ,1972,271.5
Mozambique,MOZ,1971,272.7
Mozambique,MOZ,1970,273.3
Mozambique,MOZ,1969,273.6
Mozambique,MOZ,1968,274.1
Mozambique,MOZ,1967,274.1
Mozambique,MOZ,1966,273.3
Mozambique,MOZ,1965,272.1
Mozambique,MOZ,1964,271.0
Mozambique,MOZ,1963,269.6
Mozambique,MOZ,1962,
Mozambique,MOZ,1961,
Mozambique,MOZ,1960,
Myanmar,MMR,2025,
Myanmar,MMR,2024,36.9
Myanmar,MMR,2023,38.1
Myanmar,MMR,2022,39.5
Myanmar,MMR,2021,40.8
Myanmar,MMR,2020,42.1
Myanmar,MMR,2019,43.6
Myanmar,MMR,2018,45.2
Myanmar,MMR,2017,46.8
Myanmar,MMR,2016,48.7
Myanmar,MMR,2015,50.5
Myanmar,MMR,2014,52.4
Myanmar,MMR,2013,54.6
Myanmar,MMR,2012,57.0
Myanmar,MMR,2011,59.7
Myanmar,MMR,2010,62.4
Myanmar,MMR,2009,65.1
Myanmar,MMR,2008,101.7
Myanmar,MMR,2007,70.8
Myanmar,MMR,2006,73.6
Myanmar,MMR,2005,76.3
Myanmar,MMR,2004,79.1
Myanmar,MMR,2003,81.6
Myanmar,MMR,2002,84.1
Myanmar,MMR,2001,86.5
Myanmar,MMR,2000,88.9
Myanmar,MMR,1999,91.4
Myanmar,MMR,1998,93.8
Myanmar,MMR,1997,96.3
Myanmar,MMR,1996,98.8
Myanmar,MMR,1995,101.5
Myanmar,MMR,1994,104.1
Myanmar,MMR,1993,106.8
Myanmar,MMR,1992,109.4
Myanmar,MMR,1991,112.1
Myanmar,MMR,1990,114.6
Myanmar,MMR,1989,117.0
Myanmar,MMR,1988,119.4
Myanmar,MMR,1987,121.7
Myanmar,MMR,1986,123.9
Myanmar,MMR,1985,126.0
Myanmar,MMR,1984,128.2
Myanmar,MMR,1983,130.5
Myanmar,MMR,1982,133.1
Myanmar,MMR,1981,135.9
Myanmar,MMR,1980,138.7
Myanmar,MMR,1979,141.7
Myanmar,MMR,1978,145.0
Myanmar,MMR,1977,148.3
Myanmar,MMR,1976,151.7
Myanmar,MMR,1975,155.5
Myanmar,MMR,1974,159.1
Myanmar,MMR,1973,162.5
Myanmar,MMR,1972,166.1
Myanmar,MMR,1971,169.6
Myanmar,MMR,1970,173.0
Myanmar,MMR,1969,176.4
Myanmar,MMR,1968,179.9
Myanmar,MMR,1967,
Myanmar,MMR,1966,
Myanmar,MMR,1965,
Myanmar,MMR,1964,
Myanmar,MMR,1963,
Myanmar,MMR,1962,
Myanmar,MMR,1961,
Myanmar,MMR,1960,
Namibia,NAM,2025,
Namibia,NAM,2024,39.5
Namibia,NAM,2023,41.1
Namibia,NAM,2022,41.6
Namibia,NAM,2021,43.2
Namibia,NAM,2020,44.8
Namibia,NAM,2019,46.6
Namibia,NAM,2018,48.5
Namibia,NAM,2017,49.8
Namibia,NAM,2016,51.4
Namibia,NAM,2015,51.8
Namibia,NAM,2014,50.0
Namibia,NAM,2013,50.8
Namibia,NAM,2012,52.6
Namibia,NAM,2011,50.0
Namibia,NAM,2010,50.3
Namibia,NAM,2009,53.2
Namibia,NAM,2008,57.5
Namibia,NAM,2007,62.0
Namibia,NAM,2006,66.0
Namibia,NAM,2005,71.0
Namibia,NAM,2004,74.4
Namibia,NAM,2003,75.6
Namibia,NAM,2002,76.6
Namibia,NAM,2001,77.6
Namibia,NAM,2000,78.2
Namibia,NAM,1999,78.1
Namibia,NAM,1998,77.0
Namibia,NAM,1997,75.6
Namibia,NAM,1996,74.0
Namibia,NAM,1995,72.6
Namibia,NAM,1994,71.6
Namibia,NAM,1993,71.2
Namibia,NAM,1992,71.5
Namibia,NAM,1991,72.3
Namibia,NAM,1990,73.6
Namibia,NAM,1989,75.4
Namibia,NAM,1988,78.0
Namibia,NAM,1987,80.9
Namibia,NAM,1986,84.3
Namibia,NAM,1985,88.1
Namibia,NAM,1984,92.1
Namibia,NAM,1983,95.7
Namibia,NAM,1982,98.8
Namibia,NAM,1981,101.1
Namibia,NAM,1980,102.7
Namibia,NAM,1979,103.1
Namibia,NAM,1978,102.9
Namibia,NAM,1977,102.1
Namibia,NAM,1976,101.0
Namibia,NAM,1975,99.9
Namibia,NAM,1974,98.9
Namibia,NAM,1973,98.2
Namibia,NAM,1972,97.7
Namibia,NAM,1971,97.3
Namibia,NAM,1970,97.0
Namibia,NAM,1969,96.7
Namibia,NAM,1968,96.5
Namibia,NAM,1967,96.3
Namibia,NAM,1966,
Namibia,NAM,1965,
Namibia,NAM,1964,
Namibia,NAM,1963,
Namibia,NAM,1962,
Namibia,NAM,1961,
Namibia,NAM,1960,
Naoero,NRU,2025,
Naoero,NRU,2024,8.3
Naoero,NRU,2023,8.7
Naoero,NRU,2022,9.3
Naoero,NRU,2021,10.0
Naoero,NRU,2020,10.9
Naoero,NRU,2019,12.0
Naoero,NRU,2018,13.1
Naoero,NRU,2017,14.4
Naoero,NRU,2016,15.9
Naoero,NRU,2015,17.5
Naoero,NRU,2014,19.2
Naoero,NRU,2013,20.9
Naoero,NRU,2012,22.7
Naoero,NRU,2011,24.6
Naoero,NRU,2010,26.4
Naoero,NRU,2009,28.2
Naoero,NRU,2008,29.8
Naoero,NRU,2007,31.4
Naoero,NRU,2006,32.7
Naoero,NRU,2005,34.0
Naoero,NRU,2004,35.2
Naoero,NRU,2003,36.5
Naoero,NRU,2002,37.9
Naoero,NRU,2001,39.4
Naoero,NRU,2000,41.1
Naoero,NRU,1999,43.0
Naoero,NRU,1998,45.0
Naoero,NRU,1997,47.1
Naoero,NRU,1996,49.4
Naoero,NRU,1995,51.8
Naoero,NRU,1994,54.4
Naoero,NRU,1993,57.2
Naoero,NRU,1992,60.3
Naoero,NRU,1991,63.6
Naoero,NRU,1990,66.9
Naoero,NRU,1989,70.4
Naoero,NRU,1988,73.9
Naoero,NRU,1987,77.8
Naoero,NRU,1986,81.6
Naoero,NRU,1985,85.8
Naoero,NRU,1984,
Naoero,NRU,1983,
Naoero,NRU,1982,
Naoero,NRU,1981,
Naoero,NRU,1980,
Naoero,NRU,1979,
Naoero,NRU,1978,
Naoero,NRU,1977,
Naoero,NRU,1976,
Naoero,NRU,1975,
Naoero,NRU,1974,
Naoero,NRU,1973,
Naoero,NRU,1972,
Naoero,NRU,1971,
Naoero,NRU,1970,
Naoero,NRU,1969,
Naoero,NRU,1968,
Naoero,NRU,1967,
Naoero,NRU,1966,
Naoero,NRU,1965,
Naoero,NRU,1964,
Naoero,NRU,1963,
Naoero,NRU,1962,
Naoero,NRU,1961,
Naoero,NRU,1960,
Nepal,NPL,2025,
Nepal,NPL,2024,25.1
Nepal,NPL,2023,26.1
Nepal,NPL,2022,27.1
Nepal,NPL,2021,28.3
Nepal,NPL,2020,29.6
Nepal,NPL,2019,31.0
Nepal,NPL,2018,32.6
Nepal,NPL,2017,34.2
Nepal,NPL,2016,36.0
Nepal,NPL,2015,37.8
Nepal,NPL,2014,39.7
Nepal,NPL,2013,41.7
Nepal,NPL,2012,43.7
Nepal,NPL,2011,45.8
Nepal,NPL,2010,47.9
Nepal,NPL,2009,50.1
Nepal,NPL,2008,52.4
Nepal,NPL,2007,54.7
Nepal,NPL,2006,57.3
Nepal,NPL,2005,60.0
Nepal,NPL,2004,63.1
Nepal,NPL,2003,66.5
Nepal,NPL,2002,70.2
Nepal,NPL,2001,74.3
Nepal,NPL,2000,78.7
Nepal,NPL,1999,83.6
Nepal,NPL,1998,88.7
Nepal,NPL,1997,94.0
Nepal,NPL,1996,99.5
Nepal,NPL,1995,105.3
Nepal,NPL,1994,111.4
Nepal,NPL,1993,117.7
Nepal,NPL,1992,124.3
Nepal,NPL,1991,131.3
Nepal,NPL,1990,138.4
Nepal,NPL,1989,145.7
Nepal,NPL,1988,153.0
Nepal,NPL,1987,160.2
Nepal,NPL,1986,167.4
Nepal,NPL,1985,174.5
Nepal,NPL,1984,181.3
Nepal,NPL,1983,188.0
Nepal,NPL,1982,194.7
Nepal,NPL,1981,201.4
Nepal,NPL,1980,208.1
Nepal,NPL,1979,214.7
Nepal,NPL,1978,221.2
Nepal,NPL,1977,227.3
Nepal,NPL,1976,233.3
Nepal,NPL,1975,239.0
Nepal,NPL,1974,244.7
Nepal,NPL,1973,250.3
Nepal,NPL,1972,256.0
Nepal,NPL,1971,261.8
Nepal,NPL,1970,267.8
Nepal,NPL,1969,274.1
Nepal,NPL,1968,280.6
Nepal,NPL,1967,287.4
Nepal,NPL,1966,294.3
Nepal,NPL,1965,301.3
Nepal,NPL,1964,308.2
Nepal,NPL,1963,314.7
Nepal,NPL,1962,320.4
Nepal,NPL,1961,325.4
Nepal,NPL,1960,329.5
Netherlands,NLD,2025,
Netherlands,NLD,2024,3.9
Netherlands,NLD,2023,3.9
Netherlands,NLD,2022,4.0
Netherlands,NLD,2021,4.0
Netherlands,NLD,2020,4.0
Netherlands,NLD,2019,4.0
Netherlands,NLD,2018,4.0
Netherlands,NLD,2017,4.0
Netherlands,NLD,2016,4.1
Netherlands,NLD,2015,4.1
Netherlands,NLD,2014,4.1
Netherlands,NLD,2013,4.2
Netherlands,NLD,2012,4.2
Netherlands,NLD,2011,4.3
Netherlands,NLD,2010,4.4
Netherlands,NLD,2009,4.6
Netherlands,NLD,2008,4.7
Netherlands,NLD,2007,4.9
Netherlands,NLD,2006,5.1
Netherlands,NLD,2005,5.3
Netherlands,NLD,2004,5.5
Netherlands,NLD,2003,5.7
Netherlands,NLD,2002,5.9
Netherlands,NLD,2001,6.0
Netherlands,NLD,2000,6.2
Netherlands,NLD,1999,6.3
Netherlands,NLD,1998,6.4
Netherlands,NLD,1997,6.6
Netherlands,NLD,1996,6.7
Netherlands,NLD,1995,6.9
Netherlands,NLD,1994,7.1
Netherlands,NLD,1993,7.4
Netherlands,NLD,1992,7.7
Netherlands,NLD,1991,8.0
Netherlands,NLD,1990,8.3
Netherlands,NLD,1989,8.6
Netherlands,NLD,1988,8.9
Netherlands,NLD,1987,9.2
Netherlands,NLD,1986,9.5
Netherlands,NLD,1985,9.7
Netherlands,NLD,1984,9.9
Netherlands,NLD,1983,10.1
Netherlands,NLD,1982,10.4
Netherlands,NLD,1981,10.6
Netherlands,NLD,1980,10.9
Netherlands,NLD,1979,11.2
Netherlands,NLD,1978,11.6
Netherlands,NLD,1977,12.1
Netherlands,NLD,1976,12.6
Netherlands,NLD,1975,13.1
Netherlands,NLD,1974,13.6
Netherlands,NLD,1973,14.1
Netherlands,NLD,1972,14.7
Netherlands,NLD,1971,15.3
Netherlands,NLD,1970,15.8
Netherlands,NLD,1969,16.4
Netherlands,NLD,1968,16.9
Netherlands,NLD,1967,17.4
Netherlands,NLD,1966,17.9
Netherlands,NLD,1965,18.3
Netherlands,NLD,1964,18.8
Netherlands,NLD,1963,19.2
Netherlands,NLD,1962,19.7
Netherlands,NLD,1961,20.3
Netherlands,NLD,1960,20.8
New Caledonia,NCL,2025,
New Caledonia,NCL,2024,
New Caledonia,NCL,2023,
New Caledonia,NCL,2022,
New Caledonia,NCL,2021,
New Caledonia,NCL,2020,
New Caledonia,NCL,2019,
New Caledonia,NCL,2018,
New Caledonia,NCL,2017,
New Caledonia,NCL,2016,
New Caledonia,NCL,2015,
New Caledonia,NCL,2014,
New Caledonia,NCL,2013,
New Caledonia,NCL,2012,
New Caledonia,NCL,2011,
New Caledonia,NCL,2010,
New Caledonia,NCL,2009,
New Caledonia,NCL,2008,
New Caledonia,NCL,2007,
New Caledonia,NCL,2006,
New Caledonia,NCL,2005,
New Caledonia,NCL,2004,
New Caledonia,NCL,2003,
New Caledonia,NCL,2002,
New Caledonia,NCL,2001,
New Caledonia,NCL,2000,
New Caledonia,NCL,1999,
New Caledonia,NCL,1998,
New Caledonia,NCL,1997,
New Caledonia,NCL,1996,
New Caledonia,NCL,1995,
New Caledonia,NCL,1994,
New Caledonia,NCL,1993,
New Caledonia,NCL,1992,
New Caledonia,NCL,1991,
New Caledonia,NCL,1990,
New Caledonia,NCL,1989,
New Caledonia,NCL,1988,
New Caledonia,NCL,1987,
New Caledonia,NCL,1986,
New Caledonia,NCL,1985,
New Caledonia,NCL,1984,
New Caledonia,NCL,1983,
New Caledonia,NCL,1982,
New Caledonia,NCL,1981,
New Caledonia,NCL,1980,
New Caledonia,NCL,1979,
New Caledonia,NCL,1978,
New Caledonia,NCL,1977,
New Caledonia,NCL,1976,
New Caledonia,NCL,1975,
New Caledonia,NCL,1974,
New Caledonia,NCL,1973,
New Caledonia,NCL,1972,
New Caledonia,NCL,1971,
New Caledonia,NCL,1970,
New Caledonia,NCL,1969,
New Caledonia,NCL,1968,
New Caledonia,NCL,1967,
New Caledonia,NCL,1966,
New Caledonia,NCL,1965,
New Caledonia,NCL,1964,
New Caledonia,NCL,1963,
New Caledonia,NCL,1962,
New Caledonia,NCL,1961,
New Caledonia,NCL,1960,
New Zealand,NZL,2025,
New Zealand,NZL,2024,4.7
New Zealand,NZL,2023,4.9
New Zealand,NZL,2022,5.0
New Zealand,NZL,2021,5.0
New Zealand,NZL,2020,5.1
New Zealand,NZL,2019,5.2
New Zealand,NZL,2018,5.3
New Zealand,NZL,2017,5.4
New Zealand,NZL,2016,5.5
New Zealand,NZL,2015,5.6
New Zealand,NZL,2014,5.8
New Zealand,NZL,2013,5.9
New Zealand,NZL,2012,6.0
New Zealand,NZL,2011,6.1
New Zealand,NZL,2010,6.2
New Zealand,NZL,2009,6.3
New Zealand,NZL,2008,6.4
New Zealand,NZL,2007,6.4
New Zealand,NZL,2006,6.5
New Zealand,NZL,2005,6.6
New Zealand,NZL,2004,6.7
New Zealand,NZL,2003,6.9
New Zealand,NZL,2002,7.0
New Zealand,NZL,2001,7.2
New Zealand,NZL,2000,7.4
New Zealand,NZL,1999,7.6
New Zealand,NZL,1998,7.8
New Zealand,NZL,1997,8.1
New Zealand,NZL,1996,8.4
New Zealand,NZL,1995,8.7
New Zealand,NZL,1994,9.1
New Zealand,NZL,1993,9.5
New Zealand,NZL,1992,10.0
New Zealand,NZL,1991,10.6
New Zealand,NZL,1990,11.2
New Zealand,NZL,1989,11.8
New Zealand,NZL,1988,12.4
New Zealand,NZL,1987,12.9
New Zealand,NZL,1986,13.4
New Zealand,NZL,1985,13.8
New Zealand,NZL,1984,14.1
New Zealand,NZL,1983,14.5
New Zealand,NZL,1982,14.8
New Zealand,NZL,1981,15.2
New Zealand,NZL,1980,15.6
New Zealand,NZL,1979,16.1
New Zealand,NZL,1978,16.6
New Zealand,NZL,1977,17.1
New Zealand,NZL,1976,17.7
New Zealand,NZL,1975,18.3
New Zealand,NZL,1974,18.8
New Zealand,NZL,1973,19.4
New Zealand,NZL,1972,19.8
New Zealand,NZL,1971,20.3
New Zealand,NZL,1970,20.8
New Zealand,NZL,1969,21.2
New Zealand,NZL,1968,21.6
New Zealand,NZL,1967,22.0
New Zealand,NZL,1966,22.5
New Zealand,NZL,1965,23.1
New Zealand,NZL,1964,23.9
New Zealand,NZL,1963,24.8
New Zealand,NZL,1962,25.8
New Zealand,NZL,1961,26.8
New Zealand,NZL,1960,27.8
Nicaragua,NIC,2025,
Nicaragua,NIC,2024,11.2
Nicaragua,NIC,2023,13.8
Nicaragua,NIC,2022,14.3
Nicaragua,NIC,2021,14.2
Nicaragua,NIC,2020,14.2
Nicaragua,NIC,2019,14.3
Nicaragua,NIC,2018,14.6
Nicaragua,NIC,2017,15.3
Nicaragua,NIC,2016,16.1
Nicaragua,NIC,2015,17.2
Nicaragua,NIC,2014,18.3
Nicaragua,NIC,2013,19.4
Nicaragua,NIC,2012,20.6
Nicaragua,NIC,2011,21.9
Nicaragua,NIC,2010,23.2
Nicaragua,NIC,2009,24.5
Nicaragua,NIC,2008,25.8
Nicaragua,NIC,2007,27.1
Nicaragua,NIC,2006,28.4
Nicaragua,NIC,2005,29.7
Nicaragua,NIC,2004,31.1
Nicaragua,NIC,2003,32.4
Nicaragua,NIC,2002,33.8
Nicaragua,NIC,2001,35.3
Nicaragua,NIC,2000,37.1
Nicaragua,NIC,1999,39.4
Nicaragua,NIC,1998,49.4
Nicaragua,NIC,1997,45.0
Nicaragua,NIC,1996,48.0
Nicaragua,NIC,1995,51.1
Nicaragua,NIC,1994,54.2
Nicaragua,NIC,1993,57.5
Nicaragua,NIC,1992,61.1
Nicaragua,NIC,1991,64.9
Nicaragua,NIC,1990,68.6
Nicaragua,NIC,1989,71.6
Nicaragua,NIC,1988,73.9
Nicaragua,NIC,1987,75.9
Nicaragua,NIC,1986,78.0
Nicaragua,NIC,1985,80.5
Nicaragua,NIC,1984,83.7
Nicaragua,NIC,1983,88.1
Nicaragua,NIC,1982,93.9
Nicaragua,NIC,1981,100.7
Nicaragua,NIC,1980,108.3
Nicaragua,NIC,1979,116.9
Nicaragua,NIC,1978,126.3
Nicaragua,NIC,1977,135.4
Nicaragua,NIC,1976,144.1
Nicaragua,NIC,1975,151.9
Nicaragua,NIC,1974,158.8
Nicaragua,NIC,1973,163.9
Nicaragua,NIC,1972,193.2
Nicaragua,NIC,1971,170.8
Nicaragua,NIC,1970,173.5
Nicaragua,NIC,1969,176.1
Nicaragua,NIC,1968,178.8
Nicaragua,NIC,1967,181.1
Nicaragua,NIC,1966,182.8
Nicaragua,NIC,1965,184.5
Nicaragua,NIC,1964,185.9
Nicaragua,NIC,1963,187.5
Nicaragua,NIC,1962,189.0
Nicaragua,NIC,1961,190.4
Nicaragua,NIC,1960,191.9
Niger,NER,2025,
Niger,NER,2024,110.7
Niger,NER,2023,113.5
Niger,NER,2022,116.0
Niger,NER,2021,118.0
Niger,NER,2020,119.5
Niger,NER,2019,120.8
Niger,NER,2018,121.9
Niger,NER,2017,123.1
Niger,NER,2016,124.3
Niger,NER,2015,125.4
Niger,NER,2014,126.8
Niger,NER,2013,128.3
Niger,NER,2012,130.3
Niger,NER,2011,132.7
Niger,NER,2010,136.0
Niger,NER,2009,140.3
Niger,NER,2008,146.0
Niger,NER,2007,153.1
Niger,NER,2006,161.6
Niger,NER,2005,171.4
Niger,NER,2004,182.4
Niger,NER,2003,194.1
Niger,NER,2002,205.9
Niger,NER,2001,217.4
Niger,NER,2000,227.9
Niger,NER,1999,237.5
Niger,NER,1998,247.2
Niger,NER,1997,257.9
Niger,NER,1996,269.4
Niger,NER,1995,281.8
Niger,NER,1994,294.3
Niger,NER,1993,306.4
Niger,NER,1992,316.7
Niger,NER,1991,325.4
Niger,NER,1990,332.4
Niger,NER,1989,337.7
Niger,NER,1988,341.0
Niger,NER,1987,342.1
Niger,NER,1986,341.3
Niger,NER,1985,338.5
Niger,NER,1984,334.5
Niger,NER,1983,330.2
Niger,NER,1982,326.5
Niger,NER,1981,324.5
Niger,NER,1980,325.0
Niger,NER,1979,327.6
Niger,NER,1978,331.8
Niger,NER,1977,336.6
Niger,NER,1976,340.8
Niger,NER,1975,343.5
Niger,NER,1974,344.6
Niger,NER,1973,343.5
Niger,NER,1972,340.9
Niger,NER,1971,337.1
Niger,NER,1970,332.9
Niger,NER,1969,328.8
Niger,NER,1968,324.8
Niger,NER,1967,321.1
Niger,NER,1966,
Niger,NER,1965,
Niger,NER,1964,
Niger,NER,1963,
Niger,NER,1962,
Niger,NER,1961,
Niger,NER,1960,
Nigeria,NGA,2025,
Nigeria,NGA,2024,115.6
Nigeria,NGA,2023,116.8
Nigeria,NGA,2022,117.5
Nigeria,NGA,2021,117.6
Nigeria,NGA,2020,117.4
Nigeria,NGA,2019,117.4
Nigeria,NGA,2018,117.2
Nigeria,NGA,2017,117.2
Nigeria,NGA,2016,117.4
Nigeria,NGA,2015,117.8
Nigeria,NGA,2014,118.7
Nigeria,NGA,2013,119.9
Nigeria,NGA,2012,121.6
Nigeria,NGA,2011,123.8
Nigeria,NGA,2010,126.3
Nigeria,NGA,2009,129.2
Nigeria,NGA,2008,132.5
Nigeria,NGA,2007,136.5
Nigeria,NGA,2006,140.9
Nigeria,NGA,2005,145.8
Nigeria,NGA,2004,151.4
Nigeria,NGA,2003,157.4
Nigeria,NGA,2002,163.9
Nigeria,NGA,2001,170.5
Nigeria,NGA,2000,177.3
Nigeria,NGA,1999,183.6
Nigeria,NGA,1998,189.4
Nigeria,NGA,1997,194.3
Nigeria,NGA,1996,198.1
Nigeria,NGA,1995,201.0
Nigeria,NGA,1994,203.1
Nigeria,NGA,1993,204.6
Nigeria,NGA,1992,205.7
Nigeria,NGA,1991,206.7
Nigeria,NGA,1990,207.6
Nigeria,NGA,1989,208.0
Nigeria,NGA,1988,208.2
Nigeria,NGA,1987,208.0
Nigeria,NGA,1986,207.5
Nigeria,NGA,1985,206.9
Nigeria,NGA,1984,206.6
Nigeria,NGA,1983,206.7
Nigeria,NGA,1982,207.7
Nigeria,NGA,1981,209.7
Nigeria,NGA,1980,212.9
Nigeria,NGA,1979,217.1
Nigeria,NGA,1978,222.6
Nigeria,NGA,1977,228.8
Nigeria,NGA,1976,235.8
Nigeria,NGA,1975,243.3
Nigeria,NGA,1974,251.5
Nigeria,NGA,1973,259.8
Nigeria,NGA,1972,268.0
Nigeria,NGA,1971,276.3
Nigeria,NGA,1970,387.4
Nigeria,NGA,1969,397.2
Nigeria,NGA,1968,406.8
Nigeria,NGA,1967,305.4
Nigeria,NGA,1966,312.1
Nigeria,NGA,1965,318.8
Nigeria,NGA,1964,325.7
Nigeria,NGA,1963,
Nigeria,NGA,1962,
Nigeria,NGA,1961,
Nigeria,NGA,1960,
North Macedonia,MKD,2025,
North Macedonia,MKD,2024,2.8
North Macedonia,MKD,2023,3.4
North Macedonia,MKD,2022,4.2
North Macedonia,MKD,2021,5.1
North Macedonia,MKD,2020,6.0
North Macedonia,MKD,2019,7.1
North Macedonia,MKD,2018,8.4
North Macedonia,MKD,2017,9.6
North Macedonia,MKD,2016,10.6
North Macedonia,MKD,2015,11.1
North Macedonia,MKD,2014,11.1
North Macedonia,MKD,2013,10.7
North Macedonia,MKD,2012,10.4
North Macedonia,MKD,2011,10.2
North Macedonia,MKD,2010,10.4
North Macedonia,MKD,2009,10.8
North Macedonia,MKD,2008,11.5
North Macedonia,MKD,2007,12.3
North Macedonia,MKD,2006,13.1
North Macedonia,MKD,2005,13.7
North Macedonia,MKD,2004,14.0
North Macedonia,MKD,2003,14.2
North Macedonia,MKD,2002,14.5
North Macedonia,MKD,2001,15.1
North Macedonia,MKD,2000,16.0
North Macedonia,MKD,1999,16.9
North Macedonia,MKD,1998,18.0
North Macedonia,MKD,1997,19.5
North Macedonia,MKD,1996,21.7
North Macedonia,MKD,1995,24.6
North Macedonia,MKD,1994,27.8
North Macedonia,MKD,1993,31.1
North Macedonia,MKD,1992,33.6
North Macedonia,MKD,1991,34.9
North Macedonia,MKD,1990,36.5
North Macedonia,MKD,1989,39.6
North Macedonia,MKD,1988,43.9
North Macedonia,MKD,1987,47.4
North Macedonia,MKD,1986,48.9
North Macedonia,MKD,1985,49.4
North Macedonia,MKD,1984,50.8
North Macedonia,MKD,1983,52.9
North Macedonia,MKD,1982,55.1
North Macedonia,MKD,1981,56.8
North Macedonia,MKD,1980,
North Macedonia,MKD,1979,
North Macedonia,MKD,1978,
North Macedonia,MKD,1977,
North Macedonia,MKD,1976,
North Macedonia,MKD,1975,
North Macedonia,MKD,1974,
North Macedonia,MKD,1973,
North Macedonia,MKD,1972,
North Macedonia,MKD,1971,
North Macedonia,MKD,1970,
North Macedonia,MKD,1969,
North Macedonia,MKD,1968,
North Macedonia,MKD,1967,
North Macedonia,MKD,1966,
North Macedonia,MKD,1965,
North Macedonia,MKD,1964,
North Macedonia,MKD,1963,
North Macedonia,MKD,1962,
North Macedonia,MKD,1961,
North Macedonia,MKD,1960,
Northern Mariana Islands,MNP,2025,
Northern Mariana Islands,MNP,2024,
Northern Mariana Islands,MNP,2023,
Northern Mariana Islands,MNP,2022,
Northern Mariana Islands,MNP,2021,
Northern Mariana Islands,MNP,2020,
Northern Mariana Islands,MNP,2019,
Northern Mariana Islands,MNP,2018,
Northern Mariana Islands,MNP,2017,
Northern Mariana Islands,MNP,2016,
Northern Mariana Islands,MNP,2015,
Northern Mariana Islands,MNP,2014,
Northern Mariana Islands,MNP,2013,
Northern Mariana Islands,MNP,2012,
Northern Mariana Islands,MNP,2011,
Northern Mariana Islands,MNP,2010,
Northern Mariana Islands,MNP,2009,
Northern Mariana Islands,MNP,2008,
Northern Mariana Islands,MNP,2007,
Northern Mariana Islands,MNP,2006,
Northern Mariana Islands,MNP,2005,
Northern Mariana Islands,MNP,2004,
Northern Mariana Islands,MNP,2003,
Northern Mariana Islands,MNP,2002,
Northern Mariana Islands,MNP,2001,
Northern Mariana Islands,MNP,2000,
Northern Mariana Islands,MNP,1999,
Northern Mariana Islands,MNP,1998,
Northern Mariana Islands,MNP,1997,
Northern Mariana Islands,MNP,1996,
Northern Mariana Islands,MNP,1995,
Northern Mariana Islands,MNP,1994,
Northern Mariana Islands,MNP,1993,
Northern Mariana Islands,MNP,1992,
Northern Mariana Islands,MNP,1991,
Northern Mariana Islands,MNP,1990,
Northern Mariana Islands,MNP,1989,
Northern Mariana Islands,MNP,1988,
Northern Mariana Islands,MNP,1987,
Northern Mariana Islands,MNP,1986,
Northern Mariana Islands,MNP,1985,
Northern Mariana Islands,MNP,1984,
Northern Mariana Islands,MNP,1983,
Northern Mariana Islands,MNP,1982,
Northern Mariana Islands,MNP,1981,
Northern Mariana Islands,MNP,1980,
Northern Mariana Islands,MNP,1979,
Northern Mariana Islands,MNP,1978,
Northern Mariana Islands,MNP,1977,
Northern Mariana Islands,MNP,1976,
Northern Mariana Islands,MNP,1975,
Northern Mariana Islands,MNP,1974,
Northern Mariana Islands,MNP,1973,
Northern Mariana Islands,MNP,1972,
Northern Mariana Islands,MNP,1971,
Northern Mariana Islands,MNP,1970,
Northern Mariana Islands,MNP,1969,
Northern Mariana Islands,MNP,1968,
Northern Mariana Islands,MNP,1967,
Northern Mariana Islands,MNP,1966,
Northern Mariana Islands,MNP,1965,
Northern Mariana Islands,MNP,1964,
Northern Mariana Islands,MNP,1963,
Northern Mariana Islands,MNP,1962,
Northern Mariana Islands,MNP,1961,
Northern Mariana Islands,MNP,1960,
Norway,NOR,2025,
Norway,NOR,2024,2.5
Norway,NOR,2023,2.4
Norway,NOR,2022,2.4
Norway,NOR,2021,2.4
Norway,NOR,2020,2.4
Norway,NOR,2019,2.4
Norway,NOR,2018,2.5
Norway,NOR,2017,2.5
Norway,NOR,2016,2.6
Norway,NOR,2015,2.7
Norway,NOR,2014,2.8
Norway,NOR,2013,2.9
Norway,NOR,2012,3.0
Norway,NOR,2011,3.1
Norway,NOR,2010,3.3
Norway,NOR,2009,3.4
Norway,NOR,2008,3.6
Norway,NOR,2007,3.7
Norway,NOR,2006,3.9
Norway,NOR,2005,4.1
Norway,NOR,2004,4.2
Norway,NOR,2003,4.4
Norway,NOR,2002,4.6
Norway,NOR,2001,4.7
Norway,NOR,2000,4.9
Norway,NOR,1999,5.0
Norway,NOR,1998,5.1
Norway,NOR,1997,5.2
Norway,NOR,1996,5.4
Norway,NOR,1995,5.7
Norway,NOR,1994,6.1
Norway,NOR,1993,6.6
Norway,NOR,1992,7.2
Norway,NOR,1991,8.0
Norway,NOR,1990,8.7
Norway,NOR,1989,9.3
Norway,NOR,1988,9.8
Norway,NOR,1987,10.1
Norway,NOR,1986,10.2
Norway,NOR,1985,10.2
Norway,NOR,1984,10.1
Norway,NOR,1983,10.0
Norway,NOR,1982,9.9
Norway,NOR,1981,9.9
Norway,NOR,1980,10.1
Norway,NOR,1979,10.4
Norway,NOR,1978,10.9
Norway,NOR,1977,11.5
Norway,NOR,1976,12.2
Norway,NOR,1975,12.9
Norway,NOR,1974,13.6
Norway,NOR,1973,14.3
Norway,NOR,1972,15.0
Norway,NOR,1971,15.6
Norway,NOR,1970,16.2
Norway,NOR,1969,16.9
Norway,NOR,1968,17.5
Norway,NOR,1967,18.2
Norway,NOR,1966,19.0
Norway,NOR,1965,19.7
Norway,NOR,1964,20.4
Norway,NOR,1963,21.0
Norway,NOR,1962,21.6
Norway,NOR,1961,22.1
Norway,NOR,1960,22.6
Oman,OMN,2025,
Oman,OMN,2024,10.3
Oman,OMN,2023,10.4
Oman,OMN,2022,10.5
Oman,OMN,2021,10.6
Oman,OMN,2020,10.7
Oman,OMN,2019,10.8
Oman,OMN,2018,10.9
Oman,OMN,2017,11.0
Oman,OMN,2016,11.0
Oman,OMN,2015,11.1
Oman,OMN,2014,11.2
Oman,OMN,2013,11.3
Oman,OMN,2012,11.4
Oman,OMN,2011,11.6
Oman,OMN,2010,11.7
Oman,OMN,2009,11.9
Oman,OMN,2008,12.0
Oman,OMN,2007,12.2
Oman,OMN,2006,12.5
Oman,OMN,2005,12.9
Oman,OMN,2004,13.3
Oman,OMN,2003,13.9
Oman,OMN,2002,14.6
Oman,OMN,2001,15.5
Oman,OMN,2000,16.5
Oman,OMN,1999,17.7
Oman,OMN,1998,19.1
Oman,OMN,1997,20.6
Oman,OMN,1996,22.3
Oman,OMN,1995,24.3
Oman,OMN,1994,26.6
Oman,OMN,1993,29.2
Oman,OMN,1992,32.2
Oman,OMN,1991,35.6
Oman,OMN,1990,39.4
Oman,OMN,1989,43.5
Oman,OMN,1988,48.2
Oman,OMN,1987,53.5
Oman,OMN,1986,59.5
Oman,OMN,1985,66.4
Oman,OMN,1984,74.1
Oman,OMN,1983,82.7
Oman,OMN,1982,92.2
Oman,OMN,1981,102.2
Oman,OMN,1980,112.7
Oman,OMN,1979,123.6
Oman,OMN,1978,135.0
Oman,OMN,1977,146.6
Oman,OMN,1976,158.5
Oman,OMN,1975,170.4
Oman,OMN,1974,182.2
Oman,OMN,1973,194.1
Oman,OMN,1972,206.2
Oman,OMN,1971,218.3
Oman,OMN,1970,231.0
Oman,OMN,1969,243.6
Oman,OMN,1968,256.4
Oman,OMN,1967,269.4
Oman,OMN,1966,282.8
Oman,OMN,1965,296.2
Oman,OMN,1964,309.7
Oman,OMN,1963,324.3
Oman,OMN,1962,339.0
Oman,OMN,1961,354.4
Oman,OMN,1960,370.8
Pakistan,PAK,2025,
Pakistan,PAK,2024,56.0
Pakistan,PAK,2023,57.8
Pakistan,PAK,2022,59.7
Pakistan,PAK,2021,61.7
Pakistan,PAK,2020,63.7
Pakistan,PAK,2019,65.8
Pakistan,PAK,2018,67.9
Pakistan,PAK,2017,70.1
Pakistan,PAK,2016,72.4
Pakistan,PAK,2015,74.8
Pakistan,PAK,2014,77.2
Pakistan,PAK,2013,79.6
Pakistan,PAK,2012,82.0
Pakistan,PAK,2011,84.3
Pakistan,PAK,2010,86.5
Pakistan,PAK,2009,88.5
Pakistan,PAK,2008,90.5
Pakistan,PAK,2007,92.3
Pakistan,PAK,2006,94.2
Pakistan,PAK,2005,96.0
Pakistan,PAK,2004,98.0
Pakistan,PAK,2003,100.1
Pakistan,PAK,2002,102.5
Pakistan,PAK,2001,105.1
Pakistan,PAK,2000,107.9
Pakistan,PAK,1999,111.1
Pakistan,PAK,1998,114.5
Pakistan,PAK,1997,117.9
Pakistan,PAK,1996,121.5
Pakistan,PAK,1995,125.0
Pakistan,PAK,1994,128.3
Pakistan,PAK,1993,131.5
Pakistan,PAK,1992,134.6
Pakistan,PAK,1991,137.6
Pakistan,PAK,1990,140.4
Pakistan,PAK,1989,143.1
Pakistan,PAK,1988,145.8
Pakistan,PAK,1987,148.5
Pakistan,PAK,1986,151.3
Pakistan,PAK,1985,153.9
Pakistan,PAK,1984,156.6
Pakistan,PAK,1983,159.1
Pakistan,PAK,1982,161.4
Pakistan,PAK,1981,163.6
Pakistan,PAK,1980,165.7
Pakistan,PAK,1979,167.8
Pakistan,PAK,1978,169.9
Pakistan,PAK,1977,171.9
Pakistan,PAK,1976,174.1
Pakistan,PAK,1975,176.4
Pakistan,PAK,1974,178.9
Pakistan,PAK,1973,181.5
Pakistan,PAK,1972,184.4
Pakistan,PAK,1971,187.5
Pakistan,PAK,1970,190.8
Pakistan,PAK,1969,194.3
Pakistan,PAK,1968,198.1
Pakistan,PAK,1967,202.4
Pakistan,PAK,1966,207.3
Pakistan,PAK,1965,213.1
Pakistan,PAK,1964,219.5
Pakistan,PAK,1963,226.8
Pakistan,PAK,1962,235.0
Pakistan,PAK,1961,243.5
Pakistan,PAK,1960,252.8
Palau,PLW,2025,
Palau,PLW,2024,21.4
Palau,PLW,2023,21.9
Palau,PLW,2022,22.4
Palau,PLW,2021,22.7
Palau,PLW,2020,22.9
Palau,PLW,2019,23.0
Palau,PLW,2018,22.9
Palau,PLW,2017,22.5
Palau,PLW,2016,21.9
Palau,PLW,2015,21.3
Palau,PLW,2014,20.6
Palau,PLW,2013,20.1
Palau,PLW,2012,19.7
Palau,PLW,2011,19.5
Palau,PLW,2010,19.5
Palau,PLW,2009,19.7
Palau,PLW,2008,20.1
Palau,PLW,2007,20.6
Palau,PLW,2006,21.3
Palau,PLW,2005,22.1
Palau,PLW,2004,22.9
Palau,PLW,2003,23.7
Palau,PLW,2002,24.6
Palau,PLW,2001,25.5
Palau,PLW,2000,26.5
Palau,PLW,1999,27.5
Palau,PLW,1998,28.5
Palau,PLW,1997,29.5
Palau,PLW,1996,30.5
Palau,PLW,1995,31.5
Palau,PLW,1994,32.4
Palau,PLW,1993,33.3
Palau,PLW,1992,34.1
Palau,PLW,1991,34.8
Palau,PLW,1990,35.5
Palau,PLW,1989,36.1
Palau,PLW,1988,36.7
Palau,PLW,1987,37.3
Palau,PLW,1986,38.1
Palau,PLW,1985,39.0
Palau,PLW,1984,40.0
Palau,PLW,1983,41.3
Palau,PLW,1982,42.7
Palau,PLW,1981,44.3
Palau,PLW,1980,46.2
Palau,PLW,1979,48.4
Palau,PLW,1978,51.0
Palau,PLW,1977,53.8
Palau,PLW,1976,57.1
Palau,PLW,1975,60.7
Palau,PLW,1974,64.6
Palau,PLW,1973,68.7
Palau,PLW,1972,72.8
Palau,PLW,1971,76.8
Palau,PLW,1970,80.6
Palau,PLW,1969,84.1
Palau,PLW,1968,87.4
Palau,PLW,1967,90.6
Palau,PLW,1966,93.9
Palau,PLW,1965,97.0
Palau,PLW,1964,
Palau,PLW,1963,
Palau,PLW,1962,
Palau,PLW,1961,
Palau,PLW,1960,
Panama,PAN,2025,
Panama,PAN,2024,15.3
Panama,PAN,2023,15.1
Panama,PAN,2022,15.1
Panama,PAN,2021,15.2
Panama,PAN,2020,15.5
Panama,PAN,2019,15.9
Panama,PAN,2018,16.3
Panama,PAN,2017,16.7
Panama,PAN,2016,17.0
Panama,PAN,2015,17.1
Panama,PAN,2014,17.3
Panama,PAN,2013,17.5
Panama,PAN,2012,17.9
Panama,PAN,2011,18.3
Panama,PAN,2010,18.7
Panama,PAN,2009,19.2
Panama,PAN,2008,19.8
Panama,PAN,2007,20.5
Panama,PAN,2006,21.2
Panama,PAN,2005,21.9
Panama,PAN,2004,22.6
Panama,PAN,2003,23.4
Panama,PAN,2002,24.2
Panama,PAN,2001,25.0
Panama,PAN,2000,25.7
Panama,PAN,1999,26.4
Panama,PAN,1998,26.9
Panama,PAN,1997,27.4
Panama,PAN,1996,27.7
Panama,PAN,1995,28.0
Panama,PAN,1994,28.3
Panama,PAN,1993,28.7
Panama,PAN,1992,29.1
Panama,PAN,1991,29.7
Panama,PAN,1990,30.4
Panama,PAN,1989,31.3
Panama,PAN,1988,32.3
Panama,PAN,1987,33.4
Panama,PAN,1986,34.6
Panama,PAN,1985,36.0
Panama,PAN,1984,37.4
Panama,PAN,1983,39.1
Panama,PAN,1982,40.6
Panama,PAN,1981,42.2
Panama,PAN,1980,43.6
Panama,PAN,1979,45.0
Panama,PAN,1978,46.4
Panama,PAN,1977,47.9
Panama,PAN,1976,49.8
Panama,PAN,1975,52.0
Panama,PAN,1974,54.7
Panama,PAN,1973,58.0
Panama,PAN,1972,61.5
Panama,PAN,1971,65.1
Panama,PAN,1970,68.6
Panama,PAN,1969,71.8
Panama,PAN,1968,74.5
Panama,PAN,1967,77.0
Panama,PAN,1966,79.2
Panama,PAN,1965,81.4
Panama,PAN,1964,83.8
Panama,PAN,1963,86.1
Panama,PAN,1962,88.7
Panama,PAN,1961,91.3
Panama,PAN,1960,93.9
Papua New Guinea,PNG,2025,
Papua New Guinea,PNG,2024,39.4
Papua New Guinea,PNG,2023,40.6
Papua New Guinea,PNG,2022,41.9
Papua New Guinea,PNG,2021,43.2
Papua New Guinea,PNG,2020,44.7
Papua New Guinea,PNG,2019,46.1
Papua New Guinea,PNG,2018,47.5
Papua New Guinea,PNG,2017,48.9
Papua New Guinea,PNG,2016,50.4
Papua New Guinea,PNG,2015,57.3
Papua New Guinea,PNG,2014,53.3
Papua New Guinea,PNG,2013,54.7
Papua New Guinea,PNG,2012,56.1
Papua New Guinea,PNG,2011,57.5
Papua New Guinea,PNG,2010,58.9
Papua New Guinea,PNG,2009,60.3
Papua New Guinea,PNG,2008,61.8
Papua New Guinea,PNG,2007,63.2
Papua New Guinea,PNG,2006,64.6
Papua New Guinea,PNG,2005,65.9
Papua New Guinea,PNG,2004,67.2
Papua New Guinea,PNG,2003,68.4
Papua New Guinea,PNG,2002,69.6
Papua New Guinea,PNG,2001,70.8
Papua New Guinea,PNG,2000,72.0
Papua New Guinea,PNG,1999,73.1
Papua New Guinea,PNG,1998,74.2
Papua New Guinea,PNG,1997,85.3
Papua New Guinea,PNG,1996,76.5
Papua New Guinea,PNG,1995,77.7
Papua New Guinea,PNG,1994,79.0
Papua New Guinea,PNG,1993,80.4
Papua New Guinea,PNG,1992,81.8
Papua New Guinea,PNG,1991,83.4
Papua New Guinea,PNG,1990,85.0
Papua New Guinea,PNG,1989,86.6
Papua New Guinea,PNG,1988,88.3
Papua New Guinea,PNG,1987,90.0
Papua New Guinea,PNG,1986,91.8
Papua New Guinea,PNG,1985,93.7
Papua New Guinea,PNG,1984,95.7
Papua New Guinea,PNG,1983,97.9
Papua New Guinea,PNG,1982,100.2
Papua New Guinea,PNG,1981,102.7
Papua New Guinea,PNG,1980,105.4
Papua New Guinea,PNG,1979,108.1
Papua New Guinea,PNG,1978,111.2
Papua New Guinea,PNG,1977,114.4
Papua New Guinea,PNG,1976,117.8
Papua New Guinea,PNG,1975,121.5
Papua New Guinea,PNG,1974,125.4
Papua New Guinea,PNG,1973,129.5
Papua New Guinea,PNG,1972,133.8
Papua New Guinea,PNG,1971,138.3
Papua New Guinea,PNG,1970,143.1
Papua New Guinea,PNG,1969,148.0
Papua New Guinea,PNG,1968,153.2
Papua New Guinea,PNG,1967,158.4
Papua New Guinea,PNG,1966,163.8
Papua New Guinea,PNG,1965,169.2
Papua New Guinea,PNG,1964,174.9
Papua New Guinea,PNG,1963,180.6
Papua New Guinea,PNG,1962,186.4
Papua New Guinea,PNG,1961,192.4
Papua New Guinea,PNG,1960,198.4
Paraguay,PRY,2025,
Paraguay,PRY,2024,16.3
Paraguay,PRY,2023,16.9
Paraguay,PRY,2022,17.5
Paraguay,PRY,2021,18.0
Paraguay,PRY,2020,18.6
Paraguay,PRY,2019,19.2
Paraguay,PRY,2018,19.9
Paraguay,PRY,2017,20.5
Paraguay,PRY,2016,21.2
Paraguay,PRY,2015,21.9
Paraguay,PRY,2014,22.7
Paraguay,PRY,2013,23.4
Paraguay,PRY,2012,24.2
Paraguay,PRY,2011,24.9
Paraguay,PRY,2010,25.7
Paraguay,PRY,2009,26.5
Paraguay,PRY,2008,27.3
Paraguay,PRY,2007,28.2
Paraguay,PRY,2006,28.9
Paraguay,PRY,2005,29.7
Paraguay,PRY,2004,30.5
Paraguay,PRY,2003,31.3
Paraguay,PRY,2002,32.0
Paraguay,PRY,2001,32.8
Paraguay,PRY,2000,33.6
Paraguay,PRY,1999,34.5
Paraguay,PRY,1998,35.3
Paraguay,PRY,1997,36.3
Paraguay,PRY,1996,37.3
Paraguay,PRY,1995,38.4
Paraguay,PRY,1994,39.6
Paraguay,PRY,1993,40.9
Paraguay,PRY,1992,42.4
Paraguay,PRY,1991,43.9
Paraguay,PRY,1990,45.6
Paraguay,PRY,1989,47.3
Paraguay,PRY,1988,49.2
Paraguay,PRY,1987,51.1
Paraguay,PRY,1986,53.0
Paraguay,PRY,1985,54.9
Paraguay,PRY,1984,57.0
Paraguay,PRY,1983,59.1
Paraguay,PRY,1982,61.1
Paraguay,PRY,1981,63.2
Paraguay,PRY,1980,65.1
Paraguay,PRY,1979,67.0
Paraguay,PRY,1978,68.7
Paraguay,PRY,1977,70.3
Paraguay,PRY,1976,71.8
Paraguay,PRY,1975,73.1
Paraguay,PRY,1974,74.4
Paraguay,PRY,1973,75.5
Paraguay,PRY,1972,76.4
Paraguay,PRY,1971,77.3
Paraguay,PRY,1970,77.9
Paraguay,PRY,1969,78.4
Paraguay,PRY,1968,78.9
Paraguay,PRY,1967,79.4
Paraguay,PRY,1966,79.7
Paraguay,PRY,1965,80.0
Paraguay,PRY,1964,80.4
Paraguay,PRY,1963,80.9
Paraguay,PRY,1962,81.4
Paraguay,PRY,1961,82.1
Paraguay,PRY,1960,82.8
Peru,PER,2025,
Peru,PER,2024,12.9
Peru,PER,2023,13.3
Peru,PER,2022,13.7
Peru,PER,2021,14.1
Peru,PER,2020,14.5
Peru,PER,2019,14.9
Peru,PER,2018,15.3
Peru,PER,2017,15.7
Peru,PER,2016,16.1
Peru,PER,2015,16.6
Peru,PER,2014,17.2
Peru,PER,2013,17.8
Peru,PER,2012,18.5
Peru,PER,2011,19.3
Peru,PER,2010,20.2
Peru,PER,2009,21.2
Peru,PER,2008,22.3
Peru,PER,2007,23.6
Peru,PER,2006,25.0
Peru,PER,2005,26.6
Peru,PER,2004,28.4
Peru,PER,2003,30.4
Peru,PER,2002,32.7
Peru,PER,2001,35.3
Peru,PER,2000,38.3
Peru,PER,1999,41.7
Peru,PER,1998,45.3
Peru,PER,1997,49.3
Peru,PER,1996,53.6
Peru,PER,1995,58.1
Peru,PER,1994,62.7
Peru,PER,1993,67.3
Peru,PER,1992,71.8
Peru,PER,1991,76.2
Peru,PER,1990,80.6
Peru,PER,1989,85.1
Peru,PER,1988,89.7
Peru,PER,1987,94.8
Peru,PER,1986,100.2
Peru,PER,1985,105.7
Peru,PER,1984,111.1
Peru,PER,1983,116.0
Peru,PER,1982,120.3
Peru,PER,1981,124.1
Peru,PER,1980,127.3
Peru,PER,1979,130.3
Peru,PER,1978,133.2
Peru,PER,1977,136.3
Peru,PER,1976,139.8
Peru,PER,1975,143.6
Peru,PER,1974,148.1
Peru,PER,1973,152.8
Peru,PER,1972,157.6
Peru,PER,1971,162.4
Peru,PER,1970,200.1
Peru,PER,1969,172.5
Peru,PER,1968,177.9
Peru,PER,1967,183.6
Peru,PER,1966,189.9
Peru,PER,1965,196.6
Peru,PER,1964,203.6
Peru,PER,1963,210.8
Peru,PER,1962,217.9
Peru,PER,1961,224.6
Peru,PER,1960,231.1
Philippines,PHL,2025,
Philippines,PHL,2024,26.5
Philippines,PHL,2023,27.0
Philippines,PHL,2022,27.5
Philippines,PHL,2021,27.9
Philippines,PHL,2020,28.0
Philippines,PHL,2019,28.0
Philippines,PHL,2018,27.9
Philippines,PHL,2017,27.8
Philippines,PHL,2016,27.8
Philippines,PHL,2015,27.9
Philippines,PHL,2014,28.0
Philippines,PHL,2013,28.3
Philippines,PHL,2012,28.6
Philippines,PHL,2011,29.0
Philippines,PHL,2010,29.5
Philippines,PHL,2009,30.1
Philippines,PHL,2008,30.7
Philippines,PHL,2007,31.3
Philippines,PHL,2006,32.0
Philippines,PHL,2005,32.8
Philippines,PHL,2004,33.6
Philippines,PHL,2003,34.4
Philippines,PHL,2002,35.2
Philippines,PHL,2001,36.0
Philippines,PHL,2000,36.8
Philippines,PHL,1999,37.7
Philippines,PHL,1998,38.7
Philippines,PHL,1997,39.9
Philippines,PHL,1996,41.3
Philippines,PHL,1995,43.0
Philippines,PHL,1994,44.9
Philippines,PHL,1993,47.1
Philippines,PHL,1992,49.7
Philippines,PHL,1991,52.6
Philippines,PHL,1990,55.8
Philippines,PHL,1989,59.3
Philippines,PHL,1988,62.9
Philippines,PHL,1987,66.4
Philippines,PHL,1986,69.4
Philippines,PHL,1985,71.9
Philippines,PHL,1984,74.0
Philippines,PHL,1983,75.6
Philippines,PHL,1982,76.9
Philippines,PHL,1981,78.1
Philippines,PHL,1980,79.1
Philippines,PHL,1979,80.0
Philippines,PHL,1978,80.8
Philippines,PHL,1977,81.3
Philippines,PHL,1976,81.6
Philippines,PHL,1975,81.8
Philippines,PHL,1974,81.8
Philippines,PHL,1973,81.9
Philippines,PHL,1972,82.1
Philippines,PHL,1971,82.5
Philippines,PHL,1970,83.2
Philippines,PHL,1969,84.2
Philippines,PHL,1968,85.5
Philippines,PHL,1967,87.1
Philippines,PHL,1966,88.8
Philippines,PHL,1965,90.6
Philippines,PHL,1964,92.5
Philippines,PHL,1963,94.5
Philippines,PHL,1962,96.9
Philippines,PHL,1961,99.7
Philippines,PHL,1960,102.9
Poland,POL,2025,
Poland,POL,2024,4.2
Poland,POL,2023,4.3
Poland,POL,2022,4.3
Poland,POL,2021,4.4
Poland,POL,2020,4.4
Poland,POL,2019,4.5
Poland,POL,2018,4.5
Poland,POL,2017,4.6
Poland,POL,2016,4.8
Poland,POL,2015,4.9
Poland,POL,2014,5.0
Poland,POL,2013,5.2
Poland,POL,2012,5.4
Poland,POL,2011,5.7
Poland,POL,2010,6.0
Poland,POL,2009,6.3
Poland,POL,2008,6.7
Poland,POL,2007,7.0
Poland,POL,2006,7.3
Poland,POL,2005,7.6
Poland,POL,2004,7.8
Poland,POL,2003,8.1
Poland,POL,2002,8.4
Poland,POL,2001,8.8
Poland,POL,2000,9.3
Poland,POL,1999,10.0
Poland,POL,1998,10.9
Poland,POL,1997,12.0
Poland,POL,1996,13.2
Poland,POL,1995,14.4
Poland,POL,1994,15.3
Poland,POL,1993,15.9
Poland,POL,1992,16.5
Poland,POL,1991,16.9
Poland,POL,1990,17.4
Poland,POL,1989,17.9
Poland,POL,1988,18.3
Poland,POL,1987,18.9
Poland,POL,1986,19.6
Poland,POL,1985,20.3
Poland,POL,1984,21.1
Poland,POL,1983,21.9
Poland,POL,1982,22.6
Poland,POL,1981,23.3
Poland,POL,1980,24.0
Poland,POL,1979,24.7
Poland,POL,1978,25.5
Poland,POL,1977,26.2
Poland,POL,1976,27.0
Poland,POL,1975,27.9
Poland,POL,1974,29.1
Poland,POL,1973,30.5
Poland,POL,1972,32.3
Poland,POL,1971,34.3
Poland,POL,1970,36.1
Poland,POL,1969,37.5
Poland,POL,1968,38.8
Poland,POL,1967,40.6
Poland,POL,1966,42.9
Poland,POL,1965,45.7
Poland,POL,1964,48.9
Poland,POL,1963,52.4
Poland,POL,1962,56.1
Poland,POL,1961,60.1
Poland,POL,1960,64.9
Portugal,PRT,2025,
Portugal,PRT,2024,3.2
Portugal,PRT,2023,3.2
Portugal,PRT,2022,3.3
Portugal,PRT,2021,3.3
Portugal,PRT,2020,3.4
Portugal,PRT,2019,3.5
Portugal,PRT,2018,3.5
Portugal,PRT,2017,3.6
Portugal,PRT,2016,3.6
Portugal,PRT,2015,3.6
Portugal,PRT,2014,3.6
Portugal,PRT,2013,3.6
Portugal,PRT,2012,3.7
Portugal,PRT,2011,3.7
Portugal,PRT,2010,3.8
Portugal,PRT,2009,3.9
Portugal,PRT,2008,4.0
Portugal,PRT,2007,4.2
Portugal,PRT,2006,4.4
Portugal,PRT,2005,4.7
Portugal,PRT,2004,5.0
Portugal,PRT,2003,5.5
Portugal,PRT,2002,6.0
Portugal,PRT,2001,6.6
Portugal,PRT,2000,7.2
Portugal,PRT,1999,7.7
Portugal,PRT,1998,8.2
Portugal,PRT,1997,8.6
Portugal,PRT,1996,9.2
Portugal,PRT,1995,9.8
Portugal,PRT,1994,10.5
Portugal,PRT,1993,11.4
Portugal,PRT,1992,12.5
Portugal,PRT,1991,13.6
Portugal,PRT,1990,14.7
Portugal,PRT,1989,15.9
Portugal,PRT,1988,17.0
Portugal,PRT,1987,18.2
Portugal,PRT,1986,19.3
Portugal,PRT,1985,20.4
Portugal,PRT,1984,21.6
Portugal,PRT,1983,22.8
Portugal,PRT,1982,24.2
Portugal,PRT,1981,25.8
Portugal,PRT,1980,27.6
Portugal,PRT,1979,29.8
Portugal,PRT,1978,32.4
Portugal,PRT,1977,35.6
Portugal,PRT,1976,39.4
Portugal,PRT,1975,43.5
Portugal,PRT,1974,47.9
Portugal,PRT,1973,52.6
Portugal,PRT,1972,57.8
Portugal,PRT,1971,63.3
Portugal,PRT,1970,68.2
Portugal,PRT,1969,71.9
Portugal,PRT,1968,74.9
Portugal,PRT,1967,77.7
Portugal,PRT,1966,81.0
Portugal,PRT,1965,85.4
Portugal,PRT,1964,91.1
Portugal,PRT,1963,97.7
Portugal,PRT,1962,104.1
Portugal,PRT,1961,109.8
Portugal,PRT,1960,114.3
Puerto Rico (US),PRI,2025,
Puerto Rico (US),PRI,2024,
Puerto Rico (US),PRI,2023,
Puerto Rico (US),PRI,2022,
Puerto Rico (US),PRI,2021,
Puerto Rico (US),PRI,2020,
Puerto Rico (US),PRI,2019,
Puerto Rico (US),PRI,2018,
Puerto Rico (US),PRI,2017,
Puerto Rico (US),PRI,2016,
Puerto Rico (US),PRI,2015,
Puerto Rico (US),PRI,2014,
Puerto Rico (US),PRI,2013,
Puerto Rico (US),PRI,2012,
Puerto Rico (US),PRI,2011,
Puerto Rico (US),PRI,2010,
Puerto Rico (US),PRI,2009,
Puerto Rico (US),PRI,2008,
Puerto Rico (US),PRI,2007,
Puerto Rico (US),PRI,2006,
Puerto Rico (US),PRI,2005,
Puerto Rico (US),PRI,2004,
Puerto Rico (US),PRI,2003,
Puerto Rico (US),PRI,2002,
Puerto Rico (US),PRI,2001,
Puerto Rico (US),PRI,2000,
Puerto Rico (US),PRI,1999,
Puerto Rico (US),PRI,1998,
Puerto Rico (US),PRI,1997,
Puerto Rico (US),PRI,1996,
Puerto Rico (US),PRI,1995,
Puerto Rico (US),PRI,1994,
Puerto Rico (US),PRI,1993,
Puerto Rico (US),PRI,1992,
Puerto Rico (US),PRI,1991,
Puerto Rico (US),PRI,1990,
Puerto Rico (US),PRI,1989,
Puerto Rico (US),PRI,1988,
Puerto Rico (US),PRI,1987,
Puerto Rico (US),PRI,1986,
Puerto Rico (US),PRI,1985,
Puerto Rico (US),PRI,1984,
Puerto Rico (US),PRI,1983,
Puerto Rico (US),PRI,1982,
Puerto Rico (US),PRI,1981,
Puerto Rico (US),PRI,1980,
Puerto Rico (US),PRI,1979,
Puerto Rico (US),PRI,1978,
Puerto Rico (US),PRI,1977,
Puerto Rico (US),PRI,1976,
Puerto Rico (US),PRI,1975,
Puerto Rico (US),PRI,1974,
Puerto Rico (US),PRI,1973,
Puerto Rico (US),PRI,1972,
Puerto Rico (US),PRI,1971,
Puerto Rico (US),PRI,1970,
Puerto Rico (US),PRI,1969,
Puerto Rico (US),PRI,1968,
Puerto Rico (US),PRI,1967,
Puerto Rico (US),PRI,1966,
Puerto Rico (US),PRI,1965,
Puerto Rico (US),PRI,1964,
Puerto Rico (US),PRI,1963,
Puerto Rico (US),PRI,1962,
Puerto Rico (US),PRI,1961,
Puerto Rico (US),PRI,1960,
Qatar,QAT,2025,
Qatar,QAT,2024,5.9
Qatar,QAT,2023,6.0
Qatar,QAT,2022,6.1
Qatar,QAT,2021,6.2
Qatar,QAT,2020,6.3
Qatar,QAT,2019,6.6
Qatar,QAT,2018,6.8
Qatar,QAT,2017,7.1
Qatar,QAT,2016,7.5
Qatar,QAT,2015,7.8
Qatar,QAT,2014,8.1
Qatar,QAT,2013,8.4
Qatar,QAT,2012,8.7
Qatar,QAT,2011,8.9
Qatar,QAT,2010,9.1
Qatar,QAT,2009,9.3
Qatar,QAT,2008,9.6
Qatar,QAT,2007,9.8
Qatar,QAT,2006,10.1
Qatar,QAT,2005,10.4
Qatar,QAT,2004,10.8
Qatar,QAT,2003,11.2
Qatar,QAT,2002,11.6
Qatar,QAT,2001,12.0
Qatar,QAT,2000,12.5
Qatar,QAT,1999,12.9
Qatar,QAT,1998,13.4
Qatar,QAT,1997,14.0
Qatar,QAT,1996,14.6
Qatar,QAT,1995,15.3
Qatar,QAT,1994,16.1
Qatar,QAT,1993,17.1
Qatar,QAT,1992,18.2
Qatar,QAT,1991,19.5
Qatar,QAT,1990,20.8
Qatar,QAT,1989,22.3
Qatar,QAT,1988,23.7
Qatar,QAT,1987,25.2
Qatar,QAT,1986,26.7
Qatar,QAT,1985,28.2
Qatar,QAT,1984,29.7
Qatar,QAT,1983,31.3
Qatar,QAT,1982,32.8
Qatar,QAT,1981,34.4
Qatar,QAT,1980,36.1
Qatar,QAT,1979,37.9
Qatar,QAT,1978,39.9
Qatar,QAT,1977,42.2
Qatar,QAT,1976,44.7
Qatar,QAT,1975,47.4
Qatar,QAT,1974,50.5
Qatar,QAT,1973,53.8
Qatar,QAT,1972,57.4
Qatar,QAT,1971,61.4
Qatar,QAT,1970,65.7
Qatar,QAT,1969,70.3
Qatar,QAT,1968,
Qatar,QAT,1967,
Qatar,QAT,1966,
Qatar,QAT,1965,
Qatar,QAT,1964,
Qatar,QAT,1963,
Qatar,QAT,1962,
Qatar,QAT,1961,
Qatar,QAT,1960,
Romania,ROU,2025,
Romania,ROU,2024,7.3
Romania,ROU,2023,6.9
Romania,ROU,2022,6.6
Romania,ROU,2021,6.4
Romania,ROU,2020,6.5
Romania,ROU,2019,6.8
Romania,ROU,2018,7.3
Romania,ROU,2017,7.9
Romania,ROU,2016,8.5
Romania,ROU,2015,9.2
Romania,ROU,2014,9.9
Romania,ROU,2013,10.6
Romania,ROU,2012,11.2
Romania,ROU,2011,11.8
Romania,ROU,2010,12.4
Romania,ROU,2009,13.0
Romania,ROU,2008,13.9
Romania,ROU,2007,15.2
Romania,ROU,2006,16.7
Romania,ROU,2005,18.2
Romania,ROU,2004,19.3
Romania,ROU,2003,19.9
Romania,ROU,2002,20.2
Romania,ROU,2001,20.6
Romania,ROU,2000,21.4
Romania,ROU,1999,22.9
Romania,ROU,1998,24.6
Romania,ROU,1997,25.8
Romania,ROU,1996,26.5
Romania,ROU,1995,27.0
Romania,ROU,1994,27.6
Romania,ROU,1993,28.2
Romania,ROU,1992,28.7
Romania,ROU,1991,29.5
Romania,ROU,1990,30.9
Romania,ROU,1989,33.1
Romania,ROU,1988,34.8
Romania,ROU,1987,34.6
Romania,ROU,1986,33.0
Romania,ROU,1985,31.5
Romania,ROU,1984,30.9
Romania,ROU,1983,31.3
Romania,ROU,1982,32.6
Romania,ROU,1981,34.4
Romania,ROU,1980,35.9
Romania,ROU,1979,36.7
Romania,ROU,1978,37.4
Romania,ROU,1977,38.8
Romania,ROU,1976,40.7
Romania,ROU,1975,42.5
Romania,ROU,1974,43.9
Romania,ROU,1973,45.3
Romania,ROU,1972,47.1
Romania,ROU,1971,50.1
Romania,ROU,1970,55.3
Romania,ROU,1969,62.4
Romania,ROU,1968,66.9
Romania,ROU,1967,63.7
Romania,ROU,1966,56.7
Romania,ROU,1965,52.9
Romania,ROU,1964,55.0
Romania,ROU,1963,61.3
Romania,ROU,1962,70.1
Romania,ROU,1961,79.6
Romania,ROU,1960,88.0
Russian Federation,RUS,2025,
Russian Federation,RUS,2024,5.2
Russian Federation,RUS,2023,5.3
Russian Federation,RUS,2022,5.4
Russian Federation,RUS,2021,5.5
Russian Federation,RUS,2020,5.7
Russian Federation,RUS,2019,6.0
Russian Federation,RUS,2018,6.4
Russian Federation,RUS,2017,6.9
Russian Federation,RUS,2016,7.5
Russian Federation,RUS,2015,8.2
Russian Federation,RUS,2014,8.9
Russian Federation,RUS,2013,9.5
Russian Federation,RUS,2012,9.9
Russian Federation,RUS,2011,10.2
Russian Federation,RUS,2010,10.4
Russian Federation,RUS,2009,10.7
Russian Federation,RUS,2008,11.3
Russian Federation,RUS,2007,12.0
Russian Federation,RUS,2006,12.8
Russian Federation,RUS,2005,13.9
Russian Federation,RUS,2004,15.0
Russian Federation,RUS,2003,16.1
Russian Federation,RUS,2002,17.3
Russian Federation,RUS,2001,18.4
Russian Federation,RUS,2000,19.4
Russian Federation,RUS,1999,20.2
Russian Federation,RUS,1998,20.8
Russian Federation,RUS,1997,21.3
Russian Federation,RUS,1996,21.7
Russian Federation,RUS,1995,22.0
Russian Federation,RUS,1994,22.1
Russian Federation,RUS,1993,21.9
Russian Federation,RUS,1992,21.7
Russian Federation,RUS,1991,21.6
Russian Federation,RUS,1990,21.6
Russian Federation,RUS,1989,22.0
Russian Federation,RUS,1988,22.6
Russian Federation,RUS,1987,23.4
Russian Federation,RUS,1986,24.2
Russian Federation,RUS,1985,25.0
Russian Federation,RUS,1984,25.7
Russian Federation,RUS,1983,26.2
Russian Federation,RUS,1982,26.6
Russian Federation,RUS,1981,27.0
Russian Federation,RUS,1980,27.3
Russian Federation,RUS,1979,27.5
Russian Federation,RUS,1978,27.6
Russian Federation,RUS,1977,27.6
Russian Federation,RUS,1976,27.6
Russian Federation,RUS,1975,27.6
Russian Federation,RUS,1974,27.7
Russian Federation,RUS,1973,27.8
Russian Federation,RUS,1972,28.1
Russian Federation,RUS,1971,28.4
Russian Federation,RUS,1970,28.9
Russian Federation,RUS,1969,29.4
Russian Federation,RUS,1968,30.2
Russian Federation,RUS,1967,31.2
Russian Federation,RUS,1966,32.4
Russian Federation,RUS,1965,33.8
Russian Federation,RUS,1964,35.5
Russian Federation,RUS,1963,37.6
Russian Federation,RUS,1962,39.9
Russian Federation,RUS,1961,42.6
Russian Federation,RUS,1960,45.6
Rwanda,RWA,2025,
Rwanda,RWA,2024,37.7
Rwanda,RWA,2023,38.8
Rwanda,RWA,2022,39.7
Rwanda,RWA,2021,40.6
Rwanda,RWA,2020,41.6
Rwanda,RWA,2019,42.7
Rwanda,RWA,2018,43.7
Rwanda,RWA,2017,44.7
Rwanda,RWA,2016,45.8
Rwanda,RWA,2015,47.3
Rwanda,RWA,2014,49.2
Rwanda,RWA,2013,51.4
Rwanda,RWA,2012,54.2
Rwanda,RWA,2011,58.1
Rwanda,RWA,2010,63.3
Rwanda,RWA,2009,69.1
Rwanda,RWA,2008,76.0
Rwanda,RWA,2007,84.1
Rwanda,RWA,2006,93.4
Rwanda,RWA,2005,104.5
Rwanda,RWA,2004,117.5
Rwanda,RWA,2003,132.7
Rwanda,RWA,2002,149.1
Rwanda,RWA,2001,166.5
Rwanda,RWA,2000,184.2
Rwanda,RWA,1999,200.6
Rwanda,RWA,1998,213.9
Rwanda,RWA,1997,221.4
Rwanda,RWA,1996,222.3
Rwanda,RWA,1995,218.4
Rwanda,RWA,1994,389.0
Rwanda,RWA,1993,192.8
Rwanda,RWA,1992,175.6
Rwanda,RWA,1991,160.4
Rwanda,RWA,1990,150.7
Rwanda,RWA,1989,147.3
Rwanda,RWA,1988,148.1
Rwanda,RWA,1987,151.3
Rwanda,RWA,1986,155.7
Rwanda,RWA,1985,160.9
Rwanda,RWA,1984,166.6
Rwanda,RWA,1983,174.5
Rwanda,RWA,1982,186.6
Rwanda,RWA,1981,202.0
Rwanda,RWA,1980,219.0
Rwanda,RWA,1979,234.6
Rwanda,RWA,1978,246.2
Rwanda,RWA,1977,251.3
Rwanda,RWA,1976,250.2
Rwanda,RWA,1975,245.4
Rwanda,RWA,1974,239.0
Rwanda,RWA,1973,233.0
Rwanda,RWA,1972,227.8
Rwanda,RWA,1971,224.0
Rwanda,RWA,1970,220.3
Rwanda,RWA,1969,216.8
Rwanda,RWA,1968,213.6
Rwanda,RWA,1967,211.0
Rwanda,RWA,1966,208.8
Rwanda,RWA,1965,207.4
Rwanda,RWA,1964,207.0
Rwanda,RWA,1963,207.6
Rwanda,RWA,1962,209.6
Rwanda,RWA,1961,213.0
Rwanda,RWA,1960,217.7
Samoa,WSM,2025,
Samoa,WSM,2024,14.9
Samoa,WSM,2023,15.3
Samoa,WSM,2022,15.8
Samoa,WSM,2021,16.2
Samoa,WSM,2020,16.7
Samoa,WSM,2019,20.0
Samoa,WSM,2018,17.5
Samoa,WSM,2017,17.8
Samoa,WSM,2016,18.1
Samoa,WSM,2015,18.3
Samoa,WSM,2014,18.5
Samoa,WSM,2013,18.7
Samoa,WSM,2012,18.8
Samoa,WSM,2011,19.0
Samoa,WSM,2010,19.1
Samoa,WSM,2009,25.3
Samoa,WSM,2008,19.0
Samoa,WSM,2007,19.0
Samoa,WSM,2006,19.0
Samoa,WSM,2005,19.0
Samoa,WSM,2004,19.1
Samoa,WSM,2003,19.4
Samoa,WSM,2002,19.8
Samoa,WSM,2001,20.3
Samoa,WSM,2000,21.0
Samoa,WSM,1999,21.7
Samoa,WSM,1998,22.5
Samoa,WSM,1997,23.4
Samoa,WSM,1996,24.2
Samoa,WSM,1995,25.0
Samoa,WSM,1994,26.0
Samoa,WSM,1993,26.9
Samoa,WSM,1992,27.8
Samoa,WSM,1991,28.7
Samoa,WSM,1990,29.6
Samoa,WSM,1989,30.6
Samoa,WSM,1988,31.6
Samoa,WSM,1987,32.7
Samoa,WSM,1986,34.0
Samoa,WSM,1985,35.3
Samoa,WSM,1984,36.8
Samoa,WSM,1983,38.3
Samoa,WSM,1982,39.9
Samoa,WSM,1981,41.7
Samoa,WSM,1980,43.6
Samoa,WSM,1979,45.8
Samoa,WSM,1978,48.1
Samoa,WSM,1977,50.7
Samoa,WSM,1976,53.3
Samoa,WSM,1975,56.1
Samoa,WSM,1974,58.9
Samoa,WSM,1973,61.9
Samoa,WSM,1972,65.0
Samoa,WSM,1971,68.2
Samoa,WSM,1970,71.6
Samoa,WSM,1969,74.9
Samoa,WSM,1968,78.5
Samoa,WSM,1967,81.9
Samoa,WSM,1966,85.2
Samoa,WSM,1965,88.5
Samoa,WSM,1964,111.0
Samoa,WSM,1963,95.1
Samoa,WSM,1962,98.7
Samoa,WSM,1961,102.7
Samoa,WSM,1960,106.8
San Marino,SMR,2025,
San Marino,SMR,2024,1.3
San Marino,SMR,2023,1.3
San Marino,SMR,2022,1.4
San Marino,SMR,2021,1.4
San Marino,SMR,2020,1.5
San Marino,SMR,2019,1.5
San Marino,SMR,2018,1.6
San Marino,SMR,2017,1.7
San Marino,SMR,2016,1.8
San Marino,SMR,2015,1.9
San Marino,SMR,2014,2.0
San Marino,SMR,2013,2.1
San Marino,SMR,2012,2.3
San Marino,SMR,2011,2.4
San Marino,SMR,2010,2.6
San Marino,SMR,2009,2.7
San Marino,SMR,2008,2.9
San Marino,SMR,2007,3.1
San Marino,SMR,2006,3.3
San Marino,SMR,2005,3.6
San Marino,SMR,2004,3.8
San Marino,SMR,2003,4.1
San Marino,SMR,2002,4.5
San Marino,SMR,2001,4.8
San Marino,SMR,2000,5.2
San Marino,SMR,1999,5.7
San Marino,SMR,1998,6.2
San Marino,SMR,1997,6.8
San Marino,SMR,1996,7.4
San Marino,SMR,1995,8.1
San Marino,SMR,1994,8.8
San Marino,SMR,1993,9.7
San Marino,SMR,1992,10.6
San Marino,SMR,1991,11.6
San Marino,SMR,1990,12.7
San Marino,SMR,1989,13.9
San Marino,SMR,1988,15.2
San Marino,SMR,1987,16.8
San Marino,SMR,1986,18.4
San Marino,SMR,1985,20.2
San Marino,SMR,1984,
San Marino,SMR,1983,
San Marino,SMR,1982,
San Marino,SMR,1981,
San Marino,SMR,1980,
San Marino,SMR,1979,
San Marino,SMR,1978,
San Marino,SMR,1977,
San Marino,SMR,1976,
San Marino,SMR,1975,
San Marino,SMR,1974,
San Marino,SMR,1973,
San Marino,SMR,1972,
San Marino,SMR,1971,
San Marino,SMR,1970,
San Marino,SMR,1969,
San Marino,SMR,1968,
San Marino,SMR,1967,
San Marino,SMR,1966,
San Marino,SMR,1965,
San Marino,SMR,1964,
San Marino,SMR,1963,
San Marino,SMR,1962,
San Marino,SMR,1961,
San Marino,SMR,1960,
Sao Tome and Principe,STP,2025,
Sao Tome and Principe,STP,2024,13.6
Sao Tome and Principe,STP,2023,14.1
Sao Tome and Principe,STP,2022,14.7
Sao Tome and Principe,STP,2021,15.3
Sao Tome and Principe,STP,2020,16.1
Sao Tome and Principe,STP,2019,17.1
Sao Tome and Principe,STP,2018,18.2
Sao Tome and Principe,STP,2017,19.6
Sao Tome and Principe,STP,2016,21.3
Sao Tome and Principe,STP,2015,23.3
Sao Tome and Principe,STP,2014,25.5
Sao Tome and Principe,STP,2013,27.9
Sao Tome and Principe,STP,2012,30.4
Sao Tome and Principe,STP,2011,33.2
Sao Tome and Principe,STP,2010,36.2
Sao Tome and Principe,STP,2009,39.5
Sao Tome and Principe,STP,2008,43.1
Sao Tome and Principe,STP,2007,46.9
Sao Tome and Principe,STP,2006,51.1
Sao Tome and Principe,STP,2005,55.7
Sao Tome and Principe,STP,2004,60.5
Sao Tome and Principe,STP,2003,65.7
Sao Tome and Principe,STP,2002,71.1
Sao Tome and Principe,STP,2001,76.7
Sao Tome and Principe,STP,2000,82.2
Sao Tome and Principe,STP,1999,87.6
Sao Tome and Principe,STP,1998,92.7
Sao Tome and Principe,STP,1997,97.4
Sao Tome and Principe,STP,1996,101.4
Sao Tome and Principe,STP,1995,104.7
Sao Tome and Principe,STP,1994,107.2
Sao Tome and Principe,STP,1993,108.7
Sao Tome and Principe,STP,1992,109.4
Sao Tome and Principe,STP,1991,109.4
Sao Tome and Principe,STP,1990,108.7
Sao Tome and Principe,STP,1989,107.7
Sao Tome and Principe,STP,1988,106.4
Sao Tome and Principe,STP,1987,104.8
Sao Tome and Principe,STP,1986,114.8
Sao Tome and Principe,STP,1985,100.7
Sao Tome and Principe,STP,1984,98.5
Sao Tome and Principe,STP,1983,96.2
Sao Tome and Principe,STP,1982,94.4
Sao Tome and Principe,STP,1981,92.8
Sao Tome and Principe,STP,1980,91.5
Sao Tome and Principe,STP,1979,90.7
Sao Tome and Principe,STP,1978,90.1
Sao Tome and Principe,STP,1977,89.6
Sao Tome and Principe,STP,1976,89.2
Sao Tome and Principe,STP,1975,88.6
Sao Tome and Principe,STP,1974,88.0
Sao Tome and Principe,STP,1973,87.3
Sao Tome and Principe,STP,1972,86.7
Sao Tome and Principe,STP,1971,86.2
Sao Tome and Principe,STP,1970,86.1
Sao Tome and Principe,STP,1969,86.8
Sao Tome and Principe,STP,1968,88.0
Sao Tome and Principe,STP,1967,90.1
Sao Tome and Principe,STP,1966,92.6
Sao Tome and Principe,STP,1965,95.4
Sao Tome and Principe,STP,1964,
Sao Tome and Principe,STP,1963,
Sao Tome and Principe,STP,1962,
Sao Tome and Principe,STP,1961,
Sao Tome and Principe,STP,1960,
Saudi Arabia,SAU,2025,
Saudi Arabia,SAU,2024,6.0
Saudi Arabia,SAU,2023,6.2
Saudi Arabia,SAU,2022,6.4
Saudi Arabia,SAU,2021,6.7
Saudi Arabia,SAU,2020,6.9
Saudi Arabia,SAU,2019,7.2
Saudi Arabia,SAU,2018,7.6
Saudi Arabia,SAU,2017,8.0
Saudi Arabia,SAU,2016,8.5
Saudi Arabia,SAU,2015,9.0
Saudi Arabia,SAU,2014,9.6
Saudi Arabia,SAU,2013,10.1
Saudi Arabia,SAU,2012,10.8
Saudi Arabia,SAU,2011,11.4
Saudi Arabia,SAU,2010,12.1
Saudi Arabia,SAU,2009,12.9
Saudi Arabia,SAU,2008,13.7
Saudi Arabia,SAU,2007,14.5
Saudi Arabia,SAU,2006,15.4
Saudi Arabia,SAU,2005,16.3
Saudi Arabia,SAU,2004,17.3
Saudi Arabia,SAU,2003,18.4
Saudi Arabia,SAU,2002,19.4
Saudi Arabia,SAU,2001,20.6
Saudi Arabia,SAU,2000,21.9
Saudi Arabia,SAU,1999,23.3
Saudi Arabia,SAU,1998,24.8
Saudi Arabia,SAU,1997,26.5
Saudi Arabia,SAU,1996,28.3
Saudi Arabia,SAU,1995,30.3
Saudi Arabia,SAU,1994,32.6
Saudi Arabia,SAU,1993,35.1
Saudi Arabia,SAU,1992,37.8
Saudi Arabia,SAU,1991,40.8
Saudi Arabia,SAU,1990,44.1
Saudi Arabia,SAU,1989,47.7
Saudi Arabia,SAU,1988,51.7
Saudi Arabia,SAU,1987,55.9
Saudi Arabia,SAU,1986,60.3
Saudi Arabia,SAU,1985,65.0
Saudi Arabia,SAU,1984,70.0
Saudi Arabia,SAU,1983,75.2
Saudi Arabia,SAU,1982,80.9
Saudi Arabia,SAU,1981,86.8
Saudi Arabia,SAU,1980,93.1
Saudi Arabia,SAU,1979,99.6
Saudi Arabia,SAU,1978,106.6
Saudi Arabia,SAU,1977,114.0
Saudi Arabia,SAU,1976,122.0
Saudi Arabia,SAU,1975,130.4
Saudi Arabia,SAU,1974,139.2
Saudi Arabia,SAU,1973,148.9
Saudi Arabia,SAU,1972,159.4
Saudi Arabia,SAU,1971,
Saudi Arabia,SAU,1970,
Saudi Arabia,SAU,1969,
Saudi Arabia,SAU,1968,
Saudi Arabia,SAU,1967,
Saudi Arabia,SAU,1966,
Saudi Arabia,SAU,1965,
Saudi Arabia,SAU,1964,
Saudi Arabia,SAU,1963,
Saudi Arabia,SAU,1962,
Saudi Arabia,SAU,1961,
Saudi Arabia,SAU,1960,
Senegal,SEN,2025,
Senegal,SEN,2024,36.5
Senegal,SEN,2023,38.2
Senegal,SEN,2022,40.1
Senegal,SEN,2021,42.2
Senegal,SEN,2020,44.2
Senegal,SEN,2019,46.2
Senegal,SEN,2018,47.9
Senegal,SEN,2017,49.4
Senegal,SEN,2016,50.8
Senegal,SEN,2015,52.2
Senegal,SEN,2014,53.7
Senegal,SEN,2013,55.5
Senegal,SEN,2012,57.6
Senegal,SEN,2011,60.0
Senegal,SEN,2010,62.8
Senegal,SEN,2009,66.1
Senegal,SEN,2008,70.1
Senegal,SEN,2007,75.0
Senegal,SEN,2006,80.8
Senegal,SEN,2005,87.6
Senegal,SEN,2004,95.5
Senegal,SEN,2003,104.2
Senegal,SEN,2002,113.2
Senegal,SEN,2001,121.7
Senegal,SEN,2000,128.9
Senegal,SEN,1999,133.8
Senegal,SEN,1998,136.7
Senegal,SEN,1997,137.9
Senegal,SEN,1996,137.8
Senegal,SEN,1995,137.0
Senegal,SEN,1994,136.0
Senegal,SEN,1993,135.0
Senegal,SEN,1992,134.6
Senegal,SEN,1991,135.2
Senegal,SEN,1990,137.2
Senegal,SEN,1989,141.2
Senegal,SEN,1988,146.9
Senegal,SEN,1987,154.3
Senegal,SEN,1986,162.6
Senegal,SEN,1985,171.1
Senegal,SEN,1984,178.9
Senegal,SEN,1983,185.7
Senegal,SEN,1982,191.7
Senegal,SEN,1981,197.6
Senegal,SEN,1980,204.2
Senegal,SEN,1979,212.0
Senegal,SEN,1978,221.1
Senegal,SEN,1977,231.3
Senegal,SEN,1976,242.2
Senegal,SEN,1975,252.7
Senegal,SEN,1974,261.9
Senegal,SEN,1973,270.1
Senegal,SEN,1972,277.3
Senegal,SEN,1971,283.5
Senegal,SEN,1970,288.3
Senegal,SEN,1969,291.9
Senegal,SEN,1968,294.3
Senegal,SEN,1967,295.9
Senegal,SEN,1966,296.9
Senegal,SEN,1965,297.4
Senegal,SEN,1964,297.3
Senegal,SEN,1963,296.8
Senegal,SEN,1962,296.0
Senegal,SEN,1961,295.4
Senegal,SEN,1960,295.3
Serbia,SRB,2025,
Serbia,SRB,2024,5.4
Serbia,SRB,2023,5.4
Serbia,SRB,2022,5.4
Serbia,SRB,2021,5.4
Serbia,SRB,2020,5.5
Serbia,SRB,2019,5.6
Serbia,SRB,2018,5.8
Serbia,SRB,2017,5.9
Serbia,SRB,2016,6.1
Serbia,SRB,2015,6.3
Serbia,SRB,2014,6.6
Serbia,SRB,2013,6.8
Serbia,SRB,2012,7.1
Serbia,SRB,2011,7.4
Serbia,SRB,2010,7.6
Serbia,SRB,2009,7.8
Serbia,SRB,2008,7.9
Serbia,SRB,2007,8.1
Serbia,SRB,2006,8.5
Serbia,SRB,2005,9.0
Serbia,SRB,2004,9.7
Serbia,SRB,2003,10.6
Serbia,SRB,2002,11.4
Serbia,SRB,2001,12.1
Serbia,SRB,2000,12.7
Serbia,SRB,1999,13.3
Serbia,SRB,1998,14.1
Serbia,SRB,1997,15.5
Serbia,SRB,1996,17.4
Serbia,SRB,1995,19.5
Serbia,SRB,1994,21.5
Serbia,SRB,1993,23.2
Serbia,SRB,1992,24.5
Serbia,SRB,1991,26.0
Serbia,SRB,1990,28.0
Serbia,SRB,1989,30.9
Serbia,SRB,1988,34.0
Serbia,SRB,1987,36.3
Serbia,SRB,1986,37.8
Serbia,SRB,1985,39.1
Serbia,SRB,1984,40.7
Serbia,SRB,1983,
Serbia,SRB,1982,
Serbia,SRB,1981,
Serbia,SRB,1980,
Serbia,SRB,1979,
Serbia,SRB,1978,
Serbia,SRB,1977,
Serbia,SRB,1976,
Serbia,SRB,1975,
Serbia,SRB,1974,
Serbia,SRB,1973,
Serbia,SRB,1972,
Serbia,SRB,1971,
Serbia,SRB,1970,
Serbia,SRB,1969,
Serbia,SRB,1968,
Serbia,SRB,1967,
Serbia,SRB,1966,
Serbia,SRB,1965,
Serbia,SRB,1964,
Serbia,SRB,1963,
Serbia,SRB,1962,
Serbia,SRB,1961,
Serbia,SRB,1960,
Seychelles,SYC,2025,
Seychelles,SYC,2024,14.0
Seychelles,SYC,2023,14.3
Seychelles,SYC,2022,14.5
Seychelles,SYC,2021,14.7
Seychelles,SYC,2020,14.8
Seychelles,SYC,2019,14.8
Seychelles,SYC,2018,14.8
Seychelles,SYC,2017,14.7
Seychelles,SYC,2016,14.7
Seychelles,SYC,2015,14.6
Seychelles,SYC,2014,14.5
Seychelles,SYC,2013,14.4
Seychelles,SYC,2012,14.3
Seychelles,SYC,2011,14.2
Seychelles,SYC,2010,14.1
Seychelles,SYC,2009,14.0
Seychelles,SYC,2008,13.9
Seychelles,SYC,2007,13.9
Seychelles,SYC,2006,13.8
Seychelles,SYC,2005,13.8
Seychelles,SYC,2004,13.8
Seychelles,SYC,2003,13.8
Seychelles,SYC,2002,13.7
Seychelles,SYC,2001,13.8
Seychelles,SYC,2000,13.8
Seychelles,SYC,1999,13.8
Seychelles,SYC,1998,13.9
Seychelles,SYC,1997,14.0
Seychelles,SYC,1996,14.1
Seychelles,SYC,1995,14.3
Seychelles,SYC,1994,14.6
Seychelles,SYC,1993,14.9
Seychelles,SYC,1992,15.3
Seychelles,SYC,1991,15.8
Seychelles,SYC,1990,16.3
Seychelles,SYC,1989,16.9
Seychelles,SYC,1988,17.6
Seychelles,SYC,1987,18.4
Seychelles,SYC,1986,19.3
Seychelles,SYC,1985,20.3
Seychelles,SYC,1984,21.6
Seychelles,SYC,1983,23.2
Seychelles,SYC,1982,25.1
Seychelles,SYC,1981,27.4
Seychelles,SYC,1980,30.1
Seychelles,SYC,1979,33.4
Seychelles,SYC,1978,37.2
Seychelles,SYC,1977,41.4
Seychelles,SYC,1976,46.0
Seychelles,SYC,1975,50.9
Seychelles,SYC,1974,55.8
Seychelles,SYC,1973,60.9
Seychelles,SYC,1972,65.9
Seychelles,SYC,1971,70.9
Seychelles,SYC,1970,75.8
Seychelles,SYC,1969,80.6
Seychelles,SYC,1968,85.1
Seychelles,SYC,1967,89.0
Seychelles,SYC,1966,92.4
Seychelles,SYC,1965,95.2
Seychelles,SYC,1964,97.6
Seychelles,SYC,1963,99.6
Seychelles,SYC,1962,101.2
Seychelles,SYC,1961,102.8
Seychelles,SYC,1960,104.3
Sierra Leone,SLE,2025,
Sierra Leone,SLE,2024,90.5
Sierra Leone,SLE,2023,93.8
Sierra Leone,SLE,2022,97.1
Sierra Leone,SLE,2021,100.6
Sierra Leone,SLE,2020,104.4
Sierra Leone,SLE,2019,108.3
Sierra Leone,SLE,2018,112.4
Sierra Leone,SLE,2017,117.0
Sierra Leone,SLE,2016,121.8
Sierra Leone,SLE,2015,136.8
Sierra Leone,SLE,2014,135.9
Sierra Leone,SLE,2013,137.9
Sierra Leone,SLE,2012,144.1
Sierra Leone,SLE,2011,150.8
Sierra Leone,SLE,2010,157.9
Sierra Leone,SLE,2009,165.2
Sierra Leone,SLE,2008,172.4
Sierra Leone,SLE,2007,179.6
Sierra Leone,SLE,2006,186.5
Sierra Leone,SLE,2005,193.2
Sierra Leone,SLE,2004,199.6
Sierra Leone,SLE,2003,205.7
Sierra Leone,SLE,2002,211.6
Sierra Leone,SLE,2001,217.3
Sierra Leone,SLE,2000,222.8
Sierra Leone,SLE,1999,228.2
Sierra Leone,SLE,1998,233.1
Sierra Leone,SLE,1997,237.9
Sierra Leone,SLE,1996,242.2
Sierra Leone,SLE,1995,245.9
Sierra Leone,SLE,1994,249.1
Sierra Leone,SLE,1993,251.7
Sierra Leone,SLE,1992,253.8
Sierra Leone,SLE,1991,256.0
Sierra Leone,SLE,1990,258.0
Sierra Leone,SLE,1989,260.1
Sierra Leone,SLE,1988,262.2
Sierra Leone,SLE,1987,264.8
Sierra Leone,SLE,1986,267.5
Sierra Leone,SLE,1985,270.3
Sierra Leone,SLE,1984,273.1
Sierra Leone,SLE,1983,276.1
Sierra Leone,SLE,1982,279.2
Sierra Leone,SLE,1981,282.6
Sierra Leone,SLE,1980,286.1
Sierra Leone,SLE,1979,290.0
Sierra Leone,SLE,1978,294.0
Sierra Leone,SLE,1977,298.2
Sierra Leone,SLE,1976,302.7
Sierra Leone,SLE,1975,307.2
Sierra Leone,SLE,1974,311.9
Sierra Leone,SLE,1973,316.5
Sierra Leone,SLE,1972,321.5
Sierra Leone,SLE,1971,326.6
Sierra Leone,SLE,1970,332.1
Sierra Leone,SLE,1969,337.5
Sierra Leone,SLE,1968,343.2
Sierra Leone,SLE,1967,349.0
Sierra Leone,SLE,1966,355.1
Sierra Leone,SLE,1965,361.1
Sierra Leone,SLE,1964,367.2
Sierra Leone,SLE,1963,372.9
Sierra Leone,SLE,1962,378.7
Sierra Leone,SLE,1961,384.4
Sierra Leone,SLE,1960,390.0
Singapore,SGP,2025,
Singapore,SGP,2024,2.7
Singapore,SGP,2023,2.6
Singapore,SGP,2022,2.5
Singapore,SGP,2021,2.4
Singapore,SGP,2020,2.4
Singapore,SGP,2019,2.5
Singapore,SGP,2018,2.5
Singapore,SGP,2017,2.6
Singapore,SGP,2016,2.6
Singapore,SGP,2015,2.7
Singapore,SGP,2014,2.7
Singapore,SGP,2013,2.8
Singapore,SGP,2012,2.8
Singapore,SGP,2011,2.8
Singapore,SGP,2010,2.8
Singapore,SGP,2009,2.8
Singapore,SGP,2008,2.8
Singapore,SGP,2007,2.9
Singapore,SGP,2006,2.9
Singapore,SGP,2005,3.0
Singapore,SGP,2004,3.1
Singapore,SGP,2003,3.2
Singapore,SGP,2002,3.4
Singapore,SGP,2001,3.6
Singapore,SGP,2000,3.9
Singapore,SGP,1999,4.1
Singapore,SGP,1998,4.3
Singapore,SGP,1997,4.6
Singapore,SGP,1996,4.8
Singapore,SGP,1995,5.1
Singapore,SGP,1994,5.4
Singapore,SGP,1993,5.8
Singapore,SGP,1992,6.3
Singapore,SGP,1991,6.9
Singapore,SGP,1990,7.7
Singapore,SGP,1989,8.4
Singapore,SGP,1988,9.1
Singapore,SGP,1987,9.7
Singapore,SGP,1986,10.3
Singapore,SGP,1985,10.9
Singapore,SGP,1984,11.6
Singapore,SGP,1983,12.3
Singapore,SGP,1982,13.2
Singapore,SGP,1981,14.0
Singapore,SGP,1980,14.7
Singapore,SGP,1979,15.0
Singapore,SGP,1978,15.1
Singapore,SGP,1977,15.4
Singapore,SGP,1976,16.2
Singapore,SGP,1975,17.6
Singapore,SGP,1974,19.5
Singapore,SGP,1973,21.8
Singapore,SGP,1972,24.0
Singapore,SGP,1971,25.7
Singapore,SGP,1970,27.1
Singapore,SGP,1969,28.6
Singapore,SGP,1968,30.2
Singapore,SGP,1967,31.8
Singapore,SGP,1966,33.4
Singapore,SGP,1965,34.9
Singapore,SGP,1964,36.5
Singapore,SGP,1963,38.2
Singapore,SGP,1962,40.5
Singapore,SGP,1961,43.7
Singapore,SGP,1960,47.7
Sint Maarten (Dutch part),SXM,2025,
Sint Maarten (Dutch part),SXM,2024,
Sint Maarten (Dutch part),SXM,2023,
Sint Maarten (Dutch part),SXM,2022,
Sint Maarten (Dutch part),SXM,2021,
Sint Maarten (Dutch part),SXM,2020,
Sint Maarten (Dutch part),SXM,2019,
Sint Maarten (Dutch part),SXM,2018,
Sint Maarten (Dutch part),SXM,2017,
Sint Maarten (Dutch part),SXM,2016,
Sint Maarten (Dutch part),SXM,2015,
Sint Maarten (Dutch part),SXM,2014,
Sint Maarten (Dutch part),SXM,2013,
Sint Maarten (Dutch part),SXM,2012,
Sint Maarten (Dutch part),SXM,2011,
Sint Maarten (Dutch part),SXM,2010,
Sint Maarten (Dutch part),SXM,2009,
Sint Maarten (Dutch part),SXM,2008,
Sint Maarten (Dutch part),SXM,2007,
Sint Maarten (Dutch part),SXM,2006,
Sint Maarten (Dutch part),SXM,2005,
Sint Maarten (Dutch part),SXM,2004,
Sint Maarten (Dutch part),SXM,2003,
Sint Maarten (Dutch part),SXM,2002,
Sint Maarten (Dutch part),SXM,2001,
Sint Maarten (Dutch part),SXM,2000,
Sint Maarten (Dutch part),SXM,1999,
Sint Maarten (Dutch part),SXM,1998,
Sint Maarten (Dutch part),SXM,1997,
Sint Maarten (Dutch part),SXM,1996,
Sint Maarten (Dutch part),SXM,1995,
Sint Maarten (Dutch part),SXM,1994,
Sint Maarten (Dutch part),SXM,1993,
Sint Maarten (Dutch part),SXM,1992,
Sint Maarten (Dutch part),SXM,1991,
Sint Maarten (Dutch part),SXM,1990,
Sint Maarten (Dutch part),SXM,1989,
Sint Maarten (Dutch part),SXM,1988,
Sint Maarten (Dutch part),SXM,1987,
Sint Maarten (Dutch part),SXM,1986,
Sint Maarten (Dutch part),SXM,1985,
Sint Maarten (Dutch part),SXM,1984,
Sint Maarten (Dutch part),SXM,1983,
Sint Maarten (Dutch part),SXM,1982,
Sint Maarten (Dutch part),SXM,1981,
Sint Maarten (Dutch part),SXM,1980,
Sint Maarten (Dutch part),SXM,1979,
Sint Maarten (Dutch part),SXM,1978,
Sint Maarten (Dutch part),SXM,1977,
Sint Maarten (Dutch part),SXM,1976,
Sint Maarten (Dutch part),SXM,1975,
Sint Maarten (Dutch part),SXM,1974,
Sint Maarten (Dutch part),SXM,1973,
Sint Maarten (Dutch part),SXM,1972,
Sint Maarten (Dutch part),SXM,1971,
Sint Maarten (Dutch part),SXM,1970,
Sint Maarten (Dutch part),SXM,1969,
Sint Maarten (Dutch part),SXM,1968,
Sint Maarten (Dutch part),SXM,1967,
Sint Maarten (Dutch part),SXM,1966,
Sint Maarten (Dutch part),SXM,1965,
Sint Maarten (Dutch part),SXM,1964,
Sint Maarten (Dutch part),SXM,1963,
Sint Maarten (Dutch part),SXM,1962,
Sint Maarten (Dutch part),SXM,1961,
Sint Maarten (Dutch part),SXM,1960,
Slovak Republic,SVK,2025,
Slovak Republic,SVK,2024,6.3
Slovak Republic,SVK,2023,6.2
Slovak Republic,SVK,2022,6.1
Slovak Republic,SVK,2021,6.0
Slovak Republic,SVK,2020,5.9
Slovak Republic,SVK,2019,5.9
Slovak Republic,SVK,2018,5.9
Slovak Republic,SVK,2017,6.0
Slovak Republic,SVK,2016,6.1
Slovak Republic,SVK,2015,6.2
Slovak Republic,SVK,2014,6.3
Slovak Republic,SVK,2013,6.4
Slovak Republic,SVK,2012,6.6
Slovak Republic,SVK,2011,6.7
Slovak Republic,SVK,2010,6.9
Slovak Republic,SVK,2009,7.1
Slovak Republic,SVK,2008,7.4
Slovak Republic,SVK,2007,7.7
Slovak Republic,SVK,2006,8.0
Slovak Republic,SVK,2005,8.3
Slovak Republic,SVK,2004,8.6
Slovak Republic,SVK,2003,8.8
Slovak Republic,SVK,2002,9.1
Slovak Republic,SVK,2001,9.3
Slovak Republic,SVK,2000,9.6
Slovak Republic,SVK,1999,10.0
Slovak Republic,SVK,1998,10.5
Slovak Republic,SVK,1997,10.9
Slovak Republic,SVK,1996,11.5
Slovak Republic,SVK,1995,12.0
Slovak Republic,SVK,1994,12.5
Slovak Republic,SVK,1993,13.1
Slovak Republic,SVK,1992,13.7
Slovak Republic,SVK,1991,14.2
Slovak Republic,SVK,1990,14.7
Slovak Republic,SVK,1989,15.3
Slovak Republic,SVK,1988,15.9
Slovak Republic,SVK,1987,16.5
Slovak Republic,SVK,1986,17.3
Slovak Republic,SVK,1985,18.2
Slovak Republic,SVK,1984,19.1
Slovak Republic,SVK,1983,19.9
Slovak Republic,SVK,1982,20.8
Slovak Republic,SVK,1981,21.7
Slovak Republic,SVK,1980,22.7
Slovak Republic,SVK,1979,23.6
Slovak Republic,SVK,1978,24.6
Slovak Republic,SVK,1977,25.5
Slovak Republic,SVK,1976,26.4
Slovak Republic,SVK,1975,27.2
Slovak Republic,SVK,1974,27.8
Slovak Republic,SVK,1973,28.4
Slovak Republic,SVK,1972,28.9
Slovak Republic,SVK,1971,29.2
Slovak Republic,SVK,1970,29.5
Slovak Republic,SVK,1969,29.7
Slovak Republic,SVK,1968,30.0
Slovak Republic,SVK,1967,30.2
Slovak Republic,SVK,1966,30.5
Slovak Republic,SVK,1965,30.8
Slovak Republic,SVK,1964,31.4
Slovak Republic,SVK,1963,32.1
Slovak Republic,SVK,1962,33.1
Slovak Republic,SVK,1961,34.6
Slovak Republic,SVK,1960,36.6
Slovenia,SVN,2025,
Slovenia,SVN,2024,2.3
Slovenia,SVN,2023,2.3
Slovenia,SVN,2022,2.3
Slovenia,SVN,2021,2.3
Slovenia,SVN,2020,2.4
Slovenia,SVN,2019,2.4
Slovenia,SVN,2018,2.4
Slovenia,SVN,2017,2.5
Slovenia,SVN,2016,2.5
Slovenia,SVN,2015,2.6
Slovenia,SVN,2014,2.7
Slovenia,SVN,2013,2.8
Slovenia,SVN,2012,2.9
Slovenia,SVN,2011,3.1
Slovenia,SVN,2010,3.2
Slovenia,SVN,2009,3.4
Slovenia,SVN,2008,3.6
Slovenia,SVN,2007,3.8
Slovenia,SVN,2006,4.0
Slovenia,SVN,2005,4.2
Slovenia,SVN,2004,4.4
Slovenia,SVN,2003,4.7
Slovenia,SVN,2002,4.9
Slovenia,SVN,2001,5.2
Slovenia,SVN,2000,5.4
Slovenia,SVN,1999,5.8
Slovenia,SVN,1998,6.1
Slovenia,SVN,1997,6.5
Slovenia,SVN,1996,6.9
Slovenia,SVN,1995,7.3
Slovenia,SVN,1994,7.9
Slovenia,SVN,1993,8.4
Slovenia,SVN,1992,9.0
Slovenia,SVN,1991,9.7
Slovenia,SVN,1990,10.4
Slovenia,SVN,1989,11.1
Slovenia,SVN,1988,11.9
Slovenia,SVN,1987,12.7
Slovenia,SVN,1986,13.6
Slovenia,SVN,1985,14.4
Slovenia,SVN,1984,15.3
Slovenia,SVN,1983,16.1
Slovenia,SVN,1982,16.9
Slovenia,SVN,1981,17.8
Slovenia,SVN,1980,
Slovenia,SVN,1979,
Slovenia,SVN,1978,
Slovenia,SVN,1977,
Slovenia,SVN,1976,
Slovenia,SVN,1975,
Slovenia,SVN,1974,
Slovenia,SVN,1973,
Slovenia,SVN,1972,
Slovenia,SVN,1971,
Slovenia,SVN,1970,
Slovenia,SVN,1969,
Slovenia,SVN,1968,
Slovenia,SVN,1967,
Slovenia,SVN,1966,
Slovenia,SVN,1965,
Slovenia,SVN,1964,
Slovenia,SVN,1963,
Slovenia,SVN,1962,
Slovenia,SVN,1961,
Slovenia,SVN,1960,
Solomon Islands,SLB,2025,
Solomon Islands,SLB,2024,20.0
Solomon Islands,SLB,2023,20.6
Solomon Islands,SLB,2022,21.3
Solomon Islands,SLB,2021,21.9
Solomon Islands,SLB,2020,22.5
Solomon Islands,SLB,2019,23.1
Solomon Islands,SLB,2018,23.6
Solomon Islands,SLB,2017,24.1
Solomon Islands,SLB,2016,24.6
Solomon Islands,SLB,2015,25.0
Solomon Islands,SLB,2014,25.4
Solomon Islands,SLB,2013,25.8
Solomon Islands,SLB,2012,26.2
Solomon Islands,SLB,2011,26.7
Solomon Islands,SLB,2010,27.2
Solomon Islands,SLB,2009,27.6
Solomon Islands,SLB,2008,28.0
Solomon Islands,SLB,2007,28.4
Solomon Islands,SLB,2006,28.8
Solomon Islands,SLB,2005,29.1
Solomon Islands,SLB,2004,29.3
Solomon Islands,SLB,2003,29.6
Solomon Islands,SLB,2002,29.8
Solomon Islands,SLB,2001,30.2
Solomon Islands,SLB,2000,30.5
Solomon Islands,SLB,1999,31.0
Solomon Islands,SLB,1998,31.5
Solomon Islands,SLB,1997,32.1
Solomon Islands,SLB,1996,32.8
Solomon Islands,SLB,1995,33.5
Solomon Islands,SLB,1994,34.3
Solomon Islands,SLB,1993,35.2
Solomon Islands,SLB,1992,36.1
Solomon Islands,SLB,1991,37.1
Solomon Islands,SLB,1990,38.1
Solomon Islands,SLB,1989,39.1
Solomon Islands,SLB,1988,40.2
Solomon Islands,SLB,1987,41.4
Solomon Islands,SLB,1986,42.6
Solomon Islands,SLB,1985,44.0
Solomon Islands,SLB,1984,45.5
Solomon Islands,SLB,1983,47.1
Solomon Islands,SLB,1982,49.0
Solomon Islands,SLB,1981,51.1
Solomon Islands,SLB,1980,53.4
Solomon Islands,SLB,1979,56.1
Solomon Islands,SLB,1978,59.2
Solomon Islands,SLB,1977,62.6
Solomon Islands,SLB,1976,66.6
Solomon Islands,SLB,1975,78.8
Solomon Islands,SLB,1974,75.9
Solomon Islands,SLB,1973,81.2
Solomon Islands,SLB,1972,87.0
Solomon Islands,SLB,1971,93.1
Solomon Islands,SLB,1970,99.6
Solomon Islands,SLB,1969,106.3
Solomon Islands,SLB,1968,113.3
Solomon Islands,SLB,1967,120.3
Solomon Islands,SLB,1966,127.1
Solomon Islands,SLB,1965,133.8
Solomon Islands,SLB,1964,140.4
Solomon Islands,SLB,1963,147.0
Solomon Islands,SLB,1962,153.7
Solomon Islands,SLB,1961,160.4
Solomon Islands,SLB,1960,167.1
"Somalia, Fed. Rep.",SOM,2025,
"Somalia, Fed. Rep.",SOM,2024,101.1
"Somalia, Fed. Rep.",SOM,2023,104.3
"Somalia, Fed. Rep.",SOM,2022,143.1
"Somalia, Fed. Rep.",SOM,2021,111.0
"Somalia, Fed. Rep.",SOM,2020,114.7
"Somalia, Fed. Rep.",SOM,2019,118.4
"Somalia, Fed. Rep.",SOM,2018,136.4
"Somalia, Fed. Rep.",SOM,2017,156.4
"Somalia, Fed. Rep.",SOM,2016,130.2
"Somalia, Fed. Rep.",SOM,2015,134.3
"Somalia, Fed. Rep.",SOM,2014,138.6
"Somalia, Fed. Rep.",SOM,2013,143.2
"Somalia, Fed. Rep.",SOM,2012,185.4
"Somalia, Fed. Rep.",SOM,2011,363.1
"Somalia, Fed. Rep.",SOM,2010,186.7
"Somalia, Fed. Rep.",SOM,2009,162.4
"Somalia, Fed. Rep.",SOM,2008,166.7
"Somalia, Fed. Rep.",SOM,2007,170.5
"Somalia, Fed. Rep.",SOM,2006,172.6
"Somalia, Fed. Rep.",SOM,2005,173.2
"Somalia, Fed. Rep.",SOM,2004,173.2
"Somalia, Fed. Rep.",SOM,2003,173.2
"Somalia, Fed. Rep.",SOM,2002,173.2
"Somalia, Fed. Rep.",SOM,2001,173.2
"Somalia, Fed. Rep.",SOM,2000,173.2
"Somalia, Fed. Rep.",SOM,1999,173.2
"Somalia, Fed. Rep.",SOM,1998,173.2
"Somalia, Fed. Rep.",SOM,1997,173.2
"Somalia, Fed. Rep.",SOM,1996,173.2
"Somalia, Fed. Rep.",SOM,1995,173.2
"Somalia, Fed. Rep.",SOM,1994,173.2
"Somalia, Fed. Rep.",SOM,1993,368.3
"Somalia, Fed. Rep.",SOM,1992,376.6
"Somalia, Fed. Rep.",SOM,1991,366.5
"Somalia, Fed. Rep.",SOM,1990,180.4
"Somalia, Fed. Rep.",SOM,1989,184.0
"Somalia, Fed. Rep.",SOM,1988,187.0
"Somalia, Fed. Rep.",SOM,1987,189.6
"Somalia, Fed. Rep.",SOM,1986,191.7
"Somalia, Fed. Rep.",SOM,1985,193.9
"Somalia, Fed. Rep.",SOM,1984,196.6
"Somalia, Fed. Rep.",SOM,1983,200.1
"Somalia, Fed. Rep.",SOM,1982,203.8
"Somalia, Fed. Rep.",SOM,1981,
"Somalia, Fed. Rep.",SOM,1980,
"Somalia, Fed. Rep.",SOM,1979,
"Somalia, Fed. Rep.",SOM,1978,
"Somalia, Fed. Rep.",SOM,1977,
"Somalia, Fed. Rep.",SOM,1976,
"Somalia, Fed. Rep.",SOM,1975,
"Somalia, Fed. Rep.",SOM,1974,
"Somalia, Fed. Rep.",SOM,1973,
"Somalia, Fed. Rep.",SOM,1972,
"Somalia, Fed. Rep.",SOM,1971,
"Somalia, Fed. Rep.",SOM,1970,
"Somalia, Fed. Rep.",SOM,1969,
"Somalia, Fed. Rep.",SOM,1968,
"Somalia, Fed. Rep.",SOM,1967,
"Somalia, Fed. Rep.",SOM,1966,
"Somalia, Fed. Rep.",SOM,1965,
"Somalia, Fed. Rep.",SOM,1964,
"Somalia, Fed. Rep.",SOM,1963,
"Somalia, Fed. Rep.",SOM,1962,
"Somalia, Fed. Rep.",SOM,1961,
"Somalia, Fed. Rep.",SOM,1960,
South Africa,ZAF,2025,
South Africa,ZAF,2024,35.1
South Africa,ZAF,2023,34.8
South Africa,ZAF,2022,34.3
South Africa,ZAF,2021,34.0
South Africa,ZAF,2020,33.9
South Africa,ZAF,2019,34.3
South Africa,ZAF,2018,34.9
South Africa,ZAF,2017,35.7
South Africa,ZAF,2016,36.8
South Africa,ZAF,2015,38.2
South Africa,ZAF,2014,39.7
South Africa,ZAF,2013,41.4
South Africa,ZAF,2012,43.1
South Africa,ZAF,2011,45.6
South Africa,ZAF,2010,50.3
South Africa,ZAF,2009,56.9
South Africa,ZAF,2008,63.7
South Africa,ZAF,2007,71.2
South Africa,ZAF,2006,76.9
South Africa,ZAF,2005,79.8
South Africa,ZAF,2004,80.7
South Africa,ZAF,2003,79.2
South Africa,ZAF,2002,77.0
South Africa,ZAF,2001,74.5
South Africa,ZAF,2000,71.4
South Africa,ZAF,1999,68.7
South Africa,ZAF,1998,65.8
South Africa,ZAF,1997,62.9
South Africa,ZAF,1996,60.9
South Africa,ZAF,1995,59.2
South Africa,ZAF,1994,57.8
South Africa,ZAF,1993,56.6
South Africa,ZAF,1992,56.2
South Africa,ZAF,1991,56.8
South Africa,ZAF,1990,58.1
South Africa,ZAF,1989,60.1
South Africa,ZAF,1988,62.7
South Africa,ZAF,1987,65.7
South Africa,ZAF,1986,68.9
South Africa,ZAF,1985,72.3
South Africa,ZAF,1984,75.9
South Africa,ZAF,1983,79.6
South Africa,ZAF,1982,83.8
South Africa,ZAF,1981,88.5
South Africa,ZAF,1980,93.5
South Africa,ZAF,1979,98.8
South Africa,ZAF,1978,104.7
South Africa,ZAF,1977,111.1
South Africa,ZAF,1976,117.8
South Africa,ZAF,1975,124.9
South Africa,ZAF,1974,132.3
South Africa,ZAF,1973,
South Africa,ZAF,1972,
South Africa,ZAF,1971,
South Africa,ZAF,1970,
South Africa,ZAF,1969,
South Africa,ZAF,1968,
South Africa,ZAF,1967,
South Africa,ZAF,1966,
South Africa,ZAF,1965,
South Africa,ZAF,1964,
South Africa,ZAF,1963,
South Africa,ZAF,1962,
South Africa,ZAF,1961,
South Africa,ZAF,1960,
South Sudan,SSD,2025,
South Sudan,SSD,2024,96.7
South Sudan,SSD,2023,96.7
South Sudan,SSD,2022,96.7
South Sudan,SSD,2021,96.7
South Sudan,SSD,2020,96.7
South Sudan,SSD,2019,96.7
South Sudan,SSD,2018,133.7
South Sudan,SSD,2017,292.0
South Sudan,SSD,2016,272.9
South Sudan,SSD,2015,240.8
South Sudan,SSD,2014,182.6
South Sudan,SSD,2013,97.2
South Sudan,SSD,2012,98.9
South Sudan,SSD,2011,102.3
South Sudan,SSD,2010,107.2
South Sudan,SSD,2009,112.7
South Sudan,SSD,2008,118.7
South Sudan,SSD,2007,124.9
South Sudan,SSD,2006,131.5
South Sudan,SSD,2005,138.4
South Sudan,SSD,2004,145.8
South Sudan,SSD,2003,153.7
South Sudan,SSD,2002,162.2
South Sudan,SSD,2001,171.1
South Sudan,SSD,2000,180.1
South Sudan,SSD,1999,189.0
South Sudan,SSD,1998,430.8
South Sudan,SSD,1997,250.9
South Sudan,SSD,1996,259.7
South Sudan,SSD,1995,268.0
South Sudan,SSD,1994,227.6
South Sudan,SSD,1993,330.6
South Sudan,SSD,1992,337.1
South Sudan,SSD,1991,295.6
South Sudan,SSD,1990,301.3
South Sudan,SSD,1989,305.7
South Sudan,SSD,1988,780.9
South Sudan,SSD,1987,357.8
South Sudan,SSD,1986,265.0
South Sudan,SSD,1985,268.7
South Sudan,SSD,1984,272.5
South Sudan,SSD,1983,275.9
South Sudan,SSD,1982,279.2
South Sudan,SSD,1981,282.6
South Sudan,SSD,1980,286.0
South Sudan,SSD,1979,289.4
South Sudan,SSD,1978,293.1
South Sudan,SSD,1977,297.1
South Sudan,SSD,1976,300.6
South Sudan,SSD,1975,303.9
South Sudan,SSD,1974,307.2
South Sudan,SSD,1973,311.0
South Sudan,SSD,1972,314.3
South Sudan,SSD,1971,317.7
South Sudan,SSD,1970,405.2
South Sudan,SSD,1969,409.4
South Sudan,SSD,1968,403.5
South Sudan,SSD,1967,407.0
South Sudan,SSD,1966,410.9
South Sudan,SSD,1965,338.3
South Sudan,SSD,1964,341.2
South Sudan,SSD,1963,388.3
South Sudan,SSD,1962,347.2
South Sudan,SSD,1961,350.0
South Sudan,SSD,1960,352.6
Spain,ESP,2025,
Spain,ESP,2024,3.2
Spain,ESP,2023,3.2
Spain,ESP,2022,3.2
Spain,ESP,2021,3.2
Spain,ESP,2020,3.2
Spain,ESP,2019,3.2
Spain,ESP,2018,3.2
Spain,ESP,2017,3.2
Spain,ESP,2016,3.3
Spain,ESP,2015,3.3
Spain,ESP,2014,3.4
Spain,ESP,2013,3.5
Spain,ESP,2012,3.6
Spain,ESP,2011,3.7
Spain,ESP,2010,3.8
Spain,ESP,2009,4.0
Spain,ESP,2008,4.2
Spain,ESP,2007,4.4
Spain,ESP,2006,4.5
Spain,ESP,2005,4.7
Spain,ESP,2004,4.9
Spain,ESP,2003,5.0
Spain,ESP,2002,5.1
Spain,ESP,2001,5.3
Spain,ESP,2000,5.4
Spain,ESP,1999,5.6
Spain,ESP,1998,5.8
Spain,ESP,1997,6.1
Spain,ESP,1996,6.5
Spain,ESP,1995,6.9
Spain,ESP,1994,7.4
Spain,ESP,1993,7.9
Spain,ESP,1992,8.3
Spain,ESP,1991,8.8
Spain,ESP,1990,9.2
Spain,ESP,1989,9.5
Spain,ESP,1988,9.9
Spain,ESP,1987,10.3
Spain,ESP,1986,10.7
Spain,ESP,1985,11.1
Spain,ESP,1984,11.7
Spain,ESP,1983,12.2
Spain,ESP,1982,13.0
Spain,ESP,1981,13.8
Spain,ESP,1980,14.9
Spain,ESP,1979,16.1
Spain,ESP,1978,17.3
Spain,ESP,1977,18.7
Spain,ESP,1976,20.2
Spain,ESP,1975,21.7
Spain,ESP,1974,23.4
Spain,ESP,1973,25.2
Spain,ESP,1972,27.2
Spain,ESP,1971,29.3
Spain,ESP,1970,31.6
Spain,ESP,1969,33.9
Spain,ESP,1968,36.1
Spain,ESP,1967,38.2
Spain,ESP,1966,40.3
Spain,ESP,1965,42.3
Spain,ESP,1964,44.5
Spain,ESP,1963,46.9
Spain,ESP,1962,49.4
Spain,ESP,1961,52.0
Spain,ESP,1960,54.7
Sri Lanka,LKA,2025,
Sri Lanka,LKA,2024,5.9
Sri Lanka,LKA,2023,6.1
Sri Lanka,LKA,2022,6.3
Sri Lanka,LKA,2021,6.6
Sri Lanka,LKA,2020,6.9
Sri Lanka,LKA,2019,7.2
Sri Lanka,LKA,2018,7.6
Sri Lanka,LKA,2017,7.9
Sri Lanka,LKA,2016,8.3
Sri Lanka,LKA,2015,8.7
Sri Lanka,LKA,2014,9.2
Sri Lanka,LKA,2013,9.8
Sri Lanka,LKA,2012,10.3
Sri Lanka,LKA,2011,10.8
Sri Lanka,LKA,2010,11.2
Sri Lanka,LKA,2009,21.5
Sri Lanka,LKA,2008,12.0
Sri Lanka,LKA,2007,12.6
Sri Lanka,LKA,2006,13.3
Sri Lanka,LKA,2005,14.0
Sri Lanka,LKA,2004,29.0
Sri Lanka,LKA,2003,15.2
Sri Lanka,LKA,2002,15.5
Sri Lanka,LKA,2001,15.8
Sri Lanka,LKA,2000,16.3
Sri Lanka,LKA,1999,16.9
Sri Lanka,LKA,1998,17.6
Sri Lanka,LKA,1997,18.6
Sri Lanka,LKA,1996,19.5
Sri Lanka,LKA,1995,20.5
Sri Lanka,LKA,1994,21.4
Sri Lanka,LKA,1993,22.2
Sri Lanka,LKA,1992,22.9
Sri Lanka,LKA,1991,23.2
Sri Lanka,LKA,1990,23.3
Sri Lanka,LKA,1989,27.9
Sri Lanka,LKA,1988,24.1
Sri Lanka,LKA,1987,25.3
Sri Lanka,LKA,1986,27.4
Sri Lanka,LKA,1985,30.2
Sri Lanka,LKA,1984,33.5
Sri Lanka,LKA,1983,36.7
Sri Lanka,LKA,1982,39.8
Sri Lanka,LKA,1981,42.9
Sri Lanka,LKA,1980,46.3
Sri Lanka,LKA,1979,49.9
Sri Lanka,LKA,1978,53.7
Sri Lanka,LKA,1977,57.6
Sri Lanka,LKA,1976,61.1
Sri Lanka,LKA,1975,63.8
Sri Lanka,LKA,1974,65.9
Sri Lanka,LKA,1973,67.3
Sri Lanka,LKA,1972,68.3
Sri Lanka,LKA,1971,69.1
Sri Lanka,LKA,1970,70.1
Sri Lanka,LKA,1969,71.3
Sri Lanka,LKA,1968,73.1
Sri Lanka,LKA,1967,75.5
Sri Lanka,LKA,1966,78.1
Sri Lanka,LKA,1965,80.7
Sri Lanka,LKA,1964,83.0
Sri Lanka,LKA,1963,84.8
Sri Lanka,LKA,1962,86.7
Sri Lanka,LKA,1961,89.6
Sri Lanka,LKA,1960,94.1
St. Kitts and Nevis,KNA,2025,
St. Kitts and Nevis,KNA,2024,15.9
St. Kitts and Nevis,KNA,2023,16.4
St. Kitts and Nevis,KNA,2022,16.8
St. Kitts and Nevis,KNA,2021,17.3
St. Kitts and Nevis,KNA,2020,17.8
St. Kitts and Nevis,KNA,2019,18.2
St. Kitts and Nevis,KNA,2018,18.6
St. Kitts and Nevis,KNA,2017,19.0
St. Kitts and Nevis,KNA,2016,19.3
St. Kitts and Nevis,KNA,2015,19.4
St. Kitts and Nevis,KNA,2014,19.4
St. Kitts and Nevis,KNA,2013,19.3
St. Kitts and Nevis,KNA,2012,19.1
St. Kitts and Nevis,KNA,2011,18.9
St. Kitts and Nevis,KNA,2010,18.8
St. Kitts and Nevis,KNA,2009,18.7
St. Kitts and Nevis,KNA,2008,18.8
St. Kitts and Nevis,KNA,2007,18.9
St. Kitts and Nevis,KNA,2006,19.2
St. Kitts and Nevis,KNA,2005,19.7
St. Kitts and Nevis,KNA,2004,20.3
St. Kitts and Nevis,KNA,2003,21.1
St. Kitts and Nevis,KNA,2002,22.0
St. Kitts and Nevis,KNA,2001,22.9
St. Kitts and Nevis,KNA,2000,23.9
St. Kitts and Nevis,KNA,1999,24.8
St. Kitts and Nevis,KNA,1998,25.6
St. Kitts and Nevis,KNA,1997,26.4
St. Kitts and Nevis,KNA,1996,27.0
St. Kitts and Nevis,KNA,1995,27.5
St. Kitts and Nevis,KNA,1994,28.0
St. Kitts and Nevis,KNA,1993,28.5
St. Kitts and Nevis,KNA,1992,29.0
St. Kitts and Nevis,KNA,1991,29.6
St. Kitts and Nevis,KNA,1990,30.3
St. Kitts and Nevis,KNA,1989,31.2
St. Kitts and Nevis,KNA,1988,32.4
St. Kitts and Nevis,KNA,1987,33.8
St. Kitts and Nevis,KNA,1986,35.6
St. Kitts and Nevis,KNA,1985,37.6
St. Kitts and Nevis,KNA,1984,39.9
St. Kitts and Nevis,KNA,1983,42.5
St. Kitts and Nevis,KNA,1982,45.3
St. Kitts and Nevis,KNA,1981,48.0
St. Kitts and Nevis,KNA,1980,50.6
St. Kitts and Nevis,KNA,1979,52.9
St. Kitts and Nevis,KNA,1978,54.8
St. Kitts and Nevis,KNA,1977,56.4
St. Kitts and Nevis,KNA,1976,57.8
St. Kitts and Nevis,KNA,1975,59.2
St. Kitts and Nevis,KNA,1974,60.4
St. Kitts and Nevis,KNA,1973,61.7
St. Kitts and Nevis,KNA,1972,
St. Kitts and Nevis,KNA,1971,
St. Kitts and Nevis,KNA,1970,
St. Kitts and Nevis,KNA,1969,
St. Kitts and Nevis,KNA,1968,
St. Kitts and Nevis,KNA,1967,
St. Kitts and Nevis,KNA,1966,
St. Kitts and Nevis,KNA,1965,
St. Kitts and Nevis,KNA,1964,
St. Kitts and Nevis,KNA,1963,
St. Kitts and Nevis,KNA,1962,
St. Kitts and Nevis,KNA,1961,
St. Kitts and Nevis,KNA,1960,
St. Lucia,LCA,2025,
St. Lucia,LCA,2024,17.2
St. Lucia,LCA,2023,17.5
St. Lucia,LCA,2022,17.7
St. Lucia,LCA,2021,17.9
St. Lucia,LCA,2020,18.1
St. Lucia,LCA,2019,18.2
St. Lucia,LCA,2018,18.4
St. Lucia,LCA,2017,18.5
St. Lucia,LCA,2016,18.6
St. Lucia,LCA,2015,18.7
St. Lucia,LCA,2014,18.8
St. Lucia,LCA,2013,18.8
St. Lucia,LCA,2012,18.8
St. Lucia,LCA,2011,18.8
St. Lucia,LCA,2010,18.8
St. Lucia,LCA,2009,18.8
St. Lucia,LCA,2008,18.7
St. Lucia,LCA,2007,18.6
St. Lucia,LCA,2006,18.6
St. Lucia,LCA,2005,18.5
St. Lucia,LCA,2004,18.5
St. Lucia,LCA,2003,18.4
St. Lucia,LCA,2002,18.4
St. Lucia,LCA,2001,18.4
St. Lucia,LCA,2000,18.5
St. Lucia,LCA,1999,18.5
St. Lucia,LCA,1998,18.7
St. Lucia,LCA,1997,18.8
St. Lucia,LCA,1996,19.0
St. Lucia,LCA,1995,19.2
St. Lucia,LCA,1994,19.4
St. Lucia,LCA,1993,19.7
St. Lucia,LCA,1992,20.0
St. Lucia,LCA,1991,20.4
St. Lucia,LCA,1990,20.8
St. Lucia,LCA,1989,21.3
St. Lucia,LCA,1988,21.9
St. Lucia,LCA,1987,22.6
St. Lucia,LCA,1986,23.5
St. Lucia,LCA,1985,24.4
St. Lucia,LCA,1984,25.5
St. Lucia,LCA,1983,26.8
St. Lucia,LCA,1982,28.3
St. Lucia,LCA,1981,30.0
St. Lucia,LCA,1980,32.0
St. Lucia,LCA,1979,34.2
St. Lucia,LCA,1978,36.8
St. Lucia,LCA,1977,39.7
St. Lucia,LCA,1976,43.0
St. Lucia,LCA,1975,46.7
St. Lucia,LCA,1974,50.8
St. Lucia,LCA,1973,55.3
St. Lucia,LCA,1972,60.1
St. Lucia,LCA,1971,65.4
St. Lucia,LCA,1970,71.0
St. Lucia,LCA,1969,76.9
St. Lucia,LCA,1968,83.2
St. Lucia,LCA,1967,89.6
St. Lucia,LCA,1966,96.2
St. Lucia,LCA,1965,102.9
St. Lucia,LCA,1964,109.6
St. Lucia,LCA,1963,116.1
St. Lucia,LCA,1962,122.4
St. Lucia,LCA,1961,128.5
St. Lucia,LCA,1960,134.2
St. Martin (French part),MAF,2025,
St. Martin (French part),MAF,2024,
St. Martin (French part),MAF,2023,
St. Martin (French part),MAF,2022,
St. Martin (French part),MAF,2021,
St. Martin (French part),MAF,2020,
St. Martin (French part),MAF,2019,
St. Martin (French part),MAF,2018,
St. Martin (French part),MAF,2017,
St. Martin (French part),MAF,2016,
St. Martin (French part),MAF,2015,
St. Martin (French part),MAF,2014,
St. Martin (French part),MAF,2013,
St. Martin (French part),MAF,2012,
St. Martin (French part),MAF,2011,
St. Martin (French part),MAF,2010,
St. Martin (French part),MAF,2009,
St. Martin (French part),MAF,2008,
St. Martin (French part),MAF,2007,
St. Martin (French part),MAF,2006,
St. Martin (French part),MAF,2005,
St. Martin (French part),MAF,2004,
St. Martin (French part),MAF,2003,
St. Martin (French part),MAF,2002,
St. Martin (French part),MAF,2001,
St. Martin (French part),MAF,2000,
St. Martin (French part),MAF,1999,
St. Martin (French part),MAF,1998,
St. Martin (French part),MAF,1997,
St. Martin (French part),MAF,1996,
St. Martin (French part),MAF,1995,
St. Martin (French part),MAF,1994,
St. Martin (French part),MAF,1993,
St. Martin (French part),MAF,1992,
St. Martin (French part),MAF,1991,
St. Martin (French part),MAF,1990,
St. Martin (French part),MAF,1989,
St. Martin (French part),MAF,1988,
St. Martin (French part),MAF,1987,
St. Martin (French part),MAF,1986,
St. Martin (French part),MAF,1985,
St. Martin (French part),MAF,1984,
St. Martin (French part),MAF,1983,
St. Martin (French part),MAF,1982,
St. Martin (French part),MAF,1981,
St. Martin (French part),MAF,1980,
St. Martin (French part),MAF,1979,
St. Martin (French part),MAF,1978,
St. Martin (French part),MAF,1977,
St. Martin (French part),MAF,1976,
St. Martin (French part),MAF,1975,
St. Martin (French part),MAF,1974,
St. Martin (French part),MAF,1973,
St. Martin (French part),MAF,1972,
St. Martin (French part),MAF,1971,
St. Martin (French part),MAF,1970,
St. Martin (French part),MAF,1969,
St. Martin (French part),MAF,1968,
St. Martin (French part),MAF,1967,
St. Martin (French part),MAF,1966,
St. Martin (French part),MAF,1965,
St. Martin (French part),MAF,1964,
St. Martin (French part),MAF,1963,
St. Martin (French part),MAF,1962,
St. Martin (French part),MAF,1961,
St. Martin (French part),MAF,1960,
St. Vincent and the Grenadines,VCT,2025,
St. Vincent and the Grenadines,VCT,2024,11.3
St. Vincent and the Grenadines,VCT,2023,11.8
St. Vincent and the Grenadines,VCT,2022,12.3
St. Vincent and the Grenadines,VCT,2021,12.9
St. Vincent and the Grenadines,VCT,2020,13.6
St. Vincent and the Grenadines,VCT,2019,14.3
St. Vincent and the Grenadines,VCT,2018,15.0
St. Vincent and the Grenadines,VCT,2017,15.8
St. Vincent and the Grenadines,VCT,2016,16.6
St. Vincent and the Grenadines,VCT,2015,17.4
St. Vincent and the Grenadines,VCT,2014,18.2
St. Vincent and the Grenadines,VCT,2013,19.1
St. Vincent and the Grenadines,VCT,2012,19.9
St. Vincent and the Grenadines,VCT,2011,20.7
St. Vincent and the Grenadines,VCT,2010,21.4
St. Vincent and the Grenadines,VCT,2009,22.0
St. Vincent and the Grenadines,VCT,2008,22.4
St. Vincent and the Grenadines,VCT,2007,22.7
St. Vincent and the Grenadines,VCT,2006,22.8
St. Vincent and the Grenadines,VCT,2005,22.8
St. Vincent and the Grenadines,VCT,2004,22.7
St. Vincent and the Grenadines,VCT,2003,22.6
St. Vincent and the Grenadines,VCT,2002,22.6
St. Vincent and the Grenadines,VCT,2001,22.6
St. Vincent and the Grenadines,VCT,2000,22.6
St. Vincent and the Grenadines,VCT,1999,22.5
St. Vincent and the Grenadines,VCT,1998,22.5
St. Vincent and the Grenadines,VCT,1997,22.4
St. Vincent and the Grenadines,VCT,1996,22.3
St. Vincent and the Grenadines,VCT,1995,22.3
St. Vincent and the Grenadines,VCT,1994,22.3
St. Vincent and the Grenadines,VCT,1993,22.4
St. Vincent and the Grenadines,VCT,1992,22.6
St. Vincent and the Grenadines,VCT,1991,23.1
St. Vincent and the Grenadines,VCT,1990,23.8
St. Vincent and the Grenadines,VCT,1989,24.7
St. Vincent and the Grenadines,VCT,1988,25.9
St. Vincent and the Grenadines,VCT,1987,27.5
St. Vincent and the Grenadines,VCT,1986,29.6
St. Vincent and the Grenadines,VCT,1985,32.2
St. Vincent and the Grenadines,VCT,1984,35.4
St. Vincent and the Grenadines,VCT,1983,39.1
St. Vincent and the Grenadines,VCT,1982,43.4
St. Vincent and the Grenadines,VCT,1981,48.2
St. Vincent and the Grenadines,VCT,1980,53.5
St. Vincent and the Grenadines,VCT,1979,59.2
St. Vincent and the Grenadines,VCT,1978,64.9
St. Vincent and the Grenadines,VCT,1977,70.3
St. Vincent and the Grenadines,VCT,1976,74.6
St. Vincent and the Grenadines,VCT,1975,77.0
St. Vincent and the Grenadines,VCT,1974,77.0
St. Vincent and the Grenadines,VCT,1973,75.2
St. Vincent and the Grenadines,VCT,1972,72.0
St. Vincent and the Grenadines,VCT,1971,68.2
St. Vincent and the Grenadines,VCT,1970,64.2
St. Vincent and the Grenadines,VCT,1969,60.3
St. Vincent and the Grenadines,VCT,1968,
St. Vincent and the Grenadines,VCT,1967,
St. Vincent and the Grenadines,VCT,1966,
St. Vincent and the Grenadines,VCT,1965,
St. Vincent and the Grenadines,VCT,1964,
St. Vincent and the Grenadines,VCT,1963,
St. Vincent and the Grenadines,VCT,1962,
St. Vincent and the Grenadines,VCT,1961,
St. Vincent and the Grenadines,VCT,1960,
Sudan,SDN,2025,
Sudan,SDN,2024,61.6
Sudan,SDN,2023,63.1
Sudan,SDN,2022,51.0
Sudan,SDN,2021,52.7
Sudan,SDN,2020,54.3
Sudan,SDN,2019,56.1
Sudan,SDN,2018,57.8
Sudan,SDN,2017,59.7
Sudan,SDN,2016,61.6
Sudan,SDN,2015,63.5
Sudan,SDN,2014,65.4
Sudan,SDN,2013,67.3
Sudan,SDN,2012,69.3
Sudan,SDN,2011,71.3
Sudan,SDN,2010,73.4
Sudan,SDN,2009,75.5
Sudan,SDN,2008,77.9
Sudan,SDN,2007,80.4
Sudan,SDN,2006,83.0
Sudan,SDN,2005,98.8
Sudan,SDN,2004,101.1
Sudan,SDN,2003,91.9
Sudan,SDN,2002,95.2
Sudan,SDN,2001,98.6
Sudan,SDN,2000,102.0
Sudan,SDN,1999,105.3
Sudan,SDN,1998,148.3
Sudan,SDN,1997,111.8
Sudan,SDN,1996,114.9
Sudan,SDN,1995,117.8
Sudan,SDN,1994,120.6
Sudan,SDN,1993,123.3
Sudan,SDN,1992,125.9
Sudan,SDN,1991,128.4
Sudan,SDN,1990,130.9
Sudan,SDN,1989,133.2
Sudan,SDN,1988,297.0
Sudan,SDN,1987,137.5
Sudan,SDN,1986,139.4
Sudan,SDN,1985,178.3
Sudan,SDN,1984,180.5
Sudan,SDN,1983,182.7
Sudan,SDN,1982,145.4
Sudan,SDN,1981,146.6
Sudan,SDN,1980,147.7
Sudan,SDN,1979,149.0
Sudan,SDN,1978,150.1
Sudan,SDN,1977,151.4
Sudan,SDN,1976,152.6
Sudan,SDN,1975,153.9
Sudan,SDN,1974,155.0
Sudan,SDN,1973,156.1
Sudan,SDN,1972,157.0
Sudan,SDN,1971,158.0
Sudan,SDN,1970,159.0
Sudan,SDN,1969,160.1
Sudan,SDN,1968,161.4
Sudan,SDN,1967,162.9
Sudan,SDN,1966,164.6
Sudan,SDN,1965,166.5
Sudan,SDN,1964,168.7
Sudan,SDN,1963,171.0
Sudan,SDN,1962,173.6
Sudan,SDN,1961,176.3
Sudan,SDN,1960,178.9
Suriname,SUR,2025,
Suriname,SUR,2024,15.8
Suriname,SUR,2023,16.3
Suriname,SUR,2022,16.8
Suriname,SUR,2021,17.4
Suriname,SUR,2020,17.9
Suriname,SUR,2019,18.4
Suriname,SUR,2018,18.9
Suriname,SUR,2017,19.5
Suriname,SUR,2016,20.1
Suriname,SUR,2015,20.6
Suriname,SUR,2014,21.1
Suriname,SUR,2013,21.6
Suriname,SUR,2012,22.2
Suriname,SUR,2011,22.7
Suriname,SUR,2010,23.2
Suriname,SUR,2009,23.8
Suriname,SUR,2008,24.4
Suriname,SUR,2007,25.1
Suriname,SUR,2006,25.7
Suriname,SUR,2005,26.5
Suriname,SUR,2004,27.2
Suriname,SUR,2003,28.1
Suriname,SUR,2002,29.0
Suriname,SUR,2001,30.0
Suriname,SUR,2000,31.0
Suriname,SUR,1999,32.2
Suriname,SUR,1998,33.4
Suriname,SUR,1997,34.6
Suriname,SUR,1996,36.0
Suriname,SUR,1995,37.4
Suriname,SUR,1994,38.8
Suriname,SUR,1993,40.3
Suriname,SUR,1992,41.8
Suriname,SUR,1991,43.3
Suriname,SUR,1990,44.8
Suriname,SUR,1989,46.4
Suriname,SUR,1988,48.0
Suriname,SUR,1987,49.6
Suriname,SUR,1986,51.3
Suriname,SUR,1985,53.0
Suriname,SUR,1984,54.8
Suriname,SUR,1983,56.6
Suriname,SUR,1982,
Suriname,SUR,1981,
Suriname,SUR,1980,
Suriname,SUR,1979,
Suriname,SUR,1978,
Suriname,SUR,1977,
Suriname,SUR,1976,
Suriname,SUR,1975,
Suriname,SUR,1974,
Suriname,SUR,1973,
Suriname,SUR,1972,
Suriname,SUR,1971,
Suriname,SUR,1970,
Suriname,SUR,1969,
Suriname,SUR,1968,
Suriname,SUR,1967,
Suriname,SUR,1966,
Suriname,SUR,1965,
Suriname,SUR,1964,
Suriname,SUR,1963,
Suriname,SUR,1962,
Suriname,SUR,1961,
Suriname,SUR,1960,
Sweden,SWE,2025,
Sweden,SWE,2024,2.4
Sweden,SWE,2023,2.4
Sweden,SWE,2022,2.5
Sweden,SWE,2021,2.5
Sweden,SWE,2020,2.6
Sweden,SWE,2019,2.6
Sweden,SWE,2018,2.7
Sweden,SWE,2017,2.8
Sweden,SWE,2016,2.8
Sweden,SWE,2015,2.9
Sweden,SWE,2014,2.9
Sweden,SWE,2013,2.9
Sweden,SWE,2012,3.0
Sweden,SWE,2011,3.0
Sweden,SWE,2010,3.1
Sweden,SWE,2009,3.1
Sweden,SWE,2008,3.2
Sweden,SWE,2007,3.3
Sweden,SWE,2006,3.5
Sweden,SWE,2005,3.6
Sweden,SWE,2004,3.7
Sweden,SWE,2003,3.9
Sweden,SWE,2002,4.0
Sweden,SWE,2001,4.0
Sweden,SWE,2000,4.1
Sweden,SWE,1999,4.2
Sweden,SWE,1998,4.2
Sweden,SWE,1997,4.4
Sweden,SWE,1996,4.6
Sweden,SWE,1995,4.8
Sweden,SWE,1994,5.2
Sweden,SWE,1993,5.7
Sweden,SWE,1992,6.2
Sweden,SWE,1991,6.6
Sweden,SWE,1990,7.0
Sweden,SWE,1989,7.2
Sweden,SWE,1988,7.3
Sweden,SWE,1987,7.4
Sweden,SWE,1986,7.5
Sweden,SWE,1985,7.6
Sweden,SWE,1984,7.7
Sweden,SWE,1983,7.8
Sweden,SWE,1982,8.0
Sweden,SWE,1981,8.2
Sweden,SWE,1980,8.4
Sweden,SWE,1979,8.7
Sweden,SWE,1978,9.0
Sweden,SWE,1977,9.4
Sweden,SWE,1976,9.8
Sweden,SWE,1975,10.3
Sweden,SWE,1974,11.0
Sweden,SWE,1973,11.6
Sweden,SWE,1972,12.2
Sweden,SWE,1971,12.8
Sweden,SWE,1970,13.4
Sweden,SWE,1969,13.9
Sweden,SWE,1968,14.4
Sweden,SWE,1967,14.9
Sweden,SWE,1966,15.5
Sweden,SWE,1965,16.3
Sweden,SWE,1964,17.1
Sweden,SWE,1963,17.9
Sweden,SWE,1962,18.6
Sweden,SWE,1961,19.1
Sweden,SWE,1960,19.6
Switzerland,CHE,2025,
Switzerland,CHE,2024,3.9
Switzerland,CHE,2023,3.9
Switzerland,CHE,2022,3.9
Switzerland,CHE,2021,4.0
Switzerland,CHE,2020,4.0
Switzerland,CHE,2019,4.0
Switzerland,CHE,2018,4.1
Switzerland,CHE,2017,4.1
Switzerland,CHE,2016,4.2
Switzerland,CHE,2015,4.3
Switzerland,CHE,2014,4.3
Switzerland,CHE,2013,4.4
Switzerland,CHE,2012,4.4
Switzerland,CHE,2011,4.5
Switzerland,CHE,2010,4.6
Switzerland,CHE,2009,4.6
Switzerland,CHE,2008,4.7
Switzerland,CHE,2007,4.8
Switzerland,CHE,2006,4.9
Switzerland,CHE,2005,5.1
Switzerland,CHE,2004,5.2
Switzerland,CHE,2003,5.3
Switzerland,CHE,2002,5.4
Switzerland,CHE,2001,5.5
Switzerland,CHE,2000,5.6
Switzerland,CHE,1999,5.7
Switzerland,CHE,1998,5.8
Switzerland,CHE,1997,6.0
Switzerland,CHE,1996,6.2
Switzerland,CHE,1995,6.4
Switzerland,CHE,1994,6.7
Switzerland,CHE,1993,7.1
Switzerland,CHE,1992,7.5
Switzerland,CHE,1991,7.8
Switzerland,CHE,1990,8.2
Switzerland,CHE,1989,8.4
Switzerland,CHE,1988,8.6
Switzerland,CHE,1987,8.8
Switzerland,CHE,1986,8.9
Switzerland,CHE,1985,9.0
Switzerland,CHE,1984,9.2
Switzerland,CHE,1983,9.4
Switzerland,CHE,1982,9.7
Switzerland,CHE,1981,10.0
Switzerland,CHE,1980,10.4
Switzerland,CHE,1979,10.9
Switzerland,CHE,1978,11.4
Switzerland,CHE,1977,12.1
Switzerland,CHE,1976,12.9
Switzerland,CHE,1975,13.8
Switzerland,CHE,1974,14.8
Switzerland,CHE,1973,15.7
Switzerland,CHE,1972,16.7
Switzerland,CHE,1971,17.6
Switzerland,CHE,1970,18.4
Switzerland,CHE,1969,19.2
Switzerland,CHE,1968,19.9
Switzerland,CHE,1967,20.7
Switzerland,CHE,1966,21.6
Switzerland,CHE,1965,22.6
Switzerland,CHE,1964,23.6
Switzerland,CHE,1963,24.5
Switzerland,CHE,1962,25.3
Switzerland,CHE,1961,26.0
Switzerland,CHE,1960,26.5
Syrian Arab Republic,SYR,2025,
Syrian Arab Republic,SYR,2024,18.4
Syrian Arab Republic,SYR,2023,20.1
Syrian Arab Republic,SYR,2022,20.7
Syrian Arab Republic,SYR,2021,20.5
Syrian Arab Republic,SYR,2020,21.9
Syrian Arab Republic,SYR,2019,24.6
Syrian Arab Republic,SYR,2018,32.5
Syrian Arab Republic,SYR,2017,32.9
Syrian Arab Republic,SYR,2016,32.2
Syrian Arab Republic,SYR,2015,37.1
Syrian Arab Republic,SYR,2014,35.5
Syrian Arab Republic,SYR,2013,36.9
Syrian Arab Republic,SYR,2012,34.2
Syrian Arab Republic,SYR,2011,21.6
Syrian Arab Republic,SYR,2010,18.8
Syrian Arab Republic,SYR,2009,18.8
Syrian Arab Republic,SYR,2008,18.9
Syrian Arab Republic,SYR,2007,19.1
Syrian Arab Republic,SYR,2006,19.4
Syrian Arab Republic,SYR,2005,19.8
Syrian Arab Republic,SYR,2004,20.2
Syrian Arab Republic,SYR,2003,20.8
Syrian Arab Republic,SYR,2002,21.4
Syrian Arab Republic,SYR,2001,22.2
Syrian Arab Republic,SYR,2000,23.1
Syrian Arab Republic,SYR,1999,24.1
Syrian Arab Republic,SYR,1998,25.2
Syrian Arab Republic,SYR,1997,26.5
Syrian Arab Republic,SYR,1996,27.8
Syrian Arab Republic,SYR,1995,29.2
Syrian Arab Republic,SYR,1994,30.7
Syrian Arab Republic,SYR,1993,32.2
Syrian Arab Republic,SYR,1992,33.8
Syrian Arab Republic,SYR,1991,35.3
Syrian Arab Republic,SYR,1990,36.9
Syrian Arab Republic,SYR,1989,38.5
Syrian Arab Republic,SYR,1988,40.2
Syrian Arab Republic,SYR,1987,41.9
Syrian Arab Republic,SYR,1986,43.9
Syrian Arab Republic,SYR,1985,46.0
Syrian Arab Republic,SYR,1984,48.4
Syrian Arab Republic,SYR,1983,50.9
Syrian Arab Republic,SYR,1982,71.0
Syrian Arab Republic,SYR,1981,63.4
Syrian Arab Republic,SYR,1980,60.1
Syrian Arab Republic,SYR,1979,63.7
Syrian Arab Republic,SYR,1978,67.5
Syrian Arab Republic,SYR,1977,71.5
Syrian Arab Republic,SYR,1976,75.7
Syrian Arab Republic,SYR,1975,79.9
Syrian Arab Republic,SYR,1974,84.3
Syrian Arab Republic,SYR,1973,88.9
Syrian Arab Republic,SYR,1972,93.9
Syrian Arab Republic,SYR,1971,99.1
Syrian Arab Republic,SYR,1970,104.8
Syrian Arab Republic,SYR,1969,110.8
Syrian Arab Republic,SYR,1968,116.9
Syrian Arab Republic,SYR,1967,123.2
Syrian Arab Republic,SYR,1966,129.5
Syrian Arab Republic,SYR,1965,135.7
Syrian Arab Republic,SYR,1964,142.1
Syrian Arab Republic,SYR,1963,148.8
Syrian Arab Republic,SYR,1962,155.9
Syrian Arab Republic,SYR,1961,163.9
Syrian Arab Republic,SYR,1960,172.8
Tajikistan,TJK,2025,
Tajikistan,TJK,2024,28.1
Tajikistan,TJK,2023,28.8
Tajikistan,TJK,2022,29.4
Tajikistan,TJK,2021,29.8
Tajikistan,TJK,2020,30.1
Tajikistan,TJK,2019,30.4
Tajikistan,TJK,2018,30.7
Tajikistan,TJK,2017,31.0
Tajikistan,TJK,2016,31.5
Tajikistan,TJK,2015,32.2
Tajikistan,TJK,2014,33.0
Tajikistan,TJK,2013,34.0
Tajikistan,TJK,2012,35.0
Tajikistan,TJK,2011,36.2
Tajikistan,TJK,2010,37.6
Tajikistan,TJK,2009,39.3
Tajikistan,TJK,2008,41.2
Tajikistan,TJK,2007,43.6
Tajikistan,TJK,2006,46.6
Tajikistan,TJK,2005,50.3
Tajikistan,TJK,2004,54.6
Tajikistan,TJK,2003,59.8
Tajikistan,TJK,2002,65.6
Tajikistan,TJK,2001,71.8
Tajikistan,TJK,2000,78.4
Tajikistan,TJK,1999,85.0
Tajikistan,TJK,1998,91.7
Tajikistan,TJK,1997,98.0
Tajikistan,TJK,1996,103.4
Tajikistan,TJK,1995,107.6
Tajikistan,TJK,1994,109.4
Tajikistan,TJK,1993,108.3
Tajikistan,TJK,1992,105.1
Tajikistan,TJK,1991,101.5
Tajikistan,TJK,1990,99.2
Tajikistan,TJK,1989,98.7
Tajikistan,TJK,1988,100.7
Tajikistan,TJK,1987,104.8
Tajikistan,TJK,1986,109.5
Tajikistan,TJK,1985,113.9
Tajikistan,TJK,1984,117.9
Tajikistan,TJK,1983,121.1
Tajikistan,TJK,1982,123.5
Tajikistan,TJK,1981,125.1
Tajikistan,TJK,1980,126.0
Tajikistan,TJK,1979,127.1
Tajikistan,TJK,1978,128.8
Tajikistan,TJK,1977,131.4
Tajikistan,TJK,1976,134.6
Tajikistan,TJK,1975,138.6
Tajikistan,TJK,1974,143.1
Tajikistan,TJK,1973,148.3
Tajikistan,TJK,1972,153.7
Tajikistan,TJK,1971,
Tajikistan,TJK,1970,
Tajikistan,TJK,1969,
Tajikistan,TJK,1968,
Tajikistan,TJK,1967,
Tajikistan,TJK,1966,
Tajikistan,TJK,1965,
Tajikistan,TJK,1964,
Tajikistan,TJK,1963,
Tajikistan,TJK,1962,
Tajikistan,TJK,1961,
Tajikistan,TJK,1960,
Tanzania,TZA,2025,
Tanzania,TZA,2024,37.0
Tanzania,TZA,2023,38.5
Tanzania,TZA,2022,40.1
Tanzania,TZA,2021,41.7
Tanzania,TZA,2020,43.8
Tanzania,TZA,2019,45.6
Tanzania,TZA,2018,47.6
Tanzania,TZA,2017,49.8
Tanzania,TZA,2016,52.0
Tanzania,TZA,2015,54.3
Tanzania,TZA,2014,56.3
Tanzania,TZA,2013,59.0
Tanzania,TZA,2012,61.7
Tanzania,TZA,2011,64.6
Tanzania,TZA,2010,68.2
Tanzania,TZA,2009,72.0
Tanzania,TZA,2008,76.6
Tanzania,TZA,2007,81.3
Tanzania,TZA,2006,86.7
Tanzania,TZA,2005,92.2
Tanzania,TZA,2004,98.3
Tanzania,TZA,2003,105.0
Tanzania,TZA,2002,112.4
Tanzania,TZA,2001,120.3
Tanzania,TZA,2000,128.0
Tanzania,TZA,1999,135.5
Tanzania,TZA,1998,142.1
Tanzania,TZA,1997,147.7
Tanzania,TZA,1996,152.3
Tanzania,TZA,1995,156.0
Tanzania,TZA,1994,158.9
Tanzania,TZA,1993,161.4
Tanzania,TZA,1992,163.6
Tanzania,TZA,1991,165.7
Tanzania,TZA,1990,167.9
Tanzania,TZA,1989,170.0
Tanzania,TZA,1988,172.4
Tanzania,TZA,1987,174.7
Tanzania,TZA,1986,176.5
Tanzania,TZA,1985,177.8
Tanzania,TZA,1984,178.5
Tanzania,TZA,1983,178.7
Tanzania,TZA,1982,178.6
Tanzania,TZA,1981,179.0
Tanzania,TZA,1980,179.9
Tanzania,TZA,1979,181.7
Tanzania,TZA,1978,184.7
Tanzania,TZA,1977,188.4
Tanzania,TZA,1976,192.5
Tanzania,TZA,1975,196.6
Tanzania,TZA,1974,200.7
Tanzania,TZA,1973,204.6
Tanzania,TZA,1972,208.2
Tanzania,TZA,1971,211.8
Tanzania,TZA,1970,215.0
Tanzania,TZA,1969,218.2
Tanzania,TZA,1968,221.3
Tanzania,TZA,1967,224.4
Tanzania,TZA,1966,227.2
Tanzania,TZA,1965,230.0
Tanzania,TZA,1964,232.7
Tanzania,TZA,1963,235.1
Tanzania,TZA,1962,237.3
Tanzania,TZA,1961,239.4
Tanzania,TZA,1960,241.1
Thailand,THA,2025,
Thailand,THA,2024,9.0
Thailand,THA,2023,9.2
Thailand,THA,2022,9.5
Thailand,THA,2021,9.8
Thailand,THA,2020,10.1
Thailand,THA,2019,10.4
Thailand,THA,2018,10.8
Thailand,THA,2017,11.1
Thailand,THA,2016,11.5
Thailand,THA,2015,11.9
Thailand,THA,2014,12.3
Thailand,THA,2013,12.7
Thailand,THA,2012,13.1
Thailand,THA,2011,13.6
Thailand,THA,2010,14.1
Thailand,THA,2009,14.7
Thailand,THA,2008,15.2
Thailand,THA,2007,15.9
Thailand,THA,2006,16.5
Thailand,THA,2005,17.2
Thailand,THA,2004,18.0
Thailand,THA,2003,18.9
Thailand,THA,2002,19.7
Thailand,THA,2001,20.7
Thailand,THA,2000,21.7
Thailand,THA,1999,22.8
Thailand,THA,1998,24.0
Thailand,THA,1997,25.2
Thailand,THA,1996,26.6
Thailand,THA,1995,28.0
Thailand,THA,1994,29.5
Thailand,THA,1993,31.1
Thailand,THA,1992,32.9
Thailand,THA,1991,34.8
Thailand,THA,1990,36.9
Thailand,THA,1989,39.0
Thailand,THA,1988,41.2
Thailand,THA,1987,43.4
Thailand,THA,1986,45.7
Thailand,THA,1985,48.0
Thailand,THA,1984,50.4
Thailand,THA,1983,52.9
Thailand,THA,1982,55.4
Thailand,THA,1981,58.0
Thailand,THA,1980,60.8
Thailand,THA,1979,63.8
Thailand,THA,1978,66.9
Thailand,THA,1977,70.2
Thailand,THA,1976,73.8
Thailand,THA,1975,77.5
Thailand,THA,1974,81.6
Thailand,THA,1973,85.8
Thailand,THA,1972,90.4
Thailand,THA,1971,95.0
Thailand,THA,1970,99.8
Thailand,THA,1969,104.6
Thailand,THA,1968,109.3
Thailand,THA,1967,114.0
Thailand,THA,1966,118.8
Thailand,THA,1965,123.4
Thailand,THA,1964,128.0
Thailand,THA,1963,132.7
Thailand,THA,1962,137.5
Thailand,THA,1961,142.5
Thailand,THA,1960,147.5
Timor-Leste,TLS,2025,
Timor-Leste,TLS,2024,47.6
Timor-Leste,TLS,2023,49.2
Timor-Leste,TLS,2022,50.7
Timor-Leste,TLS,2021,52.0
Timor-Leste,TLS,2020,53.4
Timor-Leste,TLS,2019,54.8
Timor-Leste,TLS,2018,56.0
Timor-Leste,TLS,2017,57.3
Timor-Leste,TLS,2016,58.7
Timor-Leste,TLS,2015,60.2
Timor-Leste,TLS,2014,61.9
Timor-Leste,TLS,2013,63.9
Timor-Leste,TLS,2012,65.9
Timor-Leste,TLS,2011,68.4
Timor-Leste,TLS,2010,71.0
Timor-Leste,TLS,2009,73.9
Timor-Leste,TLS,2008,76.9
Timor-Leste,TLS,2007,80.4
Timor-Leste,TLS,2006,84.0
Timor-Leste,TLS,2005,88.0
Timor-Leste,TLS,2004,92.3
Timor-Leste,TLS,2003,96.8
Timor-Leste,TLS,2002,101.5
Timor-Leste,TLS,2001,106.4
Timor-Leste,TLS,2000,111.5
Timor-Leste,TLS,1999,200.6
Timor-Leste,TLS,1998,178.0
Timor-Leste,TLS,1997,176.4
Timor-Leste,TLS,1996,184.8
Timor-Leste,TLS,1995,193.6
Timor-Leste,TLS,1994,193.1
Timor-Leste,TLS,1993,201.5
Timor-Leste,TLS,1992,212.8
Timor-Leste,TLS,1991,224.3
Timor-Leste,TLS,1990,228.0
Timor-Leste,TLS,1989,232.1
Timor-Leste,TLS,1988,243.0
Timor-Leste,TLS,1987,245.5
Timor-Leste,TLS,1986,264.0
Timor-Leste,TLS,1985,271.8
Timor-Leste,TLS,1984,
Timor-Leste,TLS,1983,
Timor-Leste,TLS,1982,
Timor-Leste,TLS,1981,
Timor-Leste,TLS,1980,
Timor-Leste,TLS,1979,
Timor-Leste,TLS,1978,
Timor-Leste,TLS,1977,
Timor-Leste,TLS,1976,
Timor-Leste,TLS,1975,
Timor-Leste,TLS,1974,
Timor-Leste,TLS,1973,
Timor-Leste,TLS,1972,
Timor-Leste,TLS,1971,
Timor-Leste,TLS,1970,
Timor-Leste,TLS,1969,
Timor-Leste,TLS,1968,
Timor-Leste,TLS,1967,
Timor-Leste,TLS,1966,
Timor-Leste,TLS,1965,
Timor-Leste,TLS,1964,
Timor-Leste,TLS,1963,
Timor-Leste,TLS,1962,
Timor-Leste,TLS,1961,
Timor-Leste,TLS,1960,
Togo,TGO,2025,
Togo,TGO,2024,56.1
Togo,TGO,2023,58.1
Togo,TGO,2022,60.0
Togo,TGO,2021,62.0
Togo,TGO,2020,63.9
Togo,TGO,2019,66.0
Togo,TGO,2018,68.1
Togo,TGO,2017,70.4
Togo,TGO,2016,72.8
Togo,TGO,2015,75.2
Togo,TGO,2014,77.7
Togo,TGO,2013,80.2
Togo,TGO,2012,82.9
Togo,TGO,2011,85.6
Togo,TGO,2010,88.3
Togo,TGO,2009,90.9
Togo,TGO,2008,93.7
Togo,TGO,2007,96.5
Togo,TGO,2006,99.3
Togo,TGO,2005,102.4
Togo,TGO,2004,105.5
Togo,TGO,2003,108.8
Togo,TGO,2002,112.2
Togo,TGO,2001,115.7
Togo,TGO,2000,119.2
Togo,TGO,1999,122.8
Togo,TGO,1998,126.2
Togo,TGO,1997,129.6
Togo,TGO,1996,132.8
Togo,TGO,1995,135.7
Togo,TGO,1994,138.5
Togo,TGO,1993,140.8
Togo,TGO,1992,143.1
Togo,TGO,1991,145.2
Togo,TGO,1990,147.3
Togo,TGO,1989,149.5
Togo,TGO,1988,151.8
Togo,TGO,1987,154.4
Togo,TGO,1986,157.2
Togo,TGO,1985,160.2
Togo,TGO,1984,163.7
Togo,TGO,1983,167.3
Togo,TGO,1982,171.1
Togo,TGO,1981,175.2
Togo,TGO,1980,179.3
Togo,TGO,1979,183.7
Togo,TGO,1978,188.2
Togo,TGO,1977,192.8
Togo,TGO,1976,197.4
Togo,TGO,1975,202.1
Togo,TGO,1974,206.7
Togo,TGO,1973,211.4
Togo,TGO,1972,216.0
Togo,TGO,1971,220.5
Togo,TGO,1970,225.1
Togo,TGO,1969,229.4
Togo,TGO,1968,233.6
Togo,TGO,1967,237.6
Togo,TGO,1966,241.3
Togo,TGO,1965,244.9
Togo,TGO,1964,248.3
Togo,TGO,1963,251.4
Togo,TGO,1962,254.4
Togo,TGO,1961,257.0
Togo,TGO,1960,259.7
Tonga,TON,2025,
Tonga,TON,2024,9.5
Tonga,TON,2023,9.8
Tonga,TON,2022,10.1
Tonga,TON,2021,10.4
Tonga,TON,2020,10.6
Tonga,TON,2019,10.9
Tonga,TON,2018,11.1
Tonga,TON,2017,11.4
Tonga,TON,2016,11.6
Tonga,TON,2015,11.9
Tonga,TON,2014,12.1
Tonga,TON,2013,12.3
Tonga,TON,2012,12.6
Tonga,TON,2011,12.8
Tonga,TON,2010,13.1
Tonga,TON,2009,13.4
Tonga,TON,2008,13.7
Tonga,TON,2007,14.0
Tonga,TON,2006,14.4
Tonga,TON,2005,14.8
Tonga,TON,2004,15.2
Tonga,TON,2003,15.6
Tonga,TON,2002,16.0
Tonga,TON,2001,16.5
Tonga,TON,2000,16.9
Tonga,TON,1999,17.3
Tonga,TON,1998,17.7
Tonga,TON,1997,18.1
Tonga,TON,1996,18.4
Tonga,TON,1995,18.8
Tonga,TON,1994,19.3
Tonga,TON,1993,19.9
Tonga,TON,1992,20.5
Tonga,TON,1991,21.3
Tonga,TON,1990,22.1
Tonga,TON,1989,22.9
Tonga,TON,1988,23.7
Tonga,TON,1987,24.4
Tonga,TON,1986,25.1
Tonga,TON,1985,25.7
Tonga,TON,1984,26.3
Tonga,TON,1983,27.0
Tonga,TON,1982,27.8
Tonga,TON,1981,28.6
Tonga,TON,1980,29.6
Tonga,TON,1979,30.8
Tonga,TON,1978,32.2
Tonga,TON,1977,33.6
Tonga,TON,1976,35.2
Tonga,TON,1975,37.0
Tonga,TON,1974,39.0
Tonga,TON,1973,41.1
Tonga,TON,1972,43.5
Tonga,TON,1971,46.2
Tonga,TON,1970,49.3
Tonga,TON,1969,52.7
Tonga,TON,1968,56.4
Tonga,TON,1967,60.4
Tonga,TON,1966,64.7
Tonga,TON,1965,69.0
Tonga,TON,1964,73.8
Tonga,TON,1963,78.7
Tonga,TON,1962,
Tonga,TON,1961,
Tonga,TON,1960,
Trinidad and Tobago,TTO,2025,
Trinidad and Tobago,TTO,2024,18.8
Trinidad and Tobago,TTO,2023,19.3
Trinidad and Tobago,TTO,2022,19.9
Trinidad and Tobago,TTO,2021,20.4
Trinidad and Tobago,TTO,2020,20.8
Trinidad and Tobago,TTO,2019,21.2
Trinidad and Tobago,TTO,2018,21.6
Trinidad and Tobago,TTO,2017,22.0
Trinidad and Tobago,TTO,2016,22.3
Trinidad and Tobago,TTO,2015,22.7
Trinidad and Tobago,TTO,2014,23.1
Trinidad and Tobago,TTO,2013,23.5
Trinidad and Tobago,TTO,2012,23.9
Trinidad and Tobago,TTO,2011,24.4
Trinidad and Tobago,TTO,2010,24.8
Trinidad and Tobago,TTO,2009,25.3
Trinidad and Tobago,TTO,2008,25.7
Trinidad and Tobago,TTO,2007,26.1
Trinidad and Tobago,TTO,2006,26.5
Trinidad and Tobago,TTO,2005,26.9
Trinidad and Tobago,TTO,2004,27.3
Trinidad and Tobago,TTO,2003,27.7
Trinidad and Tobago,TTO,2002,28.1
Trinidad and Tobago,TTO,2001,28.5
Trinidad and Tobago,TTO,2000,28.8
Trinidad and Tobago,TTO,1999,29.2
Trinidad and Tobago,TTO,1998,29.5
Trinidad and Tobago,TTO,1997,29.8
Trinidad and Tobago,TTO,1996,30.1
Trinidad and Tobago,TTO,1995,30.4
Trinidad and Tobago,TTO,1994,30.7
Trinidad and Tobago,TTO,1993,31.1
Trinidad and Tobago,TTO,1992,31.4
Trinidad and Tobago,TTO,1991,31.8
Trinidad and Tobago,TTO,1990,32.3
Trinidad and Tobago,TTO,1989,32.8
Trinidad and Tobago,TTO,1988,33.3
Trinidad and Tobago,TTO,1987,34.0
Trinidad and Tobago,TTO,1986,34.6
Trinidad and Tobago,TTO,1985,35.4
Trinidad and Tobago,TTO,1984,36.2
Trinidad and Tobago,TTO,1983,37.1
Trinidad and Tobago,TTO,1982,38.0
Trinidad and Tobago,TTO,1981,39.0
Trinidad and Tobago,TTO,1980,40.1
Trinidad and Tobago,TTO,1979,41.3
Trinidad and Tobago,TTO,1978,42.4
Trinidad and Tobago,TTO,1977,43.6
Trinidad and Tobago,TTO,1976,44.8
Trinidad and Tobago,TTO,1975,46.0
Trinidad and Tobago,TTO,1974,47.3
Trinidad and Tobago,TTO,1973,48.5
Trinidad and Tobago,TTO,1972,49.6
Trinidad and Tobago,TTO,1971,50.8
Trinidad and Tobago,TTO,1970,51.9
Trinidad and Tobago,TTO,1969,53.0
Trinidad and Tobago,TTO,1968,54.3
Trinidad and Tobago,TTO,1967,55.5
Trinidad and Tobago,TTO,1966,56.9
Trinidad and Tobago,TTO,1965,58.4
Trinidad and Tobago,TTO,1964,60.0
Trinidad and Tobago,TTO,1963,61.9
Trinidad and Tobago,TTO,1962,63.8
Trinidad and Tobago,TTO,1961,65.9
Trinidad and Tobago,TTO,1960,68.1
Tunisia,TUN,2025,
Tunisia,TUN,2024,12.1
Tunisia,TUN,2023,12.9
Tunisia,TUN,2022,13.9
Tunisia,TUN,2021,15.0
Tunisia,TUN,2020,16.0
Tunisia,TUN,2019,16.9
Tunisia,TUN,2018,17.5
Tunisia,TUN,2017,17.9
Tunisia,TUN,2016,18.1
Tunisia,TUN,2015,18.2
Tunisia,TUN,2014,18.3
Tunisia,TUN,2013,18.3
Tunisia,TUN,2012,18.4
Tunisia,TUN,2011,18.5
Tunisia,TUN,2010,18.7
Tunisia,TUN,2009,19.0
Tunisia,TUN,2008,19.4
Tunisia,TUN,2007,20.0
Tunisia,TUN,2006,20.7
Tunisia,TUN,2005,21.6
Tunisia,TUN,2004,22.7
Tunisia,TUN,2003,24.0
Tunisia,TUN,2002,25.5
Tunisia,TUN,2001,27.2
Tunisia,TUN,2000,29.2
Tunisia,TUN,1999,31.4
Tunisia,TUN,1998,33.8
Tunisia,TUN,1997,36.5
Tunisia,TUN,1996,39.2
Tunisia,TUN,1995,42.0
Tunisia,TUN,1994,44.8
Tunisia,TUN,1993,47.4
Tunisia,TUN,1992,49.9
Tunisia,TUN,1991,52.4
Tunisia,TUN,1990,54.9
Tunisia,TUN,1989,57.5
Tunisia,TUN,1988,60.3
Tunisia,TUN,1987,63.4
Tunisia,TUN,1986,66.9
Tunisia,TUN,1985,70.8
Tunisia,TUN,1984,75.0
Tunisia,TUN,1983,79.6
Tunisia,TUN,1982,84.5
Tunisia,TUN,1981,89.9
Tunisia,TUN,1980,95.8
Tunisia,TUN,1979,102.3
Tunisia,TUN,1978,109.5
Tunisia,TUN,1977,117.4
Tunisia,TUN,1976,125.8
Tunisia,TUN,1975,134.5
Tunisia,TUN,1974,143.6
Tunisia,TUN,1973,152.7
Tunisia,TUN,1972,161.9
Tunisia,TUN,1971,171.2
Tunisia,TUN,1970,180.9
Tunisia,TUN,1969,191.1
Tunisia,TUN,1968,201.8
Tunisia,TUN,1967,213.0
Tunisia,TUN,1966,224.6
Tunisia,TUN,1965,236.2
Tunisia,TUN,1964,248.1
Tunisia,TUN,1963,260.2
Tunisia,TUN,1962,272.5
Tunisia,TUN,1961,
Tunisia,TUN,1960,
Turkiye,TUR,2025,
Turkiye,TUR,2024,9.6
Turkiye,TUR,2023,13.8
Turkiye,TUR,2022,10.2
Turkiye,TUR,2021,10.6
Turkiye,TUR,2020,10.9
Turkiye,TUR,2019,11.3
Turkiye,TUR,2018,11.7
Turkiye,TUR,2017,12.2
Turkiye,TUR,2016,12.7
Turkiye,TUR,2015,13.3
Turkiye,TUR,2014,14.0
Turkiye,TUR,2013,14.7
Turkiye,TUR,2012,15.6
Turkiye,TUR,2011,16.6
Turkiye,TUR,2010,17.6
Turkiye,TUR,2009,18.9
Turkiye,TUR,2008,20.3
Turkiye,TUR,2007,21.8
Turkiye,TUR,2006,23.5
Turkiye,TUR,2005,25.3
Turkiye,TUR,2004,27.4
Turkiye,TUR,2003,29.6
Turkiye,TUR,2002,32.0
Turkiye,TUR,2001,34.5
Turkiye,TUR,2000,37.2
Turkiye,TUR,1999,40.1
Turkiye,TUR,1998,43.1
Turkiye,TUR,1997,46.4
Turkiye,TUR,1996,49.8
Turkiye,TUR,1995,53.4
Turkiye,TUR,1994,57.1
Turkiye,TUR,1993,61.1
Turkiye,TUR,1992,65.2
Turkiye,TUR,1991,69.4
Turkiye,TUR,1990,73.9
Turkiye,TUR,1989,78.4
Turkiye,TUR,1988,83.1
Turkiye,TUR,1987,88.0
Turkiye,TUR,1986,93.0
Turkiye,TUR,1985,98.3
Turkiye,TUR,1984,103.9
Turkiye,TUR,1983,109.7
Turkiye,TUR,1982,115.8
Turkiye,TUR,1981,121.9
Turkiye,TUR,1980,128.0
Turkiye,TUR,1979,134.1
Turkiye,TUR,1978,140.2
Turkiye,TUR,1977,146.2
Turkiye,TUR,1976,152.1
Turkiye,TUR,1975,158.0
Turkiye,TUR,1974,163.9
Turkiye,TUR,1973,169.5
Turkiye,TUR,1972,175.0
Turkiye,TUR,1971,180.4
Turkiye,TUR,1970,185.6
Turkiye,TUR,1969,191.0
Turkiye,TUR,1968,196.6
Turkiye,TUR,1967,202.3
Turkiye,TUR,1966,208.5
Turkiye,TUR,1965,215.3
Turkiye,TUR,1964,222.8
Turkiye,TUR,1963,230.6
Turkiye,TUR,1962,238.8
Turkiye,TUR,1961,246.9
Turkiye,TUR,1960,254.7
Turkmenistan,TKM,2025,
Turkmenistan,TKM,2024,39.0
Turkmenistan,TKM,2023,40.2
Turkmenistan,TKM,2022,41.1
Turkmenistan,TKM,2021,42.1
Turkmenistan,TKM,2020,42.9
Turkmenistan,TKM,2019,43.5
Turkmenistan,TKM,2018,43.8
Turkmenistan,TKM,2017,43.8
Turkmenistan,TKM,2016,43.5
Turkmenistan,TKM,2015,43.2
Turkmenistan,TKM,2014,42.9
Turkmenistan,TKM,2013,42.8
Turkmenistan,TKM,2012,42.9
Turkmenistan,TKM,2011,43.4
Turkmenistan,TKM,2010,44.0
Turkmenistan,TKM,2009,45.0
Turkmenistan,TKM,2008,46.4
Turkmenistan,TKM,2007,48.1
Turkmenistan,TKM,2006,50.1
Turkmenistan,TKM,2005,52.6
Turkmenistan,TKM,2004,55.4
Turkmenistan,TKM,2003,58.6
Turkmenistan,TKM,2002,61.9
Turkmenistan,TKM,2001,65.4
Turkmenistan,TKM,2000,68.7
Turkmenistan,TKM,1999,71.9
Turkmenistan,TKM,1998,74.5
Turkmenistan,TKM,1997,76.5
Turkmenistan,TKM,1996,77.7
Turkmenistan,TKM,1995,78.0
Turkmenistan,TKM,1994,77.9
Turkmenistan,TKM,1993,77.5
Turkmenistan,TKM,1992,77.2
Turkmenistan,TKM,1991,77.2
Turkmenistan,TKM,1990,77.9
Turkmenistan,TKM,1989,79.7
Turkmenistan,TKM,1988,82.3
Turkmenistan,TKM,1987,85.5
Turkmenistan,TKM,1986,89.3
Turkmenistan,TKM,1985,93.6
Turkmenistan,TKM,1984,98.0
Turkmenistan,TKM,1983,102.6
Turkmenistan,TKM,1982,107.4
Turkmenistan,TKM,1981,112.1
Turkmenistan,TKM,1980,116.6
Turkmenistan,TKM,1979,121.1
Turkmenistan,TKM,1978,125.7
Turkmenistan,TKM,1977,130.3
Turkmenistan,TKM,1976,
Turkmenistan,TKM,1975,
Turkmenistan,TKM,1974,
Turkmenistan,TKM,1973,
Turkmenistan,TKM,1972,
Turkmenistan,TKM,1971,
Turkmenistan,TKM,1970,
Turkmenistan,TKM,1969,
Turkmenistan,TKM,1968,
Turkmenistan,TKM,1967,
Turkmenistan,TKM,1966,
Turkmenistan,TKM,1965,
Turkmenistan,TKM,1964,
Turkmenistan,TKM,1963,
Turkmenistan,TKM,1962,
Turkmenistan,TKM,1961,
Turkmenistan,TKM,1960,
Turks and Caicos Islands,TCA,2025,
Turks and Caicos Islands,TCA,2024,4.7
Turks and Caicos Islands,TCA,2023,4.8
Turks and Caicos Islands,TCA,2022,5.0
Turks and Caicos Islands,TCA,2021,5.1
Turks and Caicos Islands,TCA,2020,5.3
Turks and Caicos Islands,TCA,2019,5.5
Turks and Caicos Islands,TCA,2018,5.6
Turks and Caicos Islands,TCA,2017,5.8
Turks and Caicos Islands,TCA,2016,6.0
Turks and Caicos Islands,TCA,2015,6.2
Turks and Caicos Islands,TCA,2014,6.4
Turks and Caicos Islands,TCA,2013,6.6
Turks and Caicos Islands,TCA,2012,6.8
Turks and Caicos Islands,TCA,2011,7.0
Turks and Caicos Islands,TCA,2010,7.3
Turks and Caicos Islands,TCA,2009,7.5
Turks and Caicos Islands,TCA,2008,7.8
Turks and Caicos Islands,TCA,2007,8.1
Turks and Caicos Islands,TCA,2006,8.5
Turks and Caicos Islands,TCA,2005,8.9
Turks and Caicos Islands,TCA,2004,9.4
Turks and Caicos Islands,TCA,2003,9.9
Turks and Caicos Islands,TCA,2002,10.5
Turks and Caicos Islands,TCA,2001,11.1
Turks and Caicos Islands,TCA,2000,11.7
Turks and Caicos Islands,TCA,1999,12.5
Turks and Caicos Islands,TCA,1998,13.2
Turks and Caicos Islands,TCA,1997,14.0
Turks and Caicos Islands,TCA,1996,14.8
Turks and Caicos Islands,TCA,1995,15.7
Turks and Caicos Islands,TCA,1994,16.6
Turks and Caicos Islands,TCA,1993,17.6
Turks and Caicos Islands,TCA,1992,18.6
Turks and Caicos Islands,TCA,1991,19.7
Turks and Caicos Islands,TCA,1990,20.8
Turks and Caicos Islands,TCA,1989,22.0
Turks and Caicos Islands,TCA,1988,23.3
Turks and Caicos Islands,TCA,1987,24.7
Turks and Caicos Islands,TCA,1986,26.1
Turks and Caicos Islands,TCA,1985,27.6
Turks and Caicos Islands,TCA,1984,29.3
Turks and Caicos Islands,TCA,1983,31.0
Turks and Caicos Islands,TCA,1982,32.8
Turks and Caicos Islands,TCA,1981,34.8
Turks and Caicos Islands,TCA,1980,37.0
Turks and Caicos Islands,TCA,1979,39.2
Turks and Caicos Islands,TCA,1978,41.6
Turks and Caicos Islands,TCA,1977,44.3
Turks and Caicos Islands,TCA,1976,47.1
Turks and Caicos Islands,TCA,1975,50.1
Turks and Caicos Islands,TCA,1974,53.4
Turks and Caicos Islands,TCA,1973,56.9
Turks and Caicos Islands,TCA,1972,60.7
Turks and Caicos Islands,TCA,1971,64.8
Turks and Caicos Islands,TCA,1970,69.2
Turks and Caicos Islands,TCA,1969,73.9
Turks and Caicos Islands,TCA,1968,79.1
Turks and Caicos Islands,TCA,1967,84.6
Turks and Caicos Islands,TCA,1966,90.6
Turks and Caicos Islands,TCA,1965,97.0
Turks and Caicos Islands,TCA,1964,103.9
Turks and Caicos Islands,TCA,1963,111.4
Turks and Caicos Islands,TCA,1962,119.4
Turks and Caicos Islands,TCA,1961,128.0
Turks and Caicos Islands,TCA,1960,137.2
Tuvalu,TUV,2025,
Tuvalu,TUV,2024,19.2
Tuvalu,TUV,2023,19.8
Tuvalu,TUV,2022,20.5
Tuvalu,TUV,2021,21.2
Tuvalu,TUV,2020,21.9
Tuvalu,TUV,2019,22.7
Tuvalu,TUV,2018,23.5
Tuvalu,TUV,2017,24.3
Tuvalu,TUV,2016,25.2
Tuvalu,TUV,2015,26.0
Tuvalu,TUV,2014,26.9
Tuvalu,TUV,2013,28.0
Tuvalu,TUV,2012,29.0
Tuvalu,TUV,2011,30.2
Tuvalu,TUV,2010,31.4
Tuvalu,TUV,2009,32.8
Tuvalu,TUV,2008,34.2
Tuvalu,TUV,2007,35.6
Tuvalu,TUV,2006,36.9
Tuvalu,TUV,2005,38.1
Tuvalu,TUV,2004,39.1
Tuvalu,TUV,2003,40.0
Tuvalu,TUV,2002,40.8
Tuvalu,TUV,2001,41.8
Tuvalu,TUV,2000,42.8
Tuvalu,TUV,1999,44.1
Tuvalu,TUV,1998,45.5
Tuvalu,TUV,1997,47.0
Tuvalu,TUV,1996,48.4
Tuvalu,TUV,1995,49.7
Tuvalu,TUV,1994,50.9
Tuvalu,TUV,1993,51.9
Tuvalu,TUV,1992,52.7
Tuvalu,TUV,1991,53.4
Tuvalu,TUV,1990,54.0
Tuvalu,TUV,1989,54.5
Tuvalu,TUV,1988,55.0
Tuvalu,TUV,1987,55.5
Tuvalu,TUV,1986,56.0
Tuvalu,TUV,1985,56.7
Tuvalu,TUV,1984,57.7
Tuvalu,TUV,1983,59.0
Tuvalu,TUV,1982,60.6
Tuvalu,TUV,1981,62.7
Tuvalu,TUV,1980,65.0
Tuvalu,TUV,1979,67.7
Tuvalu,TUV,1978,70.8
Tuvalu,TUV,1977,74.3
Tuvalu,TUV,1976,78.4
Tuvalu,TUV,1975,82.9
Tuvalu,TUV,1974,87.9
Tuvalu,TUV,1973,93.3
Tuvalu,TUV,1972,99.0
Tuvalu,TUV,1971,104.7
Tuvalu,TUV,1970,110.5
Tuvalu,TUV,1969,116.6
Tuvalu,TUV,1968,122.6
Tuvalu,TUV,1967,128.8
Tuvalu,TUV,1966,135.2
Tuvalu,TUV,1965,141.8
Tuvalu,TUV,1964,148.5
Tuvalu,TUV,1963,155.3
Tuvalu,TUV,1962,162.3
Tuvalu,TUV,1961,169.5
Tuvalu,TUV,1960,176.7
Uganda,UGA,2025,
Uganda,UGA,2024,48.7
Uganda,UGA,2023,49.4
Uganda,UGA,2022,50.0
Uganda,UGA,2021,50.2
Uganda,UGA,2020,50.9
Uganda,UGA,2019,51.6
Uganda,UGA,2018,52.7
Uganda,UGA,2017,54.0
Uganda,UGA,2016,55.6
Uganda,UGA,2015,57.9
Uganda,UGA,2014,60.2
Uganda,UGA,2013,62.8
Uganda,UGA,2012,66.5
Uganda,UGA,2011,70.9
Uganda,UGA,2010,76.0
Uganda,UGA,2009,81.2
Uganda,UGA,2008,86.4
Uganda,UGA,2007,92.5
Uganda,UGA,2006,99.2
Uganda,UGA,2005,106.5
Uganda,UGA,2004,114.2
Uganda,UGA,2003,122.1
Uganda,UGA,2002,129.9
Uganda,UGA,2001,137.2
Uganda,UGA,2000,143.9
Uganda,UGA,1999,149.6
Uganda,UGA,1998,154.2
Uganda,UGA,1997,157.7
Uganda,UGA,1996,160.3
Uganda,UGA,1995,162.7
Uganda,UGA,1994,165.5
Uganda,UGA,1993,169.0
Uganda,UGA,1992,173.1
Uganda,UGA,1991,177.7
Uganda,UGA,1990,182.2
Uganda,UGA,1989,186.1
Uganda,UGA,1988,189.4
Uganda,UGA,1987,192.6
Uganda,UGA,1986,195.7
Uganda,UGA,1985,199.4
Uganda,UGA,1984,204.4
Uganda,UGA,1983,210.2
Uganda,UGA,1982,215.3
Uganda,UGA,1981,218.9
Uganda,UGA,1980,220.5
Uganda,UGA,1979,218.7
Uganda,UGA,1978,216.5
Uganda,UGA,1977,212.8
Uganda,UGA,1976,208.5
Uganda,UGA,1975,204.0
Uganda,UGA,1974,200.1
Uganda,UGA,1973,197.1
Uganda,UGA,1972,195.0
Uganda,UGA,1971,194.3
Uganda,UGA,1970,194.5
Uganda,UGA,1969,195.9
Uganda,UGA,1968,198.0
Uganda,UGA,1967,200.6
Uganda,UGA,1966,203.7
Uganda,UGA,1965,206.6
Uganda,UGA,1964,209.5
Uganda,UGA,1963,212.3
Uganda,UGA,1962,215.3
Uganda,UGA,1961,219.0
Uganda,UGA,1960,222.5
Ukraine,UKR,2025,
Ukraine,UKR,2024,7.9
Ukraine,UKR,2023,8.0
Ukraine,UKR,2022,8.5
Ukraine,UKR,2021,8.2
Ukraine,UKR,2020,8.4
Ukraine,UKR,2019,8.5
Ukraine,UKR,2018,8.7
Ukraine,UKR,2017,8.9
Ukraine,UKR,2016,9.1
Ukraine,UKR,2015,9.5
Ukraine,UKR,2014,9.8
Ukraine,UKR,2013,10.2
Ukraine,UKR,2012,10.7
Ukraine,UKR,2011,11.2
Ukraine,UKR,2010,11.7
Ukraine,UKR,2009,12.3
Ukraine,UKR,2008,12.9
Ukraine,UKR,2007,13.4
Ukraine,UKR,2006,14.0
Ukraine,UKR,2005,14.5
Ukraine,UKR,2004,15.1
Ukraine,UKR,2003,15.8
Ukraine,UKR,2002,16.6
Ukraine,UKR,2001,17.4
Ukraine,UKR,2000,18.2
Ukraine,UKR,1999,18.9
Ukraine,UKR,1998,19.5
Ukraine,UKR,1997,19.9
Ukraine,UKR,1996,20.1
Ukraine,UKR,1995,20.1
Ukraine,UKR,1994,19.9
Ukraine,UKR,1993,19.7
Ukraine,UKR,1992,19.4
Ukraine,UKR,1991,19.2
Ukraine,UKR,1990,19.2
Ukraine,UKR,1989,19.4
Ukraine,UKR,1988,19.8
Ukraine,UKR,1987,20.4
Ukraine,UKR,1986,21.1
Ukraine,UKR,1985,21.9
Ukraine,UKR,1984,22.8
Ukraine,UKR,1983,23.7
Ukraine,UKR,1982,24.6
Ukraine,UKR,1981,25.4
Ukraine,UKR,1980,26.1
Ukraine,UKR,1979,26.8
Ukraine,UKR,1978,27.4
Ukraine,UKR,1977,28.0
Ukraine,UKR,1976,28.5
Ukraine,UKR,1975,29.1
Ukraine,UKR,1974,29.9
Ukraine,UKR,1973,30.8
Ukraine,UKR,1972,31.7
Ukraine,UKR,1971,32.8
Ukraine,UKR,1970,
Ukraine,UKR,1969,
Ukraine,UKR,1968,
Ukraine,UKR,1967,
Ukraine,UKR,1966,
Ukraine,UKR,1965,
Ukraine,UKR,1964,
Ukraine,UKR,1963,
Ukraine,UKR,1962,
Ukraine,UKR,1961,
Ukraine,UKR,1960,
United Arab Emirates,ARE,2025,
United Arab Emirates,ARE,2024,4.8
United Arab Emirates,ARE,2023,5.0
United Arab Emirates,ARE,2022,5.3
United Arab Emirates,ARE,2021,5.6
United Arab Emirates,ARE,2020,5.9
United Arab Emirates,ARE,2019,6.3
United Arab Emirates,ARE,2018,6.7
United Arab Emirates,ARE,2017,7.0
United Arab Emirates,ARE,2016,7.3
United Arab Emirates,ARE,2015,7.6
United Arab Emirates,ARE,2014,7.9
United Arab Emirates,ARE,2013,8.2
United Arab Emirates,ARE,2012,8.4
United Arab Emirates,ARE,2011,8.6
United Arab Emirates,ARE,2010,8.8
United Arab Emirates,ARE,2009,9.0
United Arab Emirates,ARE,2008,9.2
United Arab Emirates,ARE,2007,9.4
United Arab Emirates,ARE,2006,9.6
United Arab Emirates,ARE,2005,9.8
United Arab Emirates,ARE,2004,10.0
United Arab Emirates,ARE,2003,10.2
United Arab Emirates,ARE,2002,10.3
United Arab Emirates,ARE,2001,10.5
United Arab Emirates,ARE,2000,10.7
United Arab Emirates,ARE,1999,11.0
United Arab Emirates,ARE,1998,11.2
United Arab Emirates,ARE,1997,11.5
United Arab Emirates,ARE,1996,11.8
United Arab Emirates,ARE,1995,12.1
United Arab Emirates,ARE,1994,12.6
United Arab Emirates,ARE,1993,13.1
United Arab Emirates,ARE,1992,13.7
United Arab Emirates,ARE,1991,14.3
United Arab Emirates,ARE,1990,15.1
United Arab Emirates,ARE,1989,16.1
United Arab Emirates,ARE,1988,17.1
United Arab Emirates,ARE,1987,18.3
United Arab Emirates,ARE,1986,19.7
United Arab Emirates,ARE,1985,21.3
United Arab Emirates,ARE,1984,23.1
United Arab Emirates,ARE,1983,25.2
United Arab Emirates,ARE,1982,27.7
United Arab Emirates,ARE,1981,30.7
United Arab Emirates,ARE,1980,34.0
United Arab Emirates,ARE,1979,37.9
United Arab Emirates,ARE,1978,42.3
United Arab Emirates,ARE,1977,47.1
United Arab Emirates,ARE,1976,52.5
United Arab Emirates,ARE,1975,58.3
United Arab Emirates,ARE,1974,64.6
United Arab Emirates,ARE,1973,71.5
United Arab Emirates,ARE,1972,79.1
United Arab Emirates,ARE,1971,87.4
United Arab Emirates,ARE,1970,96.5
United Arab Emirates,ARE,1969,106.1
United Arab Emirates,ARE,1968,116.2
United Arab Emirates,ARE,1967,126.6
United Arab Emirates,ARE,1966,137.2
United Arab Emirates,ARE,1965,148.0
United Arab Emirates,ARE,1964,159.0
United Arab Emirates,ARE,1963,169.7
United Arab Emirates,ARE,1962,180.3
United Arab Emirates,ARE,1961,190.7
United Arab Emirates,ARE,1960,201.3
United Kingdom,GBR,2025,
United Kingdom,GBR,2024,4.7
United Kingdom,GBR,2023,4.6
United Kingdom,GBR,2022,4.5
United Kingdom,GBR,2021,4.4
United Kingdom,GBR,2020,4.4
United Kingdom,GBR,2019,4.4
United Kingdom,GBR,2018,4.4
United Kingdom,GBR,2017,4.4
United Kingdom,GBR,2016,4.4
United Kingdom,GBR,2015,4.5
United Kingdom,GBR,2014,4.5
United Kingdom,GBR,2013,4.6
United Kingdom,GBR,2012,4.8
United Kingdom,GBR,2011,5.0
United Kingdom,GBR,2010,5.2
United Kingdom,GBR,2009,5.4
United Kingdom,GBR,2008,5.6
United Kingdom,GBR,2007,5.8
United Kingdom,GBR,2006,5.9
United Kingdom,GBR,2005,6.0
United Kingdom,GBR,2004,6.1
United Kingdom,GBR,2003,6.2
United Kingdom,GBR,2002,6.3
United Kingdom,GBR,2001,6.4
United Kingdom,GBR,2000,6.5
United Kingdom,GBR,1999,6.7
United Kingdom,GBR,1998,6.8
United Kingdom,GBR,1997,6.9
United Kingdom,GBR,1996,7.0
United Kingdom,GBR,1995,7.2
United Kingdom,GBR,1994,7.4
United Kingdom,GBR,1993,7.7
United Kingdom,GBR,1992,8.2
United Kingdom,GBR,1991,8.7
United Kingdom,GBR,1990,9.3
United Kingdom,GBR,1989,9.9
United Kingdom,GBR,1988,10.4
United Kingdom,GBR,1987,10.8
United Kingdom,GBR,1986,11.1
United Kingdom,GBR,1985,11.4
United Kingdom,GBR,1984,11.7
United Kingdom,GBR,1983,12.2
United Kingdom,GBR,1982,12.7
United Kingdom,GBR,1981,13.4
United Kingdom,GBR,1980,14.1
United Kingdom,GBR,1979,14.9
United Kingdom,GBR,1978,15.7
United Kingdom,GBR,1977,16.4
United Kingdom,GBR,1976,17.2
United Kingdom,GBR,1975,18.0
United Kingdom,GBR,1974,18.7
United Kingdom,GBR,1973,19.4
United Kingdom,GBR,1972,20.0
United Kingdom,GBR,1971,20.6
United Kingdom,GBR,1970,21.0
United Kingdom,GBR,1969,21.4
United Kingdom,GBR,1968,21.8
United Kingdom,GBR,1967,22.2
United Kingdom,GBR,1966,22.8
United Kingdom,GBR,1965,23.4
United Kingdom,GBR,1964,24.2
United Kingdom,GBR,1963,24.9
United Kingdom,GBR,1962,25.6
United Kingdom,GBR,1961,26.1
United Kingdom,GBR,1960,26.6
United States,USA,2025,
United States,USA,2024,6.5
United States,USA,2023,6.5
United States,USA,2022,6.5
United States,USA,2021,6.5
United States,USA,2020,6.5
United States,USA,2019,6.5
United States,USA,2018,6.5
United States,USA,2017,6.6
United States,USA,2016,6.7
United States,USA,2015,6.8
United States,USA,2014,6.8
United States,USA,2013,6.9
United States,USA,2012,7.0
United States,USA,2011,7.2
United States,USA,2010,7.3
United States,USA,2009,7.5
United States,USA,2008,7.6
United States,USA,2007,7.7
United States,USA,2006,7.9
United States,USA,2005,8.0
United States,USA,2004,8.1
United States,USA,2003,8.1
United States,USA,2002,8.2
United States,USA,2001,8.3
United States,USA,2000,8.4
United States,USA,1999,8.6
United States,USA,1998,8.7
United States,USA,1997,8.9
United States,USA,1996,9.2
United States,USA,1995,9.5
United States,USA,1994,9.8
United States,USA,1993,10.1
United States,USA,1992,10.5
United States,USA,1991,10.9
United States,USA,1990,11.2
United States,USA,1989,11.6
United States,USA,1988,11.9
United States,USA,1987,12.1
United States,USA,1986,12.4
United States,USA,1985,12.7
United States,USA,1984,13.0
United States,USA,1983,13.4
United States,USA,1982,13.9
United States,USA,1981,14.4
United States,USA,1980,15.0
United States,USA,1979,15.6
United States,USA,1978,16.3
United States,USA,1977,17.1
United States,USA,1976,17.9
United States,USA,1975,18.8
United States,USA,1974,19.7
United States,USA,1973,20.6
United States,USA,1972,21.5
United States,USA,1971,22.4
United States,USA,1970,23.3
United States,USA,1969,24.1
United States,USA,1968,24.9
United States,USA,1967,25.7
United States,USA,1966,26.4
United States,USA,1965,27.1
United States,USA,1964,27.7
United States,USA,1963,28.3
United States,USA,1962,28.9
United States,USA,1961,29.5
United States,USA,1960,30.1
Uruguay,URY,2025,
Uruguay,URY,2024,7.4
Uruguay,URY,2023,7.4
Uruguay,URY,2022,7.3
Uruguay,URY,2021,7.3
Uruguay,URY,2020,7.3
Uruguay,URY,2019,7.5
Uruguay,URY,2018,7.7
Uruguay,URY,2017,8.0
Uruguay,URY,2016,8.4
Uruguay,URY,2015,8.9
Uruguay,URY,2014,9.3
Uruguay,URY,2013,9.7
Uruguay,URY,2012,10.0
Uruguay,URY,2011,10.4
Uruguay,URY,2010,10.8
Uruguay,URY,2009,11.3
Uruguay,URY,2008,11.9
Uruguay,URY,2007,12.7
Uruguay,URY,2006,13.6
Uruguay,URY,2005,14.4
Uruguay,URY,2004,15.2
Uruguay,URY,2003,15.7
Uruguay,URY,2002,16.2
Uruguay,URY,2001,16.6
Uruguay,URY,2000,17.0
Uruguay,URY,1999,17.6
Uruguay,URY,1998,18.4
Uruguay,URY,1997,19.4
Uruguay,URY,1996,20.3
Uruguay,URY,1995,21.3
Uruguay,URY,1994,22.0
Uruguay,URY,1993,22.5
Uruguay,URY,1992,22.9
Uruguay,URY,1991,23.2
Uruguay,URY,1990,23.6
Uruguay,URY,1989,24.2
Uruguay,URY,1988,25.1
Uruguay,URY,1987,26.2
Uruguay,URY,1986,27.3
Uruguay,URY,1985,28.4
Uruguay,URY,1984,29.6
Uruguay,URY,1983,31.0
Uruguay,URY,1982,33.0
Uruguay,URY,1981,35.9
Uruguay,URY,1980,39.8
Uruguay,URY,1979,44.1
Uruguay,URY,1978,48.4
Uruguay,URY,1977,51.9
Uruguay,URY,1976,54.1
Uruguay,URY,1975,55.0
Uruguay,URY,1974,54.7
Uruguay,URY,1973,53.9
Uruguay,URY,1972,53.2
Uruguay,URY,1971,53.3
Uruguay,URY,1970,54.1
Uruguay,URY,1969,55.2
Uruguay,URY,1968,56.2
Uruguay,URY,1967,57.0
Uruguay,URY,1966,57.4
Uruguay,URY,1965,57.8
Uruguay,URY,1964,58.3
Uruguay,URY,1963,59.3
Uruguay,URY,1962,60.5
Uruguay,URY,1961,62.0
Uruguay,URY,1960,63.4
Uzbekistan,UZB,2025,
Uzbekistan,UZB,2024,13.4
Uzbekistan,UZB,2023,13.7
Uzbekistan,UZB,2022,14.1
Uzbekistan,UZB,2021,14.6
Uzbekistan,UZB,2020,15.1
Uzbekistan,UZB,2019,15.7
Uzbekistan,UZB,2018,16.4
Uzbekistan,UZB,2017,17.3
Uzbekistan,UZB,2016,18.4
Uzbekistan,UZB,2015,19.7
Uzbekistan,UZB,2014,21.3
Uzbekistan,UZB,2013,23.0
Uzbekistan,UZB,2012,25.0
Uzbekistan,UZB,2011,27.3
Uzbekistan,UZB,2010,29.8
Uzbekistan,UZB,2009,32.6
Uzbekistan,UZB,2008,35.5
Uzbekistan,UZB,2007,38.6
Uzbekistan,UZB,2006,41.9
Uzbekistan,UZB,2005,45.2
Uzbekistan,UZB,2004,48.6
Uzbekistan,UZB,2003,51.9
Uzbekistan,UZB,2002,55.0
Uzbekistan,UZB,2001,58.0
Uzbekistan,UZB,2000,60.7
Uzbekistan,UZB,1999,63.0
Uzbekistan,UZB,1998,65.0
Uzbekistan,UZB,1997,66.6
Uzbekistan,UZB,1996,67.6
Uzbekistan,UZB,1995,68.5
Uzbekistan,UZB,1994,69.1
Uzbekistan,UZB,1993,69.4
Uzbekistan,UZB,1992,69.4
Uzbekistan,UZB,1991,69.3
Uzbekistan,UZB,1990,69.8
Uzbekistan,UZB,1989,70.9
Uzbekistan,UZB,1988,72.8
Uzbekistan,UZB,1987,75.6
Uzbekistan,UZB,1986,79.3
Uzbekistan,UZB,1985,83.8
Uzbekistan,UZB,1984,89.0
Uzbekistan,UZB,1983,95.0
Uzbekistan,UZB,1982,101.7
Uzbekistan,UZB,1981,109.1
Uzbekistan,UZB,1980,117.1
Uzbekistan,UZB,1979,125.8
Uzbekistan,UZB,1978,
Uzbekistan,UZB,1977,
Uzbekistan,UZB,1976,
Uzbekistan,UZB,1975,
Uzbekistan,UZB,1974,
Uzbekistan,UZB,1973,
Uzbekistan,UZB,1972,
Uzbekistan,UZB,1971,
Uzbekistan,UZB,1970,
Uzbekistan,UZB,1969,
Uzbekistan,UZB,1968,
Uzbekistan,UZB,1967,
Uzbekistan,UZB,1966,
Uzbekistan,UZB,1965,
Uzbekistan,UZB,1964,
Uzbekistan,UZB,1963,
Uzbekistan,UZB,1962,
Uzbekistan,UZB,1961,
Uzbekistan,UZB,1960,
Vanuatu,VUT,2025,
Vanuatu,VUT,2024,17.1
Vanuatu,VUT,2023,17.5
Vanuatu,VUT,2022,17.8
Vanuatu,VUT,2021,18.0
Vanuatu,VUT,2020,18.1
Vanuatu,VUT,2019,18.1
Vanuatu,VUT,2018,18.2
Vanuatu,VUT,2017,18.3
Vanuatu,VUT,2016,18.4
Vanuatu,VUT,2015,18.6
Vanuatu,VUT,2014,18.8
Vanuatu,VUT,2013,19.2
Vanuatu,VUT,2012,19.7
Vanuatu,VUT,2011,20.3
Vanuatu,VUT,2010,21.1
Vanuatu,VUT,2009,21.9
Vanuatu,VUT,2008,22.7
Vanuatu,VUT,2007,23.5
Vanuatu,VUT,2006,24.1
Vanuatu,VUT,2005,24.5
Vanuatu,VUT,2004,25.0
Vanuatu,VUT,2003,25.3
Vanuatu,VUT,2002,25.7
Vanuatu,VUT,2001,26.1
Vanuatu,VUT,2000,26.6
Vanuatu,VUT,1999,27.1
Vanuatu,VUT,1998,27.6
Vanuatu,VUT,1997,28.1
Vanuatu,VUT,1996,28.7
Vanuatu,VUT,1995,29.4
Vanuatu,VUT,1994,30.2
Vanuatu,VUT,1993,31.1
Vanuatu,VUT,1992,32.3
Vanuatu,VUT,1991,33.6
Vanuatu,VUT,1990,35.1
Vanuatu,VUT,1989,36.9
Vanuatu,VUT,1988,38.9
Vanuatu,VUT,1987,41.3
Vanuatu,VUT,1986,44.2
Vanuatu,VUT,1985,47.4
Vanuatu,VUT,1984,51.0
Vanuatu,VUT,1983,55.0
Vanuatu,VUT,1982,59.3
Vanuatu,VUT,1981,63.6
Vanuatu,VUT,1980,67.9
Vanuatu,VUT,1979,72.1
Vanuatu,VUT,1978,76.3
Vanuatu,VUT,1977,80.2
Vanuatu,VUT,1976,84.1
Vanuatu,VUT,1975,87.8
Vanuatu,VUT,1974,91.4
Vanuatu,VUT,1973,95.3
Vanuatu,VUT,1972,99.4
Vanuatu,VUT,1971,103.6
Vanuatu,VUT,1970,108.0
Vanuatu,VUT,1969,112.5
Vanuatu,VUT,1968,117.2
Vanuatu,VUT,1967,122.1
Vanuatu,VUT,1966,126.7
Vanuatu,VUT,1965,131.6
Vanuatu,VUT,1964,136.3
Vanuatu,VUT,1963,140.7
Vanuatu,VUT,1962,145.0
Vanuatu,VUT,1961,149.2
Vanuatu,VUT,1960,153.0
"Venezuela, RB",VEN,2025,
"Venezuela, RB",VEN,2024,24.2
"Venezuela, RB",VEN,2023,24.2
"Venezuela, RB",VEN,2022,24.2
"Venezuela, RB",VEN,2021,24.2
"Venezuela, RB",VEN,2020,24.2
"Venezuela, RB",VEN,2019,24.2
"Venezuela, RB",VEN,2018,24.2
"Venezuela, RB",VEN,2017,24.2
"Venezuela, RB",VEN,2016,24.2
"Venezuela, RB",VEN,2015,19.1
"Venezuela, RB",VEN,2014,18.3
"Venezuela, RB",VEN,2013,17.9
"Venezuela, RB",VEN,2012,17.6
"Venezuela, RB",VEN,2011,17.4
"Venezuela, RB",VEN,2010,17.2
"Venezuela, RB",VEN,2009,17.1
"Venezuela, RB",VEN,2008,17.2
"Venezuela, RB",VEN,2007,17.4
"Venezuela, RB",VEN,2006,17.9
"Venezuela, RB",VEN,2005,18.5
"Venezuela, RB",VEN,2004,19.2
"Venezuela, RB",VEN,2003,19.8
"Venezuela, RB",VEN,2002,20.3
"Venezuela, RB",VEN,2001,20.9
"Venezuela, RB",VEN,2000,21.5
"Venezuela, RB",VEN,1999,22.4
"Venezuela, RB",VEN,1998,23.4
"Venezuela, RB",VEN,1997,24.5
"Venezuela, RB",VEN,1996,25.5
"Venezuela, RB",VEN,1995,26.3
"Venezuela, RB",VEN,1994,26.8
"Venezuela, RB",VEN,1993,27.3
"Venezuela, RB",VEN,1992,27.8
"Venezuela, RB",VEN,1991,28.6
"Venezuela, RB",VEN,1990,29.6
"Venezuela, RB",VEN,1989,30.8
"Venezuela, RB",VEN,1988,32.2
"Venezuela, RB",VEN,1987,33.6
"Venezuela, RB",VEN,1986,35.0
"Venezuela, RB",VEN,1985,36.3
"Venezuela, RB",VEN,1984,37.6
"Venezuela, RB",VEN,1983,39.0
"Venezuela, RB",VEN,1982,40.6
"Venezuela, RB",VEN,1981,42.3
"Venezuela, RB",VEN,1980,44.2
"Venezuela, RB",VEN,1979,46.2
"Venezuela, RB",VEN,1978,48.1
"Venezuela, RB",VEN,1977,50.0
"Venezuela, RB",VEN,1976,52.0
"Venezuela, RB",VEN,1975,53.8
"Venezuela, RB",VEN,1974,55.7
"Venezuela, RB",VEN,1973,57.5
"Venezuela, RB",VEN,1972,59.4
"Venezuela, RB",VEN,1971,61.2
"Venezuela, RB",VEN,1970,63.0
"Venezuela, RB",VEN,1969,64.7
"Venezuela, RB",VEN,1968,66.2
"Venezuela, RB",VEN,1967,67.5
"Venezuela, RB",VEN,1966,68.8
"Venezuela, RB",VEN,1965,70.2
"Venezuela, RB",VEN,1964,71.6
"Venezuela, RB",VEN,1963,73.3
"Venezuela, RB",VEN,1962,75.3
"Venezuela, RB",VEN,1961,77.6
"Venezuela, RB",VEN,1960,80.2
Viet Nam,VNM,2025,
Viet Nam,VNM,2024,17.3
Viet Nam,VNM,2023,17.8
Viet Nam,VNM,2022,18.4
Viet Nam,VNM,2021,18.9
Viet Nam,VNM,2020,19.5
Viet Nam,VNM,2019,20.0
Viet Nam,VNM,2018,20.5
Viet Nam,VNM,2017,20.9
Viet Nam,VNM,2016,21.3
Viet Nam,VNM,2015,21.6
Viet Nam,VNM,2014,22.0
Viet Nam,VNM,2013,22.3
Viet Nam,VNM,2012,22.5
Viet Nam,VNM,2011,22.8
Viet Nam,VNM,2010,23.1
Viet Nam,VNM,2009,23.4
Viet Nam,VNM,2008,23.8
Viet Nam,VNM,2007,24.3
Viet Nam,VNM,2006,24.8
Viet Nam,VNM,2005,25.4
Viet Nam,VNM,2004,26.1
Viet Nam,VNM,2003,26.9
Viet Nam,VNM,2002,27.9
Viet Nam,VNM,2001,29.0
Viet Nam,VNM,2000,30.3
Viet Nam,VNM,1999,31.8
Viet Nam,VNM,1998,33.4
Viet Nam,VNM,1997,35.2
Viet Nam,VNM,1996,37.2
Viet Nam,VNM,1995,39.4
Viet Nam,VNM,1994,41.7
Viet Nam,VNM,1993,44.1
Viet Nam,VNM,1992,46.6
Viet Nam,VNM,1991,49.1
Viet Nam,VNM,1990,51.6
Viet Nam,VNM,1989,54.0
Viet Nam,VNM,1988,56.3
Viet Nam,VNM,1987,58.5
Viet Nam,VNM,1986,60.4
Viet Nam,VNM,1985,62.2
Viet Nam,VNM,1984,63.8
Viet Nam,VNM,1983,65.2
Viet Nam,VNM,1982,66.7
Viet Nam,VNM,1981,68.2
Viet Nam,VNM,1980,69.9
Viet Nam,VNM,1979,71.6
Viet Nam,VNM,1978,73.4
Viet Nam,VNM,1977,75.2
Viet Nam,VNM,1976,76.9
Viet Nam,VNM,1975,78.5
Viet Nam,VNM,1974,109.9
Viet Nam,VNM,1973,106.6
Viet Nam,VNM,1972,122.4
Viet Nam,VNM,1971,107.6
Viet Nam,VNM,1970,110.4
Viet Nam,VNM,1969,111.3
Viet Nam,VNM,1968,120.1
Viet Nam,VNM,1967,103.9
Viet Nam,VNM,1966,103.3
Viet Nam,VNM,1965,102.9
Viet Nam,VNM,1964,99.4
Viet Nam,VNM,1963,
Viet Nam,VNM,1962,
Viet Nam,VNM,1961,
Viet Nam,VNM,1960,
Virgin Islands (U.S.),VIR,2025,
Virgin Islands (U.S.),VIR,2024,
Virgin Islands (U.S.),VIR,2023,
Virgin Islands (U.S.),VIR,2022,
Virgin Islands (U.S.),VIR,2021,
Virgin Islands (U.S.),VIR,2020,
Virgin Islands (U.S.),VIR,2019,
Virgin Islands (U.S.),VIR,2018,
Virgin Islands (U.S.),VIR,2017,
Virgin Islands (U.S.),VIR,2016,
Virgin Islands (U.S.),VIR,2015,
Virgin Islands (U.S.),VIR,2014,
Virgin Islands (U.S.),VIR,2013,
Virgin Islands (U.S.),VIR,2012,
Virgin Islands (U.S.),VIR,2011,
Virgin Islands (U.S.),VIR,2010,
Virgin Islands (U.S.),VIR,2009,
Virgin Islands (U.S.),VIR,2008,
Virgin Islands (U.S.),VIR,2007,
Virgin Islands (U.S.),VIR,2006,
Virgin Islands (U.S.),VIR,2005,
Virgin Islands (U.S.),VIR,2004,
Virgin Islands (U.S.),VIR,2003,
Virgin Islands (U.S.),VIR,2002,
Virgin Islands (U.S.),VIR,2001,
Virgin Islands (U.S.),VIR,2000,
Virgin Islands (U.S.),VIR,1999,
Virgin Islands (U.S.),VIR,1998,
Virgin Islands (U.S.),VIR,1997,
Virgin Islands (U.S.),VIR,1996,
Virgin Islands (U.S.),VIR,1995,
Virgin Islands (U.S.),VIR,1994,
Virgin Islands (U.S.),VIR,1993,
Virgin Islands (U.S.),VIR,1992,
Virgin Islands (U.S.),VIR,1991,
Virgin Islands (U.S.),VIR,1990,
Virgin Islands (U.S.),VIR,1989,
Virgin Islands (U.S.),VIR,1988,
Virgin Islands (U.S.),VIR,1987,
Virgin Islands (U.S.),VIR,1986,
Virgin Islands (U.S.),VIR,1985,
Virgin Islands (U.S.),VIR,1984,
Virgin Islands (U.S.),VIR,1983,
Virgin Islands (U.S.),VIR,1982,
Virgin Islands (U.S.),VIR,1981,
Virgin Islands (U.S.),VIR,1980,
Virgin Islands (U.S.),VIR,1979,
Virgin Islands (U.S.),VIR,1978,
Virgin Islands (U.S.),VIR,1977,
Virgin Islands (U.S.),VIR,1976,
Virgin Islands (U.S.),VIR,1975,
Virgin Islands (U.S.),VIR,1974,
Virgin Islands (U.S.),VIR,1973,
Virgin Islands (U.S.),VIR,1972,
Virgin Islands (U.S.),VIR,1971,
Virgin Islands (U.S.),VIR,1970,
Virgin Islands (U.S.),VIR,1969,
Virgin Islands (U.S.),VIR,1968,
Virgin Islands (U.S.),VIR,1967,
Virgin Islands (U.S.),VIR,1966,
Virgin Islands (U.S.),VIR,1965,
Virgin Islands (U.S.),VIR,1964,
Virgin Islands (U.S.),VIR,1963,
Virgin Islands (U.S.),VIR,1962,
Virgin Islands (U.S.),VIR,1961,
Virgin Islands (U.S.),VIR,1960,
West Bank and Gaza,PSE,2025,
West Bank and Gaza,PSE,2024,37.9
West Bank and Gaza,PSE,2023,41.9
West Bank and Gaza,PSE,2022,14.1
West Bank and Gaza,PSE,2021,14.6
West Bank and Gaza,PSE,2020,15.2
West Bank and Gaza,PSE,2019,15.7
West Bank and Gaza,PSE,2018,16.3
West Bank and Gaza,PSE,2017,16.9
West Bank and Gaza,PSE,2016,17.5
West Bank and Gaza,PSE,2015,18.2
West Bank and Gaza,PSE,2014,21.9
West Bank and Gaza,PSE,2013,19.6
West Bank and Gaza,PSE,2012,20.3
West Bank and Gaza,PSE,2011,21.1
West Bank and Gaza,PSE,2010,21.9
West Bank and Gaza,PSE,2009,22.7
West Bank and Gaza,PSE,2008,23.5
West Bank and Gaza,PSE,2007,24.3
West Bank and Gaza,PSE,2006,25.1
West Bank and Gaza,PSE,2005,26.0
West Bank and Gaza,PSE,2004,26.8
West Bank and Gaza,PSE,2003,27.7
West Bank and Gaza,PSE,2002,28.5
West Bank and Gaza,PSE,2001,29.4
West Bank and Gaza,PSE,2000,30.3
West Bank and Gaza,PSE,1999,31.3
West Bank and Gaza,PSE,1998,32.5
West Bank and Gaza,PSE,1997,33.6
West Bank and Gaza,PSE,1996,34.9
West Bank and Gaza,PSE,1995,36.3
West Bank and Gaza,PSE,1994,37.8
West Bank and Gaza,PSE,1993,39.4
West Bank and Gaza,PSE,1992,41.1
West Bank and Gaza,PSE,1991,43.0
West Bank and Gaza,PSE,1990,45.1
West Bank and Gaza,PSE,1989,47.4
West Bank and Gaza,PSE,1988,50.0
West Bank and Gaza,PSE,1987,52.9
West Bank and Gaza,PSE,1986,55.9
West Bank and Gaza,PSE,1985,59.3
West Bank and Gaza,PSE,1984,62.9
West Bank and Gaza,PSE,1983,66.7
West Bank and Gaza,PSE,1982,70.9
West Bank and Gaza,PSE,1981,75.3
West Bank and Gaza,PSE,1980,80.1
West Bank and Gaza,PSE,1979,85.1
West Bank and Gaza,PSE,1978,90.5
West Bank and Gaza,PSE,1977,96.3
West Bank and Gaza,PSE,1976,102.5
West Bank and Gaza,PSE,1975,109.0
West Bank and Gaza,PSE,1974,
West Bank and Gaza,PSE,1973,
West Bank and Gaza,PSE,1972,
West Bank and Gaza,PSE,1971,
West Bank and Gaza,PSE,1970,
West Bank and Gaza,PSE,1969,
West Bank and Gaza,PSE,1968,
West Bank and Gaza,PSE,1967,
West Bank and Gaza,PSE,1966,
West Bank and Gaza,PSE,1965,
West Bank and Gaza,PSE,1964,
West Bank and Gaza,PSE,1963,
West Bank and Gaza,PSE,1962,
West Bank and Gaza,PSE,1961,
West Bank and Gaza,PSE,1960,
"Yemen, Rep.",YEM,2025,
"Yemen, Rep.",YEM,2024,38.1
"Yemen, Rep.",YEM,2023,39.5
"Yemen, Rep.",YEM,2022,41.1
"Yemen, Rep.",YEM,2021,42.6
"Yemen, Rep.",YEM,2020,43.4
"Yemen, Rep.",YEM,2019,46.1
"Yemen, Rep.",YEM,2018,47.3
"Yemen, Rep.",YEM,2017,47.5
"Yemen, Rep.",YEM,2016,47.9
"Yemen, Rep.",YEM,2015,49.3
"Yemen, Rep.",YEM,2014,48.7
"Yemen, Rep.",YEM,2013,49.6
"Yemen, Rep.",YEM,2012,51.6
"Yemen, Rep.",YEM,2011,53.1
"Yemen, Rep.",YEM,2010,55.0
"Yemen, Rep.",YEM,2009,57.5
"Yemen, Rep.",YEM,2008,60.2
"Yemen, Rep.",YEM,2007,63.4
"Yemen, Rep.",YEM,2006,66.9
"Yemen, Rep.",YEM,2005,70.6
"Yemen, Rep.",YEM,2004,74.7
"Yemen, Rep.",YEM,2003,79.0
"Yemen, Rep.",YEM,2002,83.5
"Yemen, Rep.",YEM,2001,88.2
"Yemen, Rep.",YEM,2000,92.9
"Yemen, Rep.",YEM,1999,97.4
"Yemen, Rep.",YEM,1998,101.5
"Yemen, Rep.",YEM,1997,105.0
"Yemen, Rep.",YEM,1996,107.9
"Yemen, Rep.",YEM,1995,110.5
"Yemen, Rep.",YEM,1994,112.9
"Yemen, Rep.",YEM,1993,115.5
"Yemen, Rep.",YEM,1992,118.4
"Yemen, Rep.",YEM,1991,121.6
"Yemen, Rep.",YEM,1990,125.2
"Yemen, Rep.",YEM,1989,129.4
"Yemen, Rep.",YEM,1988,134.3
"Yemen, Rep.",YEM,1987,139.9
"Yemen, Rep.",YEM,1986,146.5
"Yemen, Rep.",YEM,1985,154.1
"Yemen, Rep.",YEM,1984,163.0
"Yemen, Rep.",YEM,1983,173.2
"Yemen, Rep.",YEM,1982,184.6
"Yemen, Rep.",YEM,1981,196.6
"Yemen, Rep.",YEM,1980,209.4
"Yemen, Rep.",YEM,1979,222.4
"Yemen, Rep.",YEM,1978,235.6
"Yemen, Rep.",YEM,1977,248.6
"Yemen, Rep.",YEM,1976,261.4
"Yemen, Rep.",YEM,1975,273.8
"Yemen, Rep.",YEM,1974,285.7
"Yemen, Rep.",YEM,1973,297.5
"Yemen, Rep.",YEM,1972,309.0
"Yemen, Rep.",YEM,1971,321.0
"Yemen, Rep.",YEM,1970,333.5
"Yemen, Rep.",YEM,1969,346.5
"Yemen, Rep.",YEM,1968,359.3
"Yemen, Rep.",YEM,1967,371.9
"Yemen, Rep.",YEM,1966,383.7
"Yemen, Rep.",YEM,1965,394.4
"Yemen, Rep.",YEM,1964,403.8
"Yemen, Rep.",YEM,1963,412.3
"Yemen, Rep.",YEM,1962,420.1
"Yemen, Rep.",YEM,1961,427.3
"Yemen, Rep.",YEM,1960,434.4
Zambia,ZMB,2025,
Zambia,ZMB,2024,48.4
Zambia,ZMB,2023,49.1
Zambia,ZMB,2022,49.5
Zambia,ZMB,2021,50.4
Zambia,ZMB,2020,52.5
Zambia,ZMB,2019,53.5
Zambia,ZMB,2018,54.7
Zambia,ZMB,2017,55.2
Zambia,ZMB,2016,57.1
Zambia,ZMB,2015,60.2
Zambia,ZMB,2014,62.6
Zambia,ZMB,2013,66.0
Zambia,ZMB,2012,69.2
Zambia,ZMB,2011,71.8
Zambia,ZMB,2010,74.3
Zambia,ZMB,2009,78.4
Zambia,ZMB,2008,84.2
Zambia,ZMB,2007,89.1
Zambia,ZMB,2006,94.8
Zambia,ZMB,2005,102.7
Zambia,ZMB,2004,111.7
Zambia,ZMB,2003,122.1
Zambia,ZMB,2002,132.9
Zambia,ZMB,2001,143.2
Zambia,ZMB,2000,151.8
Zambia,ZMB,1999,158.1
Zambia,ZMB,1998,162.5
Zambia,ZMB,1997,165.6
Zambia,ZMB,1996,168.7
Zambia,ZMB,1995,172.2
Zambia,ZMB,1994,175.8
Zambia,ZMB,1993,178.5
Zambia,ZMB,1992,180.2
Zambia,ZMB,1991,180.9
Zambia,ZMB,1990,180.7
Zambia,ZMB,1989,179.4
Zambia,ZMB,1988,176.9
Zambia,ZMB,1987,173.7
Zambia,ZMB,1986,169.8
Zambia,ZMB,1985,165.8
Zambia,ZMB,1984,162.1
Zambia,ZMB,1983,159.0
Zambia,ZMB,1982,156.8
Zambia,ZMB,1981,155.6
Zambia,ZMB,1980,154.9
Zambia,ZMB,1979,154.3
Zambia,ZMB,1978,153.9
Zambia,ZMB,1977,153.5
Zambia,ZMB,1976,154.0
Zambia,ZMB,1975,156.2
Zambia,ZMB,1974,159.8
Zambia,ZMB,1973,164.6
Zambia,ZMB,1972,170.0
Zambia,ZMB,1971,175.4
Zambia,ZMB,1970,180.2
Zambia,ZMB,1969,183.9
Zambia,ZMB,1968,186.3
Zambia,ZMB,1967,187.8
Zambia,ZMB,1966,188.8
Zambia,ZMB,1965,190.3
Zambia,ZMB,1964,192.2
Zambia,ZMB,1963,194.8
Zambia,ZMB,1962,197.8
Zambia,ZMB,1961,201.3
Zambia,ZMB,1960,205.0
Zimbabwe,ZWE,2025,
Zimbabwe,ZWE,2024,64.7
Zimbabwe,ZWE,2023,64.2
Zimbabwe,ZWE,2022,64.0
Zimbabwe,ZWE,2021,62.4
Zimbabwe,ZWE,2020,61.7
Zimbabwe,ZWE,2019,58.6
Zimbabwe,ZWE,2018,56.3
Zimbabwe,ZWE,2017,56.7
Zimbabwe,ZWE,2016,57.5
Zimbabwe,ZWE,2015,59.2
Zimbabwe,ZWE,2014,59.8
Zimbabwe,ZWE,2013,62.6
Zimbabwe,ZWE,2012,68.0
Zimbabwe,ZWE,2011,77.2
Zimbabwe,ZWE,2010,85.2
Zimbabwe,ZWE,2009,89.8
Zimbabwe,ZWE,2008,91.1
Zimbabwe,ZWE,2007,90.6
Zimbabwe,ZWE,2006,87.6
Zimbabwe,ZWE,2005,91.6
Zimbabwe,ZWE,2004,91.2
Zimbabwe,ZWE,2003,91.9
Zimbabwe,ZWE,2002,93.8
Zimbabwe,ZWE,2001,96.3
Zimbabwe,ZWE,2000,99.4
Zimbabwe,ZWE,1999,99.7
Zimbabwe,ZWE,1998,97.1
Zimbabwe,ZWE,1997,100.7
Zimbabwe,ZWE,1996,108.1
Zimbabwe,ZWE,1995,104.2
Zimbabwe,ZWE,1994,102.7
Zimbabwe,ZWE,1993,97.5
Zimbabwe,ZWE,1992,92.3
Zimbabwe,ZWE,1991,87.9
Zimbabwe,ZWE,1990,84.0
Zimbabwe,ZWE,1989,81.2
Zimbabwe,ZWE,1988,80.2
Zimbabwe,ZWE,1987,81.3
Zimbabwe,ZWE,1986,84.5
Zimbabwe,ZWE,1985,89.4
Zimbabwe,ZWE,1984,95.8
Zimbabwe,ZWE,1983,102.8
Zimbabwe,ZWE,1982,109.8
Zimbabwe,ZWE,1981,115.8
Zimbabwe,ZWE,1980,120.0
Zimbabwe,ZWE,1979,121.6
Zimbabwe,ZWE,1978,121.8
Zimbabwe,ZWE,1977,121.5
Zimbabwe,ZWE,1976,121.2
Zimbabwe,ZWE,1975,120.9
Zimbabwe,ZWE,1974,120.3
Zimbabwe,ZWE,1973,119.9
Zimbabwe,ZWE,1972,120.2
Zimbabwe,ZWE,1971,121.0
Zimbabwe,ZWE,1970,122.3
Zimbabwe,ZWE,1969,123.9
Zimbabwe,ZWE,1968,125.8
Zimbabwe,ZWE,1967,128.5
Zimbabwe,ZWE,1966,132.1
Zimbabwe,ZWE,1965,135.8
Zimbabwe,ZWE,1964,139.9
Zimbabwe,ZWE,1963,143.6
Zimbabwe,ZWE,1962,147.1
Zimbabwe,ZWE,1961,150.4
Zimbabwe,ZWE,1960,153.5
